lots,modes,c0,opex,vpub,cash,t_rep,readiness,resilience,scale,kcash,territorial_archetypes,capability_groups,public_core_lots,BASE_ok,chk_exact_lot_count,chk_territorial_archetypes,chk_capability_groups,chk_public_core_lots,chk_c0_limit,chk_opex_limit,chk_vpub_floor,chk_kcash_floor,chk_t_rep_floor,STRESS_ok
FIRE+FLOOD+AGRI+INFRA,AAAA,1291.5,346.5,1690.0,321.25,0.6875,4.25,3.95,4.525,0.9271284271284271,4,2,4,True,True,True,True,True,True,True,True,True,True,False
FIRE+FLOOD+AGRI+INFRA,AAAB,1276.0,342.5,1636.0,357.5,0.6875,4.25,3.95,4.525,1.0437956204379562,4,2,3,True,True,True,True,True,True,True,True,True,True,False
FIRE+FLOOD+AGRI+INFRA,AAAC,1269.8,338.5,1576.0,364.5,0.6875,4.25,3.95,4.525,1.0768094534711965,4,2,3,True,True,True,True,True,True,True,True,True,True,False
FIRE+FLOOD+AGRI+INFRA,AABA,1278.5,342.75,1648.6,369.25,0.6875,4.25,3.95,4.525,1.0773158278628738,4,2,3,True,True,True,True,True,True,True,True,True,True,False
FIRE+FLOOD+AGRI+INFRA,AABB,1263.0,338.75,1594.6,405.5,0.6875,4.25,3.95,4.525,1.1970479704797048,4,2,2,True,True,True,True,True,True,True,True,True,True,False
FIRE+FLOOD+AGRI+INFRA,AABC,1256.8,334.75,1534.6,412.5,0.6875,4.25,3.95,4.525,1.2322628827483197,4,2,2,True,True,True,True,True,True,True,True,True,True,False
FIRE+FLOOD+AGRI+INFRA,AACA,1273.3,339.0,1602.6,388.75,0.6875,4.25,3.95,4.525,1.146755162241888,4,2,3,True,True,True,True,True,True,True,True,True,True,False
FIRE+FLOOD+AGRI+INFRA,AACB,1257.8,335.0,1548.6,425.0,0.6875,4.25,3.95,4.525,1.2686567164179106,4,2,2,True,True,True,True,True,True,True,True,True,True,False
FIRE+FLOOD+AGRI+INFRA,AACC,1251.6,331.0,1488.6,432.0,0.6875,4.25,3.95,4.525,1.3051359516616314,4,2,2,True,True,True,True,True,True,True,True,True,True,False
FIRE+FLOOD+AGRI+INFRA,ABAA,1274.5,342.0,1582.0,324.5,0.6875,4.25,3.95,4.525,0.9488304093567251,4,2,3,True,True,True,True,True,True,True,True,True,True,False
FIRE+FLOOD+AGRI+INFRA,ABAB,1259.0,338.0,1528.0,360.75,0.6875,4.25,3.95,4.525,1.0673076923076923,4,2,2,True,True,True,True,True,True,True,True,True,True,False
FIRE+FLOOD+AGRI+INFRA,ABAC,1252.8,334.0,1468.0,367.75,0.6875,4.25,3.95,4.525,1.1010479041916168,4,2,2,True,True,True,True,True,True,True,True,True,True,False
FIRE+FLOOD+AGRI+INFRA,ABBA,1261.5,338.25,1540.6,372.5,0.6875,4.25,3.95,4.525,1.1012564671101257,4,2,2,True,True,True,True,True,True,True,True,True,True,False
FIRE+FLOOD+AGRI+INFRA,ABBB,1246.0,334.25,1486.6,408.75,0.6875,4.25,3.95,4.525,1.2228870605833957,4,2,1,False,True,True,True,False,True,True,True,True,True,False
FIRE+FLOOD+AGRI+INFRA,ABBC,1239.8,330.25,1426.6,415.75,0.6875,4.25,3.95,4.525,1.2588947766843301,4,2,1,False,True,True,True,False,True,True,True,True,True,False
FIRE+FLOOD+AGRI+INFRA,ABCA,1256.3,334.5,1494.6,392.0,0.6875,4.25,3.95,4.525,1.171898355754858,4,2,2,True,True,True,True,True,True,True,True,True,True,False
FIRE+FLOOD+AGRI+INFRA,ABCB,1240.8,330.5,1440.6,428.25,0.6875,4.25,3.95,4.525,1.2957639939485628,4,2,1,False,True,True,True,False,True,True,True,True,True,False
FIRE+FLOOD+AGRI+INFRA,ABCC,1234.6,326.5,1380.6,435.25,0.6875,4.25,3.95,4.525,1.3330781010719754,4,2,1,False,True,True,True,False,True,True,True,True,True,False
FIRE+FLOOD+AGRI+INFRA,ACAA,1267.7,337.5,1462.0,306.0,0.6875,4.25,3.95,4.525,0.9066666666666666,4,2,3,True,True,True,True,True,True,True,True,True,True,False
FIRE+FLOOD+AGRI+INFRA,ACAB,1252.2,333.5,1408.0,342.25,0.6875,4.25,3.95,4.525,1.0262368815592204,4,2,2,True,True,True,True,True,True,True,True,True,True,False
FIRE+FLOOD+AGRI+INFRA,ACAC,1246.0,329.5,1348.0,349.25,0.6875,4.25,3.95,4.525,1.059939301972686,4,2,2,True,True,True,True,True,True,True,True,True,True,False
FIRE+FLOOD+AGRI+INFRA,ACBA,1254.7,333.75,1420.6,354.0,0.6875,4.25,3.95,4.525,1.060674157303371,4,2,2,True,True,True,True,True,True,True,True,True,True,False
FIRE+FLOOD+AGRI+INFRA,ACBB,1239.2,329.75,1366.6,390.25,0.6875,4.25,3.95,4.525,1.1834723275208492,4,2,1,False,True,True,True,False,True,True,True,True,True,False
FIRE+FLOOD+AGRI+INFRA,ACBC,1233.0,325.75,1306.6,397.25,0.6875,4.25,3.95,4.525,1.219493476592479,4,2,1,False,True,True,True,False,True,True,True,True,True,False
FIRE+FLOOD+AGRI+INFRA,ACCA,1249.5,330.0,1374.6,373.5,0.6875,4.25,3.95,4.525,1.1318181818181818,4,2,2,True,True,True,True,True,True,True,True,True,True,False
FIRE+FLOOD+AGRI+INFRA,ACCB,1234.0,326.0,1320.6,409.75,0.6875,4.25,3.95,4.525,1.2569018404907975,4,2,1,False,True,True,True,False,True,True,True,True,True,False
FIRE+FLOOD+AGRI+INFRA,ACCC,1227.8,322.0,1260.6,416.75,0.6875,4.25,3.95,4.525,1.2942546583850931,4,2,1,False,True,True,True,False,True,True,True,True,True,False
FIRE+FLOOD+AGRI+INFRA,BAAA,1275.5,342.25,1589.2,322.0,0.6875,4.25,3.95,4.525,0.9408327246165084,4,2,3,True,True,True,True,True,True,True,True,True,True,False
FIRE+FLOOD+AGRI+INFRA,BAAB,1260.0,338.25,1535.2,358.25,0.6875,4.25,3.95,4.525,1.0591278640059127,4,2,2,True,True,True,True,True,True,True,True,True,True,False
FIRE+FLOOD+AGRI+INFRA,BAAC,1253.8,334.25,1475.2,365.25,0.6875,4.25,3.95,4.525,1.0927449513836949,4,2,2,True,True,True,True,True,True,True,True,True,True,False
FIRE+FLOOD+AGRI+INFRA,BABA,1262.5,338.5,1547.8,370.0,0.6875,4.25,3.95,4.525,1.0930576070901035,4,2,2,True,True,True,True,True,True,True,True,True,True,False
FIRE+FLOOD+AGRI+INFRA,BABB,1247.0,334.5,1493.8,406.25,0.6875,4.25,3.95,4.525,1.2144992526158445,4,2,1,False,True,True,True,False,True,True,True,True,True,False
FIRE+FLOOD+AGRI+INFRA,BABC,1240.8,330.5,1433.8,413.25,0.6875,4.25,3.95,4.525,1.2503782148260212,4,2,1,False,True,True,True,False,True,True,True,True,True,False
FIRE+FLOOD+AGRI+INFRA,BACA,1257.3,334.75,1501.8,389.5,0.6875,4.25,3.95,4.525,1.1635548917102314,4,2,2,True,True,True,True,True,True,True,True,True,True,False
FIRE+FLOOD+AGRI+INFRA,BACB,1241.8,330.75,1447.8,425.75,0.6875,4.25,3.95,4.525,1.2872260015117158,4,2,1,False,True,True,True,False,True,True,True,True,True,False
FIRE+FLOOD+AGRI+INFRA,BACC,1235.6,326.75,1387.8,432.75,0.6875,4.25,3.95,4.525,1.324407039020658,4,2,1,False,True,True,True,False,True,True,True,True,True,False
FIRE+FLOOD+AGRI+INFRA,BBAA,1258.5,337.75,1481.2,325.25,0.6875,4.25,3.95,4.525,0.9629903774981495,4,2,2,True,True,True,True,True,True,True,True,True,True,False
FIRE+FLOOD+AGRI+INFRA,BBAB,1243.0,333.75,1427.2,361.5,0.6875,4.25,3.95,4.525,1.0831460674157303,4,2,1,False,True,True,True,False,True,True,True,True,True,False
FIRE+FLOOD+AGRI+INFRA,BBAC,1236.8,329.75,1367.2,368.5,0.6875,4.25,3.95,4.525,1.11751326762699,4,2,1,False,True,True,True,False,True,True,True,True,True,False
FIRE+FLOOD+AGRI+INFRA,BBBA,1245.5,334.0,1439.8,373.25,0.6875,4.25,3.95,4.525,1.1175149700598803,4,2,1,False,True,True,True,False,True,True,True,True,True,False
FIRE+FLOOD+AGRI+INFRA,BBBB,1230.0,330.0,1385.8,409.5,0.6875,4.25,3.95,4.525,1.240909090909091,4,2,0,False,True,True,True,False,True,True,True,True,True,False
FIRE+FLOOD+AGRI+INFRA,BBBC,1223.8,326.0,1325.8,416.5,0.6875,4.25,3.95,4.525,1.2776073619631902,4,2,0,False,True,True,True,False,True,True,True,True,True,False
FIRE+FLOOD+AGRI+INFRA,BBCA,1240.3,330.25,1393.8,392.75,0.6875,4.25,3.95,4.525,1.1892505677517033,4,2,1,False,True,True,True,False,True,True,True,True,True,False
FIRE+FLOOD+AGRI+INFRA,BBCB,1224.8,326.25,1339.8,429.0,0.6875,4.25,3.95,4.525,1.3149425287356322,4,2,0,False,True,True,True,False,True,True,True,True,True,False
FIRE+FLOOD+AGRI+INFRA,BBCC,1218.6,322.25,1279.8,436.0,0.6875,4.25,3.95,4.525,1.352986811481769,4,2,0,False,True,True,True,False,True,True,True,True,True,False
FIRE+FLOOD+AGRI+INFRA,BCAA,1251.7,333.25,1361.2,306.75,0.6875,4.25,3.95,4.525,0.9204801200300075,4,2,2,True,True,True,True,True,True,True,True,True,True,False
FIRE+FLOOD+AGRI+INFRA,BCAB,1236.2,329.25,1307.2,343.0,0.6875,4.25,3.95,4.525,1.0417615793470008,4,2,1,False,True,True,True,False,True,True,True,True,True,False
FIRE+FLOOD+AGRI+INFRA,BCAC,1230.0,325.25,1247.2,350.0,0.6875,4.25,3.95,4.525,1.0760953112990008,4,2,1,False,True,True,True,False,True,True,True,True,True,False
FIRE+FLOOD+AGRI+INFRA,BCBA,1238.7,329.5,1319.8,354.75,0.6875,4.25,3.95,4.525,1.0766312594840668,4,2,1,False,True,True,True,False,True,True,True,True,True,False
FIRE+FLOOD+AGRI+INFRA,BCBB,1223.2,325.5,1265.8,391.0,0.6875,4.25,3.95,4.525,1.2012288786482335,4,2,0,False,True,True,True,False,True,True,True,True,True,False
FIRE+FLOOD+AGRI+INFRA,BCBC,1217.0,321.5,1205.8,398.0,0.6875,4.25,3.95,4.525,1.2379471228615864,4,2,0,False,True,True,True,False,True,True,True,True,True,False
FIRE+FLOOD+AGRI+INFRA,BCCA,1233.5,325.75,1273.8,374.25,0.6875,4.25,3.95,4.525,1.1488871834228702,4,2,1,False,True,True,True,False,True,True,True,True,True,False
FIRE+FLOOD+AGRI+INFRA,BCCB,1218.0,321.75,1219.8,410.5,0.6875,4.25,3.95,4.525,1.2758352758352758,4,2,0,False,True,True,True,False,True,True,True,True,True,False
FIRE+FLOOD+AGRI+INFRA,BCCC,1211.8,317.75,1159.8,417.5,0.6875,4.25,3.95,4.525,1.3139260424862313,4,2,0,False,True,True,True,False,True,True,True,True,True,False
FIRE+FLOOD+AGRI+INFRA,CAAA,1269.1,338.0,1477.2,304.5,0.6875,4.25,3.95,4.525,0.900887573964497,4,2,3,True,True,True,True,True,True,True,True,True,True,False
FIRE+FLOOD+AGRI+INFRA,CAAB,1253.6,334.0,1423.2,340.75,0.6875,4.25,3.95,4.525,1.0202095808383234,4,2,2,True,True,True,True,True,True,True,True,True,True,False
FIRE+FLOOD+AGRI+INFRA,CAAC,1247.4,330.0,1363.2,347.75,0.6875,4.25,3.95,4.525,1.0537878787878787,4,2,2,True,True,True,True,True,True,True,True,True,True,False
FIRE+FLOOD+AGRI+INFRA,CABA,1256.1,334.25,1435.8,352.5,0.6875,4.25,3.95,4.525,1.0545998504113687,4,2,2,True,True,True,True,True,True,True,True,True,True,False
FIRE+FLOOD+AGRI+INFRA,CABB,1240.6,330.25,1381.8,388.75,0.6875,4.25,3.95,4.525,1.1771385314155942,4,2,1,False,True,True,True,False,True,True,True,True,True,False
FIRE+FLOOD+AGRI+INFRA,CABC,1234.4,326.25,1321.8,395.75,0.6875,4.25,3.95,4.525,1.2130268199233716,4,2,1,False,True,True,True,False,True,True,True,True,True,False
FIRE+FLOOD+AGRI+INFRA,CACA,1250.9,330.5,1389.8,372.0,0.6875,4.25,3.95,4.525,1.1255673222390317,4,2,2,True,True,True,True,True,True,True,True,True,True,False
FIRE+FLOOD+AGRI+INFRA,CACB,1235.4,326.5,1335.8,408.25,0.6875,4.25,3.95,4.525,1.2503828483920367,4,2,1,False,True,True,True,False,True,True,True,True,True,False
FIRE+FLOOD+AGRI+INFRA,CACC,1229.2,322.5,1275.8,415.25,0.6875,4.25,3.95,4.525,1.2875968992248061,4,2,1,False,True,True,True,False,True,True,True,True,True,False
FIRE+FLOOD+AGRI+INFRA,CBAA,1252.1,333.5,1369.2,307.75,0.6875,4.25,3.95,4.525,0.9227886056971514,4,2,2,True,True,True,True,True,True,True,True,True,True,False
FIRE+FLOOD+AGRI+INFRA,CBAB,1236.6,329.5,1315.2,344.0,0.6875,4.25,3.95,4.525,1.0440060698027314,4,2,1,False,True,True,True,False,True,True,True,True,True,False
FIRE+FLOOD+AGRI+INFRA,CBAC,1230.4,325.5,1255.2,351.0,0.6875,4.25,3.95,4.525,1.0783410138248848,4,2,1,False,True,True,True,False,True,True,True,True,True,False
FIRE+FLOOD+AGRI+INFRA,CBBA,1239.1,329.75,1327.8,355.75,0.6875,4.25,3.95,4.525,1.0788476118271417,4,2,1,False,True,True,True,False,True,True,True,True,True,False
FIRE+FLOOD+AGRI+INFRA,CBBB,1223.6,325.75,1273.8,392.0,0.6875,4.25,3.95,4.525,1.2033768227168073,4,2,0,False,True,True,True,False,True,True,True,True,True,False
FIRE+FLOOD+AGRI+INFRA,CBBC,1217.4,321.75,1213.8,399.0,0.6875,4.25,3.95,4.525,1.24009324009324,4,2,0,False,True,True,True,False,True,True,True,True,True,False
FIRE+FLOOD+AGRI+INFRA,CBCA,1233.9,326.0,1281.8,375.25,0.6875,4.25,3.95,4.525,1.1510736196319018,4,2,1,False,True,True,True,False,True,True,True,True,True,False
FIRE+FLOOD+AGRI+INFRA,CBCB,1218.4,322.0,1227.8,411.5,0.6875,4.25,3.95,4.525,1.2779503105590062,4,2,0,False,True,True,True,False,True,True,True,True,True,False
FIRE+FLOOD+AGRI+INFRA,CBCC,1212.2,318.0,1167.8,418.5,0.6875,4.25,3.95,4.525,1.3160377358490567,4,2,0,False,True,True,True,False,True,True,True,True,True,False
FIRE+FLOOD+AGRI+INFRA,CCAA,1245.3,329.0,1249.2,289.25,0.6875,4.25,3.95,4.525,0.8791793313069909,4,2,2,True,True,True,True,True,True,True,True,True,True,False
FIRE+FLOOD+AGRI+INFRA,CCAB,1229.8,325.0,1195.2,325.5,0.6875,4.25,3.95,4.525,1.0015384615384615,4,2,1,False,True,True,True,False,True,True,True,True,True,False
FIRE+FLOOD+AGRI+INFRA,CCAC,1223.6,321.0,1135.2,332.5,0.6875,4.25,3.95,4.525,1.0358255451713396,4,2,1,False,True,True,True,False,True,True,True,True,True,False
FIRE+FLOOD+AGRI+INFRA,CCBA,1232.3,325.25,1207.8,337.25,0.6875,4.25,3.95,4.525,1.0368946963873944,4,2,1,False,True,True,True,False,True,True,True,True,True,False
FIRE+FLOOD+AGRI+INFRA,CCBB,1216.8,321.25,1153.8,373.5,0.6875,4.25,3.95,4.525,1.1626459143968872,4,2,0,False,True,True,True,False,True,True,True,True,True,False
FIRE+FLOOD+AGRI+INFRA,CCBC,1210.6,317.25,1093.8,380.5,0.6875,4.25,3.95,4.525,1.1993695823483057,4,2,0,False,True,True,True,False,True,True,True,True,True,False
FIRE+FLOOD+AGRI+INFRA,CCCA,1227.1,321.5,1161.8,356.75,0.6875,4.25,3.95,4.525,1.1096423017107309,4,2,1,False,True,True,True,False,True,True,True,True,True,False
FIRE+FLOOD+AGRI+INFRA,CCCB,1211.6,317.5,1107.8,393.0,0.6875,4.25,3.95,4.525,1.2377952755905512,4,2,0,False,True,True,True,False,True,True,True,True,True,False
FIRE+FLOOD+AGRI+INFRA,CCCC,1205.3999999999999,313.5,1047.8,400.0,0.6875,4.25,3.95,4.525,1.2759170653907497,4,2,0,False,True,True,True,False,True,True,True,True,True,False
FIRE+FLOOD+AGRI+ARCTIC,AAAA,1449.0,409.5,1860.0,358.75,0.6475000000000001,4.025,3.6499999999999995,4.275,0.8760683760683761,4,3,4,False,True,True,True,True,False,False,True,True,True,False
FIRE+FLOOD+AGRI+ARCTIC,AAAB,1426.0,402.5,1775.4,402.5,0.6475000000000001,4.025,3.6499999999999995,4.275,1.0,4,3,3,False,True,True,True,True,False,False,True,True,True,False
FIRE+FLOOD+AGRI+ARCTIC,AAAC,1416.8,395.5,1681.4,406.5,0.6475000000000001,4.025,3.6499999999999995,4.275,1.0278128950695322,4,3,3,False,True,True,True,True,False,False,True,True,True,False
FIRE+FLOOD+AGRI+ARCTIC,AABA,1436.0,405.75,1818.6,406.75,0.6475000000000001,4.025,3.6499999999999995,4.275,1.002464571780653,4,3,3,False,True,True,True,True,False,False,True,True,True,False
FIRE+FLOOD+AGRI+ARCTIC,AABB,1413.0,398.75,1734.0,450.5,0.6475000000000001,4.025,3.6499999999999995,4.275,1.129780564263323,4,3,2,False,True,True,True,True,False,False,True,True,True,False
FIRE+FLOOD+AGRI+ARCTIC,AABC,1403.8,391.75,1640.0,454.5,0.6475000000000001,4.025,3.6499999999999995,4.275,1.160178685386088,4,3,2,False,True,True,True,True,False,False,True,True,True,False
FIRE+FLOOD+AGRI+ARCTIC,AACA,1430.8,402.0,1772.6,426.25,0.6475000000000001,4.025,3.6499999999999995,4.275,1.060323383084577,4,3,3,False,True,True,True,True,False,False,True,True,True,False
FIRE+FLOOD+AGRI+ARCTIC,AACB,1407.8,395.0,1688.0,470.0,0.6475000000000001,4.025,3.6499999999999995,4.275,1.1898734177215189,4,3,2,False,True,True,True,True,False,False,True,True,True,False
FIRE+FLOOD+AGRI+ARCTIC,AACC,1398.6,388.0,1594.0,474.0,0.6475000000000001,4.025,3.6499999999999995,4.275,1.2216494845360826,4,3,2,False,True,True,True,True,False,False,True,True,True,False
FIRE+FLOOD+AGRI+ARCTIC,ABAA,1432.0,405.0,1752.0,362.0,0.6475000000000001,4.025,3.6499999999999995,4.275,0.8938271604938272,4,3,3,False,True,True,True,True,False,False,True,True,True,False
FIRE+FLOOD+AGRI+ARCTIC,ABAB,1409.0,398.0,1667.4,405.75,0.6475000000000001,4.025,3.6499999999999995,4.275,1.0194723618090453,4,3,2,False,True,True,True,True,False,False,True,True,True,False
FIRE+FLOOD+AGRI+ARCTIC,ABAC,1399.8,391.0,1573.4,409.75,0.6475000000000001,4.025,3.6499999999999995,4.275,1.0479539641943734,4,3,2,False,True,True,True,True,False,False,True,True,True,False
FIRE+FLOOD+AGRI+ARCTIC,ABBA,1419.0,401.25,1710.6,410.0,0.6475000000000001,4.025,3.6499999999999995,4.275,1.0218068535825544,4,3,2,False,True,True,True,True,False,False,True,True,True,False
FIRE+FLOOD+AGRI+ARCTIC,ABBB,1396.0,394.25,1626.0,453.75,0.6475000000000001,4.025,3.6499999999999995,4.275,1.1509194673430565,4,3,1,False,True,True,True,False,False,False,True,True,True,False
FIRE+FLOOD+AGRI+ARCTIC,ABBC,1386.8,387.25,1532.0,457.75,0.6475000000000001,4.025,3.6499999999999995,4.275,1.1820529373789541,4,3,1,False,True,True,True,False,False,False,True,True,True,False
FIRE+FLOOD+AGRI+ARCTIC,ABCA,1413.8,397.5,1664.6,429.5,0.6475000000000001,4.025,3.6499999999999995,4.275,1.080503144654088,4,3,2,False,True,True,True,True,False,False,True,True,True,False
FIRE+FLOOD+AGRI+ARCTIC,ABCB,1390.8,390.5,1580.0,473.25,0.6475000000000001,4.025,3.6499999999999995,4.275,1.2119078104993597,4,3,1,False,True,True,True,False,False,False,True,True,True,False
FIRE+FLOOD+AGRI+ARCTIC,ABCC,1381.6,383.5,1486.0,477.25,0.6475000000000001,4.025,3.6499999999999995,4.275,1.2444589308996088,4,3,1,False,True,True,True,False,False,False,True,True,True,False
FIRE+FLOOD+AGRI+ARCTIC,ACAA,1425.2,400.5,1632.0,343.5,0.6475000000000001,4.025,3.6499999999999995,4.275,0.8576779026217228,4,3,3,False,True,True,True,True,False,False,True,True,True,False
FIRE+FLOOD+AGRI+ARCTIC,ACAB,1402.2,393.5,1547.4,387.25,0.6475000000000001,4.025,3.6499999999999995,4.275,0.9841168996188056,4,3,2,False,True,True,True,True,False,False,True,True,True,False
FIRE+FLOOD+AGRI+ARCTIC,ACAC,1393.0,386.5,1453.4,391.25,0.6475000000000001,4.025,3.6499999999999995,4.275,1.0122897800776196,4,3,2,False,True,True,True,True,False,False,True,True,True,False
FIRE+FLOOD+AGRI+ARCTIC,ACBA,1412.2,396.75,1590.6,391.5,0.6475000000000001,4.025,3.6499999999999995,4.275,0.9867674858223062,4,3,2,False,True,True,True,True,False,False,True,True,True,False
FIRE+FLOOD+AGRI+ARCTIC,ACBB,1389.2,389.75,1506.0,435.25,0.6475000000000001,4.025,3.6499999999999995,4.275,1.1167415009621553,4,3,1,False,True,True,True,False,False,False,True,True,True,False
FIRE+FLOOD+AGRI+ARCTIC,ACBC,1380.0,382.75,1412.0,439.25,0.6475000000000001,4.025,3.6499999999999995,4.275,1.147615937295885,4,3,1,False,True,True,True,False,False,False,True,True,True,False
FIRE+FLOOD+AGRI+ARCTIC,ACCA,1407.0,393.0,1544.6,411.0,0.6475000000000001,4.025,3.6499999999999995,4.275,1.0458015267175573,4,3,2,False,True,True,True,True,False,False,True,True,True,False
FIRE+FLOOD+AGRI+ARCTIC,ACCB,1384.0,386.0,1460.0,454.75,0.6475000000000001,4.025,3.6499999999999995,4.275,1.1781088082901554,4,3,1,False,True,True,True,False,False,False,True,True,True,False
FIRE+FLOOD+AGRI+ARCTIC,ACCC,1374.8,379.0,1366.0,458.75,0.6475000000000001,4.025,3.6499999999999995,4.275,1.2104221635883905,4,3,1,False,True,True,True,False,False,False,True,True,True,False
FIRE+FLOOD+AGRI+ARCTIC,BAAA,1433.0,405.25,1759.2,359.5,0.6475000000000001,4.025,3.6499999999999995,4.275,0.8871067242442936,4,3,3,False,True,True,True,True,False,False,True,True,True,False
FIRE+FLOOD+AGRI+ARCTIC,BAAB,1410.0,398.25,1674.6,403.25,0.6475000000000001,4.025,3.6499999999999995,4.275,1.012554927809165,4,3,2,False,True,True,True,True,False,False,True,True,True,False
FIRE+FLOOD+AGRI+ARCTIC,BAAC,1400.8,391.25,1580.6,407.25,0.6475000000000001,4.025,3.6499999999999995,4.275,1.040894568690096,4,3,2,False,True,True,True,True,False,False,True,True,True,False
FIRE+FLOOD+AGRI+ARCTIC,BABA,1420.0,401.5,1717.8,407.5,0.6475000000000001,4.025,3.6499999999999995,4.275,1.0149439601494397,4,3,2,False,True,True,True,True,False,False,True,True,True,False
FIRE+FLOOD+AGRI+ARCTIC,BABB,1397.0,394.5,1633.2,451.25,0.6475000000000001,4.025,3.6499999999999995,4.275,1.143852978453739,4,3,1,False,True,True,True,False,False,False,True,True,True,False
FIRE+FLOOD+AGRI+ARCTIC,BABC,1387.8,387.5,1539.2,455.25,0.6475000000000001,4.025,3.6499999999999995,4.275,1.1748387096774193,4,3,1,False,True,True,True,False,False,False,True,True,True,False
FIRE+FLOOD+AGRI+ARCTIC,BACA,1414.8,397.75,1671.8,427.0,0.6475000000000001,4.025,3.6499999999999995,4.275,1.0735386549340038,4,3,2,False,True,True,True,True,False,False,True,True,True,False
FIRE+FLOOD+AGRI+ARCTIC,BACB,1391.8,390.75,1587.2,470.75,0.6475000000000001,4.025,3.6499999999999995,4.275,1.2047344849648112,4,3,1,False,True,True,True,False,False,False,True,True,True,False
FIRE+FLOOD+AGRI+ARCTIC,BACC,1382.6,383.75,1493.2,474.75,0.6475000000000001,4.025,3.6499999999999995,4.275,1.2371335504885994,4,3,1,False,True,True,True,False,False,False,True,True,True,False
FIRE+FLOOD+AGRI+ARCTIC,BBAA,1416.0,400.75,1651.2,362.75,0.6475000000000001,4.025,3.6499999999999995,4.275,0.9051777916406737,4,3,2,False,True,True,True,True,False,False,True,True,True,False
FIRE+FLOOD+AGRI+ARCTIC,BBAB,1393.0,393.75,1566.6,406.5,0.6475000000000001,4.025,3.6499999999999995,4.275,1.0323809523809524,4,3,1,False,True,True,True,False,False,False,True,True,True,False
FIRE+FLOOD+AGRI+ARCTIC,BBAC,1383.8,386.75,1472.6,410.5,0.6475000000000001,4.025,3.6499999999999995,4.275,1.0614091790562379,4,3,1,False,True,True,True,False,False,False,True,True,True,False
FIRE+FLOOD+AGRI+ARCTIC,BBBA,1403.0,397.0,1609.8,410.75,0.6475000000000001,4.025,3.6499999999999995,4.275,1.0346347607052897,4,3,1,False,True,True,True,False,False,False,True,True,True,False
FIRE+FLOOD+AGRI+ARCTIC,BBBB,1380.0,390.0,1525.2,454.5,0.6475000000000001,4.025,3.6499999999999995,4.275,1.1653846153846155,4,3,0,False,True,True,True,False,False,False,True,True,True,False
FIRE+FLOOD+AGRI+ARCTIC,BBBC,1370.8,383.0,1431.2,458.5,0.6475000000000001,4.025,3.6499999999999995,4.275,1.1971279373368147,4,3,0,False,True,True,True,False,False,False,True,True,True,False
FIRE+FLOOD+AGRI+ARCTIC,BBCA,1397.8,393.25,1563.8,430.25,0.6475000000000001,4.025,3.6499999999999995,4.275,1.0940877304513668,4,3,1,False,True,True,True,False,False,False,True,True,True,False
FIRE+FLOOD+AGRI+ARCTIC,BBCB,1374.8,386.25,1479.2,474.0,0.6475000000000001,4.025,3.6499999999999995,4.275,1.2271844660194176,4,3,0,False,True,True,True,False,False,False,True,True,True,False
FIRE+FLOOD+AGRI+ARCTIC,BBCC,1365.6,379.25,1385.2,478.0,0.6475000000000001,4.025,3.6499999999999995,4.275,1.2603823335530653,4,3,0,False,True,True,True,False,False,False,True,True,True,False
FIRE+FLOOD+AGRI+ARCTIC,BCAA,1409.2,396.25,1531.2,344.25,0.6475000000000001,4.025,3.6499999999999995,4.275,0.8687697160883281,4,3,2,False,True,True,True,True,False,False,True,True,True,False
FIRE+FLOOD+AGRI+ARCTIC,BCAB,1386.2,389.25,1446.6,388.0,0.6475000000000001,4.025,3.6499999999999995,4.275,0.9967886962106616,4,3,1,False,True,True,True,False,False,False,True,True,True,False
FIRE+FLOOD+AGRI+ARCTIC,BCAC,1377.0,382.25,1352.6,392.0,0.6475000000000001,4.025,3.6499999999999995,4.275,1.025506867233486,4,3,1,False,True,True,True,False,False,False,True,True,True,False
FIRE+FLOOD+AGRI+ARCTIC,BCBA,1396.2,392.5,1489.8,392.25,0.6475000000000001,4.025,3.6499999999999995,4.275,0.9993630573248408,4,3,1,False,True,True,True,False,False,False,True,True,True,False
FIRE+FLOOD+AGRI+ARCTIC,BCBB,1373.2,385.5,1405.2,436.0,0.6475000000000001,4.025,3.6499999999999995,4.275,1.1309987029831388,4,3,0,False,True,True,True,False,False,False,True,True,True,False
FIRE+FLOOD+AGRI+ARCTIC,BCBC,1364.0,378.5,1311.2,440.0,0.6475000000000001,4.025,3.6499999999999995,4.275,1.1624834874504624,4,3,0,False,True,True,True,False,False,False,True,True,True,False
FIRE+FLOOD+AGRI+ARCTIC,BCCA,1391.0,388.75,1443.8,411.75,0.6475000000000001,4.025,3.6499999999999995,4.275,1.0591639871382637,4,3,1,False,True,True,True,False,False,False,True,True,True,False
FIRE+FLOOD+AGRI+ARCTIC,BCCB,1368.0,381.75,1359.2,455.5,0.6475000000000001,4.025,3.6499999999999995,4.275,1.1931892599869025,4,3,0,False,True,True,True,False,False,False,True,True,True,False
FIRE+FLOOD+AGRI+ARCTIC,BCCC,1358.8,374.75,1265.2,459.5,0.6475000000000001,4.025,3.6499999999999995,4.275,1.2261507671781187,4,3,0,False,True,True,True,False,False,False,True,True,True,False
FIRE+FLOOD+AGRI+ARCTIC,CAAA,1426.6,401.0,1647.2,342.0,0.6475000000000001,4.025,3.6499999999999995,4.275,0.8528678304239401,4,3,3,False,True,True,True,True,False,False,True,True,True,False
FIRE+FLOOD+AGRI+ARCTIC,CAAB,1403.6,394.0,1562.6,385.75,0.6475000000000001,4.025,3.6499999999999995,4.275,0.9790609137055838,4,3,2,False,True,True,True,True,False,False,True,True,True,False
FIRE+FLOOD+AGRI+ARCTIC,CAAC,1394.4,387.0,1468.6,389.75,0.6475000000000001,4.025,3.6499999999999995,4.275,1.0071059431524547,4,3,2,False,True,True,True,True,False,False,True,True,True,False
FIRE+FLOOD+AGRI+ARCTIC,CABA,1413.6,397.25,1605.8,390.0,0.6475000000000001,4.025,3.6499999999999995,4.275,0.9817495280050346,4,3,2,False,True,True,True,True,False,False,True,True,True,False
FIRE+FLOOD+AGRI+ARCTIC,CABB,1390.6,390.25,1521.2,433.75,0.6475000000000001,4.025,3.6499999999999995,4.275,1.111467008327995,4,3,1,False,True,True,True,False,False,False,True,True,True,False
FIRE+FLOOD+AGRI+ARCTIC,CABC,1381.4,383.25,1427.2,437.75,0.6475000000000001,4.025,3.6499999999999995,4.275,1.142204827136334,4,3,1,False,True,True,True,False,False,False,True,True,True,False
FIRE+FLOOD+AGRI+ARCTIC,CACA,1408.4,393.5,1559.8,409.5,0.6475000000000001,4.025,3.6499999999999995,4.275,1.0406607369758576,4,3,2,False,True,True,True,True,False,False,True,True,True,False
FIRE+FLOOD+AGRI+ARCTIC,CACB,1385.4,386.5,1475.2,453.25,0.6475000000000001,4.025,3.6499999999999995,4.275,1.1727037516170764,4,3,1,False,True,True,True,False,False,False,True,True,True,False
FIRE+FLOOD+AGRI+ARCTIC,CACC,1376.2,379.5,1381.2,457.25,0.6475000000000001,4.025,3.6499999999999995,4.275,1.204874835309618,4,3,1,False,True,True,True,False,False,False,True,True,True,False
FIRE+FLOOD+AGRI+ARCTIC,CBAA,1409.6,396.5,1539.2,345.25,0.6475000000000001,4.025,3.6499999999999995,4.275,0.8707440100882724,4,3,2,False,True,True,True,True,False,False,True,True,True,False
FIRE+FLOOD+AGRI+ARCTIC,CBAB,1386.6,389.5,1454.6,389.0,0.6475000000000001,4.025,3.6499999999999995,4.275,0.9987163029525032,4,3,1,False,True,True,True,False,False,False,True,True,True,False
FIRE+FLOOD+AGRI+ARCTIC,CBAC,1377.4,382.5,1360.6,393.0,0.6475000000000001,4.025,3.6499999999999995,4.275,1.0274509803921568,4,3,1,False,True,True,True,False,False,False,True,True,True,False
FIRE+FLOOD+AGRI+ARCTIC,CBBA,1396.6,392.75,1497.8,393.25,0.6475000000000001,4.025,3.6499999999999995,4.275,1.0012730744748568,4,3,1,False,True,True,True,False,False,False,True,True,True,False
FIRE+FLOOD+AGRI+ARCTIC,CBBB,1373.6,385.75,1413.2,437.0,0.6475000000000001,4.025,3.6499999999999995,4.275,1.1328580686973428,4,3,0,False,True,True,True,False,False,False,True,True,True,False
FIRE+FLOOD+AGRI+ARCTIC,CBBC,1364.4,378.75,1319.2,441.0,0.6475000000000001,4.025,3.6499999999999995,4.275,1.1643564356435643,4,3,0,False,True,True,True,False,False,False,True,True,True,False
FIRE+FLOOD+AGRI+ARCTIC,CBCA,1391.4,389.0,1451.8,412.75,0.6475000000000001,4.025,3.6499999999999995,4.275,1.0610539845758356,4,3,1,False,True,True,True,False,False,False,True,True,True,False
FIRE+FLOOD+AGRI+ARCTIC,CBCB,1368.4,382.0,1367.2,456.5,0.6475000000000001,4.025,3.6499999999999995,4.275,1.1950261780104712,4,3,0,False,True,True,True,False,False,False,True,True,True,False
FIRE+FLOOD+AGRI+ARCTIC,CBCC,1359.2,375.0,1273.2,460.5,0.6475000000000001,4.025,3.6499999999999995,4.275,1.228,4,3,0,False,True,True,True,False,False,False,True,True,True,False
FIRE+FLOOD+AGRI+ARCTIC,CCAA,1402.8,392.0,1419.2,326.75,0.6475000000000001,4.025,3.6499999999999995,4.275,0.8335459183673469,4,3,2,False,True,True,True,True,False,False,True,True,True,False
FIRE+FLOOD+AGRI+ARCTIC,CCAB,1379.8,385.0,1334.6,370.5,0.6475000000000001,4.025,3.6499999999999995,4.275,0.9623376623376624,4,3,1,False,True,True,True,False,False,False,True,True,True,False
FIRE+FLOOD+AGRI+ARCTIC,CCAC,1370.6000000000001,378.0,1240.6,374.5,0.6475000000000001,4.025,3.6499999999999995,4.275,0.9907407407407407,4,3,1,False,True,True,True,False,False,False,True,True,True,False
FIRE+FLOOD+AGRI+ARCTIC,CCBA,1389.8,388.25,1377.8,374.75,0.6475000000000001,4.025,3.6499999999999995,4.275,0.9652285898261429,4,3,1,False,True,True,True,False,False,False,True,True,True,False
FIRE+FLOOD+AGRI+ARCTIC,CCBB,1366.8,381.25,1293.2,418.5,0.6475000000000001,4.025,3.6499999999999995,4.275,1.097704918032787,4,3,0,False,True,True,True,False,False,False,True,True,True,False
FIRE+FLOOD+AGRI+ARCTIC,CCBC,1357.6000000000001,374.25,1199.2,422.5,0.6475000000000001,4.025,3.6499999999999995,4.275,1.1289245156980627,4,3,0,False,True,True,True,False,False,False,True,True,True,False
FIRE+FLOOD+AGRI+ARCTIC,CCCA,1384.6000000000001,384.5,1331.8,394.25,0.6475000000000001,4.025,3.6499999999999995,4.275,1.0253576072821846,4,3,1,False,True,True,True,False,False,False,True,True,True,False
FIRE+FLOOD+AGRI+ARCTIC,CCCB,1361.6000000000001,377.5,1247.2,438.0,0.6475000000000001,4.025,3.6499999999999995,4.275,1.1602649006622516,4,3,0,False,True,True,True,False,False,False,True,True,True,False
FIRE+FLOOD+AGRI+ARCTIC,CCCC,1352.4,370.5,1153.2,442.0,0.6475000000000001,4.025,3.6499999999999995,4.275,1.1929824561403508,4,3,0,False,True,True,True,False,False,False,True,True,True,False
FIRE+FLOOD+AGRI+TRANS,AAAA,1228.5,336.0,1610.0,308.75,0.7025,4.425,4.050000000000001,4.55,0.9188988095238095,4,2,4,True,True,True,True,True,True,True,True,True,True,False
FIRE+FLOOD+AGRI+TRANS,AAAB,1216.0,332.5,1570.4,342.5,0.7025,4.425,4.050000000000001,4.55,1.0300751879699248,4,2,3,True,True,True,True,True,True,True,True,True,True,False
FIRE+FLOOD+AGRI+TRANS,AAAC,1211.0,329.0,1526.4,350.5,0.7025,4.425,4.050000000000001,4.55,1.0653495440729484,4,2,3,True,True,True,True,True,True,True,True,True,True,False
FIRE+FLOOD+AGRI+TRANS,AABA,1215.5,332.25,1568.6,356.75,0.7025,4.425,4.050000000000001,4.55,1.073739653875094,4,2,3,True,True,True,True,True,True,True,True,True,True,False
FIRE+FLOOD+AGRI+TRANS,AABB,1203.0,328.75,1529.0,390.5,0.7025,4.425,4.050000000000001,4.55,1.187832699619772,4,2,2,True,True,True,True,True,True,True,True,True,True,False
FIRE+FLOOD+AGRI+TRANS,AABC,1198.0,325.25,1485.0,398.5,0.7025,4.425,4.050000000000001,4.55,1.2252113758647194,4,2,2,True,True,True,True,True,True,True,True,True,True,False
FIRE+FLOOD+AGRI+TRANS,AACA,1210.3,328.5,1522.6,376.25,0.7025,4.425,4.050000000000001,4.55,1.1453576864535768,4,2,3,True,True,True,True,True,True,True,True,True,True,False
FIRE+FLOOD+AGRI+TRANS,AACB,1197.8,325.0,1483.0,410.0,0.7025,4.425,4.050000000000001,4.55,1.2615384615384615,4,2,2,True,True,True,True,True,True,True,True,True,True,False
FIRE+FLOOD+AGRI+TRANS,AACC,1192.8,321.5,1439.0,418.0,0.7025,4.425,4.050000000000001,4.55,1.3001555209953344,4,2,2,True,True,True,True,True,True,True,True,True,True,False
FIRE+FLOOD+AGRI+TRANS,ABAA,1211.5,331.5,1502.0,312.0,0.7025,4.425,4.050000000000001,4.55,0.9411764705882353,4,2,3,True,True,True,True,True,True,True,True,True,True,False
FIRE+FLOOD+AGRI+TRANS,ABAB,1199.0,328.0,1462.4,345.75,0.7025,4.425,4.050000000000001,4.55,1.0541158536585367,4,2,2,True,True,True,True,True,True,True,True,True,True,False
FIRE+FLOOD+AGRI+TRANS,ABAC,1194.0,324.5,1418.4,353.75,0.7025,4.425,4.050000000000001,4.55,1.0901386748844375,4,2,2,True,True,True,True,True,True,True,True,True,True,False
FIRE+FLOOD+AGRI+TRANS,ABBA,1198.5,327.75,1460.6,360.0,0.7025,4.425,4.050000000000001,4.55,1.0983981693363845,4,2,2,True,True,True,True,True,True,True,True,True,True,False
FIRE+FLOOD+AGRI+TRANS,ABBB,1186.0,324.25,1421.0,393.75,0.7025,4.425,4.050000000000001,4.55,1.2143407864302236,4,2,1,False,True,True,True,False,True,True,True,True,True,False
FIRE+FLOOD+AGRI+TRANS,ABBC,1181.0,320.75,1377.0,401.75,0.7025,4.425,4.050000000000001,4.55,1.2525331254871395,4,2,1,False,True,True,True,False,True,True,True,True,True,False
FIRE+FLOOD+AGRI+TRANS,ABCA,1193.3,324.0,1414.6,379.5,0.7025,4.425,4.050000000000001,4.55,1.1712962962962963,4,2,2,True,True,True,True,True,True,True,True,True,True,False
FIRE+FLOOD+AGRI+TRANS,ABCB,1180.8,320.5,1375.0,413.25,0.7025,4.425,4.050000000000001,4.55,1.2893915756630265,4,2,1,False,True,True,True,False,True,True,True,True,True,False
FIRE+FLOOD+AGRI+TRANS,ABCC,1175.8,317.0,1331.0,421.25,0.7025,4.425,4.050000000000001,4.55,1.3288643533123028,4,2,1,False,True,True,True,False,True,True,True,True,True,False
FIRE+FLOOD+AGRI+TRANS,ACAA,1204.7,327.0,1382.0,293.5,0.7025,4.425,4.050000000000001,4.55,0.8975535168195719,4,2,3,True,True,True,True,True,True,True,True,True,True,False
FIRE+FLOOD+AGRI+TRANS,ACAB,1192.2,323.5,1342.4,327.25,0.7025,4.425,4.050000000000001,4.55,1.0115919629057186,4,2,2,True,True,True,True,True,True,True,True,True,True,False
FIRE+FLOOD+AGRI+TRANS,ACAC,1187.2,320.0,1298.4,335.25,0.7025,4.425,4.050000000000001,4.55,1.04765625,4,2,2,True,True,True,True,True,True,True,True,True,True,False
FIRE+FLOOD+AGRI+TRANS,ACBA,1191.7,323.25,1340.6,341.5,0.7025,4.425,4.050000000000001,4.55,1.0564578499613302,4,2,2,True,True,True,True,True,True,True,True,True,True,False
FIRE+FLOOD+AGRI+TRANS,ACBB,1179.2,319.75,1301.0,375.25,0.7025,4.425,4.050000000000001,4.55,1.1735731039874902,4,2,1,False,True,True,True,False,True,True,True,True,True,False
FIRE+FLOOD+AGRI+TRANS,ACBC,1174.2,316.25,1257.0,383.25,0.7025,4.425,4.050000000000001,4.55,1.2118577075098815,4,2,1,False,True,True,True,False,True,True,True,True,True,False
FIRE+FLOOD+AGRI+TRANS,ACCA,1186.5,319.5,1294.6,361.0,0.7025,4.425,4.050000000000001,4.55,1.129890453834116,4,2,2,True,True,True,True,True,True,True,True,True,True,False
FIRE+FLOOD+AGRI+TRANS,ACCB,1174.0,316.0,1255.0,394.75,0.7025,4.425,4.050000000000001,4.55,1.2492088607594938,4,2,1,False,True,True,True,False,True,True,True,True,True,False
FIRE+FLOOD+AGRI+TRANS,ACCC,1169.0,312.5,1211.0,402.75,0.7025,4.425,4.050000000000001,4.55,1.2888,4,2,1,False,True,True,True,False,True,True,True,True,True,False
FIRE+FLOOD+AGRI+TRANS,BAAA,1212.5,331.75,1509.2,309.5,0.7025,4.425,4.050000000000001,4.55,0.93293142426526,4,2,3,True,True,True,True,True,True,True,True,True,True,False
FIRE+FLOOD+AGRI+TRANS,BAAB,1200.0,328.25,1469.6,343.25,0.7025,4.425,4.050000000000001,4.55,1.0456968773800457,4,2,2,True,True,True,True,True,True,True,True,True,True,False
FIRE+FLOOD+AGRI+TRANS,BAAC,1195.0,324.75,1425.6000000000001,351.25,0.7025,4.425,4.050000000000001,4.55,1.0816012317167052,4,2,2,True,True,True,True,True,True,True,True,True,True,False
FIRE+FLOOD+AGRI+TRANS,BABA,1199.5,328.0,1467.8,357.5,0.7025,4.425,4.050000000000001,4.55,1.0899390243902438,4,2,2,True,True,True,True,True,True,True,True,True,True,False
FIRE+FLOOD+AGRI+TRANS,BABB,1187.0,324.5,1428.1999999999998,391.25,0.7025,4.425,4.050000000000001,4.55,1.2057010785824345,4,2,1,False,True,True,True,False,True,True,True,True,True,False
FIRE+FLOOD+AGRI+TRANS,BABC,1182.0,321.0,1384.2,399.25,0.7025,4.425,4.050000000000001,4.55,1.2437694704049844,4,2,1,False,True,True,True,False,True,True,True,True,True,False
FIRE+FLOOD+AGRI+TRANS,BACA,1194.3,324.25,1421.8,377.0,0.7025,4.425,4.050000000000001,4.55,1.1626831148804935,4,2,2,True,True,True,True,True,True,True,True,True,True,False
FIRE+FLOOD+AGRI+TRANS,BACB,1181.8,320.75,1382.1999999999998,410.75,0.7025,4.425,4.050000000000001,4.55,1.2805923616523773,4,2,1,False,True,True,True,False,True,True,True,True,True,False
FIRE+FLOOD+AGRI+TRANS,BACC,1176.8,317.25,1338.2,418.75,0.7025,4.425,4.050000000000001,4.55,1.3199369582348306,4,2,1,False,True,True,True,False,True,True,True,True,True,False
FIRE+FLOOD+AGRI+TRANS,BBAA,1195.5,327.25,1401.2,312.75,0.7025,4.425,4.050000000000001,4.55,0.9556913674560733,4,2,2,True,True,True,True,True,True,True,True,True,True,False
FIRE+FLOOD+AGRI+TRANS,BBAB,1183.0,323.75,1361.6,346.5,0.7025,4.425,4.050000000000001,4.55,1.0702702702702702,4,2,1,False,True,True,True,False,True,True,True,True,True,False
FIRE+FLOOD+AGRI+TRANS,BBAC,1178.0,320.25,1317.6000000000001,354.5,0.7025,4.425,4.050000000000001,4.55,1.1069476971116314,4,2,1,False,True,True,True,False,True,True,True,True,True,False
FIRE+FLOOD+AGRI+TRANS,BBBA,1182.5,323.5,1359.8,360.75,0.7025,4.425,4.050000000000001,4.55,1.1151468315301392,4,2,1,False,True,True,True,False,True,True,True,True,True,False
FIRE+FLOOD+AGRI+TRANS,BBBB,1170.0,320.0,1320.1999999999998,394.5,0.7025,4.425,4.050000000000001,4.55,1.2328125,4,2,0,False,True,True,True,False,True,True,True,True,True,False
FIRE+FLOOD+AGRI+TRANS,BBBC,1165.0,316.5,1276.2,402.5,0.7025,4.425,4.050000000000001,4.55,1.2717219589257505,4,2,0,False,True,True,True,False,True,True,True,True,True,False
FIRE+FLOOD+AGRI+TRANS,BBCA,1177.3,319.75,1313.8,380.25,0.7025,4.425,4.050000000000001,4.55,1.1892103205629398,4,2,1,False,True,True,True,False,True,True,True,True,True,False
FIRE+FLOOD+AGRI+TRANS,BBCB,1164.8,316.25,1274.1999999999998,414.0,0.7025,4.425,4.050000000000001,4.55,1.309090909090909,4,2,0,False,True,True,True,False,True,True,True,True,True,False
FIRE+FLOOD+AGRI+TRANS,BBCC,1159.8,312.75,1230.2,422.0,0.7025,4.425,4.050000000000001,4.55,1.3493205435651479,4,2,0,False,True,True,True,False,True,True,True,True,True,False
FIRE+FLOOD+AGRI+TRANS,BCAA,1188.7,322.75,1281.2,294.25,0.7025,4.425,4.050000000000001,4.55,0.9116963594113091,4,2,2,True,True,True,True,True,True,True,True,True,True,False
FIRE+FLOOD+AGRI+TRANS,BCAB,1176.2,319.25,1241.6,328.0,0.7025,4.425,4.050000000000001,4.55,1.0274079874706343,4,2,1,False,True,True,True,False,True,True,True,True,True,False
FIRE+FLOOD+AGRI+TRANS,BCAC,1171.2,315.75,1197.6000000000001,336.0,0.7025,4.425,4.050000000000001,4.55,1.0641330166270784,4,2,1,False,True,True,True,False,True,True,True,True,True,False
FIRE+FLOOD+AGRI+TRANS,BCBA,1175.7,319.0,1239.8,342.25,0.7025,4.425,4.050000000000001,4.55,1.072884012539185,4,2,1,False,True,True,True,False,True,True,True,True,True,False
FIRE+FLOOD+AGRI+TRANS,BCBB,1163.2,315.5,1200.1999999999998,376.0,0.7025,4.425,4.050000000000001,4.55,1.19175911251981,4,2,0,False,True,True,True,False,True,True,True,True,True,False
FIRE+FLOOD+AGRI+TRANS,BCBC,1158.2,312.0,1156.2,384.0,0.7025,4.425,4.050000000000001,4.55,1.2307692307692308,4,2,0,False,True,True,True,False,True,True,True,True,True,False
FIRE+FLOOD+AGRI+TRANS,BCCA,1170.5,315.25,1193.8,361.75,0.7025,4.425,4.050000000000001,4.55,1.1475019825535289,4,2,1,False,True,True,True,False,True,True,True,True,True,False
FIRE+FLOOD+AGRI+TRANS,BCCB,1158.0,311.75,1154.1999999999998,395.5,0.7025,4.425,4.050000000000001,4.55,1.268644747393745,4,2,0,False,True,True,True,False,True,True,True,True,True,False
FIRE+FLOOD+AGRI+TRANS,BCCC,1153.0,308.25,1110.2,403.5,0.7025,4.425,4.050000000000001,4.55,1.3090024330900243,4,2,0,False,True,True,True,False,True,True,True,True,True,False
FIRE+FLOOD+AGRI+TRANS,CAAA,1206.1,327.5,1397.2,292.0,0.7025,4.425,4.050000000000001,4.55,0.8916030534351145,4,2,3,True,True,True,True,True,True,True,True,True,True,False
FIRE+FLOOD+AGRI+TRANS,CAAB,1193.6,324.0,1357.6,325.75,0.7025,4.425,4.050000000000001,4.55,1.0054012345679013,4,2,2,True,True,True,True,True,True,True,True,True,True,False
FIRE+FLOOD+AGRI+TRANS,CAAC,1188.6,320.5,1313.6000000000001,333.75,0.7025,4.425,4.050000000000001,4.55,1.0413416536661466,4,2,2,True,True,True,True,True,True,True,True,True,True,False
FIRE+FLOOD+AGRI+TRANS,CABA,1193.1,323.75,1355.8,340.0,0.7025,4.425,4.050000000000001,4.55,1.05019305019305,4,2,2,True,True,True,True,True,True,True,True,True,True,False
FIRE+FLOOD+AGRI+TRANS,CABB,1180.6,320.25,1316.1999999999998,373.75,0.7025,4.425,4.050000000000001,4.55,1.1670569867291178,4,2,1,False,True,True,True,False,True,True,True,True,True,False
FIRE+FLOOD+AGRI+TRANS,CABC,1175.6,316.75,1272.2,381.75,0.7025,4.425,4.050000000000001,4.55,1.2052091554853985,4,2,1,False,True,True,True,False,True,True,True,True,True,False
FIRE+FLOOD+AGRI+TRANS,CACA,1187.9,320.0,1309.8,359.5,0.7025,4.425,4.050000000000001,4.55,1.1234375,4,2,2,True,True,True,True,True,True,True,True,True,True,False
FIRE+FLOOD+AGRI+TRANS,CACB,1175.4,316.5,1270.1999999999998,393.25,0.7025,4.425,4.050000000000001,4.55,1.2424960505529226,4,2,1,False,True,True,True,False,True,True,True,True,True,False
FIRE+FLOOD+AGRI+TRANS,CACC,1170.4,313.0,1226.2,401.25,0.7025,4.425,4.050000000000001,4.55,1.2819488817891374,4,2,1,False,True,True,True,False,True,True,True,True,True,False
FIRE+FLOOD+AGRI+TRANS,CBAA,1189.1,323.0,1289.2,295.25,0.7025,4.425,4.050000000000001,4.55,0.9140866873065016,4,2,2,True,True,True,True,True,True,True,True,True,True,False
FIRE+FLOOD+AGRI+TRANS,CBAB,1176.6,319.5,1249.6,329.0,0.7025,4.425,4.050000000000001,4.55,1.029733959311424,4,2,1,False,True,True,True,False,True,True,True,True,True,False
FIRE+FLOOD+AGRI+TRANS,CBAC,1171.6,316.0,1205.6000000000001,337.0,0.7025,4.425,4.050000000000001,4.55,1.0664556962025316,4,2,1,False,True,True,True,False,True,True,True,True,True,False
FIRE+FLOOD+AGRI+TRANS,CBBA,1176.1,319.25,1247.8,343.25,0.7025,4.425,4.050000000000001,4.55,1.0751761942051683,4,2,1,False,True,True,True,False,True,True,True,True,True,False
FIRE+FLOOD+AGRI+TRANS,CBBB,1163.6,315.75,1208.1999999999998,377.0,0.7025,4.425,4.050000000000001,4.55,1.1939825811559779,4,2,0,False,True,True,True,False,True,True,True,True,True,False
FIRE+FLOOD+AGRI+TRANS,CBBC,1158.6,312.25,1164.2,385.0,0.7025,4.425,4.050000000000001,4.55,1.232986389111289,4,2,0,False,True,True,True,False,True,True,True,True,True,False
FIRE+FLOOD+AGRI+TRANS,CBCA,1170.9,315.5,1201.8,362.75,0.7025,4.425,4.050000000000001,4.55,1.1497622820919176,4,2,1,False,True,True,True,False,True,True,True,True,True,False
FIRE+FLOOD+AGRI+TRANS,CBCB,1158.4,312.0,1162.1999999999998,396.5,0.7025,4.425,4.050000000000001,4.55,1.2708333333333333,4,2,0,False,True,True,True,False,True,True,True,True,True,False
FIRE+FLOOD+AGRI+TRANS,CBCC,1153.4,308.5,1118.2,404.5,0.7025,4.425,4.050000000000001,4.55,1.3111831442463533,4,2,0,False,True,True,True,False,True,True,True,True,True,False
FIRE+FLOOD+AGRI+TRANS,CCAA,1182.3,318.5,1169.2,276.75,0.7025,4.425,4.050000000000001,4.55,0.868916797488226,4,2,2,True,True,True,True,True,True,True,True,True,True,False
FIRE+FLOOD+AGRI+TRANS,CCAB,1169.8,315.0,1129.6,310.5,0.7025,4.425,4.050000000000001,4.55,0.9857142857142858,4,2,1,False,True,True,True,False,True,True,True,True,True,False
FIRE+FLOOD+AGRI+TRANS,CCAC,1164.8,311.5,1085.6000000000001,318.5,0.7025,4.425,4.050000000000001,4.55,1.0224719101123596,4,2,1,False,True,True,True,False,True,True,True,True,True,False
FIRE+FLOOD+AGRI+TRANS,CCBA,1169.3,314.75,1127.8,324.75,0.7025,4.425,4.050000000000001,4.55,1.0317712470214455,4,2,1,False,True,True,True,False,True,True,True,True,True,False
FIRE+FLOOD+AGRI+TRANS,CCBB,1156.8,311.25,1088.1999999999998,358.5,0.7025,4.425,4.050000000000001,4.55,1.1518072289156627,4,2,0,False,True,True,True,False,True,True,True,True,True,False
FIRE+FLOOD+AGRI+TRANS,CCBC,1151.8,307.75,1044.2,366.5,0.7025,4.425,4.050000000000001,4.55,1.190901705930138,4,2,0,False,True,True,True,False,True,True,True,True,True,False
FIRE+FLOOD+AGRI+TRANS,CCCA,1164.1,311.0,1081.8,344.25,0.7025,4.425,4.050000000000001,4.55,1.1069131832797428,4,2,1,False,True,True,True,False,True,True,True,True,True,False
FIRE+FLOOD+AGRI+TRANS,CCCB,1151.6,307.5,1042.1999999999998,378.0,0.7025,4.425,4.050000000000001,4.55,1.2292682926829268,4,2,0,False,True,True,True,False,True,True,True,True,True,False
FIRE+FLOOD+AGRI+TRANS,CCCC,1146.6,304.0,998.1999999999999,386.0,0.7025,4.425,4.050000000000001,4.55,1.269736842105263,4,2,0,False,True,True,True,False,True,True,False,True,True,False
FIRE+FLOOD+AGRI+ENV,AAAA,1260.0,341.25,1750.0,316.25,0.6925,4.325,4.0,4.55,0.9267399267399268,4,2,4,True,True,True,True,True,True,True,True,True,True,False
FIRE+FLOOD+AGRI+ENV,AAAB,1246.0,337.5,1685.2,343.5,0.6925,4.325,4.0,4.55,1.0177777777777777,4,2,3,True,True,True,True,True,True,True,True,True,True,False
FIRE+FLOOD+AGRI+ENV,AAAC,1240.4,333.75,1613.2,345.5,0.6925,4.325,4.0,4.55,1.0352059925093633,4,2,3,True,True,True,True,True,True,True,True,True,True,False
FIRE+FLOOD+AGRI+ENV,AABA,1247.0,337.5,1708.6,364.25,0.6925,4.325,4.0,4.55,1.0792592592592594,4,2,3,True,True,True,True,True,True,True,True,True,True,False
FIRE+FLOOD+AGRI+ENV,AABB,1233.0,333.75,1643.8,391.5,0.6925,4.325,4.0,4.55,1.1730337078651685,4,2,2,True,True,True,True,True,True,True,True,True,True,False
FIRE+FLOOD+AGRI+ENV,AABC,1227.4,330.0,1571.8,393.5,0.6925,4.325,4.0,4.55,1.1924242424242424,4,2,2,True,True,True,True,True,True,True,True,True,True,False
FIRE+FLOOD+AGRI+ENV,AACA,1241.8,333.75,1662.6,383.75,0.6925,4.325,4.0,4.55,1.149812734082397,4,2,3,True,True,True,True,True,True,True,True,True,True,False
FIRE+FLOOD+AGRI+ENV,AACB,1227.8,330.0,1597.8,411.0,0.6925,4.325,4.0,4.55,1.2454545454545454,4,2,2,True,True,True,True,True,True,True,True,True,True,False
FIRE+FLOOD+AGRI+ENV,AACC,1222.1999999999998,326.25,1525.8,413.0,0.6925,4.325,4.0,4.55,1.2659003831417623,4,2,2,True,True,True,True,True,True,True,True,True,True,False
FIRE+FLOOD+AGRI+ENV,ABAA,1243.0,336.75,1642.0,319.5,0.6925,4.325,4.0,4.55,0.9487750556792873,4,2,3,True,True,True,True,True,True,True,True,True,True,False
FIRE+FLOOD+AGRI+ENV,ABAB,1229.0,333.0,1577.2,346.75,0.6925,4.325,4.0,4.55,1.0412912912912913,4,2,2,True,True,True,True,True,True,True,True,True,True,False
FIRE+FLOOD+AGRI+ENV,ABAC,1223.4,329.25,1505.2,348.75,0.6925,4.325,4.0,4.55,1.0592255125284737,4,2,2,True,True,True,True,True,True,True,True,True,True,False
FIRE+FLOOD+AGRI+ENV,ABBA,1230.0,333.0,1600.6,367.5,0.6925,4.325,4.0,4.55,1.1036036036036037,4,2,2,True,True,True,True,True,True,True,True,True,True,False
FIRE+FLOOD+AGRI+ENV,ABBB,1216.0,329.25,1535.8,394.75,0.6925,4.325,4.0,4.55,1.1989369779802581,4,2,1,False,True,True,True,False,True,True,True,True,True,False
FIRE+FLOOD+AGRI+ENV,ABBC,1210.4,325.5,1463.8,396.75,0.6925,4.325,4.0,4.55,1.2188940092165899,4,2,1,False,True,True,True,False,True,True,True,True,True,False
FIRE+FLOOD+AGRI+ENV,ABCA,1224.8,329.25,1554.6,387.0,0.6925,4.325,4.0,4.55,1.1753986332574031,4,2,2,True,True,True,True,True,True,True,True,True,True,False
FIRE+FLOOD+AGRI+ENV,ABCB,1210.8,325.5,1489.8,414.25,0.6925,4.325,4.0,4.55,1.2726574500768049,4,2,1,False,True,True,True,False,True,True,True,True,True,False
FIRE+FLOOD+AGRI+ENV,ABCC,1205.1999999999998,321.75,1417.8,416.25,0.6925,4.325,4.0,4.55,1.2937062937062938,4,2,1,False,True,True,True,False,True,True,True,True,True,False
FIRE+FLOOD+AGRI+ENV,ACAA,1236.2,332.25,1522.0,301.0,0.6925,4.325,4.0,4.55,0.9059443190368698,4,2,3,True,True,True,True,True,True,True,True,True,True,False
FIRE+FLOOD+AGRI+ENV,ACAB,1222.2,328.5,1457.2,328.25,0.6925,4.325,4.0,4.55,0.9992389649923896,4,2,2,True,True,True,True,True,True,True,True,True,True,False
FIRE+FLOOD+AGRI+ENV,ACAC,1216.6,324.75,1385.2,330.25,0.6925,4.325,4.0,4.55,1.01693610469592,4,2,2,True,True,True,True,True,True,True,True,True,True,False
FIRE+FLOOD+AGRI+ENV,ACBA,1223.2,328.5,1480.6,349.0,0.6925,4.325,4.0,4.55,1.0624048706240488,4,2,2,True,True,True,True,True,True,True,True,True,True,False
FIRE+FLOOD+AGRI+ENV,ACBB,1209.2,324.75,1415.8,376.25,0.6925,4.325,4.0,4.55,1.1585835257890684,4,2,1,False,True,True,True,False,True,True,True,True,True,False
FIRE+FLOOD+AGRI+ENV,ACBC,1203.6,321.0,1343.8,378.25,0.6925,4.325,4.0,4.55,1.178348909657321,4,2,1,False,True,True,True,False,True,True,True,True,True,False
FIRE+FLOOD+AGRI+ENV,ACCA,1218.0,324.75,1434.6,368.5,0.6925,4.325,4.0,4.55,1.134719014626636,4,2,2,True,True,True,True,True,True,True,True,True,True,False
FIRE+FLOOD+AGRI+ENV,ACCB,1204.0,321.0,1369.8,395.75,0.6925,4.325,4.0,4.55,1.232866043613707,4,2,1,False,True,True,True,False,True,True,True,True,True,False
FIRE+FLOOD+AGRI+ENV,ACCC,1198.3999999999999,317.25,1297.8,397.75,0.6925,4.325,4.0,4.55,1.2537431048069345,4,2,1,False,True,True,True,False,True,True,True,True,True,False
FIRE+FLOOD+AGRI+ENV,BAAA,1244.0,337.0,1649.2,317.0,0.6925,4.325,4.0,4.55,0.9406528189910979,4,2,3,True,True,True,True,True,True,True,True,True,True,False
FIRE+FLOOD+AGRI+ENV,BAAB,1230.0,333.25,1584.4,344.25,0.6925,4.325,4.0,4.55,1.0330082520630157,4,2,2,True,True,True,True,True,True,True,True,True,True,False
FIRE+FLOOD+AGRI+ENV,BAAC,1224.4,329.5,1512.4,346.25,0.6925,4.325,4.0,4.55,1.050834597875569,4,2,2,True,True,True,True,True,True,True,True,True,True,False
FIRE+FLOOD+AGRI+ENV,BABA,1231.0,333.25,1607.8,365.0,0.6925,4.325,4.0,4.55,1.0952738184546136,4,2,2,True,True,True,True,True,True,True,True,True,True,False
FIRE+FLOOD+AGRI+ENV,BABB,1217.0,329.5,1543.0,392.25,0.6925,4.325,4.0,4.55,1.1904400606980272,4,2,1,False,True,True,True,False,True,True,True,True,True,False
FIRE+FLOOD+AGRI+ENV,BABC,1211.4,325.75,1471.0,394.25,0.6925,4.325,4.0,4.55,1.2102839600920952,4,2,1,False,True,True,True,False,True,True,True,True,True,False
FIRE+FLOOD+AGRI+ENV,BACA,1225.8,329.5,1561.8,384.5,0.6925,4.325,4.0,4.55,1.1669195751138088,4,2,2,True,True,True,True,True,True,True,True,True,True,False
FIRE+FLOOD+AGRI+ENV,BACB,1211.8,325.75,1497.0,411.75,0.6925,4.325,4.0,4.55,1.264006139677667,4,2,1,False,True,True,True,False,True,True,True,True,True,False
FIRE+FLOOD+AGRI+ENV,BACC,1206.1999999999998,322.0,1425.0,413.75,0.6925,4.325,4.0,4.55,1.2849378881987579,4,2,1,False,True,True,True,False,True,True,True,True,True,False
FIRE+FLOOD+AGRI+ENV,BBAA,1227.0,332.5,1541.2,320.25,0.6925,4.325,4.0,4.55,0.9631578947368421,4,2,2,True,True,True,True,True,True,True,True,True,True,False
FIRE+FLOOD+AGRI+ENV,BBAB,1213.0,328.75,1476.4,347.5,0.6925,4.325,4.0,4.55,1.0570342205323193,4,2,1,False,True,True,True,False,True,True,True,True,True,False
FIRE+FLOOD+AGRI+ENV,BBAC,1207.4,325.0,1404.3999999999999,349.5,0.6925,4.325,4.0,4.55,1.0753846153846154,4,2,1,False,True,True,True,False,True,True,True,True,True,False
FIRE+FLOOD+AGRI+ENV,BBBA,1214.0,328.75,1499.8,368.25,0.6925,4.325,4.0,4.55,1.120152091254753,4,2,1,False,True,True,True,False,True,True,True,True,True,False
FIRE+FLOOD+AGRI+ENV,BBBB,1200.0,325.0,1435.0,395.5,0.6925,4.325,4.0,4.55,1.216923076923077,4,2,0,False,True,True,True,False,True,True,True,True,True,False
FIRE+FLOOD+AGRI+ENV,BBBC,1194.4,321.25,1363.0,397.5,0.6925,4.325,4.0,4.55,1.2373540856031129,4,2,0,False,True,True,True,False,True,True,True,True,True,False
FIRE+FLOOD+AGRI+ENV,BBCA,1208.8,325.0,1453.8,387.75,0.6925,4.325,4.0,4.55,1.1930769230769231,4,2,1,False,True,True,True,False,True,True,True,True,True,False
FIRE+FLOOD+AGRI+ENV,BBCB,1194.8,321.25,1389.0,415.0,0.6925,4.325,4.0,4.55,1.2918287937743191,4,2,0,False,True,True,True,False,True,True,True,True,True,False
FIRE+FLOOD+AGRI+ENV,BBCC,1189.1999999999998,317.5,1317.0,417.0,0.6925,4.325,4.0,4.55,1.3133858267716536,4,2,0,False,True,True,True,False,True,True,True,True,True,False
FIRE+FLOOD+AGRI+ENV,BCAA,1220.2,328.0,1421.2,301.75,0.6925,4.325,4.0,4.55,0.9199695121951219,4,2,2,True,True,True,True,True,True,True,True,True,True,False
FIRE+FLOOD+AGRI+ENV,BCAB,1206.2,324.25,1356.4,329.0,0.6925,4.325,4.0,4.55,1.0146491904394757,4,2,1,False,True,True,True,False,True,True,True,True,True,False
FIRE+FLOOD+AGRI+ENV,BCAC,1200.6,320.5,1284.4,331.0,0.6925,4.325,4.0,4.55,1.032761310452418,4,2,1,False,True,True,True,False,True,True,True,True,True,False
FIRE+FLOOD+AGRI+ENV,BCBA,1207.2,324.25,1379.8,349.75,0.6925,4.325,4.0,4.55,1.0786430223592907,4,2,1,False,True,True,True,False,True,True,True,True,True,False
FIRE+FLOOD+AGRI+ENV,BCBB,1193.2,320.5,1315.0,377.0,0.6925,4.325,4.0,4.55,1.1762870514820594,4,2,0,False,True,True,True,False,True,True,True,True,True,False
FIRE+FLOOD+AGRI+ENV,BCBC,1187.6,316.75,1243.0,379.0,0.6925,4.325,4.0,4.55,1.196527229676401,4,2,0,False,True,True,True,False,True,True,True,True,True,False
FIRE+FLOOD+AGRI+ENV,BCCA,1202.0,320.5,1333.8,369.25,0.6925,4.325,4.0,4.55,1.1521060842433697,4,2,1,False,True,True,True,False,True,True,True,True,True,False
FIRE+FLOOD+AGRI+ENV,BCCB,1188.0,316.75,1269.0,396.5,0.6925,4.325,4.0,4.55,1.2517758484609314,4,2,0,False,True,True,True,False,True,True,True,True,True,False
FIRE+FLOOD+AGRI+ENV,BCCC,1182.3999999999999,313.0,1197.0,398.5,0.6925,4.325,4.0,4.55,1.2731629392971247,4,2,0,False,True,True,True,False,True,True,True,True,True,False
FIRE+FLOOD+AGRI+ENV,CAAA,1237.6,332.75,1537.2,299.5,0.6925,4.325,4.0,4.55,0.9000751314800901,4,2,3,True,True,True,True,True,True,True,True,True,True,False
FIRE+FLOOD+AGRI+ENV,CAAB,1223.6,329.0,1472.4,326.75,0.6925,4.325,4.0,4.55,0.993161094224924,4,2,2,True,True,True,True,True,True,True,True,True,True,False
FIRE+FLOOD+AGRI+ENV,CAAC,1218.0,325.25,1400.4,328.75,0.6925,4.325,4.0,4.55,1.01076095311299,4,2,2,True,True,True,True,True,True,True,True,True,True,False
FIRE+FLOOD+AGRI+ENV,CABA,1224.6,329.0,1495.8,347.5,0.6925,4.325,4.0,4.55,1.0562310030395137,4,2,2,True,True,True,True,True,True,True,True,True,True,False
FIRE+FLOOD+AGRI+ENV,CABB,1210.6,325.25,1431.0,374.75,0.6925,4.325,4.0,4.55,1.1521906225980016,4,2,1,False,True,True,True,False,True,True,True,True,True,False
FIRE+FLOOD+AGRI+ENV,CABC,1205.0,321.5,1359.0,376.75,0.6925,4.325,4.0,4.55,1.171850699844479,4,2,1,False,True,True,True,False,True,True,True,True,True,False
FIRE+FLOOD+AGRI+ENV,CACA,1219.4,325.25,1449.8,367.0,0.6925,4.325,4.0,4.55,1.1283627978478095,4,2,2,True,True,True,True,True,True,True,True,True,True,False
FIRE+FLOOD+AGRI+ENV,CACB,1205.4,321.5,1385.0,394.25,0.6925,4.325,4.0,4.55,1.2262830482115086,4,2,1,False,True,True,True,False,True,True,True,True,True,False
FIRE+FLOOD+AGRI+ENV,CACC,1199.8,317.75,1313.0,396.25,0.6925,4.325,4.0,4.55,1.2470495672698663,4,2,1,False,True,True,True,False,True,True,True,True,True,False
FIRE+FLOOD+AGRI+ENV,CBAA,1220.6,328.25,1429.2,302.75,0.6925,4.325,4.0,4.55,0.9223153084539223,4,2,2,True,True,True,True,True,True,True,True,True,True,False
FIRE+FLOOD+AGRI+ENV,CBAB,1206.6,324.5,1364.4,330.0,0.6925,4.325,4.0,4.55,1.0169491525423728,4,2,1,False,True,True,True,False,True,True,True,True,True,False
FIRE+FLOOD+AGRI+ENV,CBAC,1201.0,320.75,1292.3999999999999,332.0,0.6925,4.325,4.0,4.55,1.0350740452065472,4,2,1,False,True,True,True,False,True,True,True,True,True,False
FIRE+FLOOD+AGRI+ENV,CBBA,1207.6,324.5,1387.8,350.75,0.6925,4.325,4.0,4.55,1.0808936825885977,4,2,1,False,True,True,True,False,True,True,True,True,True,False
FIRE+FLOOD+AGRI+ENV,CBBB,1193.6,320.75,1323.0,378.0,0.6925,4.325,4.0,4.55,1.1784879189399844,4,2,0,False,True,True,True,False,True,True,True,True,True,False
FIRE+FLOOD+AGRI+ENV,CBBC,1188.0,317.0,1251.0,380.0,0.6925,4.325,4.0,4.55,1.1987381703470033,4,2,0,False,True,True,True,False,True,True,True,True,True,False
FIRE+FLOOD+AGRI+ENV,CBCA,1202.4,320.75,1341.8,370.25,0.6925,4.325,4.0,4.55,1.1543257989088074,4,2,1,False,True,True,True,False,True,True,True,True,True,False
FIRE+FLOOD+AGRI+ENV,CBCB,1188.4,317.0,1277.0,397.5,0.6925,4.325,4.0,4.55,1.2539432176656151,4,2,0,False,True,True,True,False,True,True,True,True,True,False
FIRE+FLOOD+AGRI+ENV,CBCC,1182.8,313.25,1205.0,399.5,0.6925,4.325,4.0,4.55,1.275339185953711,4,2,0,False,True,True,True,False,True,True,True,True,True,False
FIRE+FLOOD+AGRI+ENV,CCAA,1213.8,323.75,1309.2,284.25,0.6925,4.325,4.0,4.55,0.877992277992278,4,2,2,True,True,True,True,True,True,True,True,True,True,False
FIRE+FLOOD+AGRI+ENV,CCAB,1199.8,320.0,1244.4,311.5,0.6925,4.325,4.0,4.55,0.9734375,4,2,1,False,True,True,True,False,True,True,True,True,True,False
FIRE+FLOOD+AGRI+ENV,CCAC,1194.2,316.25,1172.4,313.5,0.6925,4.325,4.0,4.55,0.991304347826087,4,2,1,False,True,True,True,False,True,True,True,True,True,False
FIRE+FLOOD+AGRI+ENV,CCBA,1200.8,320.0,1267.8,332.25,0.6925,4.325,4.0,4.55,1.03828125,4,2,1,False,True,True,True,False,True,True,True,True,True,False
FIRE+FLOOD+AGRI+ENV,CCBB,1186.8,316.25,1203.0,359.5,0.6925,4.325,4.0,4.55,1.1367588932806325,4,2,0,False,True,True,True,False,True,True,True,True,True,False
FIRE+FLOOD+AGRI+ENV,CCBC,1181.2,312.5,1131.0,361.5,0.6925,4.325,4.0,4.55,1.1568,4,2,0,False,True,True,True,False,True,True,True,True,True,False
FIRE+FLOOD+AGRI+ENV,CCCA,1195.6,316.25,1221.8,351.75,0.6925,4.325,4.0,4.55,1.1122529644268775,4,2,1,False,True,True,True,False,True,True,True,True,True,False
FIRE+FLOOD+AGRI+ENV,CCCB,1181.6,312.5,1157.0,379.0,0.6925,4.325,4.0,4.55,1.2128,4,2,0,False,True,True,True,False,True,True,True,True,True,False
FIRE+FLOOD+AGRI+ENV,CCCC,1176.0,308.75,1085.0,381.0,0.6925,4.325,4.0,4.55,1.234008097165992,4,2,0,False,True,True,True,False,True,True,True,True,True,False
FIRE+FLOOD+AGRI+SSA,AAAA,1312.5,362.25,1730.0,330.0,0.67,4.125,3.725,4.6,0.9109730848861284,3,3,4,False,True,True,True,True,False,False,True,True,True,False
FIRE+FLOOD+AGRI+SSA,AAAB,1296.0,357.5,1668.8,362.0,0.67,4.125,3.725,4.6,1.0125874125874126,3,3,3,True,True,True,True,True,True,True,True,True,True,False
FIRE+FLOOD+AGRI+SSA,AAAC,1289.4,352.75,1600.8,364.25,0.67,4.125,3.725,4.6,1.0326009922041106,3,3,3,True,True,True,True,True,True,True,True,True,True,False
FIRE+FLOOD+AGRI+SSA,AABA,1299.5,358.5,1688.6,378.0,0.67,4.125,3.725,4.6,1.0543933054393306,3,3,3,True,True,True,True,True,True,True,True,True,True,False
FIRE+FLOOD+AGRI+SSA,AABB,1283.0,353.75,1627.3999999999999,410.0,0.67,4.125,3.725,4.6,1.1590106007067138,3,3,2,True,True,True,True,True,True,True,True,True,True,False
FIRE+FLOOD+AGRI+SSA,AABC,1276.4,349.0,1559.3999999999999,412.25,0.67,4.125,3.725,4.6,1.1812320916905443,3,3,2,True,True,True,True,True,True,True,True,True,True,False
FIRE+FLOOD+AGRI+SSA,AACA,1294.3,354.75,1642.6,397.5,0.67,4.125,3.725,4.6,1.120507399577167,3,3,3,True,True,True,True,True,True,True,True,True,True,False
FIRE+FLOOD+AGRI+SSA,AACB,1277.8,350.0,1581.3999999999999,429.5,0.67,4.125,3.725,4.6,1.227142857142857,3,3,2,True,True,True,True,True,True,True,True,True,True,False
FIRE+FLOOD+AGRI+SSA,AACC,1271.1999999999998,345.25,1513.3999999999999,431.75,0.67,4.125,3.725,4.6,1.2505430847212164,3,3,2,True,True,True,True,True,True,True,True,True,True,False
FIRE+FLOOD+AGRI+SSA,ABAA,1295.5,357.75,1622.0,333.25,0.67,4.125,3.725,4.6,0.9315164220824598,3,3,3,True,True,True,True,True,True,True,True,True,True,False
FIRE+FLOOD+AGRI+SSA,ABAB,1279.0,353.0,1560.8,365.25,0.67,4.125,3.725,4.6,1.0347025495750708,3,3,2,True,True,True,True,True,True,True,True,True,True,False
FIRE+FLOOD+AGRI+SSA,ABAC,1272.4,348.25,1492.8,367.5,0.67,4.125,3.725,4.6,1.0552763819095476,3,3,2,True,True,True,True,True,True,True,True,True,True,False
FIRE+FLOOD+AGRI+SSA,ABBA,1282.5,354.0,1580.6,381.25,0.67,4.125,3.725,4.6,1.0769774011299436,3,3,2,True,True,True,True,True,True,True,True,True,True,False
FIRE+FLOOD+AGRI+SSA,ABBB,1266.0,349.25,1519.3999999999999,413.25,0.67,4.125,3.725,4.6,1.1832498210450966,3,3,1,False,True,True,True,False,True,True,True,True,True,False
FIRE+FLOOD+AGRI+SSA,ABBC,1259.4,344.5,1451.3999999999999,415.5,0.67,4.125,3.725,4.6,1.2060957910014514,3,3,1,False,True,True,True,False,True,True,True,True,True,False
FIRE+FLOOD+AGRI+SSA,ABCA,1277.3,350.25,1534.6,400.75,0.67,4.125,3.725,4.6,1.14418272662384,3,3,2,True,True,True,True,True,True,True,True,True,True,False
FIRE+FLOOD+AGRI+SSA,ABCB,1260.8,345.5,1473.3999999999999,432.75,0.67,4.125,3.725,4.6,1.252532561505065,3,3,1,False,True,True,True,False,True,True,True,True,True,False
FIRE+FLOOD+AGRI+SSA,ABCC,1254.1999999999998,340.75,1405.3999999999999,435.0,0.67,4.125,3.725,4.6,1.2765957446808511,3,3,1,False,True,True,True,False,True,True,True,True,True,False
FIRE+FLOOD+AGRI+SSA,ACAA,1288.7,353.25,1502.0,314.75,0.67,4.125,3.725,4.6,0.8910120311394196,3,3,3,True,True,True,True,True,True,True,True,True,True,False
FIRE+FLOOD+AGRI+SSA,ACAB,1272.2,348.5,1440.8,346.75,0.67,4.125,3.725,4.6,0.9949784791965567,3,3,2,True,True,True,True,True,True,True,True,True,True,False
FIRE+FLOOD+AGRI+SSA,ACAC,1265.6,343.75,1372.8,349.0,0.67,4.125,3.725,4.6,1.0152727272727273,3,3,2,True,True,True,True,True,True,True,True,True,True,False
FIRE+FLOOD+AGRI+SSA,ACBA,1275.7,349.5,1460.6,362.75,0.67,4.125,3.725,4.6,1.0379113018597996,3,3,2,True,True,True,True,True,True,True,True,True,True,False
FIRE+FLOOD+AGRI+SSA,ACBB,1259.2,344.75,1399.3999999999999,394.75,0.67,4.125,3.725,4.6,1.145032632342277,3,3,1,False,True,True,True,False,True,True,True,True,True,False
FIRE+FLOOD+AGRI+SSA,ACBC,1252.6,340.0,1331.3999999999999,397.0,0.67,4.125,3.725,4.6,1.1676470588235295,3,3,1,False,True,True,True,False,True,True,True,True,True,False
FIRE+FLOOD+AGRI+SSA,ACCA,1270.5,345.75,1414.6,382.25,0.67,4.125,3.725,4.6,1.1055676066522053,3,3,2,True,True,True,True,True,True,True,True,True,True,False
FIRE+FLOOD+AGRI+SSA,ACCB,1254.0,341.0,1353.3999999999999,414.25,0.67,4.125,3.725,4.6,1.214809384164223,3,3,1,False,True,True,True,False,True,True,True,True,True,False
FIRE+FLOOD+AGRI+SSA,ACCC,1247.4,336.25,1285.3999999999999,416.5,0.67,4.125,3.725,4.6,1.2386617100371746,3,3,1,False,True,True,True,False,True,True,True,True,True,False
FIRE+FLOOD+AGRI+SSA,BAAA,1296.5,358.0,1629.2,330.75,0.67,4.125,3.725,4.6,0.9238826815642458,3,3,3,True,True,True,True,True,True,True,True,True,True,False
FIRE+FLOOD+AGRI+SSA,BAAB,1280.0,353.25,1568.0,362.75,0.67,4.125,3.725,4.6,1.0268931351733899,3,3,2,True,True,True,True,True,True,True,True,True,True,False
FIRE+FLOOD+AGRI+SSA,BAAC,1273.4,348.5,1500.0,365.0,0.67,4.125,3.725,4.6,1.0473457675753228,3,3,2,True,True,True,True,True,True,True,True,True,True,False
FIRE+FLOOD+AGRI+SSA,BABA,1283.5,354.25,1587.8,378.75,0.67,4.125,3.725,4.6,1.0691601976005645,3,3,2,True,True,True,True,True,True,True,True,True,True,False
FIRE+FLOOD+AGRI+SSA,BABB,1267.0,349.5,1526.6,410.75,0.67,4.125,3.725,4.6,1.1752503576537912,3,3,1,False,True,True,True,False,True,True,True,True,True,False
FIRE+FLOOD+AGRI+SSA,BABC,1260.4,344.75,1458.6,413.0,0.67,4.125,3.725,4.6,1.1979695431472082,3,3,1,False,True,True,True,False,True,True,True,True,True,False
FIRE+FLOOD+AGRI+SSA,BACA,1278.3,350.5,1541.8,398.25,0.67,4.125,3.725,4.6,1.13623395149786,3,3,2,True,True,True,True,True,True,True,True,True,True,False
FIRE+FLOOD+AGRI+SSA,BACB,1261.8,345.75,1480.6,430.25,0.67,4.125,3.725,4.6,1.2443962400578452,3,3,1,False,True,True,True,False,True,True,True,True,True,False
FIRE+FLOOD+AGRI+SSA,BACC,1255.1999999999998,341.0,1412.6,432.5,0.67,4.125,3.725,4.6,1.2683284457478006,3,3,1,False,True,True,True,False,True,True,True,True,True,False
FIRE+FLOOD+AGRI+SSA,BBAA,1279.5,353.5,1521.2,334.0,0.67,4.125,3.725,4.6,0.9448373408769448,3,3,2,True,True,True,True,True,True,True,True,True,True,False
FIRE+FLOOD+AGRI+SSA,BBAB,1263.0,348.75,1460.0,366.0,0.67,4.125,3.725,4.6,1.049462365591398,3,3,1,False,True,True,True,False,True,True,True,True,True,False
FIRE+FLOOD+AGRI+SSA,BBAC,1256.4,344.0,1392.0,368.25,0.67,4.125,3.725,4.6,1.0704941860465116,3,3,1,False,True,True,True,False,True,True,True,True,True,False
FIRE+FLOOD+AGRI+SSA,BBBA,1266.5,349.75,1479.8,382.0,0.67,4.125,3.725,4.6,1.0922087205146533,3,3,1,False,True,True,True,False,True,True,True,True,True,False
FIRE+FLOOD+AGRI+SSA,BBBB,1250.0,345.0,1418.6,414.0,0.67,4.125,3.725,4.6,1.2,3,3,0,False,True,True,True,False,True,True,True,True,True,False
FIRE+FLOOD+AGRI+SSA,BBBC,1243.4,340.25,1350.6,416.25,0.67,4.125,3.725,4.6,1.2233651726671566,3,3,0,False,True,True,True,False,True,True,True,True,True,False
FIRE+FLOOD+AGRI+SSA,BBCA,1261.3,346.0,1433.8,401.5,0.67,4.125,3.725,4.6,1.1604046242774566,3,3,1,False,True,True,True,False,True,True,True,True,True,False
FIRE+FLOOD+AGRI+SSA,BBCB,1244.8,341.25,1372.6,433.5,0.67,4.125,3.725,4.6,1.2703296703296703,3,3,0,False,True,True,True,False,True,True,True,True,True,False
FIRE+FLOOD+AGRI+SSA,BBCC,1238.1999999999998,336.5,1304.6,435.75,0.67,4.125,3.725,4.6,1.2949479940564637,3,3,0,False,True,True,True,False,True,True,True,True,True,False
FIRE+FLOOD+AGRI+SSA,BCAA,1272.7,349.0,1401.2,315.5,0.67,4.125,3.725,4.6,0.9040114613180515,3,3,2,True,True,True,True,True,True,True,True,True,True,False
FIRE+FLOOD+AGRI+SSA,BCAB,1256.2,344.25,1340.0,347.5,0.67,4.125,3.725,4.6,1.009440813362382,3,3,1,False,True,True,True,False,True,True,True,True,True,False
FIRE+FLOOD+AGRI+SSA,BCAC,1249.6,339.5,1272.0,349.75,0.67,4.125,3.725,4.6,1.0301914580265095,3,3,1,False,True,True,True,False,True,True,True,True,True,False
FIRE+FLOOD+AGRI+SSA,BCBA,1259.7,345.25,1359.8,363.5,0.67,4.125,3.725,4.6,1.052860246198407,3,3,1,False,True,True,True,False,True,True,True,True,True,False
FIRE+FLOOD+AGRI+SSA,BCBB,1243.2,340.5,1298.6,395.5,0.67,4.125,3.725,4.6,1.1615271659324522,3,3,0,False,True,True,True,False,True,True,True,True,True,False
FIRE+FLOOD+AGRI+SSA,BCBC,1236.6,335.75,1230.6,397.75,0.67,4.125,3.725,4.6,1.1846612062546538,3,3,0,False,True,True,True,False,True,True,True,True,True,False
FIRE+FLOOD+AGRI+SSA,BCCA,1254.5,341.5,1313.8,383.0,0.67,4.125,3.725,4.6,1.1215226939970717,3,3,1,False,True,True,True,False,True,True,True,True,True,False
FIRE+FLOOD+AGRI+SSA,BCCB,1238.0,336.75,1252.6,415.0,0.67,4.125,3.725,4.6,1.2323682256867112,3,3,0,False,True,True,True,False,True,True,True,True,True,False
FIRE+FLOOD+AGRI+SSA,BCCC,1231.4,332.0,1184.6,417.25,0.67,4.125,3.725,4.6,1.256777108433735,3,3,0,False,True,True,True,False,True,True,True,True,True,False
FIRE+FLOOD+AGRI+SSA,CAAA,1290.1,353.75,1517.2,313.25,0.67,4.125,3.725,4.6,0.8855123674911661,3,3,3,True,True,True,True,True,True,True,True,True,True,False
FIRE+FLOOD+AGRI+SSA,CAAB,1273.6,349.0,1456.0,345.25,0.67,4.125,3.725,4.6,0.9892550143266475,3,3,2,True,True,True,True,True,True,True,True,True,True,False
FIRE+FLOOD+AGRI+SSA,CAAC,1267.0,344.25,1388.0,347.5,0.67,4.125,3.725,4.6,1.009440813362382,3,3,2,True,True,True,True,True,True,True,True,True,True,False
FIRE+FLOOD+AGRI+SSA,CABA,1277.1,350.0,1475.8,361.25,0.67,4.125,3.725,4.6,1.0321428571428573,3,3,2,True,True,True,True,True,True,True,True,True,True,False
FIRE+FLOOD+AGRI+SSA,CABB,1260.6,345.25,1414.6,393.25,0.67,4.125,3.725,4.6,1.1390296886314264,3,3,1,False,True,True,True,False,True,True,True,True,True,False
FIRE+FLOOD+AGRI+SSA,CABC,1254.0,340.5,1346.6,395.5,0.67,4.125,3.725,4.6,1.1615271659324522,3,3,1,False,True,True,True,False,True,True,True,True,True,False
FIRE+FLOOD+AGRI+SSA,CACA,1271.9,346.25,1429.8,380.75,0.67,4.125,3.725,4.6,1.0996389891696752,3,3,2,True,True,True,True,True,True,True,True,True,True,False
FIRE+FLOOD+AGRI+SSA,CACB,1255.4,341.5,1368.6,412.75,0.67,4.125,3.725,4.6,1.2086383601756954,3,3,1,False,True,True,True,False,True,True,True,True,True,False
FIRE+FLOOD+AGRI+SSA,CACC,1248.8,336.75,1300.6,415.0,0.67,4.125,3.725,4.6,1.2323682256867112,3,3,1,False,True,True,True,False,True,True,True,True,True,False
FIRE+FLOOD+AGRI+SSA,CBAA,1273.1,349.25,1409.2,316.5,0.67,4.125,3.725,4.6,0.9062276306370795,3,3,2,True,True,True,True,True,True,True,True,True,True,False
FIRE+FLOOD+AGRI+SSA,CBAB,1256.6,344.5,1348.0,348.5,0.67,4.125,3.725,4.6,1.011611030478955,3,3,1,False,True,True,True,False,True,True,True,True,True,False
FIRE+FLOOD+AGRI+SSA,CBAC,1250.0,339.75,1280.0,350.75,0.67,4.125,3.725,4.6,1.0323767476085357,3,3,1,False,True,True,True,False,True,True,True,True,True,False
FIRE+FLOOD+AGRI+SSA,CBBA,1260.1,345.5,1367.8,364.5,0.67,4.125,3.725,4.6,1.0549927641099854,3,3,1,False,True,True,True,False,True,True,True,True,True,False
FIRE+FLOOD+AGRI+SSA,CBBB,1243.6,340.75,1306.6,396.5,0.67,4.125,3.725,4.6,1.1636096845194424,3,3,0,False,True,True,True,False,True,True,True,True,True,False
FIRE+FLOOD+AGRI+SSA,CBBC,1237.0,336.0,1238.6,398.75,0.67,4.125,3.725,4.6,1.1867559523809523,3,3,0,False,True,True,True,False,True,True,True,True,True,False
FIRE+FLOOD+AGRI+SSA,CBCA,1254.9,341.75,1321.8,384.0,0.67,4.125,3.725,4.6,1.1236283833211411,3,3,1,False,True,True,True,False,True,True,True,True,True,False
FIRE+FLOOD+AGRI+SSA,CBCB,1238.4,337.0,1260.6,416.0,0.67,4.125,3.725,4.6,1.2344213649851632,3,3,0,False,True,True,True,False,True,True,True,True,True,False
FIRE+FLOOD+AGRI+SSA,CBCC,1231.8,332.25,1192.6,418.25,0.67,4.125,3.725,4.6,1.2588412340105342,3,3,0,False,True,True,True,False,True,True,True,True,True,False
FIRE+FLOOD+AGRI+SSA,CCAA,1266.3,344.75,1289.2,298.0,0.67,4.125,3.725,4.6,0.864394488759971,3,3,2,True,True,True,True,True,True,True,True,True,True,False
FIRE+FLOOD+AGRI+SSA,CCAB,1249.8,340.0,1228.0,330.0,0.67,4.125,3.725,4.6,0.9705882352941176,3,3,1,False,True,True,True,False,True,True,True,True,True,False
FIRE+FLOOD+AGRI+SSA,CCAC,1243.1999999999998,335.25,1160.0,332.25,0.67,4.125,3.725,4.6,0.9910514541387024,3,3,1,False,True,True,True,False,True,True,True,True,True,False
FIRE+FLOOD+AGRI+SSA,CCBA,1253.3,341.0,1247.8,346.0,0.67,4.125,3.725,4.6,1.0146627565982405,3,3,1,False,True,True,True,False,True,True,True,True,True,False
FIRE+FLOOD+AGRI+SSA,CCBB,1236.8,336.25,1186.6,378.0,0.67,4.125,3.725,4.6,1.124163568773234,3,3,0,False,True,True,True,False,True,True,True,True,True,False
FIRE+FLOOD+AGRI+SSA,CCBC,1230.1999999999998,331.5,1118.6,380.25,0.67,4.125,3.725,4.6,1.1470588235294117,3,3,0,False,True,True,True,False,True,True,True,True,True,False
FIRE+FLOOD+AGRI+SSA,CCCA,1248.1,337.25,1201.8,365.5,0.67,4.125,3.725,4.6,1.083765752409192,3,3,1,False,True,True,True,False,True,True,True,True,True,False
FIRE+FLOOD+AGRI+SSA,CCCB,1231.6,332.5,1140.6,397.5,0.67,4.125,3.725,4.6,1.1954887218045114,3,3,0,False,True,True,True,False,True,True,True,True,True,False
FIRE+FLOOD+AGRI+SSA,CCCC,1225.0,327.75,1072.6,399.75,0.67,4.125,3.725,4.6,1.2196796338672768,3,3,0,False,True,True,True,False,True,True,True,True,True,False
FIRE+FLOOD+INFRA+ARCTIC,AAAA,1501.5,414.75,1930.0,380.0,0.64,3.9,3.625,4.225,0.9162145871006631,4,3,4,False,True,True,True,True,False,False,True,True,True,False
FIRE+FLOOD+INFRA+ARCTIC,AAAB,1478.5,407.75,1845.4,423.75,0.64,3.9,3.625,4.225,1.0392397302268548,4,3,3,False,True,True,True,True,False,False,True,True,True,False
FIRE+FLOOD+INFRA+ARCTIC,AAAC,1469.3,400.75,1751.4,427.75,0.64,3.9,3.625,4.225,1.067373674360574,4,3,3,False,True,True,True,True,False,False,True,True,True,False
FIRE+FLOOD+INFRA+ARCTIC,AABA,1486.0,410.75,1876.0,416.25,0.64,3.9,3.625,4.225,1.0133901399878271,4,3,3,False,True,True,True,True,False,False,True,True,True,False
FIRE+FLOOD+INFRA+ARCTIC,AABB,1463.0,403.75,1791.4,460.0,0.64,3.9,3.625,4.225,1.1393188854489165,4,3,2,False,True,True,True,True,False,False,True,True,True,False
FIRE+FLOOD+INFRA+ARCTIC,AABC,1453.8,396.75,1697.4,464.0,0.64,3.9,3.625,4.225,1.1695022054190296,4,3,2,False,True,True,True,True,False,False,True,True,True,False
FIRE+FLOOD+INFRA+ARCTIC,AACA,1479.8,406.75,1816.0,423.25,0.64,3.9,3.625,4.225,1.0405654578979717,4,3,3,False,True,True,True,True,False,False,True,True,True,False
FIRE+FLOOD+INFRA+ARCTIC,AACB,1456.8,399.75,1731.4,467.0,0.64,3.9,3.625,4.225,1.1682301438398999,4,3,2,False,True,True,True,True,False,False,True,True,True,False
FIRE+FLOOD+INFRA+ARCTIC,AACC,1447.6,392.75,1637.4,471.0,0.64,3.9,3.625,4.225,1.1992361553150859,4,3,2,False,True,True,True,True,False,False,True,True,True,False
FIRE+FLOOD+INFRA+ARCTIC,ABAA,1484.5,410.25,1822.0,383.25,0.64,3.9,3.625,4.225,0.9341864716636198,4,3,3,False,True,True,True,True,False,False,True,True,True,False
FIRE+FLOOD+INFRA+ARCTIC,ABAB,1461.5,403.25,1737.3999999999999,427.0,0.64,3.9,3.625,4.225,1.0588964662120273,4,3,2,False,True,True,True,True,False,False,True,True,True,False
FIRE+FLOOD+INFRA+ARCTIC,ABAC,1452.3,396.25,1643.3999999999999,431.0,0.64,3.9,3.625,4.225,1.0876971608832808,4,3,2,False,True,True,True,True,False,False,True,True,True,False
FIRE+FLOOD+INFRA+ARCTIC,ABBA,1469.0,406.25,1768.0,419.5,0.64,3.9,3.625,4.225,1.0326153846153847,4,3,2,False,True,True,True,True,False,False,True,True,True,False
FIRE+FLOOD+INFRA+ARCTIC,ABBB,1446.0,399.25,1683.3999999999999,463.25,0.64,3.9,3.625,4.225,1.1603005635566688,4,3,1,False,True,True,True,False,False,False,True,True,True,False
FIRE+FLOOD+INFRA+ARCTIC,ABBC,1436.8,392.25,1589.3999999999999,467.25,0.64,3.9,3.625,4.225,1.191204588910134,4,3,1,False,True,True,True,False,False,False,True,True,True,False
FIRE+FLOOD+INFRA+ARCTIC,ABCA,1462.8,402.25,1708.0,426.5,0.64,3.9,3.625,4.225,1.0602858918582971,4,3,2,False,True,True,True,True,False,False,True,True,True,False
FIRE+FLOOD+INFRA+ARCTIC,ABCB,1439.8,395.25,1623.3999999999999,470.25,0.64,3.9,3.625,4.225,1.189753320683112,4,3,1,False,True,True,True,False,False,False,True,True,True,False
FIRE+FLOOD+INFRA+ARCTIC,ABCC,1430.6,388.25,1529.3999999999999,474.25,0.64,3.9,3.625,4.225,1.2215067611075339,4,3,1,False,True,True,True,False,False,False,True,True,True,False
FIRE+FLOOD+INFRA+ARCTIC,ACAA,1477.7,405.75,1702.0,364.75,0.64,3.9,3.625,4.225,0.8989525569932224,4,3,3,False,True,True,True,True,False,False,True,True,True,False
FIRE+FLOOD+INFRA+ARCTIC,ACAB,1454.7,398.75,1617.4,408.5,0.64,3.9,3.625,4.225,1.0244514106583071,4,3,2,False,True,True,True,True,False,False,True,True,True,False
FIRE+FLOOD+INFRA+ARCTIC,ACAC,1445.5,391.75,1523.4,412.5,0.64,3.9,3.625,4.225,1.0529674537332483,4,3,2,False,True,True,True,True,False,False,True,True,True,False
FIRE+FLOOD+INFRA+ARCTIC,ACBA,1462.2,401.75,1648.0,401.0,0.64,3.9,3.625,4.225,0.9981331673926571,4,3,2,False,True,True,True,True,False,False,True,True,True,False
FIRE+FLOOD+INFRA+ARCTIC,ACBB,1439.2,394.75,1563.4,444.75,0.64,3.9,3.625,4.225,1.1266624445851805,4,3,1,False,True,True,True,False,False,False,True,True,True,False
FIRE+FLOOD+INFRA+ARCTIC,ACBC,1430.0,387.75,1469.4,448.75,0.64,3.9,3.625,4.225,1.1573178594455191,4,3,1,False,True,True,True,False,False,False,True,True,True,False
FIRE+FLOOD+INFRA+ARCTIC,ACCA,1456.0,397.75,1588.0,408.0,0.64,3.9,3.625,4.225,1.0257699560025142,4,3,2,False,True,True,True,True,False,False,True,True,True,False
FIRE+FLOOD+INFRA+ARCTIC,ACCB,1433.0,390.75,1503.4,451.75,0.64,3.9,3.625,4.225,1.1561100447856685,4,3,1,False,True,True,True,False,False,False,True,True,True,False
FIRE+FLOOD+INFRA+ARCTIC,ACCC,1423.8,383.75,1409.4,455.75,0.64,3.9,3.625,4.225,1.1876221498371335,4,3,1,False,True,True,True,False,False,False,True,True,True,False
FIRE+FLOOD+INFRA+ARCTIC,BAAA,1485.5,410.5,1829.2,380.75,0.64,3.9,3.625,4.225,0.9275274056029232,4,3,3,False,True,True,True,True,False,False,True,True,True,False
FIRE+FLOOD+INFRA+ARCTIC,BAAB,1462.5,403.5,1744.6,424.5,0.64,3.9,3.625,4.225,1.0520446096654275,4,3,2,False,True,True,True,True,False,False,True,True,True,False
FIRE+FLOOD+INFRA+ARCTIC,BAAC,1453.3,396.5,1650.6,428.5,0.64,3.9,3.625,4.225,1.0807061790668349,4,3,2,False,True,True,True,True,False,False,True,True,True,False
FIRE+FLOOD+INFRA+ARCTIC,BABA,1470.0,406.5,1775.2,417.0,0.64,3.9,3.625,4.225,1.0258302583025831,4,3,2,False,True,True,True,True,False,False,True,True,True,False
FIRE+FLOOD+INFRA+ARCTIC,BABB,1447.0,399.5,1690.6,460.75,0.64,3.9,3.625,4.225,1.153316645807259,4,3,1,False,True,True,True,False,False,False,True,True,True,False
FIRE+FLOOD+INFRA+ARCTIC,BABC,1437.8,392.5,1596.6,464.75,0.64,3.9,3.625,4.225,1.1840764331210192,4,3,1,False,True,True,True,False,False,False,True,True,True,False
FIRE+FLOOD+INFRA+ARCTIC,BACA,1463.8,402.5,1715.2,424.0,0.64,3.9,3.625,4.225,1.053416149068323,4,3,2,False,True,True,True,True,False,False,True,True,True,False
FIRE+FLOOD+INFRA+ARCTIC,BACB,1440.8,395.5,1630.6,467.75,0.64,3.9,3.625,4.225,1.1826801517067005,4,3,1,False,True,True,True,False,False,False,True,True,True,False
FIRE+FLOOD+INFRA+ARCTIC,BACC,1431.6,388.5,1536.6,471.75,0.64,3.9,3.625,4.225,1.2142857142857142,4,3,1,False,True,True,True,False,False,False,True,True,True,False
FIRE+FLOOD+INFRA+ARCTIC,BBAA,1468.5,406.0,1721.2,384.0,0.64,3.9,3.625,4.225,0.9458128078817734,4,3,2,False,True,True,True,True,False,False,True,True,True,False
FIRE+FLOOD+INFRA+ARCTIC,BBAB,1445.5,399.0,1636.6,427.75,0.64,3.9,3.625,4.225,1.0720551378446115,4,3,1,False,True,True,True,False,False,False,True,True,True,False
FIRE+FLOOD+INFRA+ARCTIC,BBAC,1436.3,392.0,1542.6,431.75,0.64,3.9,3.625,4.225,1.1014030612244898,4,3,1,False,True,True,True,False,False,False,True,True,True,False
FIRE+FLOOD+INFRA+ARCTIC,BBBA,1453.0,402.0,1667.2,420.25,0.64,3.9,3.625,4.225,1.0453980099502487,4,3,1,False,True,True,True,False,False,False,True,True,True,False
FIRE+FLOOD+INFRA+ARCTIC,BBBB,1430.0,395.0,1582.6,464.0,0.64,3.9,3.625,4.225,1.1746835443037975,4,3,0,False,True,True,True,False,False,False,True,True,True,False
FIRE+FLOOD+INFRA+ARCTIC,BBBC,1420.8,388.0,1488.6,468.0,0.64,3.9,3.625,4.225,1.2061855670103092,4,3,0,False,True,True,True,False,False,False,True,True,True,False
FIRE+FLOOD+INFRA+ARCTIC,BBCA,1446.8,398.0,1607.2,427.25,0.64,3.9,3.625,4.225,1.0734924623115578,4,3,1,False,True,True,True,False,False,False,True,True,True,False
FIRE+FLOOD+INFRA+ARCTIC,BBCB,1423.8,391.0,1522.6,471.0,0.64,3.9,3.625,4.225,1.2046035805626598,4,3,0,False,True,True,True,False,False,False,True,True,True,False
FIRE+FLOOD+INFRA+ARCTIC,BBCC,1414.6,384.0,1428.6,475.0,0.64,3.9,3.625,4.225,1.2369791666666667,4,3,0,False,True,True,True,False,False,False,True,True,True,False
FIRE+FLOOD+INFRA+ARCTIC,BCAA,1461.7,401.5,1601.2,365.5,0.64,3.9,3.625,4.225,0.9103362391033624,4,3,2,False,True,True,True,True,False,False,True,True,True,False
FIRE+FLOOD+INFRA+ARCTIC,BCAB,1438.7,394.5,1516.6,409.25,0.64,3.9,3.625,4.225,1.0373891001267428,4,3,1,False,True,True,True,False,False,False,True,True,True,False
FIRE+FLOOD+INFRA+ARCTIC,BCAC,1429.5,387.5,1422.6,413.25,0.64,3.9,3.625,4.225,1.0664516129032258,4,3,1,False,True,True,True,False,False,False,True,True,True,False
FIRE+FLOOD+INFRA+ARCTIC,BCBA,1446.2,397.5,1547.2,401.75,0.64,3.9,3.625,4.225,1.0106918238993712,4,3,1,False,True,True,True,False,False,False,True,True,True,False
FIRE+FLOOD+INFRA+ARCTIC,BCBB,1423.2,390.5,1462.6,445.5,0.64,3.9,3.625,4.225,1.1408450704225352,4,3,0,False,True,True,True,False,False,False,True,True,True,False
FIRE+FLOOD+INFRA+ARCTIC,BCBC,1414.0,383.5,1368.6,449.5,0.64,3.9,3.625,4.225,1.1720990873533246,4,3,0,False,True,True,True,False,False,False,True,True,True,False
FIRE+FLOOD+INFRA+ARCTIC,BCCA,1440.0,393.5,1487.2,408.75,0.64,3.9,3.625,4.225,1.0387547649301143,4,3,1,False,True,True,True,False,False,False,True,True,True,False
FIRE+FLOOD+INFRA+ARCTIC,BCCB,1417.0,386.5,1402.6,452.5,0.64,3.9,3.625,4.225,1.1707632600258733,4,3,0,False,True,True,True,False,False,False,True,True,True,False
FIRE+FLOOD+INFRA+ARCTIC,BCCC,1407.8,379.5,1308.6,456.5,0.64,3.9,3.625,4.225,1.2028985507246377,4,3,0,False,True,True,True,False,False,False,True,True,True,False
FIRE+FLOOD+INFRA+ARCTIC,CAAA,1479.1,406.25,1717.2,363.25,0.64,3.9,3.625,4.225,0.8941538461538462,4,3,3,False,True,True,True,True,False,False,True,True,True,False
FIRE+FLOOD+INFRA+ARCTIC,CAAB,1456.1,399.25,1632.6,407.0,0.64,3.9,3.625,4.225,1.0194113963681903,4,3,2,False,True,True,True,True,False,False,True,True,True,False
FIRE+FLOOD+INFRA+ARCTIC,CAAC,1446.9,392.25,1538.6,411.0,0.64,3.9,3.625,4.225,1.0478011472275335,4,3,2,False,True,True,True,True,False,False,True,True,True,False
FIRE+FLOOD+INFRA+ARCTIC,CABA,1463.6,402.25,1663.2,399.5,0.64,3.9,3.625,4.225,0.9931634555624611,4,3,2,False,True,True,True,True,False,False,True,True,True,False
FIRE+FLOOD+INFRA+ARCTIC,CABB,1440.6,395.25,1578.6,443.25,0.64,3.9,3.625,4.225,1.1214421252371916,4,3,1,False,True,True,True,False,False,False,True,True,True,False
FIRE+FLOOD+INFRA+ARCTIC,CABC,1431.4,388.25,1484.6,447.25,0.64,3.9,3.625,4.225,1.1519639407598197,4,3,1,False,True,True,True,False,False,False,True,True,True,False
FIRE+FLOOD+INFRA+ARCTIC,CACA,1457.3999999999999,398.25,1603.2,406.5,0.64,3.9,3.625,4.225,1.0207156308851224,4,3,2,False,True,True,True,True,False,False,True,True,True,False
FIRE+FLOOD+INFRA+ARCTIC,CACB,1434.3999999999999,391.25,1518.6,450.25,0.64,3.9,3.625,4.225,1.1507987220447284,4,3,1,False,True,True,True,False,False,False,True,True,True,False
FIRE+FLOOD+INFRA+ARCTIC,CACC,1425.2,384.25,1424.6,454.25,0.64,3.9,3.625,4.225,1.1821730644111905,4,3,1,False,True,True,True,False,False,False,True,True,True,False
FIRE+FLOOD+INFRA+ARCTIC,CBAA,1462.1,401.75,1609.2,366.5,0.64,3.9,3.625,4.225,0.9122588674548848,4,3,2,False,True,True,True,True,False,False,True,True,True,False
FIRE+FLOOD+INFRA+ARCTIC,CBAB,1439.1,394.75,1524.6,410.25,0.64,3.9,3.625,4.225,1.039265357821406,4,3,1,False,True,True,True,False,False,False,True,True,True,False
FIRE+FLOOD+INFRA+ARCTIC,CBAC,1429.9,387.75,1430.6,414.25,0.64,3.9,3.625,4.225,1.0683430045132172,4,3,1,False,True,True,True,False,False,False,True,True,True,False
FIRE+FLOOD+INFRA+ARCTIC,CBBA,1446.6,397.75,1555.2,402.75,0.64,3.9,3.625,4.225,1.012570710245129,4,3,1,False,True,True,True,False,False,False,True,True,True,False
FIRE+FLOOD+INFRA+ARCTIC,CBBB,1423.6,390.75,1470.6,446.5,0.64,3.9,3.625,4.225,1.1426743442098528,4,3,0,False,True,True,True,False,False,False,True,True,True,False
FIRE+FLOOD+INFRA+ARCTIC,CBBC,1414.4,383.75,1376.6,450.5,0.64,3.9,3.625,4.225,1.1739413680781758,4,3,0,False,True,True,True,False,False,False,True,True,True,False
FIRE+FLOOD+INFRA+ARCTIC,CBCA,1440.3999999999999,393.75,1495.2,409.75,0.64,3.9,3.625,4.225,1.0406349206349206,4,3,1,False,True,True,True,False,False,False,True,True,True,False
FIRE+FLOOD+INFRA+ARCTIC,CBCB,1417.3999999999999,386.75,1410.6,453.5,0.64,3.9,3.625,4.225,1.1725921137685844,4,3,0,False,True,True,True,False,False,False,True,True,True,False
FIRE+FLOOD+INFRA+ARCTIC,CBCC,1408.2,379.75,1316.6,457.5,0.64,3.9,3.625,4.225,1.204739960500329,4,3,0,False,True,True,True,False,False,False,True,True,True,False
FIRE+FLOOD+INFRA+ARCTIC,CCAA,1455.3,397.25,1489.2,348.0,0.64,3.9,3.625,4.225,0.8760226557583386,4,3,2,False,True,True,True,True,False,False,True,True,True,False
FIRE+FLOOD+INFRA+ARCTIC,CCAB,1432.3,390.25,1404.6,391.75,0.64,3.9,3.625,4.225,1.0038436899423446,4,3,1,False,True,True,True,False,False,False,True,True,True,False
FIRE+FLOOD+INFRA+ARCTIC,CCAC,1423.1000000000001,383.25,1310.6,395.75,0.64,3.9,3.625,4.225,1.0326157860404437,4,3,1,False,True,True,True,False,False,False,True,True,True,False
FIRE+FLOOD+INFRA+ARCTIC,CCBA,1439.8,393.25,1435.2,384.25,0.64,3.9,3.625,4.225,0.9771137952956135,4,3,1,False,True,True,True,False,False,False,True,True,True,False
FIRE+FLOOD+INFRA+ARCTIC,CCBB,1416.8,386.25,1350.6,428.0,0.64,3.9,3.625,4.225,1.1080906148867313,4,3,0,False,True,True,True,False,False,False,True,True,True,False
FIRE+FLOOD+INFRA+ARCTIC,CCBC,1407.6000000000001,379.25,1256.6,432.0,0.64,3.9,3.625,4.225,1.139090309822017,4,3,0,False,True,True,True,False,False,False,True,True,True,False
FIRE+FLOOD+INFRA+ARCTIC,CCCA,1433.6,389.25,1375.2,391.25,0.64,3.9,3.625,4.225,1.0051380860629415,4,3,1,False,True,True,True,False,False,False,True,True,True,False
FIRE+FLOOD+INFRA+ARCTIC,CCCB,1410.6,382.25,1290.6,435.0,0.64,3.9,3.625,4.225,1.1379986919555265,4,3,0,False,True,True,True,False,False,False,True,True,True,False
FIRE+FLOOD+INFRA+ARCTIC,CCCC,1401.4,375.25,1196.6,439.0,0.64,3.9,3.625,4.225,1.1698867421718855,4,3,0,False,True,True,True,False,False,False,True,True,True,False
FIRE+FLOOD+INFRA+TRANS,AAAA,1281.0,341.25,1680.0,330.0,0.695,4.3,4.025,4.5,0.967032967032967,4,2,4,True,True,True,True,True,True,True,True,True,True,False
FIRE+FLOOD+INFRA+TRANS,AAAB,1268.5,337.75,1640.4,363.75,0.695,4.3,4.025,4.5,1.076980014803849,4,2,3,True,True,True,True,True,True,True,True,True,True,False
FIRE+FLOOD+INFRA+TRANS,AAAC,1263.5,334.25,1596.4,371.75,0.695,4.3,4.025,4.5,1.112191473448018,4,2,3,True,True,True,True,True,True,True,True,True,True,False
FIRE+FLOOD+INFRA+TRANS,AABA,1265.5,337.25,1626.0,366.25,0.695,4.3,4.025,4.5,1.0859896219421794,4,2,3,True,True,True,True,True,True,True,True,True,True,False
FIRE+FLOOD+INFRA+TRANS,AABB,1253.0,333.75,1586.4,400.0,0.695,4.3,4.025,4.5,1.198501872659176,4,2,2,True,True,True,True,True,True,True,True,True,True,False
FIRE+FLOOD+INFRA+TRANS,AABC,1248.0,330.25,1542.4,408.0,0.695,4.3,4.025,4.5,1.235427706283119,4,2,2,True,True,True,True,True,True,True,True,True,True,False
FIRE+FLOOD+INFRA+TRANS,AACA,1259.3,333.25,1566.0,373.25,0.695,4.3,4.025,4.5,1.1200300075018754,4,2,3,True,True,True,True,True,True,True,True,True,True,False
FIRE+FLOOD+INFRA+TRANS,AACB,1246.8,329.75,1526.4,407.0,0.695,4.3,4.025,4.5,1.2342683851402578,4,2,2,True,True,True,True,True,True,True,True,True,True,False
FIRE+FLOOD+INFRA+TRANS,AACC,1241.8,326.25,1482.4,415.0,0.695,4.3,4.025,4.5,1.2720306513409962,4,2,2,True,True,True,True,True,True,True,True,True,True,False
FIRE+FLOOD+INFRA+TRANS,ABAA,1264.0,336.75,1572.0,333.25,0.695,4.3,4.025,4.5,0.9896065330363771,4,2,3,True,True,True,True,True,True,True,True,True,True,False
FIRE+FLOOD+INFRA+TRANS,ABAB,1251.5,333.25,1532.4,367.0,0.695,4.3,4.025,4.5,1.1012753188297075,4,2,2,True,True,True,True,True,True,True,True,True,True,False
FIRE+FLOOD+INFRA+TRANS,ABAC,1246.5,329.75,1488.4,375.0,0.695,4.3,4.025,4.5,1.1372251705837755,4,2,2,True,True,True,True,True,True,True,True,True,True,False
FIRE+FLOOD+INFRA+TRANS,ABBA,1248.5,332.75,1518.0,369.5,0.695,4.3,4.025,4.5,1.110443275732532,4,2,2,True,True,True,True,True,True,True,True,True,True,False
FIRE+FLOOD+INFRA+TRANS,ABBB,1236.0,329.25,1478.4,403.25,0.695,4.3,4.025,4.5,1.2247532270311314,4,2,1,False,True,True,True,False,True,True,True,True,True,False
FIRE+FLOOD+INFRA+TRANS,ABBC,1231.0,325.75,1434.4,411.25,0.695,4.3,4.025,4.5,1.2624712202609363,4,2,1,False,True,True,True,False,True,True,True,True,True,False
FIRE+FLOOD+INFRA+TRANS,ABCA,1242.3,328.75,1458.0,376.5,0.695,4.3,4.025,4.5,1.1452471482889734,4,2,2,True,True,True,True,True,True,True,True,True,True,False
FIRE+FLOOD+INFRA+TRANS,ABCB,1229.8,325.25,1418.4,410.25,0.695,4.3,4.025,4.5,1.261337432744043,4,2,1,False,True,True,True,False,True,True,True,True,True,False
FIRE+FLOOD+INFRA+TRANS,ABCC,1224.8,321.75,1374.4,418.25,0.695,4.3,4.025,4.5,1.2999222999223,4,2,1,False,True,True,True,False,True,True,True,True,True,False
FIRE+FLOOD+INFRA+TRANS,ACAA,1257.2,332.25,1452.0,314.75,0.695,4.3,4.025,4.5,0.9473288186606471,4,2,3,True,True,True,True,True,True,True,True,True,True,False
FIRE+FLOOD+INFRA+TRANS,ACAB,1244.7,328.75,1412.4,348.5,0.695,4.3,4.025,4.5,1.0600760456273763,4,2,2,True,True,True,True,True,True,True,True,True,True,False
FIRE+FLOOD+INFRA+TRANS,ACAC,1239.7,325.25,1368.4,356.5,0.695,4.3,4.025,4.5,1.0960799385088393,4,2,2,True,True,True,True,True,True,True,True,True,True,False
FIRE+FLOOD+INFRA+TRANS,ACBA,1241.7,328.25,1398.0,351.0,0.695,4.3,4.025,4.5,1.0693069306930694,4,2,2,True,True,True,True,True,True,True,True,True,True,False
FIRE+FLOOD+INFRA+TRANS,ACBB,1229.2,324.75,1358.4,384.75,0.695,4.3,4.025,4.5,1.1847575057736721,4,2,1,False,True,True,True,False,True,True,True,True,True,False
FIRE+FLOOD+INFRA+TRANS,ACBC,1224.2,321.25,1314.4,392.75,0.695,4.3,4.025,4.5,1.222568093385214,4,2,1,False,True,True,True,False,True,True,True,True,True,False
FIRE+FLOOD+INFRA+TRANS,ACCA,1235.5,324.25,1338.0,358.0,0.695,4.3,4.025,4.5,1.1040863531225906,4,2,2,True,True,True,True,True,True,True,True,True,True,False
FIRE+FLOOD+INFRA+TRANS,ACCB,1223.0,320.75,1298.4,391.75,0.695,4.3,4.025,4.5,1.221356196414653,4,2,1,False,True,True,True,False,True,True,True,True,True,False
FIRE+FLOOD+INFRA+TRANS,ACCC,1218.0,317.25,1254.4,399.75,0.695,4.3,4.025,4.5,1.260047281323877,4,2,1,False,True,True,True,False,True,True,True,True,True,False
FIRE+FLOOD+INFRA+TRANS,BAAA,1265.0,337.0,1579.2,330.75,0.695,4.3,4.025,4.5,0.9814540059347181,4,2,3,True,True,True,True,True,True,True,True,True,True,False
FIRE+FLOOD+INFRA+TRANS,BAAB,1252.5,333.5,1539.6,364.5,0.695,4.3,4.025,4.5,1.092953523238381,4,2,2,True,True,True,True,True,True,True,True,True,True,False
FIRE+FLOOD+INFRA+TRANS,BAAC,1247.5,330.0,1495.6000000000001,372.5,0.695,4.3,4.025,4.5,1.128787878787879,4,2,2,True,True,True,True,True,True,True,True,True,True,False
FIRE+FLOOD+INFRA+TRANS,BABA,1249.5,333.0,1525.2,367.0,0.695,4.3,4.025,4.5,1.102102102102102,4,2,2,True,True,True,True,True,True,True,True,True,True,False
FIRE+FLOOD+INFRA+TRANS,BABB,1237.0,329.5,1485.6,400.75,0.695,4.3,4.025,4.5,1.2162367223065251,4,2,1,False,True,True,True,False,True,True,True,True,True,False
FIRE+FLOOD+INFRA+TRANS,BABC,1232.0,326.0,1441.6000000000001,408.75,0.695,4.3,4.025,4.5,1.2538343558282208,4,2,1,False,True,True,True,False,True,True,True,True,True,False
FIRE+FLOOD+INFRA+TRANS,BACA,1243.3,329.0,1465.2,374.0,0.695,4.3,4.025,4.5,1.1367781155015197,4,2,2,True,True,True,True,True,True,True,True,True,True,False
FIRE+FLOOD+INFRA+TRANS,BACB,1230.8,325.5,1425.6,407.75,0.695,4.3,4.025,4.5,1.2526881720430108,4,2,1,False,True,True,True,False,True,True,True,True,True,False
FIRE+FLOOD+INFRA+TRANS,BACC,1225.8,322.0,1381.6000000000001,415.75,0.695,4.3,4.025,4.5,1.2911490683229814,4,2,1,False,True,True,True,False,True,True,True,True,True,False
FIRE+FLOOD+INFRA+TRANS,BBAA,1248.0,332.5,1471.1999999999998,334.0,0.695,4.3,4.025,4.5,1.0045112781954888,4,2,2,True,True,True,True,True,True,True,True,True,True,False
FIRE+FLOOD+INFRA+TRANS,BBAB,1235.5,329.0,1431.6,367.75,0.695,4.3,4.025,4.5,1.1177811550151975,4,2,1,False,True,True,True,False,True,True,True,True,True,False
FIRE+FLOOD+INFRA+TRANS,BBAC,1230.5,325.5,1387.6,375.75,0.695,4.3,4.025,4.5,1.1543778801843319,4,2,1,False,True,True,True,False,True,True,True,True,True,False
FIRE+FLOOD+INFRA+TRANS,BBBA,1232.5,328.5,1417.1999999999998,370.25,0.695,4.3,4.025,4.5,1.1270928462709284,4,2,1,False,True,True,True,False,True,True,True,True,True,False
FIRE+FLOOD+INFRA+TRANS,BBBB,1220.0,325.0,1377.6,404.0,0.695,4.3,4.025,4.5,1.243076923076923,4,2,0,False,True,True,True,False,True,True,True,True,True,False
FIRE+FLOOD+INFRA+TRANS,BBBC,1215.0,321.5,1333.6,412.0,0.695,4.3,4.025,4.5,1.28149300155521,4,2,0,False,True,True,True,False,True,True,True,True,True,False
FIRE+FLOOD+INFRA+TRANS,BBCA,1226.3,324.5,1357.1999999999998,377.25,0.695,4.3,4.025,4.5,1.162557781201849,4,2,1,False,True,True,True,False,True,True,True,True,True,False
FIRE+FLOOD+INFRA+TRANS,BBCB,1213.8,321.0,1317.6,411.0,0.695,4.3,4.025,4.5,1.280373831775701,4,2,0,False,True,True,True,False,True,True,True,True,True,False
FIRE+FLOOD+INFRA+TRANS,BBCC,1208.8,317.5,1273.6,419.0,0.695,4.3,4.025,4.5,1.3196850393700787,4,2,0,False,True,True,True,False,True,True,True,True,True,False
FIRE+FLOOD+INFRA+TRANS,BCAA,1241.2,328.0,1351.2,315.5,0.695,4.3,4.025,4.5,0.961890243902439,4,2,2,True,True,True,True,True,True,True,True,True,True,False
FIRE+FLOOD+INFRA+TRANS,BCAB,1228.7,324.5,1311.6,349.25,0.695,4.3,4.025,4.5,1.076271186440678,4,2,1,False,True,True,True,False,True,True,True,True,True,False
FIRE+FLOOD+INFRA+TRANS,BCAC,1223.7,321.0,1267.6000000000001,357.25,0.695,4.3,4.025,4.5,1.1129283489096573,4,2,1,False,True,True,True,False,True,True,True,True,True,False
FIRE+FLOOD+INFRA+TRANS,BCBA,1225.7,324.0,1297.2,351.75,0.695,4.3,4.025,4.5,1.0856481481481481,4,2,1,False,True,True,True,False,True,True,True,True,True,False
FIRE+FLOOD+INFRA+TRANS,BCBB,1213.2,320.5,1257.6,385.5,0.695,4.3,4.025,4.5,1.202808112324493,4,2,0,False,True,True,True,False,True,True,True,True,True,False
FIRE+FLOOD+INFRA+TRANS,BCBC,1208.2,317.0,1213.6000000000001,393.5,0.695,4.3,4.025,4.5,1.2413249211356467,4,2,0,False,True,True,True,False,True,True,True,True,True,False
FIRE+FLOOD+INFRA+TRANS,BCCA,1219.5,320.0,1237.2,358.75,0.695,4.3,4.025,4.5,1.12109375,4,2,1,False,True,True,True,False,True,True,True,True,True,False
FIRE+FLOOD+INFRA+TRANS,BCCB,1207.0,316.5,1197.6,392.5,0.695,4.3,4.025,4.5,1.2401263823064772,4,2,0,False,True,True,True,False,True,True,True,True,True,False
FIRE+FLOOD+INFRA+TRANS,BCCC,1202.0,313.0,1153.6000000000001,400.5,0.695,4.3,4.025,4.5,1.279552715654952,4,2,0,False,True,True,True,False,True,True,True,True,True,False
FIRE+FLOOD+INFRA+TRANS,CAAA,1258.6,332.75,1467.2,313.25,0.695,4.3,4.025,4.5,0.941397445529677,4,2,3,True,True,True,True,True,True,True,True,True,True,False
FIRE+FLOOD+INFRA+TRANS,CAAB,1246.1,329.25,1427.6,347.0,0.695,4.3,4.025,4.5,1.0539104024297645,4,2,2,True,True,True,True,True,True,True,True,True,True,False
FIRE+FLOOD+INFRA+TRANS,CAAC,1241.1,325.75,1383.6000000000001,355.0,0.695,4.3,4.025,4.5,1.0897927858787413,4,2,2,True,True,True,True,True,True,True,True,True,True,False
FIRE+FLOOD+INFRA+TRANS,CABA,1243.1,328.75,1413.2,349.5,0.695,4.3,4.025,4.5,1.0631178707224334,4,2,2,True,True,True,True,True,True,True,True,True,True,False
FIRE+FLOOD+INFRA+TRANS,CABB,1230.6,325.25,1373.6,383.25,0.695,4.3,4.025,4.5,1.1783243658724059,4,2,1,False,True,True,True,False,True,True,True,True,True,False
FIRE+FLOOD+INFRA+TRANS,CABC,1225.6,321.75,1329.6000000000001,391.25,0.695,4.3,4.025,4.5,1.216006216006216,4,2,1,False,True,True,True,False,True,True,True,True,True,False
FIRE+FLOOD+INFRA+TRANS,CACA,1236.9,324.75,1353.2,356.5,0.695,4.3,4.025,4.5,1.0977675134719014,4,2,2,True,True,True,True,True,True,True,True,True,True,False
FIRE+FLOOD+INFRA+TRANS,CACB,1224.4,321.25,1313.6,390.25,0.695,4.3,4.025,4.5,1.2147859922178987,4,2,1,False,True,True,True,False,True,True,True,True,True,False
FIRE+FLOOD+INFRA+TRANS,CACC,1219.4,317.75,1269.6000000000001,398.25,0.695,4.3,4.025,4.5,1.2533438237608183,4,2,1,False,True,True,True,False,True,True,True,True,True,False
FIRE+FLOOD+INFRA+TRANS,CBAA,1241.6,328.25,1359.1999999999998,316.5,0.695,4.3,4.025,4.5,0.9642041127189642,4,2,2,True,True,True,True,True,True,True,True,True,True,False
FIRE+FLOOD+INFRA+TRANS,CBAB,1229.1,324.75,1319.6,350.25,0.695,4.3,4.025,4.5,1.0785219399538106,4,2,1,False,True,True,True,False,True,True,True,True,True,False
FIRE+FLOOD+INFRA+TRANS,CBAC,1224.1,321.25,1275.6,358.25,0.695,4.3,4.025,4.5,1.1151750972762646,4,2,1,False,True,True,True,False,True,True,True,True,True,False
FIRE+FLOOD+INFRA+TRANS,CBBA,1226.1,324.25,1305.1999999999998,352.75,0.695,4.3,4.025,4.5,1.0878951426368544,4,2,1,False,True,True,True,False,True,True,True,True,True,False
FIRE+FLOOD+INFRA+TRANS,CBBB,1213.6,320.75,1265.6,386.5,0.695,4.3,4.025,4.5,1.2049883086515978,4,2,0,False,True,True,True,False,True,True,True,True,True,False
FIRE+FLOOD+INFRA+TRANS,CBBC,1208.6,317.25,1221.6,394.5,0.695,4.3,4.025,4.5,1.243498817966903,4,2,0,False,True,True,True,False,True,True,True,True,True,False
FIRE+FLOOD+INFRA+TRANS,CBCA,1219.9,320.25,1245.1999999999998,359.75,0.695,4.3,4.025,4.5,1.1233411397345823,4,2,1,False,True,True,True,False,True,True,True,True,True,False
FIRE+FLOOD+INFRA+TRANS,CBCB,1207.4,316.75,1205.6,393.5,0.695,4.3,4.025,4.5,1.2423046566692975,4,2,0,False,True,True,True,False,True,True,True,True,True,False
FIRE+FLOOD+INFRA+TRANS,CBCC,1202.4,313.25,1161.6,401.5,0.695,4.3,4.025,4.5,1.2817238627294494,4,2,0,False,True,True,True,False,True,True,True,True,True,False
FIRE+FLOOD+INFRA+TRANS,CCAA,1234.8,323.75,1239.2,298.0,0.695,4.3,4.025,4.5,0.9204633204633205,4,2,2,True,True,True,True,True,True,True,True,True,True,False
FIRE+FLOOD+INFRA+TRANS,CCAB,1222.3,320.25,1199.6,331.75,0.695,4.3,4.025,4.5,1.0359094457455114,4,2,1,False,True,True,True,False,True,True,True,True,True,False
FIRE+FLOOD+INFRA+TRANS,CCAC,1217.3,316.75,1155.6000000000001,339.75,0.695,4.3,4.025,4.5,1.0726124704025257,4,2,1,False,True,True,True,False,True,True,True,True,True,False
FIRE+FLOOD+INFRA+TRANS,CCBA,1219.3,319.75,1185.2,334.25,0.695,4.3,4.025,4.5,1.0453479280688038,4,2,1,False,True,True,True,False,True,True,True,True,True,False
FIRE+FLOOD+INFRA+TRANS,CCBB,1206.8,316.25,1145.6,368.0,0.695,4.3,4.025,4.5,1.1636363636363636,4,2,0,False,True,True,True,False,True,True,True,True,True,False
FIRE+FLOOD+INFRA+TRANS,CCBC,1201.8,312.75,1101.6000000000001,376.0,0.695,4.3,4.025,4.5,1.202238209432454,4,2,0,False,True,True,True,False,True,True,True,True,True,False
FIRE+FLOOD+INFRA+TRANS,CCCA,1213.1,315.75,1125.2,341.25,0.695,4.3,4.025,4.5,1.0807600950118765,4,2,1,False,True,True,True,False,True,True,True,True,True,False
FIRE+FLOOD+INFRA+TRANS,CCCB,1200.6,312.25,1085.6,375.0,0.695,4.3,4.025,4.5,1.200960768614892,4,2,0,False,True,True,True,False,True,True,True,True,True,False
FIRE+FLOOD+INFRA+TRANS,CCCC,1195.6,308.75,1041.6000000000001,383.0,0.695,4.3,4.025,4.5,1.240485829959514,4,2,0,False,True,True,True,False,True,True,True,True,True,False
FIRE+FLOOD+INFRA+ENV,AAAA,1312.5,346.5,1820.0,337.5,0.685,4.199999999999999,3.975,4.5,0.974025974025974,4,2,4,False,True,True,True,True,False,True,True,True,True,False
FIRE+FLOOD+INFRA+ENV,AAAB,1298.5,342.75,1755.2,364.75,0.685,4.199999999999999,3.975,4.5,1.0641867250182349,4,2,3,True,True,True,True,True,True,True,True,True,True,False
FIRE+FLOOD+INFRA+ENV,AAAC,1292.9,339.0,1683.2,366.75,0.685,4.199999999999999,3.975,4.5,1.081858407079646,4,2,3,True,True,True,True,True,True,True,True,True,True,False
FIRE+FLOOD+INFRA+ENV,AABA,1297.0,342.5,1766.0,373.75,0.685,4.199999999999999,3.975,4.5,1.0912408759124088,4,2,3,True,True,True,True,True,True,True,True,True,True,False
FIRE+FLOOD+INFRA+ENV,AABB,1283.0,338.75,1701.2,401.0,0.685,4.199999999999999,3.975,4.5,1.1837638376383763,4,2,2,True,True,True,True,True,True,True,True,True,True,False
FIRE+FLOOD+INFRA+ENV,AABC,1277.4,335.0,1629.2,403.0,0.685,4.199999999999999,3.975,4.5,1.2029850746268658,4,2,2,True,True,True,True,True,True,True,True,True,True,False
FIRE+FLOOD+INFRA+ENV,AACA,1290.8,338.5,1706.0,380.75,0.685,4.199999999999999,3.975,4.5,1.1248153618906942,4,2,3,True,True,True,True,True,True,True,True,True,True,False
FIRE+FLOOD+INFRA+ENV,AACB,1276.8,334.75,1641.2,408.0,0.685,4.199999999999999,3.975,4.5,1.2188200149365198,4,2,2,True,True,True,True,True,True,True,True,True,True,False
FIRE+FLOOD+INFRA+ENV,AACC,1271.2,331.0,1569.2,410.0,0.685,4.199999999999999,3.975,4.5,1.2386706948640482,4,2,2,True,True,True,True,True,True,True,True,True,True,False
FIRE+FLOOD+INFRA+ENV,ABAA,1295.5,342.0,1712.0,340.75,0.685,4.199999999999999,3.975,4.5,0.9963450292397661,4,2,3,True,True,True,True,True,True,True,True,True,True,False
FIRE+FLOOD+INFRA+ENV,ABAB,1281.5,338.25,1647.2,368.0,0.685,4.199999999999999,3.975,4.5,1.0879526977087952,4,2,2,True,True,True,True,True,True,True,True,True,True,False
FIRE+FLOOD+INFRA+ENV,ABAC,1275.9,334.5,1575.2,370.0,0.685,4.199999999999999,3.975,4.5,1.1061285500747384,4,2,2,True,True,True,True,True,True,True,True,True,True,False
FIRE+FLOOD+INFRA+ENV,ABBA,1280.0,338.0,1658.0,377.0,0.685,4.199999999999999,3.975,4.5,1.1153846153846154,4,2,2,True,True,True,True,True,True,True,True,True,True,False
FIRE+FLOOD+INFRA+ENV,ABBB,1266.0,334.25,1593.2,404.25,0.685,4.199999999999999,3.975,4.5,1.2094240837696335,4,2,1,False,True,True,True,False,True,True,True,True,True,False
FIRE+FLOOD+INFRA+ENV,ABBC,1260.4,330.5,1521.2,406.25,0.685,4.199999999999999,3.975,4.5,1.2291981845688351,4,2,1,False,True,True,True,False,True,True,True,True,True,False
FIRE+FLOOD+INFRA+ENV,ABCA,1273.8,334.0,1598.0,384.0,0.685,4.199999999999999,3.975,4.5,1.1497005988023952,4,2,2,True,True,True,True,True,True,True,True,True,True,False
FIRE+FLOOD+INFRA+ENV,ABCB,1259.8,330.25,1533.2,411.25,0.685,4.199999999999999,3.975,4.5,1.2452687358062073,4,2,1,False,True,True,True,False,True,True,True,True,True,False
FIRE+FLOOD+INFRA+ENV,ABCC,1254.2,326.5,1461.2,413.25,0.685,4.199999999999999,3.975,4.5,1.265696784073507,4,2,1,False,True,True,True,False,True,True,True,True,True,False
FIRE+FLOOD+INFRA+ENV,ACAA,1288.7,337.5,1592.0,322.25,0.685,4.199999999999999,3.975,4.5,0.9548148148148148,4,2,3,True,True,True,True,True,True,True,True,True,True,False
FIRE+FLOOD+INFRA+ENV,ACAB,1274.7,333.75,1527.2,349.5,0.685,4.199999999999999,3.975,4.5,1.047191011235955,4,2,2,True,True,True,True,True,True,True,True,True,True,False
FIRE+FLOOD+INFRA+ENV,ACAC,1269.1,330.0,1455.2,351.5,0.685,4.199999999999999,3.975,4.5,1.0651515151515152,4,2,2,True,True,True,True,True,True,True,True,True,True,False
FIRE+FLOOD+INFRA+ENV,ACBA,1273.2,333.5,1538.0,358.5,0.685,4.199999999999999,3.975,4.5,1.0749625187406298,4,2,2,True,True,True,True,True,True,True,True,True,True,False
FIRE+FLOOD+INFRA+ENV,ACBB,1259.2,329.75,1473.2,385.75,0.685,4.199999999999999,3.975,4.5,1.1698256254738437,4,2,1,False,True,True,True,False,True,True,True,True,True,False
FIRE+FLOOD+INFRA+ENV,ACBC,1253.6,326.0,1401.2,387.75,0.685,4.199999999999999,3.975,4.5,1.1894171779141105,4,2,1,False,True,True,True,False,True,True,True,True,True,False
FIRE+FLOOD+INFRA+ENV,ACCA,1267.0,329.5,1478.0,365.5,0.685,4.199999999999999,3.975,4.5,1.1092564491654022,4,2,2,True,True,True,True,True,True,True,True,True,True,False
FIRE+FLOOD+INFRA+ENV,ACCB,1253.0,325.75,1413.2,392.75,0.685,4.199999999999999,3.975,4.5,1.2056792018419034,4,2,1,False,True,True,True,False,True,True,True,True,True,False
FIRE+FLOOD+INFRA+ENV,ACCC,1247.3999999999999,322.0,1341.2,394.75,0.685,4.199999999999999,3.975,4.5,1.2259316770186335,4,2,1,False,True,True,True,False,True,True,True,True,True,False
FIRE+FLOOD+INFRA+ENV,BAAA,1296.5,342.25,1719.2,338.25,0.685,4.199999999999999,3.975,4.5,0.9883126369612856,4,2,3,True,True,True,True,True,True,True,True,True,True,False
FIRE+FLOOD+INFRA+ENV,BAAB,1282.5,338.5,1654.4,365.5,0.685,4.199999999999999,3.975,4.5,1.0797636632200887,4,2,2,True,True,True,True,True,True,True,True,True,True,False
FIRE+FLOOD+INFRA+ENV,BAAC,1276.9,334.75,1582.4,367.5,0.685,4.199999999999999,3.975,4.5,1.097834204630321,4,2,2,True,True,True,True,True,True,True,True,True,True,False
FIRE+FLOOD+INFRA+ENV,BABA,1281.0,338.25,1665.2,374.5,0.685,4.199999999999999,3.975,4.5,1.107169253510717,4,2,2,True,True,True,True,True,True,True,True,True,True,False
FIRE+FLOOD+INFRA+ENV,BABB,1267.0,334.5,1600.4,401.75,0.685,4.199999999999999,3.975,4.5,1.2010463378176384,4,2,1,False,True,True,True,False,True,True,True,True,True,False
FIRE+FLOOD+INFRA+ENV,BABC,1261.4,330.75,1528.4,403.75,0.685,4.199999999999999,3.975,4.5,1.220710506424792,4,2,1,False,True,True,True,False,True,True,True,True,True,False
FIRE+FLOOD+INFRA+ENV,BACA,1274.8,334.25,1605.2,381.5,0.685,4.199999999999999,3.975,4.5,1.1413612565445026,4,2,2,True,True,True,True,True,True,True,True,True,True,False
FIRE+FLOOD+INFRA+ENV,BACB,1260.8,330.5,1540.4,408.75,0.685,4.199999999999999,3.975,4.5,1.2367624810892588,4,2,1,False,True,True,True,False,True,True,True,True,True,False
FIRE+FLOOD+INFRA+ENV,BACC,1255.2,326.75,1468.4,410.75,0.685,4.199999999999999,3.975,4.5,1.2570772762050497,4,2,1,False,True,True,True,False,True,True,True,True,True,False
FIRE+FLOOD+INFRA+ENV,BBAA,1279.5,337.75,1611.2,341.5,0.685,4.199999999999999,3.975,4.5,1.0111028867505552,4,2,2,True,True,True,True,True,True,True,True,True,True,False
FIRE+FLOOD+INFRA+ENV,BBAB,1265.5,334.0,1546.3999999999999,368.75,0.685,4.199999999999999,3.975,4.5,1.1040419161676647,4,2,1,False,True,True,True,False,True,True,True,True,True,False
FIRE+FLOOD+INFRA+ENV,BBAC,1259.9,330.25,1474.3999999999999,370.75,0.685,4.199999999999999,3.975,4.5,1.1226343679031037,4,2,1,False,True,True,True,False,True,True,True,True,True,False
FIRE+FLOOD+INFRA+ENV,BBBA,1264.0,333.75,1557.2,377.75,0.685,4.199999999999999,3.975,4.5,1.1318352059925094,4,2,1,False,True,True,True,False,True,True,True,True,True,False
FIRE+FLOOD+INFRA+ENV,BBBB,1250.0,330.0,1492.3999999999999,405.0,0.685,4.199999999999999,3.975,4.5,1.2272727272727273,4,2,0,False,True,True,True,False,True,True,True,True,True,False
FIRE+FLOOD+INFRA+ENV,BBBC,1244.4,326.25,1420.3999999999999,407.0,0.685,4.199999999999999,3.975,4.5,1.2475095785440613,4,2,0,False,True,True,True,False,True,True,True,True,True,False
FIRE+FLOOD+INFRA+ENV,BBCA,1257.8,329.75,1497.2,384.75,0.685,4.199999999999999,3.975,4.5,1.1667930250189538,4,2,1,False,True,True,True,False,True,True,True,True,True,False
FIRE+FLOOD+INFRA+ENV,BBCB,1243.8,326.0,1432.3999999999999,412.0,0.685,4.199999999999999,3.975,4.5,1.2638036809815951,4,2,0,False,True,True,True,False,True,True,True,True,True,False
FIRE+FLOOD+INFRA+ENV,BBCC,1238.2,322.25,1360.3999999999999,414.0,0.685,4.199999999999999,3.975,4.5,1.2847168347556246,4,2,0,False,True,True,True,False,True,True,True,True,True,False
FIRE+FLOOD+INFRA+ENV,BCAA,1272.7,333.25,1491.2,323.0,0.685,4.199999999999999,3.975,4.5,0.9692423105776444,4,2,2,True,True,True,True,True,True,True,True,True,True,False
FIRE+FLOOD+INFRA+ENV,BCAB,1258.7,329.5,1426.4,350.25,0.685,4.199999999999999,3.975,4.5,1.0629742033383915,4,2,1,False,True,True,True,False,True,True,True,True,True,False
FIRE+FLOOD+INFRA+ENV,BCAC,1253.1,325.75,1354.4,352.25,0.685,4.199999999999999,3.975,4.5,1.081350729086723,4,2,1,False,True,True,True,False,True,True,True,True,True,False
FIRE+FLOOD+INFRA+ENV,BCBA,1257.2,329.25,1437.2,359.25,0.685,4.199999999999999,3.975,4.5,1.0911161731207288,4,2,1,False,True,True,True,False,True,True,True,True,True,False
FIRE+FLOOD+INFRA+ENV,BCBB,1243.2,325.5,1372.4,386.5,0.685,4.199999999999999,3.975,4.5,1.1874039938556067,4,2,0,False,True,True,True,False,True,True,True,True,True,False
FIRE+FLOOD+INFRA+ENV,BCBC,1237.6,321.75,1300.4,388.5,0.685,4.199999999999999,3.975,4.5,1.2074592074592074,4,2,0,False,True,True,True,False,True,True,True,True,True,False
FIRE+FLOOD+INFRA+ENV,BCCA,1251.0,325.25,1377.2,366.25,0.685,4.199999999999999,3.975,4.5,1.1260568793235972,4,2,1,False,True,True,True,False,True,True,True,True,True,False
FIRE+FLOOD+INFRA+ENV,BCCB,1237.0,321.5,1312.4,393.5,0.685,4.199999999999999,3.975,4.5,1.223950233281493,4,2,0,False,True,True,True,False,True,True,True,True,True,False
FIRE+FLOOD+INFRA+ENV,BCCC,1231.3999999999999,317.75,1240.4,395.5,0.685,4.199999999999999,3.975,4.5,1.2446892210857592,4,2,0,False,True,True,True,False,True,True,True,True,True,False
FIRE+FLOOD+INFRA+ENV,CAAA,1290.1,338.0,1607.2,320.75,0.685,4.199999999999999,3.975,4.5,0.9489644970414202,4,2,3,True,True,True,True,True,True,True,True,True,True,False
FIRE+FLOOD+INFRA+ENV,CAAB,1276.1,334.25,1542.4,348.0,0.685,4.199999999999999,3.975,4.5,1.0411368735976065,4,2,2,True,True,True,True,True,True,True,True,True,True,False
FIRE+FLOOD+INFRA+ENV,CAAC,1270.5,330.5,1470.4,350.0,0.685,4.199999999999999,3.975,4.5,1.059001512859304,4,2,2,True,True,True,True,True,True,True,True,True,True,False
FIRE+FLOOD+INFRA+ENV,CABA,1274.6,334.0,1553.2,357.0,0.685,4.199999999999999,3.975,4.5,1.0688622754491017,4,2,2,True,True,True,True,True,True,True,True,True,True,False
FIRE+FLOOD+INFRA+ENV,CABB,1260.6,330.25,1488.4,384.25,0.685,4.199999999999999,3.975,4.5,1.1635124905374716,4,2,1,False,True,True,True,False,True,True,True,True,True,False
FIRE+FLOOD+INFRA+ENV,CABC,1255.0,326.5,1416.4,386.25,0.685,4.199999999999999,3.975,4.5,1.1830015313935682,4,2,1,False,True,True,True,False,True,True,True,True,True,False
FIRE+FLOOD+INFRA+ENV,CACA,1268.4,330.0,1493.2,364.0,0.685,4.199999999999999,3.975,4.5,1.103030303030303,4,2,2,True,True,True,True,True,True,True,True,True,True,False
FIRE+FLOOD+INFRA+ENV,CACB,1254.4,326.25,1428.4,391.25,0.685,4.199999999999999,3.975,4.5,1.1992337164750957,4,2,1,False,True,True,True,False,True,True,True,True,True,False
FIRE+FLOOD+INFRA+ENV,CACC,1248.8,322.5,1356.4,393.25,0.685,4.199999999999999,3.975,4.5,1.2193798449612403,4,2,1,False,True,True,True,False,True,True,True,True,True,False
FIRE+FLOOD+INFRA+ENV,CBAA,1273.1,333.5,1499.2,324.0,0.685,4.199999999999999,3.975,4.5,0.9715142428785607,4,2,2,True,True,True,True,True,True,True,True,True,True,False
FIRE+FLOOD+INFRA+ENV,CBAB,1259.1,329.75,1434.3999999999999,351.25,0.685,4.199999999999999,3.975,4.5,1.0652009097801365,4,2,1,False,True,True,True,False,True,True,True,True,True,False
FIRE+FLOOD+INFRA+ENV,CBAC,1253.5,326.0,1362.3999999999999,353.25,0.685,4.199999999999999,3.975,4.5,1.0835889570552146,4,2,1,False,True,True,True,False,True,True,True,True,True,False
FIRE+FLOOD+INFRA+ENV,CBBA,1257.6,329.5,1445.2,360.25,0.685,4.199999999999999,3.975,4.5,1.0933232169954477,4,2,1,False,True,True,True,False,True,True,True,True,True,False
FIRE+FLOOD+INFRA+ENV,CBBB,1243.6,325.75,1380.3999999999999,387.5,0.685,4.199999999999999,3.975,4.5,1.1895625479662317,4,2,0,False,True,True,True,False,True,True,True,True,True,False
FIRE+FLOOD+INFRA+ENV,CBBC,1238.0,322.0,1308.3999999999999,389.5,0.685,4.199999999999999,3.975,4.5,1.2096273291925466,4,2,0,False,True,True,True,False,True,True,True,True,True,False
FIRE+FLOOD+INFRA+ENV,CBCA,1251.4,325.5,1385.2,367.25,0.685,4.199999999999999,3.975,4.5,1.1282642089093702,4,2,1,False,True,True,True,False,True,True,True,True,True,False
FIRE+FLOOD+INFRA+ENV,CBCB,1237.4,321.75,1320.3999999999999,394.5,0.685,4.199999999999999,3.975,4.5,1.2261072261072261,4,2,0,False,True,True,True,False,True,True,True,True,True,False
FIRE+FLOOD+INFRA+ENV,CBCC,1231.8,318.0,1248.3999999999999,396.5,0.685,4.199999999999999,3.975,4.5,1.2468553459119496,4,2,0,False,True,True,True,False,True,True,True,True,True,False
FIRE+FLOOD+INFRA+ENV,CCAA,1266.3,329.0,1379.2,305.5,0.685,4.199999999999999,3.975,4.5,0.9285714285714286,4,2,2,True,True,True,True,True,True,True,True,True,True,False
FIRE+FLOOD+INFRA+ENV,CCAB,1252.3,325.25,1314.4,332.75,0.685,4.199999999999999,3.975,4.5,1.0230591852421214,4,2,1,False,True,True,True,False,True,True,True,True,True,False
FIRE+FLOOD+INFRA+ENV,CCAC,1246.7,321.5,1242.4,334.75,0.685,4.199999999999999,3.975,4.5,1.0412130637636081,4,2,1,False,True,True,True,False,True,True,True,True,True,False
FIRE+FLOOD+INFRA+ENV,CCBA,1250.8,325.0,1325.2,341.75,0.685,4.199999999999999,3.975,4.5,1.0515384615384615,4,2,1,False,True,True,True,False,True,True,True,True,True,False
FIRE+FLOOD+INFRA+ENV,CCBB,1236.8,321.25,1260.3999999999999,369.0,0.685,4.199999999999999,3.975,4.5,1.1486381322957198,4,2,0,False,True,True,True,False,True,True,True,True,True,False
FIRE+FLOOD+INFRA+ENV,CCBC,1231.2,317.5,1188.3999999999999,371.0,0.685,4.199999999999999,3.975,4.5,1.168503937007874,4,2,0,False,True,True,True,False,True,True,True,True,True,False
FIRE+FLOOD+INFRA+ENV,CCCA,1244.6,321.0,1265.2,348.75,0.685,4.199999999999999,3.975,4.5,1.0864485981308412,4,2,1,False,True,True,True,False,True,True,True,True,True,False
FIRE+FLOOD+INFRA+ENV,CCCB,1230.6,317.25,1200.4,376.0,0.685,4.199999999999999,3.975,4.5,1.1851851851851851,4,2,0,False,True,True,True,False,True,True,True,True,True,False
FIRE+FLOOD+INFRA+ENV,CCCC,1225.0,313.5,1128.4,378.0,0.685,4.199999999999999,3.975,4.5,1.2057416267942584,4,2,0,False,True,True,True,False,True,True,True,True,True,False
FIRE+FLOOD+INFRA+SSA,AAAA,1365.0,367.5,1800.0,351.25,0.6625,4.0,3.6999999999999997,4.55,0.95578231292517,3,3,4,False,True,True,True,True,False,False,True,True,True,False
FIRE+FLOOD+INFRA+SSA,AAAB,1348.5,362.75,1738.8,383.25,0.6625,4.0,3.6999999999999997,4.55,1.056512749827705,3,3,3,False,True,True,True,True,False,False,True,True,True,False
FIRE+FLOOD+INFRA+SSA,AAAC,1341.9,358.0,1670.8,385.5,0.6625,4.0,3.6999999999999997,4.55,1.0768156424581006,3,3,3,False,True,True,True,True,False,True,True,True,True,False
FIRE+FLOOD+INFRA+SSA,AABA,1349.5,363.5,1746.0,387.5,0.6625,4.0,3.6999999999999997,4.55,1.0660247592847318,3,3,3,False,True,True,True,True,False,False,True,True,True,False
FIRE+FLOOD+INFRA+SSA,AABB,1333.0,358.75,1684.8,419.5,0.6625,4.0,3.6999999999999997,4.55,1.1693379790940766,3,3,2,False,True,True,True,True,False,True,True,True,True,False
FIRE+FLOOD+INFRA+SSA,AABC,1326.4,354.0,1616.8,421.75,0.6625,4.0,3.6999999999999997,4.55,1.1913841807909604,3,3,2,False,True,True,True,True,False,True,True,True,True,False
FIRE+FLOOD+INFRA+SSA,AACA,1343.3,359.5,1686.0,394.5,0.6625,4.0,3.6999999999999997,4.55,1.0973574408901252,3,3,3,False,True,True,True,True,False,True,True,True,True,False
FIRE+FLOOD+INFRA+SSA,AACB,1326.8,354.75,1624.8,426.5,0.6625,4.0,3.6999999999999997,4.55,1.2022551092318534,3,3,2,False,True,True,True,True,False,True,True,True,True,False
FIRE+FLOOD+INFRA+SSA,AACC,1320.1999999999998,350.0,1556.8,428.75,0.6625,4.0,3.6999999999999997,4.55,1.225,3,3,2,False,True,True,True,True,False,True,True,True,True,False
FIRE+FLOOD+INFRA+SSA,ABAA,1348.0,363.0,1692.0,354.5,0.6625,4.0,3.6999999999999997,4.55,0.9765840220385675,3,3,3,False,True,True,True,True,False,False,True,True,True,False
FIRE+FLOOD+INFRA+SSA,ABAB,1331.5,358.25,1630.8,386.5,0.6625,4.0,3.6999999999999997,4.55,1.0788555478018145,3,3,2,False,True,True,True,True,False,True,True,True,True,False
FIRE+FLOOD+INFRA+SSA,ABAC,1324.9,353.5,1562.8,388.75,0.6625,4.0,3.6999999999999997,4.55,1.0997171145685998,3,3,2,False,True,True,True,True,False,True,True,True,True,False
FIRE+FLOOD+INFRA+SSA,ABBA,1332.5,359.0,1638.0,390.75,0.6625,4.0,3.6999999999999997,4.55,1.0884401114206128,3,3,2,False,True,True,True,True,False,True,True,True,True,False
FIRE+FLOOD+INFRA+SSA,ABBB,1316.0,354.25,1576.8,422.75,0.6625,4.0,3.6999999999999997,4.55,1.193366266760762,3,3,1,False,True,True,True,False,False,True,True,True,True,False
FIRE+FLOOD+INFRA+SSA,ABBC,1309.4,349.5,1508.8,425.0,0.6625,4.0,3.6999999999999997,4.55,1.2160228898426324,3,3,1,False,True,True,True,False,False,True,True,True,True,False
FIRE+FLOOD+INFRA+SSA,ABCA,1326.3,355.0,1578.0,397.75,0.6625,4.0,3.6999999999999997,4.55,1.1204225352112676,3,3,2,False,True,True,True,True,False,True,True,True,True,False
FIRE+FLOOD+INFRA+SSA,ABCB,1309.8,350.25,1516.8,429.75,0.6625,4.0,3.6999999999999997,4.55,1.2269807280513918,3,3,1,False,True,True,True,False,False,True,True,True,True,False
FIRE+FLOOD+INFRA+SSA,ABCC,1303.1999999999998,345.5,1448.8,432.0,0.6625,4.0,3.6999999999999997,4.55,1.2503617945007235,3,3,1,False,True,True,True,False,False,True,True,True,True,False
FIRE+FLOOD+INFRA+SSA,ACAA,1341.2,358.5,1572.0,336.0,0.6625,4.0,3.6999999999999997,4.55,0.9372384937238494,3,3,3,False,True,True,True,True,False,True,True,True,True,False
FIRE+FLOOD+INFRA+SSA,ACAB,1324.7,353.75,1510.8,368.0,0.6625,4.0,3.6999999999999997,4.55,1.0402826855123675,3,3,2,False,True,True,True,True,False,True,True,True,True,False
FIRE+FLOOD+INFRA+SSA,ACAC,1318.1,349.0,1442.8,370.25,0.6625,4.0,3.6999999999999997,4.55,1.060888252148997,3,3,2,False,True,True,True,True,False,True,True,True,True,False
FIRE+FLOOD+INFRA+SSA,ACBA,1325.7,354.5,1518.0,372.25,0.6625,4.0,3.6999999999999997,4.55,1.0500705218617772,3,3,2,False,True,True,True,True,False,True,True,True,True,False
FIRE+FLOOD+INFRA+SSA,ACBB,1309.2,349.75,1456.8,404.25,0.6625,4.0,3.6999999999999997,4.55,1.1558255897069336,3,3,1,False,True,True,True,False,False,True,True,True,True,False
FIRE+FLOOD+INFRA+SSA,ACBC,1302.6,345.0,1388.8,406.5,0.6625,4.0,3.6999999999999997,4.55,1.1782608695652175,3,3,1,False,True,True,True,False,False,True,True,True,True,False
FIRE+FLOOD+INFRA+SSA,ACCA,1319.5,350.5,1458.0,379.25,0.6625,4.0,3.6999999999999997,4.55,1.0820256776034236,3,3,2,False,True,True,True,True,False,True,True,True,True,False
FIRE+FLOOD+INFRA+SSA,ACCB,1303.0,345.75,1396.8,411.25,0.6625,4.0,3.6999999999999997,4.55,1.1894432393347794,3,3,1,False,True,True,True,False,False,True,True,True,True,False
FIRE+FLOOD+INFRA+SSA,ACCC,1296.4,341.0,1328.8,413.5,0.6625,4.0,3.6999999999999997,4.55,1.2126099706744868,3,3,1,False,True,True,True,False,True,True,True,True,True,False
FIRE+FLOOD+INFRA+SSA,BAAA,1349.0,363.25,1699.2,352.0,0.6625,4.0,3.6999999999999997,4.55,0.969029593943565,3,3,3,False,True,True,True,True,False,False,True,True,True,False
FIRE+FLOOD+INFRA+SSA,BAAB,1332.5,358.5,1638.0,384.0,0.6625,4.0,3.6999999999999997,4.55,1.0711297071129706,3,3,2,False,True,True,True,True,False,True,True,True,True,False
FIRE+FLOOD+INFRA+SSA,BAAC,1325.9,353.75,1570.0,386.25,0.6625,4.0,3.6999999999999997,4.55,1.0918727915194346,3,3,2,False,True,True,True,True,False,True,True,True,True,False
FIRE+FLOOD+INFRA+SSA,BABA,1333.5,359.25,1645.2,388.25,0.6625,4.0,3.6999999999999997,4.55,1.080723729993041,3,3,2,False,True,True,True,True,False,True,True,True,True,False
FIRE+FLOOD+INFRA+SSA,BABB,1317.0,354.5,1584.0,420.25,0.6625,4.0,3.6999999999999997,4.55,1.185472496473907,3,3,1,False,True,True,True,False,False,True,True,True,True,False
FIRE+FLOOD+INFRA+SSA,BABC,1310.4,349.75,1516.0,422.5,0.6625,4.0,3.6999999999999997,4.55,1.2080057183702644,3,3,1,False,True,True,True,False,False,True,True,True,True,False
FIRE+FLOOD+INFRA+SSA,BACA,1327.3,355.25,1585.2,395.25,0.6625,4.0,3.6999999999999997,4.55,1.1125967628430682,3,3,2,False,True,True,True,True,False,True,True,True,True,False
FIRE+FLOOD+INFRA+SSA,BACB,1310.8,350.5,1524.0,427.25,0.6625,4.0,3.6999999999999997,4.55,1.2189728958630528,3,3,1,False,True,True,True,False,False,True,True,True,True,False
FIRE+FLOOD+INFRA+SSA,BACC,1304.1999999999998,345.75,1456.0,429.5,0.6625,4.0,3.6999999999999997,4.55,1.2422270426608821,3,3,1,False,True,True,True,False,False,True,True,True,True,False
FIRE+FLOOD+INFRA+SSA,BBAA,1332.0,358.75,1591.1999999999998,355.25,0.6625,4.0,3.6999999999999997,4.55,0.9902439024390244,3,3,2,False,True,True,True,True,False,True,True,True,True,False
FIRE+FLOOD+INFRA+SSA,BBAB,1315.5,354.0,1529.9999999999998,387.25,0.6625,4.0,3.6999999999999997,4.55,1.0939265536723164,3,3,1,False,True,True,True,False,False,True,True,True,True,False
FIRE+FLOOD+INFRA+SSA,BBAC,1308.9,349.25,1461.9999999999998,389.5,0.6625,4.0,3.6999999999999997,4.55,1.1152469577666428,3,3,1,False,True,True,True,False,False,True,True,True,True,False
FIRE+FLOOD+INFRA+SSA,BBBA,1316.5,354.75,1537.1999999999998,391.5,0.6625,4.0,3.6999999999999997,4.55,1.1035940803382664,3,3,1,False,True,True,True,False,False,True,True,True,True,False
FIRE+FLOOD+INFRA+SSA,BBBB,1300.0,350.0,1475.9999999999998,423.5,0.6625,4.0,3.6999999999999997,4.55,1.21,3,3,0,False,True,True,True,False,True,True,True,True,True,False
FIRE+FLOOD+INFRA+SSA,BBBC,1293.4,345.25,1407.9999999999998,425.75,0.6625,4.0,3.6999999999999997,4.55,1.2331643736422881,3,3,0,False,True,True,True,False,True,True,True,True,True,False
FIRE+FLOOD+INFRA+SSA,BBCA,1310.3,350.75,1477.1999999999998,398.5,0.6625,4.0,3.6999999999999997,4.55,1.136136849607983,3,3,1,False,True,True,True,False,False,True,True,True,True,False
FIRE+FLOOD+INFRA+SSA,BBCB,1293.8,346.0,1415.9999999999998,430.5,0.6625,4.0,3.6999999999999997,4.55,1.2442196531791907,3,3,0,False,True,True,True,False,True,True,True,True,True,False
FIRE+FLOOD+INFRA+SSA,BBCC,1287.1999999999998,341.25,1347.9999999999998,432.75,0.6625,4.0,3.6999999999999997,4.55,1.268131868131868,3,3,0,False,True,True,True,False,True,True,True,True,True,False
FIRE+FLOOD+INFRA+SSA,BCAA,1325.2,354.25,1471.2,336.75,0.6625,4.0,3.6999999999999997,4.55,0.9505998588567396,3,3,2,False,True,True,True,True,False,True,True,True,True,False
FIRE+FLOOD+INFRA+SSA,BCAB,1308.7,349.5,1410.0,368.75,0.6625,4.0,3.6999999999999997,4.55,1.0550786838340487,3,3,1,False,True,True,True,False,False,True,True,True,True,False
FIRE+FLOOD+INFRA+SSA,BCAC,1302.1,344.75,1342.0,371.0,0.6625,4.0,3.6999999999999997,4.55,1.0761421319796953,3,3,1,False,True,True,True,False,False,True,True,True,True,False
FIRE+FLOOD+INFRA+SSA,BCBA,1309.7,350.25,1417.2,373.0,0.6625,4.0,3.6999999999999997,4.55,1.0649536045681656,3,3,1,False,True,True,True,False,False,True,True,True,True,False
FIRE+FLOOD+INFRA+SSA,BCBB,1293.2,345.5,1356.0,405.0,0.6625,4.0,3.6999999999999997,4.55,1.1722141823444283,3,3,0,False,True,True,True,False,True,True,True,True,True,False
FIRE+FLOOD+INFRA+SSA,BCBC,1286.6,340.75,1288.0,407.25,0.6625,4.0,3.6999999999999997,4.55,1.1951577402787967,3,3,0,False,True,True,True,False,True,True,True,True,True,False
FIRE+FLOOD+INFRA+SSA,BCCA,1303.5,346.25,1357.2,380.0,0.6625,4.0,3.6999999999999997,4.55,1.0974729241877257,3,3,1,False,True,True,True,False,False,True,True,True,True,False
FIRE+FLOOD+INFRA+SSA,BCCB,1287.0,341.5,1296.0,412.0,0.6625,4.0,3.6999999999999997,4.55,1.2064421669106882,3,3,0,False,True,True,True,False,True,True,True,True,True,False
FIRE+FLOOD+INFRA+SSA,BCCC,1280.4,336.75,1228.0,414.25,0.6625,4.0,3.6999999999999997,4.55,1.2301410541945064,3,3,0,False,True,True,True,False,True,True,True,True,True,False
FIRE+FLOOD+INFRA+SSA,CAAA,1342.6,359.0,1587.2,334.5,0.6625,4.0,3.6999999999999997,4.55,0.9317548746518106,3,3,3,False,True,True,True,True,False,True,True,True,True,False
FIRE+FLOOD+INFRA+SSA,CAAB,1326.1,354.25,1526.0,366.5,0.6625,4.0,3.6999999999999997,4.55,1.0345800988002822,3,3,2,False,True,True,True,True,False,True,True,True,True,False
FIRE+FLOOD+INFRA+SSA,CAAC,1319.5,349.5,1458.0,368.75,0.6625,4.0,3.6999999999999997,4.55,1.0550786838340487,3,3,2,False,True,True,True,True,False,True,True,True,True,False
FIRE+FLOOD+INFRA+SSA,CABA,1327.1,355.0,1533.2,370.75,0.6625,4.0,3.6999999999999997,4.55,1.0443661971830986,3,3,2,False,True,True,True,True,False,True,True,True,True,False
FIRE+FLOOD+INFRA+SSA,CABB,1310.6,350.25,1472.0,402.75,0.6625,4.0,3.6999999999999997,4.55,1.1498929336188437,3,3,1,False,True,True,True,False,False,True,True,True,True,False
FIRE+FLOOD+INFRA+SSA,CABC,1304.0,345.5,1404.0,405.0,0.6625,4.0,3.6999999999999997,4.55,1.1722141823444283,3,3,1,False,True,True,True,False,False,True,True,True,True,False
FIRE+FLOOD+INFRA+SSA,CACA,1320.9,351.0,1473.2,377.75,0.6625,4.0,3.6999999999999997,4.55,1.0762108262108263,3,3,2,False,True,True,True,True,False,True,True,True,True,False
FIRE+FLOOD+INFRA+SSA,CACB,1304.4,346.25,1412.0,409.75,0.6625,4.0,3.6999999999999997,4.55,1.183393501805054,3,3,1,False,True,True,True,False,False,True,True,True,True,False
FIRE+FLOOD+INFRA+SSA,CACC,1297.8000000000002,341.5,1344.0,412.0,0.6625,4.0,3.6999999999999997,4.55,1.2064421669106882,3,3,1,False,True,True,True,False,True,True,True,True,True,False
FIRE+FLOOD+INFRA+SSA,CBAA,1325.6,354.5,1479.1999999999998,337.75,0.6625,4.0,3.6999999999999997,4.55,0.9527503526093088,3,3,2,False,True,True,True,True,False,True,True,True,True,False
FIRE+FLOOD+INFRA+SSA,CBAB,1309.1,349.75,1417.9999999999998,369.75,0.6625,4.0,3.6999999999999997,4.55,1.0571837026447461,3,3,1,False,True,True,True,False,False,True,True,True,True,False
FIRE+FLOOD+INFRA+SSA,CBAC,1302.5,345.0,1349.9999999999998,372.0,0.6625,4.0,3.6999999999999997,4.55,1.0782608695652174,3,3,1,False,True,True,True,False,False,True,True,True,True,False
FIRE+FLOOD+INFRA+SSA,CBBA,1310.1,350.5,1425.1999999999998,374.0,0.6625,4.0,3.6999999999999997,4.55,1.0670470756062767,3,3,1,False,True,True,True,False,False,True,True,True,True,False
FIRE+FLOOD+INFRA+SSA,CBBB,1293.6,345.75,1363.9999999999998,406.0,0.6625,4.0,3.6999999999999997,4.55,1.1742588575560375,3,3,0,False,True,True,True,False,True,True,True,True,True,False
FIRE+FLOOD+INFRA+SSA,CBBC,1287.0,341.0,1295.9999999999998,408.25,0.6625,4.0,3.6999999999999997,4.55,1.1972140762463344,3,3,0,False,True,True,True,False,True,True,True,True,True,False
FIRE+FLOOD+INFRA+SSA,CBCA,1303.9,346.5,1365.1999999999998,381.0,0.6625,4.0,3.6999999999999997,4.55,1.0995670995670996,3,3,1,False,True,True,True,False,False,True,True,True,True,False
FIRE+FLOOD+INFRA+SSA,CBCB,1287.4,341.75,1303.9999999999998,413.0,0.6625,4.0,3.6999999999999997,4.55,1.20848573518654,3,3,0,False,True,True,True,False,True,True,True,True,True,False
FIRE+FLOOD+INFRA+SSA,CBCC,1280.8000000000002,337.0,1235.9999999999998,415.25,0.6625,4.0,3.6999999999999997,4.55,1.2321958456973294,3,3,0,False,True,True,True,False,True,True,True,True,True,False
FIRE+FLOOD+INFRA+SSA,CCAA,1318.8,350.0,1359.2,319.25,0.6625,4.0,3.6999999999999997,4.55,0.9121428571428571,3,3,2,False,True,True,True,True,False,True,True,True,True,False
FIRE+FLOOD+INFRA+SSA,CCAB,1302.3,345.25,1298.0,351.25,0.6625,4.0,3.6999999999999997,4.55,1.0173787110789283,3,3,1,False,True,True,True,False,False,True,True,True,True,False
FIRE+FLOOD+INFRA+SSA,CCAC,1295.6999999999998,340.5,1230.0,353.5,0.6625,4.0,3.6999999999999997,4.55,1.038179148311307,3,3,1,False,True,True,True,False,True,True,True,True,True,False
FIRE+FLOOD+INFRA+SSA,CCBA,1303.3,346.0,1305.2,355.5,0.6625,4.0,3.6999999999999997,4.55,1.027456647398844,3,3,1,False,True,True,True,False,False,True,True,True,True,False
FIRE+FLOOD+INFRA+SSA,CCBB,1286.8,341.25,1244.0,387.5,0.6625,4.0,3.6999999999999997,4.55,1.1355311355311355,3,3,0,False,True,True,True,False,True,True,True,True,True,False
FIRE+FLOOD+INFRA+SSA,CCBC,1280.1999999999998,336.5,1176.0,389.75,0.6625,4.0,3.6999999999999997,4.55,1.1582466567607728,3,3,0,False,True,True,True,False,True,True,True,True,True,False
FIRE+FLOOD+INFRA+SSA,CCCA,1297.1,342.0,1245.2,362.5,0.6625,4.0,3.6999999999999997,4.55,1.0599415204678362,3,3,1,False,True,True,True,False,True,True,True,True,True,False
FIRE+FLOOD+INFRA+SSA,CCCB,1280.6,337.25,1184.0,394.5,0.6625,4.0,3.6999999999999997,4.55,1.1697553743513713,3,3,0,False,True,True,True,False,True,True,True,True,True,False
FIRE+FLOOD+INFRA+SSA,CCCC,1274.0,332.5,1116.0,396.75,0.6625,4.0,3.6999999999999997,4.55,1.193233082706767,3,3,0,False,True,True,True,False,True,True,True,True,True,False
FIRE+FLOOD+ARCTIC+TRANS,AAAA,1438.5,404.25,1850.0,367.5,0.655,4.075,3.725,4.25,0.9090909090909091,4,3,4,False,True,True,True,True,False,False,True,True,True,False
FIRE+FLOOD+ARCTIC+TRANS,AAAB,1426.0,400.75,1810.4,401.25,0.655,4.075,3.725,4.25,1.001247660636307,4,3,3,False,True,True,True,True,False,False,True,True,True,False
FIRE+FLOOD+ARCTIC+TRANS,AAAC,1421.0,397.25,1766.4,409.25,0.655,4.075,3.725,4.25,1.0302076777847704,4,3,3,False,True,True,True,True,False,False,True,True,True,False
FIRE+FLOOD+ARCTIC+TRANS,AABA,1415.5,397.25,1765.4,411.25,0.655,4.075,3.725,4.25,1.0352422907488987,4,3,3,False,True,True,True,True,False,False,True,True,True,False
FIRE+FLOOD+ARCTIC+TRANS,AABB,1403.0,393.75,1725.8000000000002,445.0,0.655,4.075,3.725,4.25,1.1301587301587301,4,3,2,False,True,True,True,True,False,False,True,True,True,False
FIRE+FLOOD+ARCTIC+TRANS,AABC,1398.0,390.25,1681.8000000000002,453.0,0.655,4.075,3.725,4.25,1.1607943625880845,4,3,2,False,True,True,True,True,False,False,True,True,True,False
FIRE+FLOOD+ARCTIC+TRANS,AACA,1406.3,390.25,1671.4,415.25,0.655,4.075,3.725,4.25,1.0640614990390775,4,3,3,False,True,True,True,True,False,False,True,True,True,False
FIRE+FLOOD+ARCTIC+TRANS,AACB,1393.8,386.75,1631.8000000000002,449.0,0.655,4.075,3.725,4.25,1.1609566903684552,4,3,2,False,True,True,True,True,False,False,True,True,True,False
FIRE+FLOOD+ARCTIC+TRANS,AACC,1388.8,383.25,1587.8000000000002,457.0,0.655,4.075,3.725,4.25,1.192433137638617,4,3,2,False,True,True,True,True,False,False,True,True,True,False
FIRE+FLOOD+ARCTIC+TRANS,ABAA,1421.5,399.75,1742.0,370.75,0.655,4.075,3.725,4.25,0.9274546591619762,4,3,3,False,True,True,True,True,False,False,True,True,True,False
FIRE+FLOOD+ARCTIC+TRANS,ABAB,1409.0,396.25,1702.4,404.5,0.655,4.075,3.725,4.25,1.020820189274448,4,3,2,False,True,True,True,True,False,False,True,True,True,False
FIRE+FLOOD+ARCTIC+TRANS,ABAC,1404.0,392.75,1658.4,412.5,0.655,4.075,3.725,4.25,1.0502864417568427,4,3,2,False,True,True,True,True,False,False,True,True,True,False
FIRE+FLOOD+ARCTIC+TRANS,ABBA,1398.5,392.75,1657.3999999999999,414.5,0.655,4.075,3.725,4.25,1.05537873965627,4,3,2,False,True,True,True,True,False,False,True,True,True,False
FIRE+FLOOD+ARCTIC+TRANS,ABBB,1386.0,389.25,1617.7999999999997,448.25,0.655,4.075,3.725,4.25,1.1515735388567758,4,3,1,False,True,True,True,False,False,False,True,True,True,False
FIRE+FLOOD+ARCTIC+TRANS,ABBC,1381.0,385.75,1573.8,456.25,0.655,4.075,3.725,4.25,1.1827608554763447,4,3,1,False,True,True,True,False,False,False,True,True,True,False
FIRE+FLOOD+ARCTIC+TRANS,ABCA,1389.3,385.75,1563.3999999999999,418.5,0.655,4.075,3.725,4.25,1.084899546338302,4,3,2,False,True,True,True,True,False,False,True,True,True,False
FIRE+FLOOD+ARCTIC+TRANS,ABCB,1376.8,382.25,1523.7999999999997,452.25,0.655,4.075,3.725,4.25,1.183126226291694,4,3,1,False,True,True,True,False,False,False,True,True,True,False
FIRE+FLOOD+ARCTIC+TRANS,ABCC,1371.8,378.75,1479.8,460.25,0.655,4.075,3.725,4.25,1.215181518151815,4,3,1,False,True,True,True,False,False,False,True,True,True,False
FIRE+FLOOD+ARCTIC+TRANS,ACAA,1414.7,395.25,1622.0,352.25,0.655,4.075,3.725,4.25,0.8912080961416825,4,3,3,False,True,True,True,True,False,False,True,True,True,False
FIRE+FLOOD+ARCTIC+TRANS,ACAB,1402.2,391.75,1582.4,386.0,0.655,4.075,3.725,4.25,0.9853222718570517,4,3,2,False,True,True,True,True,False,False,True,True,True,False
FIRE+FLOOD+ARCTIC+TRANS,ACAC,1397.2,388.25,1538.4,394.0,0.655,4.075,3.725,4.25,1.0148100450740503,4,3,2,False,True,True,True,True,False,False,True,True,True,False
FIRE+FLOOD+ARCTIC+TRANS,ACBA,1391.7,388.25,1537.4,396.0,0.655,4.075,3.725,4.25,1.0199613650998067,4,3,2,False,True,True,True,True,False,False,True,True,True,False
FIRE+FLOOD+ARCTIC+TRANS,ACBB,1379.2,384.75,1497.8000000000002,429.75,0.655,4.075,3.725,4.25,1.1169590643274854,4,3,1,False,True,True,True,False,False,False,True,True,True,False
FIRE+FLOOD+ARCTIC+TRANS,ACBC,1374.2,381.25,1453.8000000000002,437.75,0.655,4.075,3.725,4.25,1.1481967213114754,4,3,1,False,True,True,True,False,False,False,True,True,True,False
FIRE+FLOOD+ARCTIC+TRANS,ACCA,1382.5,381.25,1443.4,400.0,0.655,4.075,3.725,4.25,1.0491803278688525,4,3,2,False,True,True,True,True,False,False,True,True,True,False
FIRE+FLOOD+ARCTIC+TRANS,ACCB,1370.0,377.75,1403.8000000000002,433.75,0.655,4.075,3.725,4.25,1.1482461945731304,4,3,1,False,True,True,True,False,False,False,True,True,True,False
FIRE+FLOOD+ARCTIC+TRANS,ACCC,1365.0,374.25,1359.8000000000002,441.75,0.655,4.075,3.725,4.25,1.1803607214428857,4,3,1,False,True,True,True,False,False,False,True,True,True,False
FIRE+FLOOD+ARCTIC+TRANS,BAAA,1422.5,400.0,1749.2,368.25,0.655,4.075,3.725,4.25,0.920625,4,3,3,False,True,True,True,True,False,False,True,True,True,False
FIRE+FLOOD+ARCTIC+TRANS,BAAB,1410.0,396.5,1709.6,402.0,0.655,4.075,3.725,4.25,1.0138713745271122,4,3,2,False,True,True,True,True,False,False,True,True,True,False
FIRE+FLOOD+ARCTIC+TRANS,BAAC,1405.0,393.0,1665.6000000000001,410.0,0.655,4.075,3.725,4.25,1.0432569974554708,4,3,2,False,True,True,True,True,False,False,True,True,True,False
FIRE+FLOOD+ARCTIC+TRANS,BABA,1399.5,393.0,1664.6,412.0,0.655,4.075,3.725,4.25,1.0483460559796438,4,3,2,False,True,True,True,True,False,False,True,True,True,False
FIRE+FLOOD+ARCTIC+TRANS,BABB,1387.0,389.5,1625.0,445.75,0.655,4.075,3.725,4.25,1.144415917843389,4,3,1,False,True,True,True,False,False,False,True,True,True,False
FIRE+FLOOD+ARCTIC+TRANS,BABC,1382.0,386.0,1581.0,453.75,0.655,4.075,3.725,4.25,1.1755181347150259,4,3,1,False,True,True,True,False,False,False,True,True,True,False
FIRE+FLOOD+ARCTIC+TRANS,BACA,1390.3,386.0,1570.6,416.0,0.655,4.075,3.725,4.25,1.077720207253886,4,3,2,False,True,True,True,True,False,False,True,True,True,False
FIRE+FLOOD+ARCTIC+TRANS,BACB,1377.8,382.5,1531.0,449.75,0.655,4.075,3.725,4.25,1.1758169934640523,4,3,1,False,True,True,True,False,False,False,True,True,True,False
FIRE+FLOOD+ARCTIC+TRANS,BACC,1372.8,379.0,1487.0,457.75,0.655,4.075,3.725,4.25,1.20778364116095,4,3,1,False,True,True,True,False,False,False,True,True,True,False
FIRE+FLOOD+ARCTIC+TRANS,BBAA,1405.5,395.5,1641.2,371.5,0.655,4.075,3.725,4.25,0.9393173198482933,4,3,2,False,True,True,True,True,False,False,True,True,True,False
FIRE+FLOOD+ARCTIC+TRANS,BBAB,1393.0,392.0,1601.6,405.25,0.655,4.075,3.725,4.25,1.0338010204081634,4,3,1,False,True,True,True,False,False,False,True,True,True,False
FIRE+FLOOD+ARCTIC+TRANS,BBAC,1388.0,388.5,1557.6000000000001,413.25,0.655,4.075,3.725,4.25,1.0637065637065637,4,3,1,False,True,True,True,False,False,False,True,True,True,False
FIRE+FLOOD+ARCTIC+TRANS,BBBA,1382.5,388.5,1556.6,415.25,0.655,4.075,3.725,4.25,1.0688545688545688,4,3,1,False,True,True,True,False,False,False,True,True,True,False
FIRE+FLOOD+ARCTIC+TRANS,BBBB,1370.0,385.0,1517.0,449.0,0.655,4.075,3.725,4.25,1.1662337662337663,4,3,0,False,True,True,True,False,False,False,True,True,True,False
FIRE+FLOOD+ARCTIC+TRANS,BBBC,1365.0,381.5,1473.0,457.0,0.655,4.075,3.725,4.25,1.197903014416776,4,3,0,False,True,True,True,False,False,False,True,True,True,False
FIRE+FLOOD+ARCTIC+TRANS,BBCA,1373.3,381.5,1462.6,419.25,0.655,4.075,3.725,4.25,1.098951507208388,4,3,1,False,True,True,True,False,False,False,True,True,True,False
FIRE+FLOOD+ARCTIC+TRANS,BBCB,1360.8,378.0,1423.0,453.0,0.655,4.075,3.725,4.25,1.1984126984126984,4,3,0,False,True,True,True,False,False,False,True,True,True,False
FIRE+FLOOD+ARCTIC+TRANS,BBCC,1355.8,374.5,1379.0,461.0,0.655,4.075,3.725,4.25,1.2309746328437918,4,3,0,False,True,True,True,False,False,False,True,True,True,False
FIRE+FLOOD+ARCTIC+TRANS,BCAA,1398.7,391.0,1521.2,353.0,0.655,4.075,3.725,4.25,0.9028132992327366,4,3,2,False,True,True,True,True,False,False,True,True,True,False
FIRE+FLOOD+ARCTIC+TRANS,BCAB,1386.2,387.5,1481.6,386.75,0.655,4.075,3.725,4.25,0.9980645161290322,4,3,1,False,True,True,True,False,False,False,True,True,True,False
FIRE+FLOOD+ARCTIC+TRANS,BCAC,1381.2,384.0,1437.6000000000001,394.75,0.655,4.075,3.725,4.25,1.0279947916666667,4,3,1,False,True,True,True,False,False,False,True,True,True,False
FIRE+FLOOD+ARCTIC+TRANS,BCBA,1375.7,384.0,1436.6,396.75,0.655,4.075,3.725,4.25,1.033203125,4,3,1,False,True,True,True,False,False,False,True,True,True,False
FIRE+FLOOD+ARCTIC+TRANS,BCBB,1363.2,380.5,1397.0,430.5,0.655,4.075,3.725,4.25,1.1314060446780552,4,3,0,False,True,True,True,False,False,False,True,True,True,False
FIRE+FLOOD+ARCTIC+TRANS,BCBC,1358.2,377.0,1353.0,438.5,0.655,4.075,3.725,4.25,1.163129973474801,4,3,0,False,True,True,True,False,False,False,True,True,True,False
FIRE+FLOOD+ARCTIC+TRANS,BCCA,1366.5,377.0,1342.6,400.75,0.655,4.075,3.725,4.25,1.062997347480106,4,3,1,False,True,True,True,False,False,False,True,True,True,False
FIRE+FLOOD+ARCTIC+TRANS,BCCB,1354.0,373.5,1303.0,434.5,0.655,4.075,3.725,4.25,1.1633199464524766,4,3,0,False,True,True,True,False,False,False,True,True,True,False
FIRE+FLOOD+ARCTIC+TRANS,BCCC,1349.0,370.0,1259.0,442.5,0.655,4.075,3.725,4.25,1.195945945945946,4,3,0,False,True,True,True,False,False,False,True,True,True,False
FIRE+FLOOD+ARCTIC+TRANS,CAAA,1416.1,395.75,1637.2,350.75,0.655,4.075,3.725,4.25,0.8862918509159823,4,3,3,False,True,True,True,True,False,False,True,True,True,False
FIRE+FLOOD+ARCTIC+TRANS,CAAB,1403.6,392.25,1597.6,384.5,0.655,4.075,3.725,4.25,0.9802421924792861,4,3,2,False,True,True,True,True,False,False,True,True,True,False
FIRE+FLOOD+ARCTIC+TRANS,CAAC,1398.6,388.75,1553.6000000000001,392.5,0.655,4.075,3.725,4.25,1.0096463022508038,4,3,2,False,True,True,True,True,False,False,True,True,True,False
FIRE+FLOOD+ARCTIC+TRANS,CABA,1393.1,388.75,1552.6,394.5,0.655,4.075,3.725,4.25,1.0147909967845659,4,3,2,False,True,True,True,True,False,False,True,True,True,False
FIRE+FLOOD+ARCTIC+TRANS,CABB,1380.6,385.25,1513.0,428.25,0.655,4.075,3.725,4.25,1.1116158338741078,4,3,1,False,True,True,True,False,False,False,True,True,True,False
FIRE+FLOOD+ARCTIC+TRANS,CABC,1375.6,381.75,1469.0,436.25,0.655,4.075,3.725,4.25,1.1427635887360839,4,3,1,False,True,True,True,False,False,False,True,True,True,False
FIRE+FLOOD+ARCTIC+TRANS,CACA,1383.9,381.75,1458.6,398.5,0.655,4.075,3.725,4.25,1.0438768827766862,4,3,2,False,True,True,True,True,False,False,True,True,True,False
FIRE+FLOOD+ARCTIC+TRANS,CACB,1371.4,378.25,1419.0,432.25,0.655,4.075,3.725,4.25,1.1427627230667547,4,3,1,False,True,True,True,False,False,False,True,True,True,False
FIRE+FLOOD+ARCTIC+TRANS,CACC,1366.4,374.75,1375.0,440.25,0.655,4.075,3.725,4.25,1.1747831887925284,4,3,1,False,True,True,True,False,False,False,True,True,True,False
FIRE+FLOOD+ARCTIC+TRANS,CBAA,1399.1,391.25,1529.2,354.0,0.655,4.075,3.725,4.25,0.9047923322683706,4,3,2,False,True,True,True,True,False,False,True,True,True,False
FIRE+FLOOD+ARCTIC+TRANS,CBAB,1386.6,387.75,1489.6,387.75,0.655,4.075,3.725,4.25,1.0,4,3,1,False,True,True,True,False,False,False,True,True,True,False
FIRE+FLOOD+ARCTIC+TRANS,CBAC,1381.6,384.25,1445.6000000000001,395.75,0.655,4.075,3.725,4.25,1.0299284320104098,4,3,1,False,True,True,True,False,False,False,True,True,True,False
FIRE+FLOOD+ARCTIC+TRANS,CBBA,1376.1,384.25,1444.6,397.75,0.655,4.075,3.725,4.25,1.0351333767078725,4,3,1,False,True,True,True,False,False,False,True,True,True,False
FIRE+FLOOD+ARCTIC+TRANS,CBBB,1363.6,380.75,1405.0,431.5,0.655,4.075,3.725,4.25,1.1332895600787918,4,3,0,False,True,True,True,False,False,False,True,True,True,False
FIRE+FLOOD+ARCTIC+TRANS,CBBC,1358.6,377.25,1361.0,439.5,0.655,4.075,3.725,4.25,1.1650099403578529,4,3,0,False,True,True,True,False,False,False,True,True,True,False
FIRE+FLOOD+ARCTIC+TRANS,CBCA,1366.9,377.25,1350.6,401.75,0.655,4.075,3.725,4.25,1.0649436713055003,4,3,1,False,True,True,True,False,False,False,True,True,True,False
FIRE+FLOOD+ARCTIC+TRANS,CBCB,1354.4,373.75,1311.0,435.5,0.655,4.075,3.725,4.25,1.1652173913043478,4,3,0,False,True,True,True,False,False,False,True,True,True,False
FIRE+FLOOD+ARCTIC+TRANS,CBCC,1349.4,370.25,1267.0,443.5,0.655,4.075,3.725,4.25,1.1978392977717758,4,3,0,False,True,True,True,False,False,False,True,True,True,False
FIRE+FLOOD+ARCTIC+TRANS,CCAA,1392.3,386.75,1409.2,335.5,0.655,4.075,3.725,4.25,0.8674854557207499,4,3,2,False,True,True,True,True,False,False,True,True,True,False
FIRE+FLOOD+ARCTIC+TRANS,CCAB,1379.8,383.25,1369.6,369.25,0.655,4.075,3.725,4.25,0.9634703196347032,4,3,1,False,True,True,True,False,False,False,True,True,True,False
FIRE+FLOOD+ARCTIC+TRANS,CCAC,1374.8,379.75,1325.6000000000001,377.25,0.655,4.075,3.725,4.25,0.9934167215273206,4,3,1,False,True,True,True,False,False,False,True,True,True,False
FIRE+FLOOD+ARCTIC+TRANS,CCBA,1369.3,379.75,1324.6,379.25,0.655,4.075,3.725,4.25,0.9986833443054641,4,3,1,False,True,True,True,False,False,False,True,True,True,False
FIRE+FLOOD+ARCTIC+TRANS,CCBB,1356.8,376.25,1285.0,413.0,0.655,4.075,3.725,4.25,1.0976744186046512,4,3,0,False,True,True,True,False,False,False,True,True,True,False
FIRE+FLOOD+ARCTIC+TRANS,CCBC,1351.8,372.75,1241.0,421.0,0.655,4.075,3.725,4.25,1.1294433266264252,4,3,0,False,True,True,True,False,False,False,True,True,True,False
FIRE+FLOOD+ARCTIC+TRANS,CCCA,1360.1000000000001,372.75,1230.6,383.25,0.655,4.075,3.725,4.25,1.028169014084507,4,3,1,False,True,True,True,False,False,False,True,True,True,False
FIRE+FLOOD+ARCTIC+TRANS,CCCB,1347.6000000000001,369.25,1191.0,417.0,0.655,4.075,3.725,4.25,1.1293161814488828,4,3,0,False,True,True,True,False,False,False,True,True,True,False
FIRE+FLOOD+ARCTIC+TRANS,CCCC,1342.6000000000001,365.75,1147.0,425.0,0.655,4.075,3.725,4.25,1.1619958988380041,4,3,0,False,True,True,True,False,False,False,True,True,True,False
FIRE+FLOOD+ARCTIC+ENV,AAAA,1470.0,409.5,1990.0,375.0,0.645,3.975,3.675,4.25,0.9157509157509157,4,3,4,False,True,True,True,True,False,False,True,True,True,False
FIRE+FLOOD+ARCTIC+ENV,AAAB,1456.0,405.75,1925.2,402.25,0.645,3.975,3.675,4.25,0.9913739987677141,4,3,3,False,True,True,True,True,False,False,True,True,True,False
FIRE+FLOOD+ARCTIC+ENV,AAAC,1450.4,402.0,1853.2,404.25,0.645,3.975,3.675,4.25,1.0055970149253732,4,3,3,False,True,True,True,True,False,False,True,True,True,False
FIRE+FLOOD+ARCTIC+ENV,AABA,1447.0,402.5,1905.4,418.75,0.645,3.975,3.675,4.25,1.0403726708074534,4,3,3,False,True,True,True,True,False,False,True,True,True,False
FIRE+FLOOD+ARCTIC+ENV,AABB,1433.0,398.75,1840.6,446.0,0.645,3.975,3.675,4.25,1.1184952978056426,4,3,2,False,True,True,True,True,False,False,True,True,True,False
FIRE+FLOOD+ARCTIC+ENV,AABC,1427.4,395.0,1768.6,448.0,0.645,3.975,3.675,4.25,1.1341772151898735,4,3,2,False,True,True,True,True,False,False,True,True,True,False
FIRE+FLOOD+ARCTIC+ENV,AACA,1437.8,395.5,1811.4,422.75,0.645,3.975,3.675,4.25,1.0689001264222504,4,3,3,False,True,True,True,True,False,False,True,True,True,False
FIRE+FLOOD+ARCTIC+ENV,AACB,1423.8,391.75,1746.6,450.0,0.645,3.975,3.675,4.25,1.148691767708998,4,3,2,False,True,True,True,True,False,False,True,True,True,False
FIRE+FLOOD+ARCTIC+ENV,AACC,1418.2,388.0,1674.6,452.0,0.645,3.975,3.675,4.25,1.1649484536082475,4,3,2,False,True,True,True,True,False,False,True,True,True,False
FIRE+FLOOD+ARCTIC+ENV,ABAA,1453.0,405.0,1882.0,378.25,0.645,3.975,3.675,4.25,0.9339506172839506,4,3,3,False,True,True,True,True,False,False,True,True,True,False
FIRE+FLOOD+ARCTIC+ENV,ABAB,1439.0,401.25,1817.2,405.5,0.645,3.975,3.675,4.25,1.0105919003115265,4,3,2,False,True,True,True,True,False,False,True,True,True,False
FIRE+FLOOD+ARCTIC+ENV,ABAC,1433.4,397.5,1745.2,407.5,0.645,3.975,3.675,4.25,1.0251572327044025,4,3,2,False,True,True,True,True,False,False,True,True,True,False
FIRE+FLOOD+ARCTIC+ENV,ABBA,1430.0,398.0,1797.4,422.0,0.645,3.975,3.675,4.25,1.0603015075376885,4,3,2,False,True,True,True,True,False,False,True,True,True,False
FIRE+FLOOD+ARCTIC+ENV,ABBB,1416.0,394.25,1732.6,449.25,0.645,3.975,3.675,4.25,1.1395053899809766,4,3,1,False,True,True,True,False,False,False,True,True,True,False
FIRE+FLOOD+ARCTIC+ENV,ABBC,1410.4,390.5,1660.6,451.25,0.645,3.975,3.675,4.25,1.1555697823303457,4,3,1,False,True,True,True,False,False,False,True,True,True,False
FIRE+FLOOD+ARCTIC+ENV,ABCA,1420.8,391.0,1703.4,426.0,0.645,3.975,3.675,4.25,1.0895140664961638,4,3,2,False,True,True,True,True,False,False,True,True,True,False
FIRE+FLOOD+ARCTIC+ENV,ABCB,1406.8,387.25,1638.6,453.25,0.645,3.975,3.675,4.25,1.1704325371207231,4,3,1,False,True,True,True,False,False,False,True,True,True,False
FIRE+FLOOD+ARCTIC+ENV,ABCC,1401.2,383.5,1566.6,455.25,0.645,3.975,3.675,4.25,1.1870925684485008,4,3,1,False,True,True,True,False,False,False,True,True,True,False
FIRE+FLOOD+ARCTIC+ENV,ACAA,1446.2,400.5,1762.0,359.75,0.645,3.975,3.675,4.25,0.8982521847690387,4,3,3,False,True,True,True,True,False,False,True,True,True,False
FIRE+FLOOD+ARCTIC+ENV,ACAB,1432.2,396.75,1697.2,387.0,0.645,3.975,3.675,4.25,0.9754253308128544,4,3,2,False,True,True,True,True,False,False,True,True,True,False
FIRE+FLOOD+ARCTIC+ENV,ACAC,1426.6000000000001,393.0,1625.2,389.0,0.645,3.975,3.675,4.25,0.989821882951654,4,3,2,False,True,True,True,True,False,False,True,True,True,False
FIRE+FLOOD+ARCTIC+ENV,ACBA,1423.2,393.5,1677.4,403.5,0.645,3.975,3.675,4.25,1.0254129606099112,4,3,2,False,True,True,True,True,False,False,True,True,True,False
FIRE+FLOOD+ARCTIC+ENV,ACBB,1409.2,389.75,1612.6,430.75,0.645,3.975,3.675,4.25,1.1051956382296344,4,3,1,False,True,True,True,False,False,False,True,True,True,False
FIRE+FLOOD+ARCTIC+ENV,ACBC,1403.6000000000001,386.0,1540.6,432.75,0.645,3.975,3.675,4.25,1.1211139896373057,4,3,1,False,True,True,True,False,False,False,True,True,True,False
FIRE+FLOOD+ARCTIC+ENV,ACCA,1414.0,386.5,1583.4,407.5,0.645,3.975,3.675,4.25,1.054333764553687,4,3,2,False,True,True,True,True,False,False,True,True,True,False
FIRE+FLOOD+ARCTIC+ENV,ACCB,1400.0,382.75,1518.6,434.75,0.645,3.975,3.675,4.25,1.1358589157413455,4,3,1,False,True,True,True,False,False,False,True,True,True,False
FIRE+FLOOD+ARCTIC+ENV,ACCC,1394.4,379.0,1446.6,436.75,0.645,3.975,3.675,4.25,1.1523746701846966,4,3,1,False,True,True,True,False,False,False,True,True,True,False
FIRE+FLOOD+ARCTIC+ENV,BAAA,1454.0,405.25,1889.2,375.75,0.645,3.975,3.675,4.25,0.9272054287476866,4,3,3,False,True,True,True,True,False,False,True,True,True,False
FIRE+FLOOD+ARCTIC+ENV,BAAB,1440.0,401.5,1824.4,403.0,0.645,3.975,3.675,4.25,1.00373599003736,4,3,2,False,True,True,True,True,False,False,True,True,True,False
FIRE+FLOOD+ARCTIC+ENV,BAAC,1434.4,397.75,1752.4,405.0,0.645,3.975,3.675,4.25,1.0182275298554369,4,3,2,False,True,True,True,True,False,False,True,True,True,False
FIRE+FLOOD+ARCTIC+ENV,BABA,1431.0,398.25,1804.6,419.5,0.645,3.975,3.675,4.25,1.0533584431889516,4,3,2,False,True,True,True,True,False,False,True,True,True,False
FIRE+FLOOD+ARCTIC+ENV,BABB,1417.0,394.5,1739.8,446.75,0.645,3.975,3.675,4.25,1.132446134347275,4,3,1,False,True,True,True,False,False,False,True,True,True,False
FIRE+FLOOD+ARCTIC+ENV,BABC,1411.4,390.75,1667.8,448.75,0.645,3.975,3.675,4.25,1.148432501599488,4,3,1,False,True,True,True,False,False,False,True,True,True,False
FIRE+FLOOD+ARCTIC+ENV,BACA,1421.8,391.25,1710.6,423.5,0.645,3.975,3.675,4.25,1.0824281150159745,4,3,2,False,True,True,True,True,False,False,True,True,True,False
FIRE+FLOOD+ARCTIC+ENV,BACB,1407.8,387.5,1645.8,450.75,0.645,3.975,3.675,4.25,1.163225806451613,4,3,1,False,True,True,True,False,False,False,True,True,True,False
FIRE+FLOOD+ARCTIC+ENV,BACC,1402.2,383.75,1573.8,452.75,0.645,3.975,3.675,4.25,1.1798045602605862,4,3,1,False,True,True,True,False,False,False,True,True,True,False
FIRE+FLOOD+ARCTIC+ENV,BBAA,1437.0,400.75,1781.2,379.0,0.645,3.975,3.675,4.25,0.9457267623206488,4,3,2,False,True,True,True,True,False,False,True,True,True,False
FIRE+FLOOD+ARCTIC+ENV,BBAB,1423.0,397.0,1716.4,406.25,0.645,3.975,3.675,4.25,1.0232997481108312,4,3,1,False,True,True,True,False,False,False,True,True,True,False
FIRE+FLOOD+ARCTIC+ENV,BBAC,1417.4,393.25,1644.4,408.25,0.645,3.975,3.675,4.25,1.038143674507311,4,3,1,False,True,True,True,False,False,False,True,True,True,False
FIRE+FLOOD+ARCTIC+ENV,BBBA,1414.0,393.75,1696.6,422.75,0.645,3.975,3.675,4.25,1.0736507936507937,4,3,1,False,True,True,True,False,False,False,True,True,True,False
FIRE+FLOOD+ARCTIC+ENV,BBBB,1400.0,390.0,1631.8,450.0,0.645,3.975,3.675,4.25,1.1538461538461537,4,3,0,False,True,True,True,False,False,False,True,True,True,False
FIRE+FLOOD+ARCTIC+ENV,BBBC,1394.4,386.25,1559.8,452.0,0.645,3.975,3.675,4.25,1.1702265372168286,4,3,0,False,True,True,True,False,False,False,True,True,True,False
FIRE+FLOOD+ARCTIC+ENV,BBCA,1404.8,386.75,1602.6,426.75,0.645,3.975,3.675,4.25,1.103425985778927,4,3,1,False,True,True,True,False,False,False,True,True,True,False
FIRE+FLOOD+ARCTIC+ENV,BBCB,1390.8,383.0,1537.8,454.0,0.645,3.975,3.675,4.25,1.185378590078329,4,3,0,False,True,True,True,False,False,False,True,True,True,False
FIRE+FLOOD+ARCTIC+ENV,BBCC,1385.2,379.25,1465.8,456.0,0.645,3.975,3.675,4.25,1.2023731048121291,4,3,0,False,True,True,True,False,False,False,True,True,True,False
FIRE+FLOOD+ARCTIC+ENV,BCAA,1430.2,396.25,1661.2,360.5,0.645,3.975,3.675,4.25,0.9097791798107255,4,3,2,False,True,True,True,True,False,False,True,True,True,False
FIRE+FLOOD+ARCTIC+ENV,BCAB,1416.2,392.5,1596.4,387.75,0.645,3.975,3.675,4.25,0.9878980891719745,4,3,1,False,True,True,True,False,False,False,True,True,True,False
FIRE+FLOOD+ARCTIC+ENV,BCAC,1410.6000000000001,388.75,1524.4,389.75,0.645,3.975,3.675,4.25,1.002572347266881,4,3,1,False,True,True,True,False,False,False,True,True,True,False
FIRE+FLOOD+ARCTIC+ENV,BCBA,1407.2,389.25,1576.6,404.25,0.645,3.975,3.675,4.25,1.0385356454720616,4,3,1,False,True,True,True,False,False,False,True,True,True,False
FIRE+FLOOD+ARCTIC+ENV,BCBB,1393.2,385.5,1511.8,431.5,0.645,3.975,3.675,4.25,1.119325551232166,4,3,0,False,True,True,True,False,False,False,True,True,True,False
FIRE+FLOOD+ARCTIC+ENV,BCBC,1387.6000000000001,381.75,1439.8,433.5,0.645,3.975,3.675,4.25,1.1355599214145382,4,3,0,False,True,True,True,False,False,False,True,True,True,False
FIRE+FLOOD+ARCTIC+ENV,BCCA,1398.0,382.25,1482.6,408.25,0.645,3.975,3.675,4.25,1.0680183126226293,4,3,1,False,True,True,True,False,False,False,True,True,True,False
FIRE+FLOOD+ARCTIC+ENV,BCCB,1384.0,378.5,1417.8,435.5,0.645,3.975,3.675,4.25,1.1505944517833553,4,3,0,False,True,True,True,False,False,False,True,True,True,False
FIRE+FLOOD+ARCTIC+ENV,BCCC,1378.4,374.75,1345.8,437.5,0.645,3.975,3.675,4.25,1.1674449633088726,4,3,0,False,True,True,True,False,False,False,True,True,True,False
FIRE+FLOOD+ARCTIC+ENV,CAAA,1447.6,401.0,1777.2,358.25,0.645,3.975,3.675,4.25,0.8933915211970075,4,3,3,False,True,True,True,True,False,False,True,True,True,False
FIRE+FLOOD+ARCTIC+ENV,CAAB,1433.6,397.25,1712.4,385.5,0.645,3.975,3.675,4.25,0.9704216488357458,4,3,2,False,True,True,True,True,False,False,True,True,True,False
FIRE+FLOOD+ARCTIC+ENV,CAAC,1428.0,393.5,1640.4,387.5,0.645,3.975,3.675,4.25,0.9847522236340533,4,3,2,False,True,True,True,True,False,False,True,True,True,False
FIRE+FLOOD+ARCTIC+ENV,CABA,1424.6,394.0,1692.6,402.0,0.645,3.975,3.675,4.25,1.0203045685279188,4,3,2,False,True,True,True,True,False,False,True,True,True,False
FIRE+FLOOD+ARCTIC+ENV,CABB,1410.6,390.25,1627.8,429.25,0.645,3.975,3.675,4.25,1.0999359385009608,4,3,1,False,True,True,True,False,False,False,True,True,True,False
FIRE+FLOOD+ARCTIC+ENV,CABC,1405.0,386.5,1555.8,431.25,0.645,3.975,3.675,4.25,1.1157826649417852,4,3,1,False,True,True,True,False,False,False,True,True,True,False
FIRE+FLOOD+ARCTIC+ENV,CACA,1415.4,387.0,1598.6,406.0,0.645,3.975,3.675,4.25,1.049095607235142,4,3,2,False,True,True,True,True,False,False,True,True,True,False
FIRE+FLOOD+ARCTIC+ENV,CACB,1401.4,383.25,1533.8,433.25,0.645,3.975,3.675,4.25,1.1304631441617743,4,3,1,False,True,True,True,False,False,False,True,True,True,False
FIRE+FLOOD+ARCTIC+ENV,CACC,1395.8000000000002,379.5,1461.8,435.25,0.645,3.975,3.675,4.25,1.1469038208168643,4,3,1,False,True,True,True,False,False,False,True,True,True,False
FIRE+FLOOD+ARCTIC+ENV,CBAA,1430.6,396.5,1669.2,361.5,0.645,3.975,3.675,4.25,0.9117276166456494,4,3,2,False,True,True,True,True,False,False,True,True,True,False
FIRE+FLOOD+ARCTIC+ENV,CBAB,1416.6,392.75,1604.4,388.75,0.645,3.975,3.675,4.25,0.9898154042011458,4,3,1,False,True,True,True,False,False,False,True,True,True,False
FIRE+FLOOD+ARCTIC+ENV,CBAC,1411.0,389.0,1532.4,390.75,0.645,3.975,3.675,4.25,1.0044987146529563,4,3,1,False,True,True,True,False,False,False,True,True,True,False
FIRE+FLOOD+ARCTIC+ENV,CBBA,1407.6,389.5,1584.6,405.25,0.645,3.975,3.675,4.25,1.0404364569961488,4,3,1,False,True,True,True,False,False,False,True,True,True,False
FIRE+FLOOD+ARCTIC+ENV,CBBB,1393.6,385.75,1519.8,432.5,0.645,3.975,3.675,4.25,1.121192482177576,4,3,0,False,True,True,True,False,False,False,True,True,True,False
FIRE+FLOOD+ARCTIC+ENV,CBBC,1388.0,382.0,1447.8,434.5,0.645,3.975,3.675,4.25,1.137434554973822,4,3,0,False,True,True,True,False,False,False,True,True,True,False
FIRE+FLOOD+ARCTIC+ENV,CBCA,1398.4,382.5,1490.6,409.25,0.645,3.975,3.675,4.25,1.0699346405228758,4,3,1,False,True,True,True,False,False,False,True,True,True,False
FIRE+FLOOD+ARCTIC+ENV,CBCB,1384.4,378.75,1425.8,436.5,0.645,3.975,3.675,4.25,1.1524752475247524,4,3,0,False,True,True,True,False,False,False,True,True,True,False
FIRE+FLOOD+ARCTIC+ENV,CBCC,1378.8000000000002,375.0,1353.8,438.5,0.645,3.975,3.675,4.25,1.1693333333333333,4,3,0,False,True,True,True,False,False,False,True,True,True,False
FIRE+FLOOD+ARCTIC+ENV,CCAA,1423.8,392.0,1549.2,343.0,0.645,3.975,3.675,4.25,0.875,4,3,2,False,True,True,True,True,False,False,True,True,True,False
FIRE+FLOOD+ARCTIC+ENV,CCAB,1409.8,388.25,1484.4,370.25,0.645,3.975,3.675,4.25,0.9536381197681906,4,3,1,False,True,True,True,False,False,False,True,True,True,False
FIRE+FLOOD+ARCTIC+ENV,CCAC,1404.2,384.5,1412.4,372.25,0.645,3.975,3.675,4.25,0.9681404421326398,4,3,1,False,True,True,True,False,False,False,True,True,True,False
FIRE+FLOOD+ARCTIC+ENV,CCBA,1400.8,385.0,1464.6,386.75,0.645,3.975,3.675,4.25,1.0045454545454546,4,3,1,False,True,True,True,False,False,False,True,True,True,False
FIRE+FLOOD+ARCTIC+ENV,CCBB,1386.8,381.25,1399.8,414.0,0.645,3.975,3.675,4.25,1.0859016393442622,4,3,0,False,True,True,True,False,False,False,True,True,True,False
FIRE+FLOOD+ARCTIC+ENV,CCBC,1381.2,377.5,1327.8,416.0,0.645,3.975,3.675,4.25,1.1019867549668874,4,3,0,False,True,True,True,False,False,False,True,True,True,False
FIRE+FLOOD+ARCTIC+ENV,CCCA,1391.6000000000001,378.0,1370.6,390.75,0.645,3.975,3.675,4.25,1.0337301587301588,4,3,1,False,True,True,True,False,False,False,True,True,True,False
FIRE+FLOOD+ARCTIC+ENV,CCCB,1377.6000000000001,374.25,1305.8,418.0,0.645,3.975,3.675,4.25,1.1169004676018703,4,3,0,False,True,True,True,False,False,False,True,True,True,False
FIRE+FLOOD+ARCTIC+ENV,CCCC,1372.0000000000002,370.5,1233.8,420.0,0.645,3.975,3.675,4.25,1.1336032388663968,4,3,0,False,True,True,True,False,False,False,True,True,True,False
FIRE+FLOOD+ARCTIC+SSA,AAAA,1522.5,430.5,1970.0,388.75,0.6225,3.775,3.4,4.300000000000001,0.9030197444831591,3,4,4,False,True,True,True,True,False,False,True,True,False,False
FIRE+FLOOD+ARCTIC+SSA,AAAB,1506.0,425.75,1908.8,420.75,0.6225,3.775,3.4,4.300000000000001,0.98825601879037,3,4,3,False,True,True,True,True,False,False,True,True,False,False
FIRE+FLOOD+ARCTIC+SSA,AAAC,1499.4,421.0,1840.8,423.0,0.6225,3.775,3.4,4.300000000000001,1.004750593824228,3,4,3,False,True,True,True,True,False,False,True,True,False,False
FIRE+FLOOD+ARCTIC+SSA,AABA,1499.5,423.5,1885.4,432.5,0.6225,3.775,3.4,4.300000000000001,1.0212514757969304,3,4,3,False,True,True,True,True,False,False,True,True,False,False
FIRE+FLOOD+ARCTIC+SSA,AABB,1483.0,418.75,1824.2,464.5,0.6225,3.775,3.4,4.300000000000001,1.1092537313432835,3,4,2,False,True,True,True,True,False,False,True,True,False,False
FIRE+FLOOD+ARCTIC+SSA,AABC,1476.4,414.0,1756.2,466.75,0.6225,3.775,3.4,4.300000000000001,1.127415458937198,3,4,2,False,True,True,True,True,False,False,True,True,False,False
FIRE+FLOOD+ARCTIC+SSA,AACA,1490.3,416.5,1791.4,436.5,0.6225,3.775,3.4,4.300000000000001,1.0480192076830732,3,4,3,False,True,True,True,True,False,False,True,True,False,False
FIRE+FLOOD+ARCTIC+SSA,AACB,1473.8,411.75,1730.2,468.5,0.6225,3.775,3.4,4.300000000000001,1.137826350941105,3,4,2,False,True,True,True,True,False,False,True,True,False,False
FIRE+FLOOD+ARCTIC+SSA,AACC,1467.1999999999998,407.0,1662.2,470.75,0.6225,3.775,3.4,4.300000000000001,1.1566339066339066,3,4,2,False,True,True,True,True,False,False,True,True,False,False
FIRE+FLOOD+ARCTIC+SSA,ABAA,1505.5,426.0,1862.0,392.0,0.6225,3.775,3.4,4.300000000000001,0.92018779342723,3,4,3,False,True,True,True,True,False,False,True,True,False,False
FIRE+FLOOD+ARCTIC+SSA,ABAB,1489.0,421.25,1800.8,424.0,0.6225,3.775,3.4,4.300000000000001,1.0065281899109793,3,4,2,False,True,True,True,True,False,False,True,True,False,False
FIRE+FLOOD+ARCTIC+SSA,ABAC,1482.4,416.5,1732.8,426.25,0.6225,3.775,3.4,4.300000000000001,1.0234093637454982,3,4,2,False,True,True,True,True,False,False,True,True,False,False
FIRE+FLOOD+ARCTIC+SSA,ABBA,1482.5,419.0,1777.3999999999999,435.75,0.6225,3.775,3.4,4.300000000000001,1.0399761336515514,3,4,2,False,True,True,True,True,False,False,True,True,False,False
FIRE+FLOOD+ARCTIC+SSA,ABBB,1466.0,414.25,1716.1999999999998,467.75,0.6225,3.775,3.4,4.300000000000001,1.1291490645745323,3,4,1,False,True,True,True,False,False,False,True,True,False,False
FIRE+FLOOD+ARCTIC+SSA,ABBC,1459.4,409.5,1648.1999999999998,470.0,0.6225,3.775,3.4,4.300000000000001,1.1477411477411477,3,4,1,False,True,True,True,False,False,False,True,True,False,False
FIRE+FLOOD+ARCTIC+SSA,ABCA,1473.3,412.0,1683.3999999999999,439.75,0.6225,3.775,3.4,4.300000000000001,1.0673543689320388,3,4,2,False,True,True,True,True,False,False,True,True,False,False
FIRE+FLOOD+ARCTIC+SSA,ABCB,1456.8,407.25,1622.1999999999998,471.75,0.6225,3.775,3.4,4.300000000000001,1.1583793738489871,3,4,1,False,True,True,True,False,False,False,True,True,False,False
FIRE+FLOOD+ARCTIC+SSA,ABCC,1450.1999999999998,402.5,1554.1999999999998,474.0,0.6225,3.775,3.4,4.300000000000001,1.177639751552795,3,4,1,False,True,True,True,False,False,False,True,True,False,False
FIRE+FLOOD+ARCTIC+SSA,ACAA,1498.7,421.5,1742.0,373.5,0.6225,3.775,3.4,4.300000000000001,0.8861209964412812,3,4,3,False,True,True,True,True,False,False,True,True,False,False
FIRE+FLOOD+ARCTIC+SSA,ACAB,1482.2,416.75,1680.8,405.5,0.6225,3.775,3.4,4.300000000000001,0.973005398920216,3,4,2,False,True,True,True,True,False,False,True,True,False,False
FIRE+FLOOD+ARCTIC+SSA,ACAC,1475.6,412.0,1612.8,407.75,0.6225,3.775,3.4,4.300000000000001,0.9896844660194175,3,4,2,False,True,True,True,True,False,False,True,True,False,False
FIRE+FLOOD+ARCTIC+SSA,ACBA,1475.7,414.5,1657.4,417.25,0.6225,3.775,3.4,4.300000000000001,1.0066344993968637,3,4,2,False,True,True,True,True,False,False,True,True,False,False
FIRE+FLOOD+ARCTIC+SSA,ACBB,1459.2,409.75,1596.2,449.25,0.6225,3.775,3.4,4.300000000000001,1.0964002440512508,3,4,1,False,True,True,True,False,False,False,True,True,False,False
FIRE+FLOOD+ARCTIC+SSA,ACBC,1452.6,405.0,1528.2,451.5,0.6225,3.775,3.4,4.300000000000001,1.114814814814815,3,4,1,False,True,True,True,False,False,False,True,True,False,False
FIRE+FLOOD+ARCTIC+SSA,ACCA,1466.5,407.5,1563.4,421.25,0.6225,3.775,3.4,4.300000000000001,1.0337423312883436,3,4,2,False,True,True,True,True,False,False,True,True,False,False
FIRE+FLOOD+ARCTIC+SSA,ACCB,1450.0,402.75,1502.2,453.25,0.6225,3.775,3.4,4.300000000000001,1.1253879577901924,3,4,1,False,True,True,True,False,False,False,True,True,False,False
FIRE+FLOOD+ARCTIC+SSA,ACCC,1443.4,398.0,1434.2,455.5,0.6225,3.775,3.4,4.300000000000001,1.1444723618090453,3,4,1,False,True,True,True,False,False,False,True,True,False,False
FIRE+FLOOD+ARCTIC+SSA,BAAA,1506.5,426.25,1869.2,389.5,0.6225,3.775,3.4,4.300000000000001,0.9137829912023461,3,4,3,False,True,True,True,True,False,False,True,True,False,False
FIRE+FLOOD+ARCTIC+SSA,BAAB,1490.0,421.5,1808.0,421.5,0.6225,3.775,3.4,4.300000000000001,1.0,3,4,2,False,True,True,True,True,False,False,True,True,False,False
FIRE+FLOOD+ARCTIC+SSA,BAAC,1483.4,416.75,1740.0,423.75,0.6225,3.775,3.4,4.300000000000001,1.0167966406718656,3,4,2,False,True,True,True,True,False,False,True,True,False,False
FIRE+FLOOD+ARCTIC+SSA,BABA,1483.5,419.25,1784.6,433.25,0.6225,3.775,3.4,4.300000000000001,1.0333929636255217,3,4,2,False,True,True,True,True,False,False,True,True,False,False
FIRE+FLOOD+ARCTIC+SSA,BABB,1467.0,414.5,1723.3999999999999,465.25,0.6225,3.775,3.4,4.300000000000001,1.1224366706875755,3,4,1,False,True,True,True,False,False,False,True,True,False,False
FIRE+FLOOD+ARCTIC+SSA,BABC,1460.4,409.75,1655.3999999999999,467.5,0.6225,3.775,3.4,4.300000000000001,1.1409395973154361,3,4,1,False,True,True,True,False,False,False,True,True,False,False
FIRE+FLOOD+ARCTIC+SSA,BACA,1474.3,412.25,1690.6,437.25,0.6225,3.775,3.4,4.300000000000001,1.0606428138265616,3,4,2,False,True,True,True,True,False,False,True,True,False,False
FIRE+FLOOD+ARCTIC+SSA,BACB,1457.8,407.5,1629.3999999999999,469.25,0.6225,3.775,3.4,4.300000000000001,1.1515337423312884,3,4,1,False,True,True,True,False,False,False,True,True,False,False
FIRE+FLOOD+ARCTIC+SSA,BACC,1451.1999999999998,402.75,1561.3999999999999,471.5,0.6225,3.775,3.4,4.300000000000001,1.170701427684668,3,4,1,False,True,True,True,False,False,False,True,True,False,False
FIRE+FLOOD+ARCTIC+SSA,BBAA,1489.5,421.75,1761.2,392.75,0.6225,3.775,3.4,4.300000000000001,0.9312388855957321,3,4,2,False,True,True,True,True,False,False,True,True,False,False
FIRE+FLOOD+ARCTIC+SSA,BBAB,1473.0,417.0,1700.0,424.75,0.6225,3.775,3.4,4.300000000000001,1.0185851318944845,3,4,1,False,True,True,True,False,False,False,True,True,False,False
FIRE+FLOOD+ARCTIC+SSA,BBAC,1466.4,412.25,1632.0,427.0,0.6225,3.775,3.4,4.300000000000001,1.0357792601576714,3,4,1,False,True,True,True,False,False,False,True,True,False,False
FIRE+FLOOD+ARCTIC+SSA,BBBA,1466.5,414.75,1676.6,436.5,0.6225,3.775,3.4,4.300000000000001,1.0524412296564196,3,4,1,False,True,True,True,False,False,False,True,True,False,False
FIRE+FLOOD+ARCTIC+SSA,BBBB,1450.0,410.0,1615.3999999999999,468.5,0.6225,3.775,3.4,4.300000000000001,1.1426829268292682,3,4,0,False,True,True,True,False,False,False,True,True,False,False
FIRE+FLOOD+ARCTIC+SSA,BBBC,1443.4,405.25,1547.3999999999999,470.75,0.6225,3.775,3.4,4.300000000000001,1.161628624305984,3,4,0,False,True,True,True,False,False,False,True,True,False,False
FIRE+FLOOD+ARCTIC+SSA,BBCA,1457.3,407.75,1582.6,440.5,0.6225,3.775,3.4,4.300000000000001,1.080318822808093,3,4,1,False,True,True,True,False,False,False,True,True,False,False
FIRE+FLOOD+ARCTIC+SSA,BBCB,1440.8,403.0,1521.3999999999999,472.5,0.6225,3.775,3.4,4.300000000000001,1.1724565756823822,3,4,0,False,True,True,True,False,False,False,True,True,False,False
FIRE+FLOOD+ARCTIC+SSA,BBCC,1434.1999999999998,398.25,1453.3999999999999,474.75,0.6225,3.775,3.4,4.300000000000001,1.192090395480226,3,4,0,False,True,True,True,False,False,False,True,True,False,False
FIRE+FLOOD+ARCTIC+SSA,BCAA,1482.7,417.25,1641.2,374.25,0.6225,3.775,3.4,4.300000000000001,0.8969442780107849,3,4,2,False,True,True,True,True,False,False,True,True,False,False
FIRE+FLOOD+ARCTIC+SSA,BCAB,1466.2,412.5,1580.0,406.25,0.6225,3.775,3.4,4.300000000000001,0.9848484848484849,3,4,1,False,True,True,True,False,False,False,True,True,False,False
FIRE+FLOOD+ARCTIC+SSA,BCAC,1459.6,407.75,1512.0,408.5,0.6225,3.775,3.4,4.300000000000001,1.0018393623543838,3,4,1,False,True,True,True,False,False,False,True,True,False,False
FIRE+FLOOD+ARCTIC+SSA,BCBA,1459.7,410.25,1556.6,418.0,0.6225,3.775,3.4,4.300000000000001,1.0188909201706278,3,4,1,False,True,True,True,False,False,False,True,True,False,False
FIRE+FLOOD+ARCTIC+SSA,BCBB,1443.2,405.5,1495.3999999999999,450.0,0.6225,3.775,3.4,4.300000000000001,1.1097410604192355,3,4,0,False,True,True,True,False,False,False,True,True,False,False
FIRE+FLOOD+ARCTIC+SSA,BCBC,1436.6,400.75,1427.3999999999999,452.25,0.6225,3.775,3.4,4.300000000000001,1.1285090455396132,3,4,0,False,True,True,True,False,False,False,True,True,False,False
FIRE+FLOOD+ARCTIC+SSA,BCCA,1450.5,403.25,1462.6,422.0,0.6225,3.775,3.4,4.300000000000001,1.04649721016739,3,4,1,False,True,True,True,False,False,False,True,True,False,False
FIRE+FLOOD+ARCTIC+SSA,BCCB,1434.0,398.5,1401.3999999999999,454.0,0.6225,3.775,3.4,4.300000000000001,1.1392722710163112,3,4,0,False,True,True,True,False,False,False,True,True,False,False
FIRE+FLOOD+ARCTIC+SSA,BCCC,1427.4,393.75,1333.3999999999999,456.25,0.6225,3.775,3.4,4.300000000000001,1.1587301587301588,3,4,0,False,True,True,True,False,False,False,True,True,False,False
FIRE+FLOOD+ARCTIC+SSA,CAAA,1500.1,422.0,1757.2,372.0,0.6225,3.775,3.4,4.300000000000001,0.8815165876777251,3,4,3,False,True,True,True,True,False,False,True,True,False,False
FIRE+FLOOD+ARCTIC+SSA,CAAB,1483.6,417.25,1696.0,404.0,0.6225,3.775,3.4,4.300000000000001,0.9682444577591373,3,4,2,False,True,True,True,True,False,False,True,True,False,False
FIRE+FLOOD+ARCTIC+SSA,CAAC,1477.0,412.5,1628.0,406.25,0.6225,3.775,3.4,4.300000000000001,0.9848484848484849,3,4,2,False,True,True,True,True,False,False,True,True,False,False
FIRE+FLOOD+ARCTIC+SSA,CABA,1477.1,415.0,1672.6,415.75,0.6225,3.775,3.4,4.300000000000001,1.0018072289156625,3,4,2,False,True,True,True,True,False,False,True,True,False,False
FIRE+FLOOD+ARCTIC+SSA,CABB,1460.6,410.25,1611.3999999999999,447.75,0.6225,3.775,3.4,4.300000000000001,1.0914076782449726,3,4,1,False,True,True,True,False,False,False,True,True,False,False
FIRE+FLOOD+ARCTIC+SSA,CABC,1454.0,405.5,1543.3999999999999,450.0,0.6225,3.775,3.4,4.300000000000001,1.1097410604192355,3,4,1,False,True,True,True,False,False,False,True,True,False,False
FIRE+FLOOD+ARCTIC+SSA,CACA,1467.9,408.0,1578.6,419.75,0.6225,3.775,3.4,4.300000000000001,1.0287990196078431,3,4,2,False,True,True,True,True,False,False,True,True,False,False
FIRE+FLOOD+ARCTIC+SSA,CACB,1451.4,403.25,1517.3999999999999,451.75,0.6225,3.775,3.4,4.300000000000001,1.120272783632982,3,4,1,False,True,True,True,False,False,False,True,True,False,False
FIRE+FLOOD+ARCTIC+SSA,CACC,1444.8000000000002,398.5,1449.3999999999999,454.0,0.6225,3.775,3.4,4.300000000000001,1.1392722710163112,3,4,1,False,True,True,True,False,False,False,True,True,False,False
FIRE+FLOOD+ARCTIC+SSA,CBAA,1483.1,417.5,1649.2,375.25,0.6225,3.775,3.4,4.300000000000001,0.8988023952095808,3,4,2,False,True,True,True,True,False,False,True,True,False,False
FIRE+FLOOD+ARCTIC+SSA,CBAB,1466.6,412.75,1588.0,407.25,0.6225,3.775,3.4,4.300000000000001,0.9866747425802543,3,4,1,False,True,True,True,False,False,False,True,True,False,False
FIRE+FLOOD+ARCTIC+SSA,CBAC,1460.0,408.0,1520.0,409.5,0.6225,3.775,3.4,4.300000000000001,1.0036764705882353,3,4,1,False,True,True,True,False,False,False,True,True,False,False
FIRE+FLOOD+ARCTIC+SSA,CBBA,1460.1,410.5,1564.6,419.0,0.6225,3.775,3.4,4.300000000000001,1.020706455542022,3,4,1,False,True,True,True,False,False,False,True,True,False,False
FIRE+FLOOD+ARCTIC+SSA,CBBB,1443.6,405.75,1503.3999999999999,451.0,0.6225,3.775,3.4,4.300000000000001,1.1115218730745533,3,4,0,False,True,True,True,False,False,False,True,True,False,False
FIRE+FLOOD+ARCTIC+SSA,CBBC,1437.0,401.0,1435.3999999999999,453.25,0.6225,3.775,3.4,4.300000000000001,1.130299251870324,3,4,0,False,True,True,True,False,False,False,True,True,False,False
FIRE+FLOOD+ARCTIC+SSA,CBCA,1450.9,403.5,1470.6,423.0,0.6225,3.775,3.4,4.300000000000001,1.0483271375464684,3,4,1,False,True,True,True,False,False,False,True,True,False,False
FIRE+FLOOD+ARCTIC+SSA,CBCB,1434.4,398.75,1409.3999999999999,455.0,0.6225,3.775,3.4,4.300000000000001,1.141065830721003,3,4,0,False,True,True,True,False,False,False,True,True,False,False
FIRE+FLOOD+ARCTIC+SSA,CBCC,1427.8000000000002,394.0,1341.3999999999999,457.25,0.6225,3.775,3.4,4.300000000000001,1.1605329949238579,3,4,0,False,True,True,True,False,False,False,True,True,False,False
FIRE+FLOOD+ARCTIC+SSA,CCAA,1476.3,413.0,1529.2,356.75,0.6225,3.775,3.4,4.300000000000001,0.8638014527845036,3,4,2,False,True,True,True,True,False,False,True,True,False,False
FIRE+FLOOD+ARCTIC+SSA,CCAB,1459.8,408.25,1468.0,388.75,0.6225,3.775,3.4,4.300000000000001,0.9522351500306185,3,4,1,False,True,True,True,False,False,False,True,True,False,False
FIRE+FLOOD+ARCTIC+SSA,CCAC,1453.1999999999998,403.5,1400.0,391.0,0.6225,3.775,3.4,4.300000000000001,0.9690210656753407,3,4,1,False,True,True,True,False,False,False,True,True,False,False
FIRE+FLOOD+ARCTIC+SSA,CCBA,1453.3,406.0,1444.6,400.5,0.6225,3.775,3.4,4.300000000000001,0.9864532019704434,3,4,1,False,True,True,True,False,False,False,True,True,False,False
FIRE+FLOOD+ARCTIC+SSA,CCBB,1436.8,401.25,1383.3999999999999,432.5,0.6225,3.775,3.4,4.300000000000001,1.0778816199376946,3,4,0,False,True,True,True,False,False,False,True,True,False,False
FIRE+FLOOD+ARCTIC+SSA,CCBC,1430.1999999999998,396.5,1315.3999999999999,434.75,0.6225,3.775,3.4,4.300000000000001,1.096469104665826,3,4,0,False,True,True,True,False,False,False,True,True,False,False
FIRE+FLOOD+ARCTIC+SSA,CCCA,1444.1000000000001,399.0,1350.6,404.5,0.6225,3.775,3.4,4.300000000000001,1.0137844611528821,3,4,1,False,True,True,True,False,False,False,True,True,False,False
FIRE+FLOOD+ARCTIC+SSA,CCCB,1427.6000000000001,394.25,1289.3999999999999,436.5,0.6225,3.775,3.4,4.300000000000001,1.10716550412175,3,4,0,False,True,True,True,False,False,False,True,True,False,False
FIRE+FLOOD+ARCTIC+SSA,CCCC,1421.0,389.5,1221.3999999999999,438.75,0.6225,3.775,3.4,4.300000000000001,1.126444159178434,3,4,0,False,True,True,True,False,False,False,True,True,False,False
FIRE+FLOOD+TRANS+ENV,AAAA,1249.5,336.0,1740.0,325.0,0.7000000000000001,4.375,4.075,4.5249999999999995,0.9672619047619048,4,2,4,True,True,True,True,True,True,True,True,True,True,False
FIRE+FLOOD+TRANS+ENV,AAAB,1235.5,332.25,1675.2,352.25,0.7000000000000001,4.375,4.075,4.5249999999999995,1.0601956358164033,4,2,3,True,True,True,True,True,True,True,True,True,True,False
FIRE+FLOOD+TRANS+ENV,AAAC,1229.9,328.5,1603.2,354.25,0.7000000000000001,4.375,4.075,4.5249999999999995,1.078386605783866,4,2,3,True,True,True,True,True,True,True,True,True,True,False
FIRE+FLOOD+TRANS+ENV,AABA,1237.0,332.5,1700.4,358.75,0.7000000000000001,4.375,4.075,4.5249999999999995,1.0789473684210527,4,2,3,True,True,True,True,True,True,True,True,True,True,False
FIRE+FLOOD+TRANS+ENV,AABB,1223.0,328.75,1635.6,386.0,0.7000000000000001,4.375,4.075,4.5249999999999995,1.1741444866920152,4,2,2,True,True,True,True,True,True,True,True,True,True,False
FIRE+FLOOD+TRANS+ENV,AABC,1217.4,325.0,1563.6,388.0,0.7000000000000001,4.375,4.075,4.5249999999999995,1.1938461538461538,4,2,2,True,True,True,True,True,True,True,True,True,True,False
FIRE+FLOOD+TRANS+ENV,AACA,1232.0,329.0,1656.4,366.75,0.7000000000000001,4.375,4.075,4.5249999999999995,1.114741641337386,4,2,3,True,True,True,True,True,True,True,True,True,True,False
FIRE+FLOOD+TRANS+ENV,AACB,1218.0,325.25,1591.6000000000001,394.0,0.7000000000000001,4.375,4.075,4.5249999999999995,1.2113758647194466,4,2,2,True,True,True,True,True,True,True,True,True,True,False
FIRE+FLOOD+TRANS+ENV,AACC,1212.4,321.5,1519.6000000000001,396.0,0.7000000000000001,4.375,4.075,4.5249999999999995,1.2317262830482114,4,2,2,True,True,True,True,True,True,True,True,True,True,False
FIRE+FLOOD+TRANS+ENV,ABAA,1232.5,331.5,1632.0,328.25,0.7000000000000001,4.375,4.075,4.5249999999999995,0.9901960784313726,4,2,3,True,True,True,True,True,True,True,True,True,True,False
FIRE+FLOOD+TRANS+ENV,ABAB,1218.5,327.75,1567.2,355.5,0.7000000000000001,4.375,4.075,4.5249999999999995,1.0846681922196797,4,2,2,True,True,True,True,True,True,True,True,True,True,False
FIRE+FLOOD+TRANS+ENV,ABAC,1212.9,324.0,1495.2,357.5,0.7000000000000001,4.375,4.075,4.5249999999999995,1.103395061728395,4,2,2,True,True,True,True,True,True,True,True,True,True,False
FIRE+FLOOD+TRANS+ENV,ABBA,1220.0,328.0,1592.4,362.0,0.7000000000000001,4.375,4.075,4.5249999999999995,1.103658536585366,4,2,2,True,True,True,True,True,True,True,True,True,True,False
FIRE+FLOOD+TRANS+ENV,ABBB,1206.0,324.25,1527.6,389.25,0.7000000000000001,4.375,4.075,4.5249999999999995,1.200462606013878,4,2,1,False,True,True,True,False,True,True,True,True,True,False
FIRE+FLOOD+TRANS+ENV,ABBC,1200.4,320.5,1455.6,391.25,0.7000000000000001,4.375,4.075,4.5249999999999995,1.2207488299531981,4,2,1,False,True,True,True,False,True,True,True,True,True,False
FIRE+FLOOD+TRANS+ENV,ABCA,1215.0,324.5,1548.4,370.0,0.7000000000000001,4.375,4.075,4.5249999999999995,1.140215716486903,4,2,2,True,True,True,True,True,True,True,True,True,True,False
FIRE+FLOOD+TRANS+ENV,ABCB,1201.0,320.75,1483.6000000000001,397.25,0.7000000000000001,4.375,4.075,4.5249999999999995,1.2385035074045208,4,2,1,False,True,True,True,False,True,True,True,True,True,False
FIRE+FLOOD+TRANS+ENV,ABCC,1195.4,317.0,1411.6000000000001,399.25,0.7000000000000001,4.375,4.075,4.5249999999999995,1.2594637223974763,4,2,1,False,True,True,True,False,True,True,True,True,True,False
FIRE+FLOOD+TRANS+ENV,ACAA,1225.7,327.0,1512.0,309.75,0.7000000000000001,4.375,4.075,4.5249999999999995,0.9472477064220184,4,2,3,True,True,True,True,True,True,True,True,True,True,False
FIRE+FLOOD+TRANS+ENV,ACAB,1211.7,323.25,1447.2,337.0,0.7000000000000001,4.375,4.075,4.5249999999999995,1.042536736272235,4,2,2,True,True,True,True,True,True,True,True,True,True,False
FIRE+FLOOD+TRANS+ENV,ACAC,1206.1,319.5,1375.2,339.0,0.7000000000000001,4.375,4.075,4.5249999999999995,1.0610328638497653,4,2,2,True,True,True,True,True,True,True,True,True,True,False
FIRE+FLOOD+TRANS+ENV,ACBA,1213.2,323.5,1472.4,343.5,0.7000000000000001,4.375,4.075,4.5249999999999995,1.061823802163833,4,2,2,True,True,True,True,True,True,True,True,True,True,False
FIRE+FLOOD+TRANS+ENV,ACBB,1199.2,319.75,1407.6,370.75,0.7000000000000001,4.375,4.075,4.5249999999999995,1.1594996090695857,4,2,1,False,True,True,True,False,True,True,True,True,True,False
FIRE+FLOOD+TRANS+ENV,ACBC,1193.6,316.0,1335.6,372.75,0.7000000000000001,4.375,4.075,4.5249999999999995,1.1795886075949367,4,2,1,False,True,True,True,False,True,True,True,True,True,False
FIRE+FLOOD+TRANS+ENV,ACCA,1208.2,320.0,1428.4,351.5,0.7000000000000001,4.375,4.075,4.5249999999999995,1.0984375,4,2,2,True,True,True,True,True,True,True,True,True,True,False
FIRE+FLOOD+TRANS+ENV,ACCB,1194.2,316.25,1363.6000000000001,378.75,0.7000000000000001,4.375,4.075,4.5249999999999995,1.1976284584980237,4,2,1,False,True,True,True,False,True,True,True,True,True,False
FIRE+FLOOD+TRANS+ENV,ACCC,1188.6,312.5,1291.6000000000001,380.75,0.7000000000000001,4.375,4.075,4.5249999999999995,1.2184,4,2,1,False,True,True,True,False,True,True,True,True,True,False
FIRE+FLOOD+TRANS+ENV,BAAA,1233.5,331.75,1639.2,325.75,0.7000000000000001,4.375,4.075,4.5249999999999995,0.9819140919366993,4,2,3,True,True,True,True,True,True,True,True,True,True,False
FIRE+FLOOD+TRANS+ENV,BAAB,1219.5,328.0,1574.4,353.0,0.7000000000000001,4.375,4.075,4.5249999999999995,1.076219512195122,4,2,2,True,True,True,True,True,True,True,True,True,True,False
FIRE+FLOOD+TRANS+ENV,BAAC,1213.9,324.25,1502.4,355.0,0.7000000000000001,4.375,4.075,4.5249999999999995,1.094834232845027,4,2,2,True,True,True,True,True,True,True,True,True,True,False
FIRE+FLOOD+TRANS+ENV,BABA,1221.0,328.25,1599.6,359.5,0.7000000000000001,4.375,4.075,4.5249999999999995,1.0952018278750952,4,2,2,True,True,True,True,True,True,True,True,True,True,False
FIRE+FLOOD+TRANS+ENV,BABB,1207.0,324.5,1534.8000000000002,386.75,0.7000000000000001,4.375,4.075,4.5249999999999995,1.191833590138675,4,2,1,False,True,True,True,False,True,True,True,True,True,False
FIRE+FLOOD+TRANS+ENV,BABC,1201.4,320.75,1462.8000000000002,388.75,0.7000000000000001,4.375,4.075,4.5249999999999995,1.2120031176929071,4,2,1,False,True,True,True,False,True,True,True,True,True,False
FIRE+FLOOD+TRANS+ENV,BACA,1216.0,324.75,1555.6000000000001,367.5,0.7000000000000001,4.375,4.075,4.5249999999999995,1.1316397228637414,4,2,2,True,True,True,True,True,True,True,True,True,True,False
FIRE+FLOOD+TRANS+ENV,BACB,1202.0,321.0,1490.8000000000002,394.75,0.7000000000000001,4.375,4.075,4.5249999999999995,1.2297507788161994,4,2,1,False,True,True,True,False,True,True,True,True,True,False
FIRE+FLOOD+TRANS+ENV,BACC,1196.4,317.25,1418.8000000000002,396.75,0.7000000000000001,4.375,4.075,4.5249999999999995,1.2505910165484633,4,2,1,False,True,True,True,False,True,True,True,True,True,False
FIRE+FLOOD+TRANS+ENV,BBAA,1216.5,327.25,1531.2,329.0,0.7000000000000001,4.375,4.075,4.5249999999999995,1.0053475935828877,4,2,2,True,True,True,True,True,True,True,True,True,True,False
FIRE+FLOOD+TRANS+ENV,BBAB,1202.5,323.5,1466.3999999999999,356.25,0.7000000000000001,4.375,4.075,4.5249999999999995,1.1012364760432767,4,2,1,False,True,True,True,False,True,True,True,True,True,False
FIRE+FLOOD+TRANS+ENV,BBAC,1196.9,319.75,1394.3999999999999,358.25,0.7000000000000001,4.375,4.075,4.5249999999999995,1.1204065676309616,4,2,1,False,True,True,True,False,True,True,True,True,True,False
FIRE+FLOOD+TRANS+ENV,BBBA,1204.0,323.75,1491.6,362.75,0.7000000000000001,4.375,4.075,4.5249999999999995,1.1204633204633205,4,2,1,False,True,True,True,False,True,True,True,True,True,False
FIRE+FLOOD+TRANS+ENV,BBBB,1190.0,320.0,1426.7999999999997,390.0,0.7000000000000001,4.375,4.075,4.5249999999999995,1.21875,4,2,0,False,True,True,True,False,True,True,True,True,True,False
FIRE+FLOOD+TRANS+ENV,BBBC,1184.4,316.25,1354.7999999999997,392.0,0.7000000000000001,4.375,4.075,4.5249999999999995,1.2395256916996047,4,2,0,False,True,True,True,False,True,True,True,True,True,False
FIRE+FLOOD+TRANS+ENV,BBCA,1199.0,320.25,1447.6000000000001,370.75,0.7000000000000001,4.375,4.075,4.5249999999999995,1.1576893052302888,4,2,1,False,True,True,True,False,True,True,True,True,True,False
FIRE+FLOOD+TRANS+ENV,BBCB,1185.0,316.5,1382.8,398.0,0.7000000000000001,4.375,4.075,4.5249999999999995,1.2575039494470774,4,2,0,False,True,True,True,False,True,True,True,True,True,False
FIRE+FLOOD+TRANS+ENV,BBCC,1179.4,312.75,1310.8,400.0,0.7000000000000001,4.375,4.075,4.5249999999999995,1.2789768185451638,4,2,0,False,True,True,True,False,True,True,True,True,True,False
FIRE+FLOOD+TRANS+ENV,BCAA,1209.7,322.75,1411.2,310.5,0.7000000000000001,4.375,4.075,4.5249999999999995,0.9620449264136328,4,2,2,True,True,True,True,True,True,True,True,True,True,False
FIRE+FLOOD+TRANS+ENV,BCAB,1195.7,319.0,1346.4,337.75,0.7000000000000001,4.375,4.075,4.5249999999999995,1.0587774294670846,4,2,1,False,True,True,True,False,True,True,True,True,True,False
FIRE+FLOOD+TRANS+ENV,BCAC,1190.1,315.25,1274.4,339.75,0.7000000000000001,4.375,4.075,4.5249999999999995,1.077716098334655,4,2,1,False,True,True,True,False,True,True,True,True,True,False
FIRE+FLOOD+TRANS+ENV,BCBA,1197.2,319.25,1371.6,344.25,0.7000000000000001,4.375,4.075,4.5249999999999995,1.0783085356303836,4,2,1,False,True,True,True,False,True,True,True,True,True,False
FIRE+FLOOD+TRANS+ENV,BCBB,1183.2,315.5,1306.8000000000002,371.5,0.7000000000000001,4.375,4.075,4.5249999999999995,1.1774960380348654,4,2,0,False,True,True,True,False,True,True,True,True,True,False
FIRE+FLOOD+TRANS+ENV,BCBC,1177.6,311.75,1234.8000000000002,373.5,0.7000000000000001,4.375,4.075,4.5249999999999995,1.198075380914194,4,2,0,False,True,True,True,False,True,True,True,True,True,False
FIRE+FLOOD+TRANS+ENV,BCCA,1192.2,315.75,1327.6000000000001,352.25,0.7000000000000001,4.375,4.075,4.5249999999999995,1.1155977830562154,4,2,1,False,True,True,True,False,True,True,True,True,True,False
FIRE+FLOOD+TRANS+ENV,BCCB,1178.2,312.0,1262.8000000000002,379.5,0.7000000000000001,4.375,4.075,4.5249999999999995,1.2163461538461537,4,2,0,False,True,True,True,False,True,True,True,True,True,False
FIRE+FLOOD+TRANS+ENV,BCCC,1172.6,308.25,1190.8000000000002,381.5,0.7000000000000001,4.375,4.075,4.5249999999999995,1.2376317923763178,4,2,0,False,True,True,True,False,True,True,True,True,True,False
FIRE+FLOOD+TRANS+ENV,CAAA,1227.1,327.5,1527.2,308.25,0.7000000000000001,4.375,4.075,4.5249999999999995,0.9412213740458015,4,2,3,True,True,True,True,True,True,True,True,True,True,False
FIRE+FLOOD+TRANS+ENV,CAAB,1213.1,323.75,1462.4,335.5,0.7000000000000001,4.375,4.075,4.5249999999999995,1.0362934362934364,4,2,2,True,True,True,True,True,True,True,True,True,True,False
FIRE+FLOOD+TRANS+ENV,CAAC,1207.5,320.0,1390.4,337.5,0.7000000000000001,4.375,4.075,4.5249999999999995,1.0546875,4,2,2,True,True,True,True,True,True,True,True,True,True,False
FIRE+FLOOD+TRANS+ENV,CABA,1214.6,324.0,1487.6,342.0,0.7000000000000001,4.375,4.075,4.5249999999999995,1.0555555555555556,4,2,2,True,True,True,True,True,True,True,True,True,True,False
FIRE+FLOOD+TRANS+ENV,CABB,1200.6,320.25,1422.8000000000002,369.25,0.7000000000000001,4.375,4.075,4.5249999999999995,1.1530054644808743,4,2,1,False,True,True,True,False,True,True,True,True,True,False
FIRE+FLOOD+TRANS+ENV,CABC,1195.0,316.5,1350.8000000000002,371.25,0.7000000000000001,4.375,4.075,4.5249999999999995,1.1729857819905214,4,2,1,False,True,True,True,False,True,True,True,True,True,False
FIRE+FLOOD+TRANS+ENV,CACA,1209.6,320.5,1443.6000000000001,350.0,0.7000000000000001,4.375,4.075,4.5249999999999995,1.0920436817472698,4,2,2,True,True,True,True,True,True,True,True,True,True,False
FIRE+FLOOD+TRANS+ENV,CACB,1195.6,316.75,1378.8000000000002,377.25,0.7000000000000001,4.375,4.075,4.5249999999999995,1.191002367797948,4,2,1,False,True,True,True,False,True,True,True,True,True,False
FIRE+FLOOD+TRANS+ENV,CACC,1190.0,313.0,1306.8000000000002,379.25,0.7000000000000001,4.375,4.075,4.5249999999999995,1.211661341853035,4,2,1,False,True,True,True,False,True,True,True,True,True,False
FIRE+FLOOD+TRANS+ENV,CBAA,1210.1,323.0,1419.2,311.5,0.7000000000000001,4.375,4.075,4.5249999999999995,0.9643962848297214,4,2,2,True,True,True,True,True,True,True,True,True,True,False
FIRE+FLOOD+TRANS+ENV,CBAB,1196.1,319.25,1354.3999999999999,338.75,0.7000000000000001,4.375,4.075,4.5249999999999995,1.0610806577916994,4,2,1,False,True,True,True,False,True,True,True,True,True,False
FIRE+FLOOD+TRANS+ENV,CBAC,1190.5,315.5,1282.3999999999999,340.75,0.7000000000000001,4.375,4.075,4.5249999999999995,1.0800316957210776,4,2,1,False,True,True,True,False,True,True,True,True,True,False
FIRE+FLOOD+TRANS+ENV,CBBA,1197.6,319.5,1379.6,345.25,0.7000000000000001,4.375,4.075,4.5249999999999995,1.0805946791862284,4,2,1,False,True,True,True,False,True,True,True,True,True,False
FIRE+FLOOD+TRANS+ENV,CBBB,1183.6,315.75,1314.7999999999997,372.5,0.7000000000000001,4.375,4.075,4.5249999999999995,1.1797307996832938,4,2,0,False,True,True,True,False,True,True,True,True,True,False
FIRE+FLOOD+TRANS+ENV,CBBC,1178.0,312.0,1242.7999999999997,374.5,0.7000000000000001,4.375,4.075,4.5249999999999995,1.2003205128205128,4,2,0,False,True,True,True,False,True,True,True,True,True,False
FIRE+FLOOD+TRANS+ENV,CBCA,1192.6,316.0,1335.6000000000001,353.25,0.7000000000000001,4.375,4.075,4.5249999999999995,1.1178797468354431,4,2,1,False,True,True,True,False,True,True,True,True,True,False
FIRE+FLOOD+TRANS+ENV,CBCB,1178.6,312.25,1270.8,380.5,0.7000000000000001,4.375,4.075,4.5249999999999995,1.2185748598879103,4,2,0,False,True,True,True,False,True,True,True,True,True,False
FIRE+FLOOD+TRANS+ENV,CBCC,1173.0,308.5,1198.8,382.5,0.7000000000000001,4.375,4.075,4.5249999999999995,1.239870340356564,4,2,0,False,True,True,True,False,True,True,True,True,True,False
FIRE+FLOOD+TRANS+ENV,CCAA,1203.3,318.5,1299.2,293.0,0.7000000000000001,4.375,4.075,4.5249999999999995,0.9199372056514914,4,2,2,True,True,True,True,True,True,True,True,True,True,False
FIRE+FLOOD+TRANS+ENV,CCAB,1189.3,314.75,1234.4,320.25,0.7000000000000001,4.375,4.075,4.5249999999999995,1.017474185861795,4,2,1,False,True,True,True,False,True,True,True,True,True,False
FIRE+FLOOD+TRANS+ENV,CCAC,1183.7,311.0,1162.4,322.25,0.7000000000000001,4.375,4.075,4.5249999999999995,1.0361736334405145,4,2,1,False,True,True,True,False,True,True,True,True,True,False
FIRE+FLOOD+TRANS+ENV,CCBA,1190.8,315.0,1259.6,326.75,0.7000000000000001,4.375,4.075,4.5249999999999995,1.0373015873015874,4,2,1,False,True,True,True,False,True,True,True,True,True,False
FIRE+FLOOD+TRANS+ENV,CCBB,1176.8,311.25,1194.8,354.0,0.7000000000000001,4.375,4.075,4.5249999999999995,1.1373493975903615,4,2,0,False,True,True,True,False,True,True,True,True,True,False
FIRE+FLOOD+TRANS+ENV,CCBC,1171.2,307.5,1122.8,356.0,0.7000000000000001,4.375,4.075,4.5249999999999995,1.1577235772357723,4,2,0,False,True,True,True,False,True,True,True,True,True,False
FIRE+FLOOD+TRANS+ENV,CCCA,1185.8,311.5,1215.6000000000001,334.75,0.7000000000000001,4.375,4.075,4.5249999999999995,1.0746388443017656,4,2,1,False,True,True,True,False,True,True,True,True,True,False
FIRE+FLOOD+TRANS+ENV,CCCB,1171.8,307.75,1150.8,362.0,0.7000000000000001,4.375,4.075,4.5249999999999995,1.1762794476035743,4,2,0,False,True,True,True,False,True,True,True,True,True,False
FIRE+FLOOD+TRANS+ENV,CCCC,1166.2,304.0,1078.8,364.0,0.7000000000000001,4.375,4.075,4.5249999999999995,1.1973684210526316,4,2,0,False,True,True,True,False,True,True,True,True,True,False
FIRE+FLOOD+TRANS+SSA,AAAA,1302.0,357.0,1720.0,338.75,0.6775,4.175,3.8000000000000003,4.575,0.9488795518207283,3,3,4,False,True,True,True,True,False,True,True,True,True,False
FIRE+FLOOD+TRANS+SSA,AAAB,1285.5,352.25,1658.8,370.75,0.6775,4.175,3.8000000000000003,4.575,1.0525195173882187,3,3,3,True,True,True,True,True,True,True,True,True,True,False
FIRE+FLOOD+TRANS+SSA,AAAC,1278.9,347.5,1590.8,373.0,0.6775,4.175,3.8000000000000003,4.575,1.0733812949640287,3,3,3,True,True,True,True,True,True,True,True,True,True,False
FIRE+FLOOD+TRANS+SSA,AABA,1289.5,353.5,1680.4,372.5,0.6775,4.175,3.8000000000000003,4.575,1.0537482319660538,3,3,3,True,True,True,True,True,True,True,True,True,True,False
FIRE+FLOOD+TRANS+SSA,AABB,1273.0,348.75,1619.1999999999998,404.5,0.6775,4.175,3.8000000000000003,4.575,1.1598566308243727,3,3,2,True,True,True,True,True,True,True,True,True,True,False
FIRE+FLOOD+TRANS+SSA,AABC,1266.4,344.0,1551.1999999999998,406.75,0.6775,4.175,3.8000000000000003,4.575,1.1824127906976745,3,3,2,True,True,True,True,True,True,True,True,True,True,False
FIRE+FLOOD+TRANS+SSA,AACA,1284.5,350.0,1636.4,380.5,0.6775,4.175,3.8000000000000003,4.575,1.0871428571428572,3,3,3,True,True,True,True,True,True,True,True,True,True,False
FIRE+FLOOD+TRANS+SSA,AACB,1268.0,345.25,1575.2,412.5,0.6775,4.175,3.8000000000000003,4.575,1.1947863866763215,3,3,2,True,True,True,True,True,True,True,True,True,True,False
FIRE+FLOOD+TRANS+SSA,AACC,1261.4,340.5,1507.2,414.75,0.6775,4.175,3.8000000000000003,4.575,1.2180616740088106,3,3,2,True,True,True,True,True,True,True,True,True,True,False
FIRE+FLOOD+TRANS+SSA,ABAA,1285.0,352.5,1612.0,342.0,0.6775,4.175,3.8000000000000003,4.575,0.9702127659574468,3,3,3,True,True,True,True,True,True,True,True,True,True,False
FIRE+FLOOD+TRANS+SSA,ABAB,1268.5,347.75,1550.8,374.0,0.6775,4.175,3.8000000000000003,4.575,1.0754852624011502,3,3,2,True,True,True,True,True,True,True,True,True,True,False
FIRE+FLOOD+TRANS+SSA,ABAC,1261.9,343.0,1482.8,376.25,0.6775,4.175,3.8000000000000003,4.575,1.096938775510204,3,3,2,True,True,True,True,True,True,True,True,True,True,False
FIRE+FLOOD+TRANS+SSA,ABBA,1272.5,349.0,1572.4,375.75,0.6775,4.175,3.8000000000000003,4.575,1.076647564469914,3,3,2,True,True,True,True,True,True,True,True,True,True,False
FIRE+FLOOD+TRANS+SSA,ABBB,1256.0,344.25,1511.1999999999998,407.75,0.6775,4.175,3.8000000000000003,4.575,1.1844589687726943,3,3,1,False,True,True,True,False,True,True,True,True,True,False
FIRE+FLOOD+TRANS+SSA,ABBC,1249.4,339.5,1443.1999999999998,410.0,0.6775,4.175,3.8000000000000003,4.575,1.2076583210603828,3,3,1,False,True,True,True,False,True,True,True,True,True,False
FIRE+FLOOD+TRANS+SSA,ABCA,1267.5,345.5,1528.4,383.75,0.6775,4.175,3.8000000000000003,4.575,1.1107091172214183,3,3,2,True,True,True,True,True,True,True,True,True,True,False
FIRE+FLOOD+TRANS+SSA,ABCB,1251.0,340.75,1467.2,415.75,0.6775,4.175,3.8000000000000003,4.575,1.2201027146001466,3,3,1,False,True,True,True,False,True,True,True,True,True,False
FIRE+FLOOD+TRANS+SSA,ABCC,1244.4,336.0,1399.2,418.0,0.6775,4.175,3.8000000000000003,4.575,1.244047619047619,3,3,1,False,True,True,True,False,True,True,True,True,True,False
FIRE+FLOOD+TRANS+SSA,ACAA,1278.2,348.0,1492.0,323.5,0.6775,4.175,3.8000000000000003,4.575,0.9295977011494253,3,3,3,True,True,True,True,True,True,True,True,True,True,False
FIRE+FLOOD+TRANS+SSA,ACAB,1261.7,343.25,1430.8,355.5,0.6775,4.175,3.8000000000000003,4.575,1.035688273852877,3,3,2,True,True,True,True,True,True,True,True,True,True,False
FIRE+FLOOD+TRANS+SSA,ACAC,1255.1,338.5,1362.8,357.75,0.6775,4.175,3.8000000000000003,4.575,1.0568685376661744,3,3,2,True,True,True,True,True,True,True,True,True,True,False
FIRE+FLOOD+TRANS+SSA,ACBA,1265.7,344.5,1452.4,357.25,0.6775,4.175,3.8000000000000003,4.575,1.037010159651669,3,3,2,True,True,True,True,True,True,True,True,True,True,False
FIRE+FLOOD+TRANS+SSA,ACBB,1249.2,339.75,1391.1999999999998,389.25,0.6775,4.175,3.8000000000000003,4.575,1.1456953642384107,3,3,1,False,True,True,True,False,True,True,True,True,True,False
FIRE+FLOOD+TRANS+SSA,ACBC,1242.6,335.0,1323.1999999999998,391.5,0.6775,4.175,3.8000000000000003,4.575,1.1686567164179105,3,3,1,False,True,True,True,False,True,True,True,True,True,False
FIRE+FLOOD+TRANS+SSA,ACCA,1260.7,341.0,1408.4,365.25,0.6775,4.175,3.8000000000000003,4.575,1.0711143695014662,3,3,2,True,True,True,True,True,True,True,True,True,True,False
FIRE+FLOOD+TRANS+SSA,ACCB,1244.2,336.25,1347.2,397.25,0.6775,4.175,3.8000000000000003,4.575,1.1814126394052045,3,3,1,False,True,True,True,False,True,True,True,True,True,False
FIRE+FLOOD+TRANS+SSA,ACCC,1237.6,331.5,1279.2,399.5,0.6775,4.175,3.8000000000000003,4.575,1.205128205128205,3,3,1,False,True,True,True,False,True,True,True,True,True,False
FIRE+FLOOD+TRANS+SSA,BAAA,1286.0,352.75,1619.2,339.5,0.6775,4.175,3.8000000000000003,4.575,0.96243798724309,3,3,3,True,True,True,True,True,True,True,True,True,True,False
FIRE+FLOOD+TRANS+SSA,BAAB,1269.5,348.0,1558.0,371.5,0.6775,4.175,3.8000000000000003,4.575,1.0675287356321839,3,3,2,True,True,True,True,True,True,True,True,True,True,False
FIRE+FLOOD+TRANS+SSA,BAAC,1262.9,343.25,1490.0,373.75,0.6775,4.175,3.8000000000000003,4.575,1.088856518572469,3,3,2,True,True,True,True,True,True,True,True,True,True,False
FIRE+FLOOD+TRANS+SSA,BABA,1273.5,349.25,1579.6,373.25,0.6775,4.175,3.8000000000000003,4.575,1.0687186828919113,3,3,2,True,True,True,True,True,True,True,True,True,True,False
FIRE+FLOOD+TRANS+SSA,BABB,1257.0,344.5,1518.4,405.25,0.6775,4.175,3.8000000000000003,4.575,1.176342525399129,3,3,1,False,True,True,True,False,True,True,True,True,True,False
FIRE+FLOOD+TRANS+SSA,BABC,1250.4,339.75,1450.4,407.5,0.6775,4.175,3.8000000000000003,4.575,1.199411331861663,3,3,1,False,True,True,True,False,True,True,True,True,True,False
FIRE+FLOOD+TRANS+SSA,BACA,1268.5,345.75,1535.6000000000001,381.25,0.6775,4.175,3.8000000000000003,4.575,1.1026753434562546,3,3,2,True,True,True,True,True,True,True,True,True,True,False
FIRE+FLOOD+TRANS+SSA,BACB,1252.0,341.0,1474.4,413.25,0.6775,4.175,3.8000000000000003,4.575,1.2118768328445748,3,3,1,False,True,True,True,False,True,True,True,True,True,False
FIRE+FLOOD+TRANS+SSA,BACC,1245.4,336.25,1406.4,415.5,0.6775,4.175,3.8000000000000003,4.575,1.2356877323420075,3,3,1,False,True,True,True,False,True,True,True,True,True,False
FIRE+FLOOD+TRANS+SSA,BBAA,1269.0,348.25,1511.1999999999998,342.75,0.6775,4.175,3.8000000000000003,4.575,0.9842067480258435,3,3,2,True,True,True,True,True,True,True,True,True,True,False
FIRE+FLOOD+TRANS+SSA,BBAB,1252.5,343.5,1450.0,374.75,0.6775,4.175,3.8000000000000003,4.575,1.0909752547307132,3,3,1,False,True,True,True,False,True,True,True,True,True,False
FIRE+FLOOD+TRANS+SSA,BBAC,1245.9,338.75,1382.0,377.0,0.6775,4.175,3.8000000000000003,4.575,1.1129151291512915,3,3,1,False,True,True,True,False,True,True,True,True,True,False
FIRE+FLOOD+TRANS+SSA,BBBA,1256.5,344.75,1471.6,376.5,0.6775,4.175,3.8000000000000003,4.575,1.092095721537346,3,3,1,False,True,True,True,False,True,True,True,True,True,False
FIRE+FLOOD+TRANS+SSA,BBBB,1240.0,340.0,1410.4,408.5,0.6775,4.175,3.8000000000000003,4.575,1.201470588235294,3,3,0,False,True,True,True,False,True,True,True,True,True,False
FIRE+FLOOD+TRANS+SSA,BBBC,1233.4,335.25,1342.4,410.75,0.6775,4.175,3.8000000000000003,4.575,1.2252050708426547,3,3,0,False,True,True,True,False,True,True,True,True,True,False
FIRE+FLOOD+TRANS+SSA,BBCA,1251.5,341.25,1427.6,384.5,0.6775,4.175,3.8000000000000003,4.575,1.1267399267399267,3,3,1,False,True,True,True,False,True,True,True,True,True,False
FIRE+FLOOD+TRANS+SSA,BBCB,1235.0,336.5,1366.4,416.5,0.6775,4.175,3.8000000000000003,4.575,1.237741456166419,3,3,0,False,True,True,True,False,True,True,True,True,True,False
FIRE+FLOOD+TRANS+SSA,BBCC,1228.4,331.75,1298.4,418.75,0.6775,4.175,3.8000000000000003,4.575,1.2622456669178599,3,3,0,False,True,True,True,False,True,True,True,True,True,False
FIRE+FLOOD+TRANS+SSA,BCAA,1262.2,343.75,1391.2,324.25,0.6775,4.175,3.8000000000000003,4.575,0.9432727272727273,3,3,2,True,True,True,True,True,True,True,True,True,True,False
FIRE+FLOOD+TRANS+SSA,BCAB,1245.7,339.0,1330.0,356.25,0.6775,4.175,3.8000000000000003,4.575,1.0508849557522124,3,3,1,False,True,True,True,False,True,True,True,True,True,False
FIRE+FLOOD+TRANS+SSA,BCAC,1239.1,334.25,1262.0,358.5,0.6775,4.175,3.8000000000000003,4.575,1.0725504861630517,3,3,1,False,True,True,True,False,True,True,True,True,True,False
FIRE+FLOOD+TRANS+SSA,BCBA,1249.7,340.25,1351.6,358.0,0.6775,4.175,3.8000000000000003,4.575,1.0521675238795003,3,3,1,False,True,True,True,False,True,True,True,True,True,False
FIRE+FLOOD+TRANS+SSA,BCBB,1233.2,335.5,1290.4,390.0,0.6775,4.175,3.8000000000000003,4.575,1.1624441132637855,3,3,0,False,True,True,True,False,True,True,True,True,True,False
FIRE+FLOOD+TRANS+SSA,BCBC,1226.6,330.75,1222.4,392.25,0.6775,4.175,3.8000000000000003,4.575,1.1859410430839001,3,3,0,False,True,True,True,False,True,True,True,True,True,False
FIRE+FLOOD+TRANS+SSA,BCCA,1244.7,336.75,1307.6000000000001,366.0,0.6775,4.175,3.8000000000000003,4.575,1.086859688195991,3,3,1,False,True,True,True,False,True,True,True,True,True,False
FIRE+FLOOD+TRANS+SSA,BCCB,1228.2,332.0,1246.4,398.0,0.6775,4.175,3.8000000000000003,4.575,1.1987951807228916,3,3,0,False,True,True,True,False,True,True,True,True,True,False
FIRE+FLOOD+TRANS+SSA,BCCC,1221.6,327.25,1178.4,400.25,0.6775,4.175,3.8000000000000003,4.575,1.2230710466004584,3,3,0,False,True,True,True,False,True,True,True,True,True,False
FIRE+FLOOD+TRANS+SSA,CAAA,1279.6,348.5,1507.2,322.0,0.6775,4.175,3.8000000000000003,4.575,0.9239598278335724,3,3,3,True,True,True,True,True,True,True,True,True,True,False
FIRE+FLOOD+TRANS+SSA,CAAB,1263.1,343.75,1446.0,354.0,0.6775,4.175,3.8000000000000003,4.575,1.0298181818181817,3,3,2,True,True,True,True,True,True,True,True,True,True,False
FIRE+FLOOD+TRANS+SSA,CAAC,1256.5,339.0,1378.0,356.25,0.6775,4.175,3.8000000000000003,4.575,1.0508849557522124,3,3,2,True,True,True,True,True,True,True,True,True,True,False
FIRE+FLOOD+TRANS+SSA,CABA,1267.1,345.0,1467.6,355.75,0.6775,4.175,3.8000000000000003,4.575,1.031159420289855,3,3,2,True,True,True,True,True,True,True,True,True,True,False
FIRE+FLOOD+TRANS+SSA,CABB,1250.6,340.25,1406.4,387.75,0.6775,4.175,3.8000000000000003,4.575,1.1396032329169727,3,3,1,False,True,True,True,False,True,True,True,True,True,False
FIRE+FLOOD+TRANS+SSA,CABC,1244.0,335.5,1338.4,390.0,0.6775,4.175,3.8000000000000003,4.575,1.1624441132637855,3,3,1,False,True,True,True,False,True,True,True,True,True,False
FIRE+FLOOD+TRANS+SSA,CACA,1262.1,341.5,1423.6000000000001,363.75,0.6775,4.175,3.8000000000000003,4.575,1.0651537335285506,3,3,2,True,True,True,True,True,True,True,True,True,True,False
FIRE+FLOOD+TRANS+SSA,CACB,1245.6,336.75,1362.4,395.75,0.6775,4.175,3.8000000000000003,4.575,1.1752041573867855,3,3,1,False,True,True,True,False,True,True,True,True,True,False
FIRE+FLOOD+TRANS+SSA,CACC,1239.0,332.0,1294.4,398.0,0.6775,4.175,3.8000000000000003,4.575,1.1987951807228916,3,3,1,False,True,True,True,False,True,True,True,True,True,False
FIRE+FLOOD+TRANS+SSA,CBAA,1262.6,344.0,1399.1999999999998,325.25,0.6775,4.175,3.8000000000000003,4.575,0.9454941860465116,3,3,2,True,True,True,True,True,True,True,True,True,True,False
FIRE+FLOOD+TRANS+SSA,CBAB,1246.1,339.25,1338.0,357.25,0.6775,4.175,3.8000000000000003,4.575,1.0530582166543847,3,3,1,False,True,True,True,False,True,True,True,True,True,False
FIRE+FLOOD+TRANS+SSA,CBAC,1239.5,334.5,1270.0,359.5,0.6775,4.175,3.8000000000000003,4.575,1.0747384155455904,3,3,1,False,True,True,True,False,True,True,True,True,True,False
FIRE+FLOOD+TRANS+SSA,CBBA,1250.1,340.5,1359.6,359.0,0.6775,4.175,3.8000000000000003,4.575,1.054331864904552,3,3,1,False,True,True,True,False,True,True,True,True,True,False
FIRE+FLOOD+TRANS+SSA,CBBB,1233.6,335.75,1298.4,391.0,0.6775,4.175,3.8000000000000003,4.575,1.1645569620253164,3,3,0,False,True,True,True,False,True,True,True,True,True,False
FIRE+FLOOD+TRANS+SSA,CBBC,1227.0,331.0,1230.4,393.25,0.6775,4.175,3.8000000000000003,4.575,1.1880664652567976,3,3,0,False,True,True,True,False,True,True,True,True,True,False
FIRE+FLOOD+TRANS+SSA,CBCA,1245.1,337.0,1315.6,367.0,0.6775,4.175,3.8000000000000003,4.575,1.089020771513353,3,3,1,False,True,True,True,False,True,True,True,True,True,False
FIRE+FLOOD+TRANS+SSA,CBCB,1228.6,332.25,1254.4,399.0,0.6775,4.175,3.8000000000000003,4.575,1.200902934537246,3,3,0,False,True,True,True,False,True,True,True,True,True,False
FIRE+FLOOD+TRANS+SSA,CBCC,1222.0,327.5,1186.4,401.25,0.6775,4.175,3.8000000000000003,4.575,1.2251908396946565,3,3,0,False,True,True,True,False,True,True,True,True,True,False
FIRE+FLOOD+TRANS+SSA,CCAA,1255.8,339.5,1279.2,306.75,0.6775,4.175,3.8000000000000003,4.575,0.9035346097201767,3,3,2,True,True,True,True,True,True,True,True,True,True,False
FIRE+FLOOD+TRANS+SSA,CCAB,1239.3,334.75,1218.0,338.75,0.6775,4.175,3.8000000000000003,4.575,1.011949215832711,3,3,1,False,True,True,True,False,True,True,True,True,True,False
FIRE+FLOOD+TRANS+SSA,CCAC,1232.6999999999998,330.0,1150.0,341.0,0.6775,4.175,3.8000000000000003,4.575,1.0333333333333334,3,3,1,False,True,True,True,False,True,True,True,True,True,False
FIRE+FLOOD+TRANS+SSA,CCBA,1243.3,336.0,1239.6,340.5,0.6775,4.175,3.8000000000000003,4.575,1.0133928571428572,3,3,1,False,True,True,True,False,True,True,True,True,True,False
FIRE+FLOOD+TRANS+SSA,CCBB,1226.8,331.25,1178.4,372.5,0.6775,4.175,3.8000000000000003,4.575,1.1245283018867924,3,3,0,False,True,True,True,False,True,True,True,True,True,False
FIRE+FLOOD+TRANS+SSA,CCBC,1220.1999999999998,326.5,1110.4,374.75,0.6775,4.175,3.8000000000000003,4.575,1.1477794793261868,3,3,0,False,True,True,True,False,True,True,True,True,True,False
FIRE+FLOOD+TRANS+SSA,CCCA,1238.3,332.5,1195.6000000000001,348.5,0.6775,4.175,3.8000000000000003,4.575,1.0481203007518798,3,3,1,False,True,True,True,False,True,True,True,True,True,False
FIRE+FLOOD+TRANS+SSA,CCCB,1221.8,327.75,1134.4,380.5,0.6775,4.175,3.8000000000000003,4.575,1.1609458428680397,3,3,0,False,True,True,True,False,True,True,True,True,True,False
FIRE+FLOOD+TRANS+SSA,CCCC,1215.1999999999998,323.0,1066.4,382.75,0.6775,4.175,3.8000000000000003,4.575,1.184984520123839,3,3,0,False,True,True,True,False,True,True,True,True,True,False
FIRE+FLOOD+ENV+SSA,AAAA,1333.5,362.25,1860.0,346.25,0.6675000000000001,4.075,3.75,4.574999999999999,0.955831608005521,3,2,4,False,True,True,True,True,False,False,True,True,True,False
FIRE+FLOOD+ENV+SSA,AAAB,1317.0,357.5,1798.8,378.25,0.6675000000000001,4.075,3.75,4.574999999999999,1.058041958041958,3,2,3,False,True,True,True,True,False,True,True,True,True,False
FIRE+FLOOD+ENV+SSA,AAAC,1310.4,352.75,1730.8,380.5,0.6675000000000001,4.075,3.75,4.574999999999999,1.0786676116229625,3,2,3,False,True,True,True,True,False,True,True,True,True,False
FIRE+FLOOD+ENV+SSA,AABA,1319.5,358.5,1795.2,373.5,0.6675000000000001,4.075,3.75,4.574999999999999,1.0418410041841004,3,2,3,False,True,True,True,True,False,True,True,True,True,False
FIRE+FLOOD+ENV+SSA,AABB,1303.0,353.75,1734.0,405.5,0.6675000000000001,4.075,3.75,4.574999999999999,1.1462897526501767,3,2,2,False,True,True,True,True,False,True,True,True,True,False
FIRE+FLOOD+ENV+SSA,AABC,1296.4,349.0,1666.0,407.75,0.6675000000000001,4.075,3.75,4.574999999999999,1.1683381088825215,3,2,2,True,True,True,True,True,True,True,True,True,True,False
FIRE+FLOOD+ENV+SSA,AACA,1313.9,354.75,1723.2,375.5,0.6675000000000001,4.075,3.75,4.574999999999999,1.058491895701198,3,2,3,False,True,True,True,True,False,True,True,True,True,False
FIRE+FLOOD+ENV+SSA,AACB,1297.4,350.0,1662.0,407.5,0.6675000000000001,4.075,3.75,4.574999999999999,1.1642857142857144,3,2,2,True,True,True,True,True,True,True,True,True,True,False
FIRE+FLOOD+ENV+SSA,AACC,1290.8,345.25,1594.0,409.75,0.6675000000000001,4.075,3.75,4.574999999999999,1.1868211440984793,3,2,2,True,True,True,True,True,True,True,True,True,True,False
FIRE+FLOOD+ENV+SSA,ABAA,1316.5,357.75,1752.0,349.5,0.6675000000000001,4.075,3.75,4.574999999999999,0.9769392033542977,3,2,3,False,True,True,True,True,False,True,True,True,True,False
FIRE+FLOOD+ENV+SSA,ABAB,1300.0,353.0,1690.8,381.5,0.6675000000000001,4.075,3.75,4.574999999999999,1.0807365439093484,3,2,2,True,True,True,True,True,True,True,True,True,True,False
FIRE+FLOOD+ENV+SSA,ABAC,1293.4,348.25,1622.8,383.75,0.6675000000000001,4.075,3.75,4.574999999999999,1.101938262742283,3,2,2,True,True,True,True,True,True,True,True,True,True,False
FIRE+FLOOD+ENV+SSA,ABBA,1302.5,354.0,1687.2,376.75,0.6675000000000001,4.075,3.75,4.574999999999999,1.064265536723164,3,2,2,False,True,True,True,True,False,True,True,True,True,False
FIRE+FLOOD+ENV+SSA,ABBB,1286.0,349.25,1626.0,408.75,0.6675000000000001,4.075,3.75,4.574999999999999,1.1703650680028632,3,2,1,False,True,True,True,False,True,True,True,True,True,False
FIRE+FLOOD+ENV+SSA,ABBC,1279.4,344.5,1558.0,411.0,0.6675000000000001,4.075,3.75,4.574999999999999,1.193033381712627,3,2,1,False,True,True,True,False,True,True,True,True,True,False
FIRE+FLOOD+ENV+SSA,ABCA,1296.9,350.25,1615.2,378.75,0.6675000000000001,4.075,3.75,4.574999999999999,1.0813704496788008,3,2,2,True,True,True,True,True,True,True,True,True,True,False
FIRE+FLOOD+ENV+SSA,ABCB,1280.4,345.5,1554.0,410.75,0.6675000000000001,4.075,3.75,4.574999999999999,1.1888567293777135,3,2,1,False,True,True,True,False,True,True,True,True,True,False
FIRE+FLOOD+ENV+SSA,ABCC,1273.8,340.75,1486.0,413.0,0.6675000000000001,4.075,3.75,4.574999999999999,1.2120322817314746,3,2,1,False,True,True,True,False,True,True,True,True,True,False
FIRE+FLOOD+ENV+SSA,ACAA,1309.7,353.25,1632.0,331.0,0.6675000000000001,4.075,3.75,4.574999999999999,0.9370134465675867,3,2,3,False,True,True,True,True,False,True,True,True,True,False
FIRE+FLOOD+ENV+SSA,ACAB,1293.2,348.5,1570.8,363.0,0.6675000000000001,4.075,3.75,4.574999999999999,1.0416068866571018,3,2,2,True,True,True,True,True,True,True,True,True,True,False
FIRE+FLOOD+ENV+SSA,ACAC,1286.6,343.75,1502.8,365.25,0.6675000000000001,4.075,3.75,4.574999999999999,1.0625454545454545,3,2,2,True,True,True,True,True,True,True,True,True,True,False
FIRE+FLOOD+ENV+SSA,ACBA,1295.7,349.5,1567.2,358.25,0.6675000000000001,4.075,3.75,4.574999999999999,1.0250357653791131,3,2,2,True,True,True,True,True,True,True,True,True,True,False
FIRE+FLOOD+ENV+SSA,ACBB,1279.2,344.75,1506.0,390.25,0.6675000000000001,4.075,3.75,4.574999999999999,1.131979695431472,3,2,1,False,True,True,True,False,True,True,True,True,True,False
FIRE+FLOOD+ENV+SSA,ACBC,1272.6,340.0,1438.0,392.5,0.6675000000000001,4.075,3.75,4.574999999999999,1.1544117647058822,3,2,1,False,True,True,True,False,True,True,True,True,True,False
FIRE+FLOOD+ENV+SSA,ACCA,1290.1,345.75,1495.2,360.25,0.6675000000000001,4.075,3.75,4.574999999999999,1.0419378163412871,3,2,2,True,True,True,True,True,True,True,True,True,True,False
FIRE+FLOOD+ENV+SSA,ACCB,1273.6,341.0,1434.0,392.25,0.6675000000000001,4.075,3.75,4.574999999999999,1.150293255131965,3,2,1,False,True,True,True,False,True,True,True,True,True,False
FIRE+FLOOD+ENV+SSA,ACCC,1267.0,336.25,1366.0,394.5,0.6675000000000001,4.075,3.75,4.574999999999999,1.1732342007434944,3,2,1,False,True,True,True,False,True,True,True,True,True,False
FIRE+FLOOD+ENV+SSA,BAAA,1317.5,358.0,1759.2,347.0,0.6675000000000001,4.075,3.75,4.574999999999999,0.9692737430167597,3,2,3,False,True,True,True,True,False,True,True,True,True,False
FIRE+FLOOD+ENV+SSA,BAAB,1301.0,353.25,1698.0,379.0,0.6675000000000001,4.075,3.75,4.574999999999999,1.072894550601557,3,2,2,False,True,True,True,True,False,True,True,True,True,False
FIRE+FLOOD+ENV+SSA,BAAC,1294.4,348.5,1630.0,381.25,0.6675000000000001,4.075,3.75,4.574999999999999,1.093974175035868,3,2,2,True,True,True,True,True,True,True,True,True,True,False
FIRE+FLOOD+ENV+SSA,BABA,1303.5,354.25,1694.4,374.25,0.6675000000000001,4.075,3.75,4.574999999999999,1.0564573041637262,3,2,2,False,True,True,True,True,False,True,True,True,True,False
FIRE+FLOOD+ENV+SSA,BABB,1287.0,349.5,1633.2,406.25,0.6675000000000001,4.075,3.75,4.574999999999999,1.1623748211731044,3,2,1,False,True,True,True,False,True,True,True,True,True,False
FIRE+FLOOD+ENV+SSA,BABC,1280.4,344.75,1565.2,408.5,0.6675000000000001,4.075,3.75,4.574999999999999,1.1849166062364032,3,2,1,False,True,True,True,False,True,True,True,True,True,False
FIRE+FLOOD+ENV+SSA,BACA,1297.9,350.5,1622.4,376.25,0.6675000000000001,4.075,3.75,4.574999999999999,1.0734664764621968,3,2,2,True,True,True,True,True,True,True,True,True,True,False
FIRE+FLOOD+ENV+SSA,BACB,1281.4,345.75,1561.2,408.25,0.6675000000000001,4.075,3.75,4.574999999999999,1.180766449746927,3,2,1,False,True,True,True,False,True,True,True,True,True,False
FIRE+FLOOD+ENV+SSA,BACC,1274.8,341.0,1493.2,410.5,0.6675000000000001,4.075,3.75,4.574999999999999,1.2038123167155426,3,2,1,False,True,True,True,False,True,True,True,True,True,False
FIRE+FLOOD+ENV+SSA,BBAA,1300.5,353.5,1651.2,350.25,0.6675000000000001,4.075,3.75,4.574999999999999,0.9908062234794908,3,2,2,False,True,True,True,True,False,True,True,True,True,False
FIRE+FLOOD+ENV+SSA,BBAB,1284.0,348.75,1590.0,382.25,0.6675000000000001,4.075,3.75,4.574999999999999,1.0960573476702509,3,2,1,False,True,True,True,False,True,True,True,True,True,False
FIRE+FLOOD+ENV+SSA,BBAC,1277.4,344.0,1522.0,384.5,0.6675000000000001,4.075,3.75,4.574999999999999,1.117732558139535,3,2,1,False,True,True,True,False,True,True,True,True,True,False
FIRE+FLOOD+ENV+SSA,BBBA,1286.5,349.75,1586.3999999999999,377.5,0.6675000000000001,4.075,3.75,4.574999999999999,1.0793423874195853,3,2,1,False,True,True,True,False,True,True,True,True,True,False
FIRE+FLOOD+ENV+SSA,BBBB,1270.0,345.0,1525.1999999999998,409.5,0.6675000000000001,4.075,3.75,4.574999999999999,1.1869565217391305,3,2,0,False,True,True,True,False,True,True,True,True,True,False
FIRE+FLOOD+ENV+SSA,BBBC,1263.4,340.25,1457.1999999999998,411.75,0.6675000000000001,4.075,3.75,4.574999999999999,1.210139603232917,3,2,0,False,True,True,True,False,True,True,True,True,True,False
FIRE+FLOOD+ENV+SSA,BBCA,1280.9,346.0,1514.3999999999999,379.5,0.6675000000000001,4.075,3.75,4.574999999999999,1.096820809248555,3,2,1,False,True,True,True,False,True,True,True,True,True,False
FIRE+FLOOD+ENV+SSA,BBCB,1264.4,341.25,1453.1999999999998,411.5,0.6675000000000001,4.075,3.75,4.574999999999999,1.2058608058608058,3,2,0,False,True,True,True,False,True,True,True,True,True,False
FIRE+FLOOD+ENV+SSA,BBCC,1257.8,336.5,1385.1999999999998,413.75,0.6675000000000001,4.075,3.75,4.574999999999999,1.2295690936106984,3,2,0,False,True,True,True,False,True,True,True,True,True,False
FIRE+FLOOD+ENV+SSA,BCAA,1293.7,349.0,1531.2,331.75,0.6675000000000001,4.075,3.75,4.574999999999999,0.9505730659025788,3,2,2,True,True,True,True,True,True,True,True,True,True,False
FIRE+FLOOD+ENV+SSA,BCAB,1277.2,344.25,1470.0,363.75,0.6675000000000001,4.075,3.75,4.574999999999999,1.056644880174292,3,2,1,False,True,True,True,False,True,True,True,True,True,False
FIRE+FLOOD+ENV+SSA,BCAC,1270.6,339.5,1402.0,366.0,0.6675000000000001,4.075,3.75,4.574999999999999,1.0780559646539027,3,2,1,False,True,True,True,False,True,True,True,True,True,False
FIRE+FLOOD+ENV+SSA,BCBA,1279.7,345.25,1466.4,359.0,0.6675000000000001,4.075,3.75,4.574999999999999,1.0398262128892106,3,2,1,False,True,True,True,False,True,True,True,True,True,False
FIRE+FLOOD+ENV+SSA,BCBB,1263.2,340.5,1405.2,391.0,0.6675000000000001,4.075,3.75,4.574999999999999,1.1483113069016153,3,2,0,False,True,True,True,False,True,True,True,True,True,False
FIRE+FLOOD+ENV+SSA,BCBC,1256.6,335.75,1337.2,393.25,0.6675000000000001,4.075,3.75,4.574999999999999,1.1712583767684288,3,2,0,False,True,True,True,False,True,True,True,True,True,False
FIRE+FLOOD+ENV+SSA,BCCA,1274.1,341.5,1394.4,361.0,0.6675000000000001,4.075,3.75,4.574999999999999,1.0571010248901904,3,2,1,False,True,True,True,False,True,True,True,True,True,False
FIRE+FLOOD+ENV+SSA,BCCB,1257.6,336.75,1333.2,393.0,0.6675000000000001,4.075,3.75,4.574999999999999,1.1670378619153674,3,2,0,False,True,True,True,False,True,True,True,True,True,False
FIRE+FLOOD+ENV+SSA,BCCC,1251.0,332.0,1265.2,395.25,0.6675000000000001,4.075,3.75,4.574999999999999,1.1905120481927711,3,2,0,False,True,True,True,False,True,True,True,True,True,False
FIRE+FLOOD+ENV+SSA,CAAA,1311.1,353.75,1647.2,329.5,0.6675000000000001,4.075,3.75,4.574999999999999,0.9314487632508834,3,2,3,False,True,True,True,True,False,True,True,True,True,False
FIRE+FLOOD+ENV+SSA,CAAB,1294.6,349.0,1586.0,361.5,0.6675000000000001,4.075,3.75,4.574999999999999,1.0358166189111748,3,2,2,True,True,True,True,True,True,True,True,True,True,False
FIRE+FLOOD+ENV+SSA,CAAC,1288.0,344.25,1518.0,363.75,0.6675000000000001,4.075,3.75,4.574999999999999,1.056644880174292,3,2,2,True,True,True,True,True,True,True,True,True,True,False
FIRE+FLOOD+ENV+SSA,CABA,1297.1,350.0,1582.4,356.75,0.6675000000000001,4.075,3.75,4.574999999999999,1.0192857142857144,3,2,2,True,True,True,True,True,True,True,True,True,True,False
FIRE+FLOOD+ENV+SSA,CABB,1280.6,345.25,1521.2,388.75,0.6675000000000001,4.075,3.75,4.574999999999999,1.1259956553222303,3,2,1,False,True,True,True,False,True,True,True,True,True,False
FIRE+FLOOD+ENV+SSA,CABC,1274.0,340.5,1453.2,391.0,0.6675000000000001,4.075,3.75,4.574999999999999,1.1483113069016153,3,2,1,False,True,True,True,False,True,True,True,True,True,False
FIRE+FLOOD+ENV+SSA,CACA,1291.5,346.25,1510.4,358.75,0.6675000000000001,4.075,3.75,4.574999999999999,1.036101083032491,3,2,2,True,True,True,True,True,True,True,True,True,True,False
FIRE+FLOOD+ENV+SSA,CACB,1275.0,341.5,1449.2,390.75,0.6675000000000001,4.075,3.75,4.574999999999999,1.144216691068814,3,2,1,False,True,True,True,False,True,True,True,True,True,False
FIRE+FLOOD+ENV+SSA,CACC,1268.4,336.75,1381.2,393.0,0.6675000000000001,4.075,3.75,4.574999999999999,1.1670378619153674,3,2,1,False,True,True,True,False,True,True,True,True,True,False
FIRE+FLOOD+ENV+SSA,CBAA,1294.1,349.25,1539.2,332.75,0.6675000000000001,4.075,3.75,4.574999999999999,0.952755905511811,3,2,2,True,True,True,True,True,True,True,True,True,True,False
FIRE+FLOOD+ENV+SSA,CBAB,1277.6,344.5,1478.0,364.75,0.6675000000000001,4.075,3.75,4.574999999999999,1.0587808417997098,3,2,1,False,True,True,True,False,True,True,True,True,True,False
FIRE+FLOOD+ENV+SSA,CBAC,1271.0,339.75,1410.0,367.0,0.6675000000000001,4.075,3.75,4.574999999999999,1.0802060338484178,3,2,1,False,True,True,True,False,True,True,True,True,True,False
FIRE+FLOOD+ENV+SSA,CBBA,1280.1,345.5,1474.3999999999999,360.0,0.6675000000000001,4.075,3.75,4.574999999999999,1.0419681620839363,3,2,1,False,True,True,True,False,True,True,True,True,True,False
FIRE+FLOOD+ENV+SSA,CBBB,1263.6,340.75,1413.1999999999998,392.0,0.6675000000000001,4.075,3.75,4.574999999999999,1.1504035216434336,3,2,0,False,True,True,True,False,True,True,True,True,True,False
FIRE+FLOOD+ENV+SSA,CBBC,1257.0,336.0,1345.1999999999998,394.25,0.6675000000000001,4.075,3.75,4.574999999999999,1.1733630952380953,3,2,0,False,True,True,True,False,True,True,True,True,True,False
FIRE+FLOOD+ENV+SSA,CBCA,1274.5,341.75,1402.3999999999999,362.0,0.6675000000000001,4.075,3.75,4.574999999999999,1.059253840526701,3,2,1,False,True,True,True,False,True,True,True,True,True,False
FIRE+FLOOD+ENV+SSA,CBCB,1258.0,337.0,1341.1999999999998,394.0,0.6675000000000001,4.075,3.75,4.574999999999999,1.1691394658753709,3,2,0,False,True,True,True,False,True,True,True,True,True,False
FIRE+FLOOD+ENV+SSA,CBCC,1251.4,332.25,1273.1999999999998,396.25,0.6675000000000001,4.075,3.75,4.574999999999999,1.1926260346124906,3,2,0,False,True,True,True,False,True,True,True,True,True,False
FIRE+FLOOD+ENV+SSA,CCAA,1287.3,344.75,1419.2,314.25,0.6675000000000001,4.075,3.75,4.574999999999999,0.911530094271211,3,2,2,True,True,True,True,True,True,True,True,True,True,False
FIRE+FLOOD+ENV+SSA,CCAB,1270.8,340.0,1358.0,346.25,0.6675000000000001,4.075,3.75,4.574999999999999,1.0183823529411764,3,2,1,False,True,True,True,False,True,True,True,True,True,False
FIRE+FLOOD+ENV+SSA,CCAC,1264.1999999999998,335.25,1290.0,348.5,0.6675000000000001,4.075,3.75,4.574999999999999,1.0395227442207309,3,2,1,False,True,True,True,False,True,True,True,True,True,False
FIRE+FLOOD+ENV+SSA,CCBA,1273.3,341.0,1354.4,341.5,0.6675000000000001,4.075,3.75,4.574999999999999,1.001466275659824,3,2,1,False,True,True,True,False,True,True,True,True,True,False
FIRE+FLOOD+ENV+SSA,CCBB,1256.8,336.25,1293.2,373.5,0.6675000000000001,4.075,3.75,4.574999999999999,1.1107806691449813,3,2,0,False,True,True,True,False,True,True,True,True,True,False
FIRE+FLOOD+ENV+SSA,CCBC,1250.1999999999998,331.5,1225.2,375.75,0.6675000000000001,4.075,3.75,4.574999999999999,1.1334841628959276,3,2,0,False,True,True,True,False,True,True,True,True,True,False
FIRE+FLOOD+ENV+SSA,CCCA,1267.7,337.25,1282.4,343.5,0.6675000000000001,4.075,3.75,4.574999999999999,1.0185322461082282,3,2,1,False,True,True,True,False,True,True,True,True,True,False
FIRE+FLOOD+ENV+SSA,CCCB,1251.2,332.5,1221.2,375.5,0.6675000000000001,4.075,3.75,4.574999999999999,1.1293233082706766,3,2,0,False,True,True,True,False,True,True,True,True,True,False
FIRE+FLOOD+ENV+SSA,CCCC,1244.6,327.75,1153.2,377.75,0.6675000000000001,4.075,3.75,4.574999999999999,1.15255530129672,3,2,0,False,True,True,True,False,True,True,True,True,True,False
FIRE+AGRI+INFRA+ARCTIC,AAAA,1417.5,399.0,1560.0,343.75,0.67,4.05,3.5999999999999996,4.375,0.8615288220551378,4,3,4,False,True,True,True,True,False,False,True,True,True,False
FIRE+AGRI+INFRA+ARCTIC,AAAB,1394.5,392.0,1475.4,387.5,0.67,4.05,3.5999999999999996,4.375,0.9885204081632653,4,3,3,False,True,True,True,True,False,False,True,True,True,False
FIRE+AGRI+INFRA+ARCTIC,AAAC,1385.3,385.0,1381.4,391.5,0.67,4.05,3.5999999999999996,4.375,1.016883116883117,4,3,3,False,True,True,True,True,False,False,True,True,True,False
FIRE+AGRI+INFRA+ARCTIC,AABA,1402.0,395.0,1506.0,380.0,0.67,4.05,3.5999999999999996,4.375,0.9620253164556962,4,3,3,False,True,True,True,True,False,False,True,True,True,False
FIRE+AGRI+INFRA+ARCTIC,AABB,1379.0,388.0,1421.4,423.75,0.67,4.05,3.5999999999999996,4.375,1.0921391752577319,4,3,2,False,True,True,True,True,False,False,True,True,True,False
FIRE+AGRI+INFRA+ARCTIC,AABC,1369.8,381.0,1327.4,427.75,0.67,4.05,3.5999999999999996,4.375,1.122703412073491,4,3,2,False,True,True,True,True,False,False,True,True,True,False
FIRE+AGRI+INFRA+ARCTIC,AACA,1395.8,391.0,1446.0,387.0,0.67,4.05,3.5999999999999996,4.375,0.989769820971867,4,3,3,False,True,True,True,True,False,False,True,True,True,False
FIRE+AGRI+INFRA+ARCTIC,AACB,1372.8,384.0,1361.4,430.75,0.67,4.05,3.5999999999999996,4.375,1.1217447916666667,4,3,2,False,True,True,True,True,False,False,True,True,True,False
FIRE+AGRI+INFRA+ARCTIC,AACC,1363.6,377.0,1267.4,434.75,0.67,4.05,3.5999999999999996,4.375,1.153183023872679,4,3,2,False,True,True,True,True,False,False,True,True,True,False
FIRE+AGRI+INFRA+ARCTIC,ABAA,1404.5,395.25,1518.6,391.75,0.67,4.05,3.5999999999999996,4.375,0.9911448450347881,4,3,3,False,True,True,True,True,False,False,True,True,True,False
FIRE+AGRI+INFRA+ARCTIC,ABAB,1381.5,388.25,1434.0,435.5,0.67,4.05,3.5999999999999996,4.375,1.1216999356084998,4,3,2,False,True,True,True,True,False,False,True,True,True,False
FIRE+AGRI+INFRA+ARCTIC,ABAC,1372.3,381.25,1340.0,439.5,0.67,4.05,3.5999999999999996,4.375,1.1527868852459016,4,3,2,False,True,True,True,True,False,False,True,True,True,False
FIRE+AGRI+INFRA+ARCTIC,ABBA,1389.0,391.25,1464.6,428.0,0.67,4.05,3.5999999999999996,4.375,1.093929712460064,4,3,2,False,True,True,True,True,False,False,True,True,True,False
FIRE+AGRI+INFRA+ARCTIC,ABBB,1366.0,384.25,1380.0,471.75,0.67,4.05,3.5999999999999996,4.375,1.2277163305139882,4,3,1,False,True,True,True,False,False,False,True,True,True,False
FIRE+AGRI+INFRA+ARCTIC,ABBC,1356.8,377.25,1286.0,475.75,0.67,4.05,3.5999999999999996,4.375,1.2611000662690524,4,3,1,False,True,True,True,False,False,False,True,True,True,False
FIRE+AGRI+INFRA+ARCTIC,ABCA,1382.8,387.25,1404.6,435.0,0.67,4.05,3.5999999999999996,4.375,1.1233053582956747,4,3,2,False,True,True,True,True,False,False,True,True,True,False
FIRE+AGRI+INFRA+ARCTIC,ABCB,1359.8,380.25,1320.0,478.75,0.67,4.05,3.5999999999999996,4.375,1.2590401051939513,4,3,1,False,True,True,True,False,False,False,True,True,True,False
FIRE+AGRI+INFRA+ARCTIC,ABCC,1350.6,373.25,1226.0,482.75,0.67,4.05,3.5999999999999996,4.375,1.2933690555927662,4,3,1,False,True,True,True,False,False,False,True,True,True,False
FIRE+AGRI+INFRA+ARCTIC,ACAA,1399.3,391.5,1472.6,411.25,0.67,4.05,3.5999999999999996,4.375,1.0504469987228608,4,3,3,False,True,True,True,True,False,False,True,True,True,False
FIRE+AGRI+INFRA+ARCTIC,ACAB,1376.3,384.5,1388.0,455.0,0.67,4.05,3.5999999999999996,4.375,1.1833550065019507,4,3,2,False,True,True,True,True,False,False,True,True,True,False
FIRE+AGRI+INFRA+ARCTIC,ACAC,1367.1,377.5,1294.0,459.0,0.67,4.05,3.5999999999999996,4.375,1.2158940397350992,4,3,2,False,True,True,True,True,False,False,True,True,True,False
FIRE+AGRI+INFRA+ARCTIC,ACBA,1383.8,387.5,1418.6,447.5,0.67,4.05,3.5999999999999996,4.375,1.1548387096774193,4,3,2,False,True,True,True,True,False,False,True,True,True,False
FIRE+AGRI+INFRA+ARCTIC,ACBB,1360.8,380.5,1334.0,491.25,0.67,4.05,3.5999999999999996,4.375,1.2910643889618922,4,3,1,False,True,True,True,False,False,False,True,True,True,False
FIRE+AGRI+INFRA+ARCTIC,ACBC,1351.6,373.5,1240.0,495.25,0.67,4.05,3.5999999999999996,4.375,1.3259705488621152,4,3,1,False,True,True,True,False,False,False,True,True,True,False
FIRE+AGRI+INFRA+ARCTIC,ACCA,1377.6,383.5,1358.6,454.5,0.67,4.05,3.5999999999999996,4.375,1.1851368970013039,4,3,2,False,True,True,True,True,False,False,True,True,True,False
FIRE+AGRI+INFRA+ARCTIC,ACCB,1354.6,376.5,1274.0,498.25,0.67,4.05,3.5999999999999996,4.375,1.3233731739707835,4,3,1,False,True,True,True,False,False,False,True,True,True,False
FIRE+AGRI+INFRA+ARCTIC,ACCC,1345.3999999999999,369.5,1180.0,502.25,0.67,4.05,3.5999999999999996,4.375,1.3592692828146145,4,3,1,False,True,True,True,False,False,False,True,True,True,False
FIRE+AGRI+INFRA+ARCTIC,BAAA,1401.5,394.75,1459.2,344.5,0.67,4.05,3.5999999999999996,4.375,0.8727042431918937,4,3,3,False,True,True,True,True,False,False,True,True,True,False
FIRE+AGRI+INFRA+ARCTIC,BAAB,1378.5,387.75,1374.6,388.25,0.67,4.05,3.5999999999999996,4.375,1.0012894906511929,4,3,2,False,True,True,True,True,False,False,True,True,True,False
FIRE+AGRI+INFRA+ARCTIC,BAAC,1369.3,380.75,1280.6,392.25,0.67,4.05,3.5999999999999996,4.375,1.0302035456336178,4,3,2,False,True,True,True,True,False,False,True,True,True,False
FIRE+AGRI+INFRA+ARCTIC,BABA,1386.0,390.75,1405.2,380.75,0.67,4.05,3.5999999999999996,4.375,0.9744081893793985,4,3,2,False,True,True,True,True,False,False,True,True,True,False
FIRE+AGRI+INFRA+ARCTIC,BABB,1363.0,383.75,1320.6,424.5,0.67,4.05,3.5999999999999996,4.375,1.1061889250814332,4,3,1,False,True,True,True,False,False,False,True,True,True,False
FIRE+AGRI+INFRA+ARCTIC,BABC,1353.8,376.75,1226.6,428.5,0.67,4.05,3.5999999999999996,4.375,1.13735899137359,4,3,1,False,True,True,True,False,False,False,True,True,True,False
FIRE+AGRI+INFRA+ARCTIC,BACA,1379.8,386.75,1345.2,387.75,0.67,4.05,3.5999999999999996,4.375,1.0025856496444732,4,3,2,False,True,True,True,True,False,False,True,True,True,False
FIRE+AGRI+INFRA+ARCTIC,BACB,1356.8,379.75,1260.6,431.5,0.67,4.05,3.5999999999999996,4.375,1.1362738643844634,4,3,1,False,True,True,True,False,False,False,True,True,True,False
FIRE+AGRI+INFRA+ARCTIC,BACC,1347.6,372.75,1166.6,435.5,0.67,4.05,3.5999999999999996,4.375,1.1683433936955063,4,3,1,False,True,True,True,False,False,False,True,True,True,False
FIRE+AGRI+INFRA+ARCTIC,BBAA,1388.5,391.0,1417.8,392.5,0.67,4.05,3.5999999999999996,4.375,1.0038363171355498,4,3,2,False,True,True,True,True,False,False,True,True,True,False
FIRE+AGRI+INFRA+ARCTIC,BBAB,1365.5,384.0,1333.2,436.25,0.67,4.05,3.5999999999999996,4.375,1.1360677083333333,4,3,1,False,True,True,True,False,False,False,True,True,True,False
FIRE+AGRI+INFRA+ARCTIC,BBAC,1356.3,377.0,1239.2,440.25,0.67,4.05,3.5999999999999996,4.375,1.1677718832891246,4,3,1,False,True,True,True,False,False,False,True,True,True,False
FIRE+AGRI+INFRA+ARCTIC,BBBA,1373.0,387.0,1363.8,428.75,0.67,4.05,3.5999999999999996,4.375,1.1078811369509043,4,3,1,False,True,True,True,False,False,False,True,True,True,False
FIRE+AGRI+INFRA+ARCTIC,BBBB,1350.0,380.0,1279.2,472.5,0.67,4.05,3.5999999999999996,4.375,1.243421052631579,4,3,0,False,True,True,True,False,False,False,True,True,True,False
FIRE+AGRI+INFRA+ARCTIC,BBBC,1340.8,373.0,1185.2,476.5,0.67,4.05,3.5999999999999996,4.375,1.2774798927613942,4,3,0,False,True,True,True,False,False,False,True,True,True,False
FIRE+AGRI+INFRA+ARCTIC,BBCA,1366.8,383.0,1303.8,435.75,0.67,4.05,3.5999999999999996,4.375,1.137728459530026,4,3,1,False,True,True,True,False,False,False,True,True,True,False
FIRE+AGRI+INFRA+ARCTIC,BBCB,1343.8,376.0,1219.2,479.5,0.67,4.05,3.5999999999999996,4.375,1.2752659574468086,4,3,0,False,True,True,True,False,False,False,True,True,True,False
FIRE+AGRI+INFRA+ARCTIC,BBCC,1334.6,369.0,1125.2,483.5,0.67,4.05,3.5999999999999996,4.375,1.3102981029810299,4,3,0,False,True,True,True,False,False,False,True,True,True,False
FIRE+AGRI+INFRA+ARCTIC,BCAA,1383.3,387.25,1371.8,412.0,0.67,4.05,3.5999999999999996,4.375,1.063912201420271,4,3,2,False,True,True,True,True,False,False,True,True,True,False
FIRE+AGRI+INFRA+ARCTIC,BCAB,1360.3,380.25,1287.2,455.75,0.67,4.05,3.5999999999999996,4.375,1.1985535831689678,4,3,1,False,True,True,True,False,False,False,True,True,True,False
FIRE+AGRI+INFRA+ARCTIC,BCAC,1351.1,373.25,1193.2,459.75,0.67,4.05,3.5999999999999996,4.375,1.231748158070998,4,3,1,False,True,True,True,False,False,False,True,True,True,False
FIRE+AGRI+INFRA+ARCTIC,BCBA,1367.8,383.25,1317.8,448.25,0.67,4.05,3.5999999999999996,4.375,1.1696020874103066,4,3,1,False,True,True,True,False,False,False,True,True,True,False
FIRE+AGRI+INFRA+ARCTIC,BCBB,1344.8,376.25,1233.2,492.0,0.67,4.05,3.5999999999999996,4.375,1.307641196013289,4,3,0,False,True,True,True,False,False,False,True,True,True,False
FIRE+AGRI+INFRA+ARCTIC,BCBC,1335.6,369.25,1139.2,496.0,0.67,4.05,3.5999999999999996,4.375,1.3432633716993907,4,3,0,False,True,True,True,False,False,False,True,True,True,False
FIRE+AGRI+INFRA+ARCTIC,BCCA,1361.6,379.25,1257.8,455.25,0.67,4.05,3.5999999999999996,4.375,1.2003955174686882,4,3,1,False,True,True,True,False,False,False,True,True,True,False
FIRE+AGRI+INFRA+ARCTIC,BCCB,1338.6,372.25,1173.2,499.0,0.67,4.05,3.5999999999999996,4.375,1.340496977837475,4,3,0,False,True,True,True,False,False,False,True,True,True,False
FIRE+AGRI+INFRA+ARCTIC,BCCC,1329.3999999999999,365.25,1079.2,503.0,0.67,4.05,3.5999999999999996,4.375,1.377138945927447,4,3,0,False,True,True,True,False,False,False,True,True,True,False
FIRE+AGRI+INFRA+ARCTIC,CAAA,1395.1,390.5,1347.2,327.0,0.67,4.05,3.5999999999999996,4.375,0.8373879641485276,4,3,3,False,True,True,True,True,False,False,True,True,True,False
FIRE+AGRI+INFRA+ARCTIC,CAAB,1372.1,383.5,1262.6,370.75,0.67,4.05,3.5999999999999996,4.375,0.9667535853976532,4,3,2,False,True,True,True,True,False,False,True,True,True,False
FIRE+AGRI+INFRA+ARCTIC,CAAC,1362.9,376.5,1168.6,374.75,0.67,4.05,3.5999999999999996,4.375,0.9953519256308101,4,3,2,False,True,True,True,True,False,False,True,True,True,False
FIRE+AGRI+INFRA+ARCTIC,CABA,1379.6,386.5,1293.2,363.25,0.67,4.05,3.5999999999999996,4.375,0.9398447606727037,4,3,2,False,True,True,True,True,False,False,True,True,True,False
FIRE+AGRI+INFRA+ARCTIC,CABB,1356.6,379.5,1208.6,407.0,0.67,4.05,3.5999999999999996,4.375,1.0724637681159421,4,3,1,False,True,True,True,False,False,False,True,True,True,False
FIRE+AGRI+INFRA+ARCTIC,CABC,1347.4,372.5,1114.6,411.0,0.67,4.05,3.5999999999999996,4.375,1.1033557046979865,4,3,1,False,True,True,True,False,False,False,True,True,True,False
FIRE+AGRI+INFRA+ARCTIC,CACA,1373.3999999999999,382.5,1233.2,370.25,0.67,4.05,3.5999999999999996,4.375,0.9679738562091503,4,3,2,False,True,True,True,True,False,False,True,True,True,False
FIRE+AGRI+INFRA+ARCTIC,CACB,1350.3999999999999,375.5,1148.6,414.0,0.67,4.05,3.5999999999999996,4.375,1.1025299600532623,4,3,1,False,True,True,True,False,False,False,True,True,True,False
FIRE+AGRI+INFRA+ARCTIC,CACC,1341.2,368.5,1054.6,418.0,0.67,4.05,3.5999999999999996,4.375,1.1343283582089552,4,3,1,False,True,True,True,False,False,False,True,True,True,False
FIRE+AGRI+INFRA+ARCTIC,CBAA,1382.1,386.75,1305.8,375.0,0.67,4.05,3.5999999999999996,4.375,0.9696186166774402,4,3,2,False,True,True,True,True,False,False,True,True,True,False
FIRE+AGRI+INFRA+ARCTIC,CBAB,1359.1,379.75,1221.2,418.75,0.67,4.05,3.5999999999999996,4.375,1.1026991441737986,4,3,1,False,True,True,True,False,False,False,True,True,True,False
FIRE+AGRI+INFRA+ARCTIC,CBAC,1349.9,372.75,1127.2,422.75,0.67,4.05,3.5999999999999996,4.375,1.1341381623071765,4,3,1,False,True,True,True,False,False,False,True,True,True,False
FIRE+AGRI+INFRA+ARCTIC,CBBA,1366.6,382.75,1251.8,411.25,0.67,4.05,3.5999999999999996,4.375,1.0744611365120835,4,3,1,False,True,True,True,False,False,False,True,True,True,False
FIRE+AGRI+INFRA+ARCTIC,CBBB,1343.6,375.75,1167.2,455.0,0.67,4.05,3.5999999999999996,4.375,1.210911510312708,4,3,0,False,True,True,True,False,False,False,True,True,True,False
FIRE+AGRI+INFRA+ARCTIC,CBBC,1334.4,368.75,1073.2,459.0,0.67,4.05,3.5999999999999996,4.375,1.2447457627118643,4,3,0,False,True,True,True,False,False,False,True,True,True,False
FIRE+AGRI+INFRA+ARCTIC,CBCA,1360.3999999999999,378.75,1191.8,418.25,0.67,4.05,3.5999999999999996,4.375,1.1042904290429043,4,3,1,False,True,True,True,False,False,False,True,True,True,False
FIRE+AGRI+INFRA+ARCTIC,CBCB,1337.3999999999999,371.75,1107.2,462.0,0.67,4.05,3.5999999999999996,4.375,1.2427706792199058,4,3,0,False,True,True,True,False,False,False,True,True,True,False
FIRE+AGRI+INFRA+ARCTIC,CBCC,1328.2,364.75,1013.2,466.0,0.67,4.05,3.5999999999999996,4.375,1.2775873886223441,4,3,0,False,True,True,True,False,False,False,True,True,True,False
FIRE+AGRI+INFRA+ARCTIC,CCAA,1376.9,383.0,1259.8,394.5,0.67,4.05,3.5999999999999996,4.375,1.0300261096605745,4,3,2,False,True,True,True,True,False,False,True,True,True,False
FIRE+AGRI+INFRA+ARCTIC,CCAB,1353.9,376.0,1175.2,438.25,0.67,4.05,3.5999999999999996,4.375,1.165558510638298,4,3,1,False,True,True,True,False,False,False,True,True,True,False
FIRE+AGRI+INFRA+ARCTIC,CCAC,1344.7,369.0,1081.2,442.25,0.67,4.05,3.5999999999999996,4.375,1.198509485094851,4,3,1,False,True,True,True,False,False,False,True,True,True,False
FIRE+AGRI+INFRA+ARCTIC,CCBA,1361.4,379.0,1205.8,430.75,0.67,4.05,3.5999999999999996,4.375,1.1365435356200528,4,3,1,False,True,True,True,False,False,False,True,True,True,False
FIRE+AGRI+INFRA+ARCTIC,CCBB,1338.4,372.0,1121.2,474.5,0.67,4.05,3.5999999999999996,4.375,1.2755376344086022,4,3,0,False,True,True,True,False,False,False,True,True,True,False
FIRE+AGRI+INFRA+ARCTIC,CCBC,1329.2,365.0,1027.2,478.5,0.67,4.05,3.5999999999999996,4.375,1.310958904109589,4,3,0,False,True,True,True,False,False,False,True,True,True,False
FIRE+AGRI+INFRA+ARCTIC,CCCA,1355.2,375.0,1145.8,437.75,0.67,4.05,3.5999999999999996,4.375,1.1673333333333333,4,3,1,False,True,True,True,False,False,False,True,True,True,False
FIRE+AGRI+INFRA+ARCTIC,CCCB,1332.2,368.0,1061.2,481.5,0.67,4.05,3.5999999999999996,4.375,1.3084239130434783,4,3,0,False,True,True,True,False,False,False,True,True,True,False
FIRE+AGRI+INFRA+ARCTIC,CCCC,1323.0,361.0,967.2,485.5,0.67,4.05,3.5999999999999996,4.375,1.3448753462603877,4,3,0,False,True,True,True,False,False,False,False,True,True,False
FIRE+AGRI+INFRA+TRANS,AAAA,1197.0,325.5,1310.0,293.75,0.725,4.449999999999999,4.0,4.65,0.9024577572964669,4,2,4,True,True,True,True,True,True,True,True,True,True,False
FIRE+AGRI+INFRA+TRANS,AAAB,1184.5,322.0,1270.4,327.5,0.725,4.449999999999999,4.0,4.65,1.0170807453416149,4,2,3,True,True,True,True,True,True,True,True,True,True,False
FIRE+AGRI+INFRA+TRANS,AAAC,1179.5,318.5,1226.4,335.5,0.725,4.449999999999999,4.0,4.65,1.053375196232339,4,2,3,True,True,True,True,True,True,True,True,True,True,True
FIRE+AGRI+INFRA+TRANS,AABA,1181.5,321.5,1256.0,330.0,0.725,4.449999999999999,4.0,4.65,1.026438569206843,4,2,3,True,True,True,True,True,True,True,True,True,True,False
FIRE+AGRI+INFRA+TRANS,AABB,1169.0,318.0,1216.4,363.75,0.725,4.449999999999999,4.0,4.65,1.1438679245283019,4,2,2,True,True,True,True,True,True,True,True,True,True,True
FIRE+AGRI+INFRA+TRANS,AABC,1164.0,314.5,1172.4,371.75,0.725,4.449999999999999,4.0,4.65,1.1820349761526232,4,2,2,True,True,True,True,True,True,True,True,True,True,True
FIRE+AGRI+INFRA+TRANS,AACA,1175.3,317.5,1196.0,337.0,0.725,4.449999999999999,4.0,4.65,1.0614173228346457,4,2,3,True,True,True,True,True,True,True,True,True,True,True
FIRE+AGRI+INFRA+TRANS,AACB,1162.8,314.0,1156.4,370.75,0.725,4.449999999999999,4.0,4.65,1.180732484076433,4,2,2,True,True,True,True,True,True,True,True,True,True,True
FIRE+AGRI+INFRA+TRANS,AACC,1157.8,310.5,1112.4,378.75,0.725,4.449999999999999,4.0,4.65,1.2198067632850242,4,2,2,True,True,True,True,True,True,True,True,True,True,True
FIRE+AGRI+INFRA+TRANS,ABAA,1184.0,321.75,1268.6,341.75,0.725,4.449999999999999,4.0,4.65,1.0621600621600622,4,2,3,True,True,True,True,True,True,True,True,True,True,False
FIRE+AGRI+INFRA+TRANS,ABAB,1171.5,318.25,1229.0,375.5,0.725,4.449999999999999,4.0,4.65,1.1798900235663787,4,2,2,True,True,True,True,True,True,True,True,True,True,True
FIRE+AGRI+INFRA+TRANS,ABAC,1166.5,314.75,1185.0,383.5,0.725,4.449999999999999,4.0,4.65,1.2184273232724385,4,2,2,True,True,True,True,True,True,True,True,True,True,True
FIRE+AGRI+INFRA+TRANS,ABBA,1168.5,317.75,1214.6,378.0,0.725,4.449999999999999,4.0,4.65,1.1896144767899293,4,2,2,True,True,True,True,True,True,True,True,True,True,True
FIRE+AGRI+INFRA+TRANS,ABBB,1156.0,314.25,1175.0,411.75,0.725,4.449999999999999,4.0,4.65,1.3102625298329356,4,2,1,False,True,True,True,False,True,True,True,True,True,False
FIRE+AGRI+INFRA+TRANS,ABBC,1151.0,310.75,1131.0,419.75,0.725,4.449999999999999,4.0,4.65,1.35076427996782,4,2,1,False,True,True,True,False,True,True,True,True,True,False
FIRE+AGRI+INFRA+TRANS,ABCA,1162.3,313.75,1154.6,385.0,0.725,4.449999999999999,4.0,4.65,1.2270916334661355,4,2,2,True,True,True,True,True,True,True,True,True,True,True
FIRE+AGRI+INFRA+TRANS,ABCB,1149.8,310.25,1115.0,418.75,0.725,4.449999999999999,4.0,4.65,1.3497179693795327,4,2,1,False,True,True,True,False,True,True,True,True,True,False
FIRE+AGRI+INFRA+TRANS,ABCC,1144.8,306.75,1071.0,426.75,0.725,4.449999999999999,4.0,4.65,1.39119804400978,4,2,1,False,True,True,True,False,True,True,True,True,True,False
FIRE+AGRI+INFRA+TRANS,ACAA,1178.8,318.0,1222.6,361.25,0.725,4.449999999999999,4.0,4.65,1.1360062893081762,4,2,3,True,True,True,True,True,True,True,True,True,True,True
FIRE+AGRI+INFRA+TRANS,ACAB,1166.3,314.5,1183.0,395.0,0.725,4.449999999999999,4.0,4.65,1.2559618441971383,4,2,2,True,True,True,True,True,True,True,True,True,True,True
FIRE+AGRI+INFRA+TRANS,ACAC,1161.3,311.0,1139.0,403.0,0.725,4.449999999999999,4.0,4.65,1.2958199356913183,4,2,2,True,True,True,True,True,True,True,True,True,True,True
FIRE+AGRI+INFRA+TRANS,ACBA,1163.3,314.0,1168.6,397.5,0.725,4.449999999999999,4.0,4.65,1.265923566878981,4,2,2,True,True,True,True,True,True,True,True,True,True,True
FIRE+AGRI+INFRA+TRANS,ACBB,1150.8,310.5,1129.0,431.25,0.725,4.449999999999999,4.0,4.65,1.3888888888888888,4,2,1,False,True,True,True,False,True,True,True,True,True,False
FIRE+AGRI+INFRA+TRANS,ACBC,1145.8,307.0,1085.0,439.25,0.725,4.449999999999999,4.0,4.65,1.4307817589576548,4,2,1,False,True,True,True,False,True,True,True,True,True,False
FIRE+AGRI+INFRA+TRANS,ACCA,1157.1,310.0,1108.6,404.5,0.725,4.449999999999999,4.0,4.65,1.3048387096774194,4,2,2,True,True,True,True,True,True,True,True,True,True,True
FIRE+AGRI+INFRA+TRANS,ACCB,1144.6,306.5,1069.0,438.25,0.725,4.449999999999999,4.0,4.65,1.4298531810766721,4,2,1,False,True,True,True,False,True,True,True,True,True,False
FIRE+AGRI+INFRA+TRANS,ACCC,1139.6,303.0,1025.0,446.25,0.725,4.449999999999999,4.0,4.65,1.4727722772277227,4,2,1,False,True,True,True,False,True,True,True,True,True,False
FIRE+AGRI+INFRA+TRANS,BAAA,1181.0,321.25,1209.2,294.5,0.725,4.449999999999999,4.0,4.65,0.9167315175097276,4,2,3,True,True,True,True,True,True,True,True,True,True,False
FIRE+AGRI+INFRA+TRANS,BAAB,1168.5,317.75,1169.6,328.25,0.725,4.449999999999999,4.0,4.65,1.033044846577498,4,2,2,True,True,True,True,True,True,True,True,True,True,True
FIRE+AGRI+INFRA+TRANS,BAAC,1163.5,314.25,1125.6000000000001,336.25,0.725,4.449999999999999,4.0,4.65,1.0700079554494828,4,2,2,True,True,True,True,True,True,True,True,True,True,True
FIRE+AGRI+INFRA+TRANS,BABA,1165.5,317.25,1155.2,330.75,0.725,4.449999999999999,4.0,4.65,1.0425531914893618,4,2,2,True,True,True,True,True,True,True,True,True,True,True
FIRE+AGRI+INFRA+TRANS,BABB,1153.0,313.75,1115.6,364.5,0.725,4.449999999999999,4.0,4.65,1.1617529880478088,4,2,1,False,True,True,True,False,True,True,True,True,True,False
FIRE+AGRI+INFRA+TRANS,BABC,1148.0,310.25,1071.6000000000001,372.5,0.725,4.449999999999999,4.0,4.65,1.200644641418211,4,2,1,False,True,True,True,False,True,True,True,True,True,False
FIRE+AGRI+INFRA+TRANS,BACA,1159.3,313.25,1095.2,337.75,0.725,4.449999999999999,4.0,4.65,1.0782122905027933,4,2,2,True,True,True,True,True,True,True,True,True,True,True
FIRE+AGRI+INFRA+TRANS,BACB,1146.8,309.75,1055.6,371.5,0.725,4.449999999999999,4.0,4.65,1.1993543179983859,4,2,1,False,True,True,True,False,True,True,True,True,True,False
FIRE+AGRI+INFRA+TRANS,BACC,1141.8,306.25,1011.6,379.5,0.725,4.449999999999999,4.0,4.65,1.2391836734693877,4,2,1,False,True,True,True,False,True,True,True,True,True,False
FIRE+AGRI+INFRA+TRANS,BBAA,1168.0,317.5,1167.8,342.5,0.725,4.449999999999999,4.0,4.65,1.078740157480315,4,2,2,True,True,True,True,True,True,True,True,True,True,True
FIRE+AGRI+INFRA+TRANS,BBAB,1155.5,314.0,1128.1999999999998,376.25,0.725,4.449999999999999,4.0,4.65,1.1982484076433122,4,2,1,False,True,True,True,False,True,True,True,True,True,False
FIRE+AGRI+INFRA+TRANS,BBAC,1150.5,310.5,1084.2,384.25,0.725,4.449999999999999,4.0,4.65,1.2375201288244766,4,2,1,False,True,True,True,False,True,True,True,True,True,False
FIRE+AGRI+INFRA+TRANS,BBBA,1152.5,313.5,1113.8,378.75,0.725,4.449999999999999,4.0,4.65,1.208133971291866,4,2,1,False,True,True,True,False,True,True,True,True,True,False
FIRE+AGRI+INFRA+TRANS,BBBB,1140.0,310.0,1074.1999999999998,412.5,0.725,4.449999999999999,4.0,4.65,1.3306451612903225,4,2,0,False,True,True,True,False,True,True,True,True,True,False
FIRE+AGRI+INFRA+TRANS,BBBC,1135.0,306.5,1030.2,420.5,0.725,4.449999999999999,4.0,4.65,1.3719412724306688,4,2,0,False,True,True,True,False,True,True,True,True,True,False
FIRE+AGRI+INFRA+TRANS,BBCA,1146.3,309.5,1053.8,385.75,0.725,4.449999999999999,4.0,4.65,1.2463651050080775,4,2,1,False,True,True,True,False,True,True,True,True,True,False
FIRE+AGRI+INFRA+TRANS,BBCB,1133.8,306.0,1014.1999999999999,419.5,0.725,4.449999999999999,4.0,4.65,1.3709150326797386,4,2,0,False,True,True,True,False,True,True,True,True,True,False
FIRE+AGRI+INFRA+TRANS,BBCC,1128.8,302.5,970.1999999999999,427.5,0.725,4.449999999999999,4.0,4.65,1.4132231404958677,4,2,0,False,True,True,True,False,True,True,False,True,True,False
FIRE+AGRI+INFRA+TRANS,BCAA,1162.8,313.75,1121.8,362.0,0.725,4.449999999999999,4.0,4.65,1.153784860557769,4,2,2,True,True,True,True,True,True,True,True,True,True,True
FIRE+AGRI+INFRA+TRANS,BCAB,1150.3,310.25,1082.1999999999998,395.75,0.725,4.449999999999999,4.0,4.65,1.2755842062852538,4,2,1,False,True,True,True,False,True,True,True,True,True,False
FIRE+AGRI+INFRA+TRANS,BCAC,1145.3,306.75,1038.2,403.75,0.725,4.449999999999999,4.0,4.65,1.3162184189079054,4,2,1,False,True,True,True,False,True,True,True,True,True,False
FIRE+AGRI+INFRA+TRANS,BCBA,1147.3,309.75,1067.8,398.25,0.725,4.449999999999999,4.0,4.65,1.2857142857142858,4,2,1,False,True,True,True,False,True,True,True,True,True,False
FIRE+AGRI+INFRA+TRANS,BCBB,1134.8,306.25,1028.1999999999998,432.0,0.725,4.449999999999999,4.0,4.65,1.4106122448979592,4,2,0,False,True,True,True,False,True,True,True,True,True,False
FIRE+AGRI+INFRA+TRANS,BCBC,1129.8,302.75,984.1999999999999,440.0,0.725,4.449999999999999,4.0,4.65,1.453344343517754,4,2,0,False,True,True,True,False,True,True,False,True,True,False
FIRE+AGRI+INFRA+TRANS,BCCA,1141.1,305.75,1007.8,405.25,0.725,4.449999999999999,4.0,4.65,1.3254292722812755,4,2,1,False,True,True,True,False,True,True,True,True,True,False
FIRE+AGRI+INFRA+TRANS,BCCB,1128.6,302.25,968.1999999999999,439.0,0.725,4.449999999999999,4.0,4.65,1.4524400330851943,4,2,0,False,True,True,True,False,True,True,False,True,True,False
FIRE+AGRI+INFRA+TRANS,BCCC,1123.6,298.75,924.1999999999999,447.0,0.725,4.449999999999999,4.0,4.65,1.496234309623431,4,2,0,False,True,True,True,False,True,True,False,True,True,False
FIRE+AGRI+INFRA+TRANS,CAAA,1174.6,317.0,1097.2,277.0,0.725,4.449999999999999,4.0,4.65,0.8738170347003155,4,2,3,True,True,True,True,True,True,True,True,True,True,True
FIRE+AGRI+INFRA+TRANS,CAAB,1162.1,313.5,1057.6,310.75,0.725,4.449999999999999,4.0,4.65,0.9912280701754386,4,2,2,True,True,True,True,True,True,True,True,True,True,True
FIRE+AGRI+INFRA+TRANS,CAAC,1157.1,310.0,1013.6,318.75,0.725,4.449999999999999,4.0,4.65,1.028225806451613,4,2,2,True,True,True,True,True,True,True,True,True,True,True
FIRE+AGRI+INFRA+TRANS,CABA,1159.1,313.0,1043.2,313.25,0.725,4.449999999999999,4.0,4.65,1.0007987220447285,4,2,2,True,True,True,True,True,True,True,True,True,True,True
FIRE+AGRI+INFRA+TRANS,CABB,1146.6,309.5,1003.6,347.0,0.725,4.449999999999999,4.0,4.65,1.121163166397415,4,2,1,False,True,True,True,False,True,True,True,True,True,False
FIRE+AGRI+INFRA+TRANS,CABC,1141.6,306.0,959.6,355.0,0.725,4.449999999999999,4.0,4.65,1.1601307189542485,4,2,1,False,True,True,True,False,True,True,False,True,True,False
FIRE+AGRI+INFRA+TRANS,CACA,1152.9,309.0,983.2,320.25,0.725,4.449999999999999,4.0,4.65,1.0364077669902914,4,2,2,False,True,True,True,True,True,True,False,True,True,False
FIRE+AGRI+INFRA+TRANS,CACB,1140.4,305.5,943.6,354.0,0.725,4.449999999999999,4.0,4.65,1.1587561374795416,4,2,1,False,True,True,True,False,True,True,False,True,True,False
FIRE+AGRI+INFRA+TRANS,CACC,1135.4,302.0,899.6,362.0,0.725,4.449999999999999,4.0,4.65,1.1986754966887416,4,2,1,False,True,True,True,False,True,True,False,True,True,False
FIRE+AGRI+INFRA+TRANS,CBAA,1161.6,313.25,1055.8,325.0,0.725,4.449999999999999,4.0,4.65,1.037509976057462,4,2,2,True,True,True,True,True,True,True,True,True,True,True
FIRE+AGRI+INFRA+TRANS,CBAB,1149.1,309.75,1016.1999999999999,358.75,0.725,4.449999999999999,4.0,4.65,1.1581920903954803,4,2,1,False,True,True,True,False,True,True,True,True,True,False
FIRE+AGRI+INFRA+TRANS,CBAC,1144.1,306.25,972.1999999999999,366.75,0.725,4.449999999999999,4.0,4.65,1.1975510204081632,4,2,1,False,True,True,True,False,True,True,False,True,True,False
FIRE+AGRI+INFRA+TRANS,CBBA,1146.1,309.25,1001.8,361.25,0.725,4.449999999999999,4.0,4.65,1.1681487469684722,4,2,1,False,True,True,True,False,True,True,True,True,True,False
FIRE+AGRI+INFRA+TRANS,CBBB,1133.6,305.75,962.1999999999999,395.0,0.725,4.449999999999999,4.0,4.65,1.2919051512673754,4,2,0,False,True,True,True,False,True,True,False,True,True,False
FIRE+AGRI+INFRA+TRANS,CBBC,1128.6,302.25,918.1999999999999,403.0,0.725,4.449999999999999,4.0,4.65,1.3333333333333333,4,2,0,False,True,True,True,False,True,True,False,True,True,False
FIRE+AGRI+INFRA+TRANS,CBCA,1139.9,305.25,941.8,368.25,0.725,4.449999999999999,4.0,4.65,1.2063882063882063,4,2,1,False,True,True,True,False,True,True,False,True,True,False
FIRE+AGRI+INFRA+TRANS,CBCB,1127.4,301.75,902.1999999999999,402.0,0.725,4.449999999999999,4.0,4.65,1.332228666114333,4,2,0,False,True,True,True,False,True,True,False,True,True,False
FIRE+AGRI+INFRA+TRANS,CBCC,1122.4,298.25,858.1999999999999,410.0,0.725,4.449999999999999,4.0,4.65,1.374685666387259,4,2,0,False,True,True,True,False,True,True,False,True,True,False
FIRE+AGRI+INFRA+TRANS,CCAA,1156.4,309.5,1009.8,344.5,0.725,4.449999999999999,4.0,4.65,1.1130856219709209,4,2,2,True,True,True,True,True,True,True,True,True,True,True
FIRE+AGRI+INFRA+TRANS,CCAB,1143.9,306.0,970.1999999999999,378.25,0.725,4.449999999999999,4.0,4.65,1.2361111111111112,4,2,1,False,True,True,True,False,True,True,False,True,True,False
FIRE+AGRI+INFRA+TRANS,CCAC,1138.9,302.5,926.1999999999999,386.25,0.725,4.449999999999999,4.0,4.65,1.2768595041322315,4,2,1,False,True,True,True,False,True,True,False,True,True,False
FIRE+AGRI+INFRA+TRANS,CCBA,1140.9,305.5,955.8,380.75,0.725,4.449999999999999,4.0,4.65,1.246317512274959,4,2,1,False,True,True,True,False,True,True,False,True,True,False
FIRE+AGRI+INFRA+TRANS,CCBB,1128.4,302.0,916.1999999999999,414.5,0.725,4.449999999999999,4.0,4.65,1.3725165562913908,4,2,0,False,True,True,True,False,True,True,False,True,True,False
FIRE+AGRI+INFRA+TRANS,CCBC,1123.4,298.5,872.1999999999999,422.5,0.725,4.449999999999999,4.0,4.65,1.4154103852596316,4,2,0,False,True,True,True,False,True,True,False,True,True,False
FIRE+AGRI+INFRA+TRANS,CCCA,1134.7,301.5,895.8,387.75,0.725,4.449999999999999,4.0,4.65,1.2860696517412935,4,2,1,False,True,True,True,False,True,True,False,True,True,False
FIRE+AGRI+INFRA+TRANS,CCCB,1122.2,298.0,856.1999999999999,421.5,0.725,4.449999999999999,4.0,4.65,1.4144295302013423,4,2,0,False,True,True,True,False,True,True,False,True,True,False
FIRE+AGRI+INFRA+TRANS,CCCC,1117.2,294.5,812.1999999999999,429.5,0.725,4.449999999999999,4.0,4.65,1.4584040747028864,4,2,0,False,True,True,True,False,True,True,False,True,True,False
FIRE+AGRI+INFRA+ENV,AAAA,1228.5,330.75,1450.0,301.25,0.715,4.35,3.95,4.65,0.9108087679516251,4,2,4,True,True,True,True,True,True,True,True,True,True,False
FIRE+AGRI+INFRA+ENV,AAAB,1214.5,327.0,1385.2,328.5,0.715,4.35,3.95,4.65,1.0045871559633028,4,2,3,True,True,True,True,True,True,True,True,True,True,False
FIRE+AGRI+INFRA+ENV,AAAC,1208.9,323.25,1313.2,330.5,0.715,4.35,3.95,4.65,1.0224284609435421,4,2,3,True,True,True,True,True,True,True,True,True,True,False
FIRE+AGRI+INFRA+ENV,AABA,1213.0,326.75,1396.0,337.5,0.715,4.35,3.95,4.65,1.0328997704667178,4,2,3,True,True,True,True,True,True,True,True,True,True,False
FIRE+AGRI+INFRA+ENV,AABB,1199.0,323.0,1331.2,364.75,0.715,4.35,3.95,4.65,1.1292569659442724,4,2,2,True,True,True,True,True,True,True,True,True,True,False
FIRE+AGRI+INFRA+ENV,AABC,1193.4,319.25,1259.2,366.75,0.715,4.35,3.95,4.65,1.148786217697729,4,2,2,True,True,True,True,True,True,True,True,True,True,False
FIRE+AGRI+INFRA+ENV,AACA,1206.8,322.75,1336.0,344.5,0.715,4.35,3.95,4.65,1.067389620449264,4,2,3,True,True,True,True,True,True,True,True,True,True,False
FIRE+AGRI+INFRA+ENV,AACB,1192.8,319.0,1271.2,371.75,0.715,4.35,3.95,4.65,1.165360501567398,4,2,2,True,True,True,True,True,True,True,True,True,True,False
FIRE+AGRI+INFRA+ENV,AACC,1187.2,315.25,1199.2,373.75,0.715,4.35,3.95,4.65,1.1855670103092784,4,2,2,True,True,True,True,True,True,True,True,True,True,False
FIRE+AGRI+INFRA+ENV,ABAA,1215.5,327.0,1408.6,349.25,0.715,4.35,3.95,4.65,1.0680428134556574,4,2,3,True,True,True,True,True,True,True,True,True,True,False
FIRE+AGRI+INFRA+ENV,ABAB,1201.5,323.25,1343.8,376.5,0.715,4.35,3.95,4.65,1.1647331786542923,4,2,2,True,True,True,True,True,True,True,True,True,True,False
FIRE+AGRI+INFRA+ENV,ABAC,1195.9,319.5,1271.8,378.5,0.715,4.35,3.95,4.65,1.1846635367762128,4,2,2,True,True,True,True,True,True,True,True,True,True,False
FIRE+AGRI+INFRA+ENV,ABBA,1200.0,323.0,1354.6,385.5,0.715,4.35,3.95,4.65,1.193498452012384,4,2,2,True,True,True,True,True,True,True,True,True,True,False
FIRE+AGRI+INFRA+ENV,ABBB,1186.0,319.25,1289.8,412.75,0.715,4.35,3.95,4.65,1.2928739232576352,4,2,1,False,True,True,True,False,True,True,True,True,True,False
FIRE+AGRI+INFRA+ENV,ABBC,1180.4,315.5,1217.8,414.75,0.715,4.35,3.95,4.65,1.314580031695721,4,2,1,False,True,True,True,False,True,True,True,True,True,False
FIRE+AGRI+INFRA+ENV,ABCA,1193.8,319.0,1294.6,392.5,0.715,4.35,3.95,4.65,1.2304075235109717,4,2,2,True,True,True,True,True,True,True,True,True,True,False
FIRE+AGRI+INFRA+ENV,ABCB,1179.8,315.25,1229.8,419.75,0.715,4.35,3.95,4.65,1.331482950039651,4,2,1,False,True,True,True,False,True,True,True,True,True,False
FIRE+AGRI+INFRA+ENV,ABCC,1174.2,311.5,1157.8,421.75,0.715,4.35,3.95,4.65,1.353932584269663,4,2,1,False,True,True,True,False,True,True,True,True,True,False
FIRE+AGRI+INFRA+ENV,ACAA,1210.3,323.25,1362.6,368.75,0.715,4.35,3.95,4.65,1.1407579273008508,4,2,3,True,True,True,True,True,True,True,True,True,True,False
FIRE+AGRI+INFRA+ENV,ACAB,1196.3,319.5,1297.8,396.0,0.715,4.35,3.95,4.65,1.2394366197183098,4,2,2,True,True,True,True,True,True,True,True,True,True,False
FIRE+AGRI+INFRA+ENV,ACAC,1190.6999999999998,315.75,1225.8,398.0,0.715,4.35,3.95,4.65,1.2604908946951703,4,2,2,True,True,True,True,True,True,True,True,True,True,False
FIRE+AGRI+INFRA+ENV,ACBA,1194.8,319.25,1308.6,405.0,0.715,4.35,3.95,4.65,1.2685982772122162,4,2,2,True,True,True,True,True,True,True,True,True,True,False
FIRE+AGRI+INFRA+ENV,ACBB,1180.8,315.5,1243.8,432.25,0.715,4.35,3.95,4.65,1.3700475435816164,4,2,1,False,True,True,True,False,True,True,True,True,True,False
FIRE+AGRI+INFRA+ENV,ACBC,1175.1999999999998,311.75,1171.8,434.25,0.715,4.35,3.95,4.65,1.392943063352045,4,2,1,False,True,True,True,False,True,True,True,True,True,False
FIRE+AGRI+INFRA+ENV,ACCA,1188.6,315.25,1248.6,412.0,0.715,4.35,3.95,4.65,1.3068992862807296,4,2,2,True,True,True,True,True,True,True,True,True,True,False
FIRE+AGRI+INFRA+ENV,ACCB,1174.6,311.5,1183.8,439.25,0.715,4.35,3.95,4.65,1.4101123595505618,4,2,1,False,True,True,True,False,True,True,True,True,True,False
FIRE+AGRI+INFRA+ENV,ACCC,1169.0,307.75,1111.8,441.25,0.715,4.35,3.95,4.65,1.4337936636880584,4,2,1,False,True,True,True,False,True,True,True,True,True,False
FIRE+AGRI+INFRA+ENV,BAAA,1212.5,326.5,1349.2,302.0,0.715,4.35,3.95,4.65,0.9249617151607963,4,2,3,True,True,True,True,True,True,True,True,True,True,False
FIRE+AGRI+INFRA+ENV,BAAB,1198.5,322.75,1284.4,329.25,0.715,4.35,3.95,4.65,1.0201394268009296,4,2,2,True,True,True,True,True,True,True,True,True,True,False
FIRE+AGRI+INFRA+ENV,BAAC,1192.9,319.0,1212.4,331.25,0.715,4.35,3.95,4.65,1.0384012539184952,4,2,2,True,True,True,True,True,True,True,True,True,True,False
FIRE+AGRI+INFRA+ENV,BABA,1197.0,322.5,1295.2,338.25,0.715,4.35,3.95,4.65,1.0488372093023255,4,2,2,True,True,True,True,True,True,True,True,True,True,False
FIRE+AGRI+INFRA+ENV,BABB,1183.0,318.75,1230.4,365.5,0.715,4.35,3.95,4.65,1.1466666666666667,4,2,1,False,True,True,True,False,True,True,True,True,True,False
FIRE+AGRI+INFRA+ENV,BABC,1177.4,315.0,1158.3999999999999,367.5,0.715,4.35,3.95,4.65,1.1666666666666667,4,2,1,False,True,True,True,False,True,True,True,True,True,False
FIRE+AGRI+INFRA+ENV,BACA,1190.8,318.5,1235.2,345.25,0.715,4.35,3.95,4.65,1.0839874411302983,4,2,2,True,True,True,True,True,True,True,True,True,True,False
FIRE+AGRI+INFRA+ENV,BACB,1176.8,314.75,1170.4,372.5,0.715,4.35,3.95,4.65,1.1834789515488482,4,2,1,False,True,True,True,False,True,True,True,True,True,False
FIRE+AGRI+INFRA+ENV,BACC,1171.2,311.0,1098.4,374.5,0.715,4.35,3.95,4.65,1.2041800643086817,4,2,1,False,True,True,True,False,True,True,True,True,True,False
FIRE+AGRI+INFRA+ENV,BBAA,1199.5,322.75,1307.8,350.0,0.715,4.35,3.95,4.65,1.0844306738962044,4,2,2,True,True,True,True,True,True,True,True,True,True,False
FIRE+AGRI+INFRA+ENV,BBAB,1185.5,319.0,1243.0,377.25,0.715,4.35,3.95,4.65,1.182601880877743,4,2,1,False,True,True,True,False,True,True,True,True,True,False
FIRE+AGRI+INFRA+ENV,BBAC,1179.9,315.25,1171.0,379.25,0.715,4.35,3.95,4.65,1.2030134813639968,4,2,1,False,True,True,True,False,True,True,True,True,True,False
FIRE+AGRI+INFRA+ENV,BBBA,1184.0,318.75,1253.8,386.25,0.715,4.35,3.95,4.65,1.2117647058823529,4,2,1,False,True,True,True,False,True,True,True,True,True,False
FIRE+AGRI+INFRA+ENV,BBBB,1170.0,315.0,1189.0,413.5,0.715,4.35,3.95,4.65,1.3126984126984127,4,2,0,False,True,True,True,False,True,True,True,True,True,False
FIRE+AGRI+INFRA+ENV,BBBC,1164.4,311.25,1117.0,415.5,0.715,4.35,3.95,4.65,1.3349397590361445,4,2,0,False,True,True,True,False,True,True,True,True,True,False
FIRE+AGRI+INFRA+ENV,BBCA,1177.8,314.75,1193.8,393.25,0.715,4.35,3.95,4.65,1.2494042891183479,4,2,1,False,True,True,True,False,True,True,True,True,True,False
FIRE+AGRI+INFRA+ENV,BBCB,1163.8,311.0,1129.0,420.5,0.715,4.35,3.95,4.65,1.3520900321543408,4,2,0,False,True,True,True,False,True,True,True,True,True,False
FIRE+AGRI+INFRA+ENV,BBCC,1158.2,307.25,1057.0,422.5,0.715,4.35,3.95,4.65,1.3751017087062654,4,2,0,False,True,True,True,False,True,True,True,True,True,False
FIRE+AGRI+INFRA+ENV,BCAA,1194.3,319.0,1261.8,369.5,0.715,4.35,3.95,4.65,1.158307210031348,4,2,2,True,True,True,True,True,True,True,True,True,True,False
FIRE+AGRI+INFRA+ENV,BCAB,1180.3,315.25,1197.0,396.75,0.715,4.35,3.95,4.65,1.2585249801744647,4,2,1,False,True,True,True,False,True,True,True,True,True,False
FIRE+AGRI+INFRA+ENV,BCAC,1174.6999999999998,311.5,1125.0,398.75,0.715,4.35,3.95,4.65,1.2800963081861958,4,2,1,False,True,True,True,False,True,True,True,True,True,False
FIRE+AGRI+INFRA+ENV,BCBA,1178.8,315.0,1207.8,405.75,0.715,4.35,3.95,4.65,1.2880952380952382,4,2,1,False,True,True,True,False,True,True,True,True,True,False
FIRE+AGRI+INFRA+ENV,BCBB,1164.8,311.25,1143.0,433.0,0.715,4.35,3.95,4.65,1.391164658634538,4,2,0,False,True,True,True,False,True,True,True,True,True,False
FIRE+AGRI+INFRA+ENV,BCBC,1159.1999999999998,307.5,1071.0,435.0,0.715,4.35,3.95,4.65,1.4146341463414633,4,2,0,False,True,True,True,False,True,True,True,True,True,False
FIRE+AGRI+INFRA+ENV,BCCA,1172.6,311.0,1147.8,412.75,0.715,4.35,3.95,4.65,1.3271704180064308,4,2,1,False,True,True,True,False,True,True,True,True,True,False
FIRE+AGRI+INFRA+ENV,BCCB,1158.6,307.25,1083.0,440.0,0.715,4.35,3.95,4.65,1.4320585842148088,4,2,0,False,True,True,True,False,True,True,True,True,True,False
FIRE+AGRI+INFRA+ENV,BCCC,1153.0,303.5,1011.0,442.0,0.715,4.35,3.95,4.65,1.456342668863262,4,2,0,False,True,True,True,False,True,True,True,True,True,False
FIRE+AGRI+INFRA+ENV,CAAA,1206.1,322.25,1237.2,284.5,0.715,4.35,3.95,4.65,0.8828549262994569,4,2,3,True,True,True,True,True,True,True,True,True,True,False
FIRE+AGRI+INFRA+ENV,CAAB,1192.1,318.5,1172.4,311.75,0.715,4.35,3.95,4.65,0.978806907378336,4,2,2,True,True,True,True,True,True,True,True,True,True,False
FIRE+AGRI+INFRA+ENV,CAAC,1186.5,314.75,1100.4,313.75,0.715,4.35,3.95,4.65,0.9968228752978554,4,2,2,True,True,True,True,True,True,True,True,True,True,False
FIRE+AGRI+INFRA+ENV,CABA,1190.6,318.25,1183.2,320.75,0.715,4.35,3.95,4.65,1.0078554595443834,4,2,2,True,True,True,True,True,True,True,True,True,True,False
FIRE+AGRI+INFRA+ENV,CABB,1176.6,314.5,1118.4,348.0,0.715,4.35,3.95,4.65,1.1065182829888711,4,2,1,False,True,True,True,False,True,True,True,True,True,False
FIRE+AGRI+INFRA+ENV,CABC,1171.0,310.75,1046.3999999999999,350.0,0.715,4.35,3.95,4.65,1.1263073209975865,4,2,1,False,True,True,True,False,True,True,True,True,True,False
FIRE+AGRI+INFRA+ENV,CACA,1184.4,314.25,1123.2,327.75,0.715,4.35,3.95,4.65,1.0429594272076372,4,2,2,True,True,True,True,True,True,True,True,True,True,False
FIRE+AGRI+INFRA+ENV,CACB,1170.4,310.5,1058.4,355.0,0.715,4.35,3.95,4.65,1.143317230273752,4,2,1,False,True,True,True,False,True,True,True,True,True,False
FIRE+AGRI+INFRA+ENV,CACC,1164.8,306.75,986.4,357.0,0.715,4.35,3.95,4.65,1.1638141809290954,4,2,1,False,True,True,True,False,True,True,False,True,True,False
FIRE+AGRI+INFRA+ENV,CBAA,1193.1,318.5,1195.8,332.5,0.715,4.35,3.95,4.65,1.043956043956044,4,2,2,True,True,True,True,True,True,True,True,True,True,False
FIRE+AGRI+INFRA+ENV,CBAB,1179.1,314.75,1131.0,359.75,0.715,4.35,3.95,4.65,1.1429706115965053,4,2,1,False,True,True,True,False,True,True,True,True,True,False
FIRE+AGRI+INFRA+ENV,CBAC,1173.5,311.0,1059.0,361.75,0.715,4.35,3.95,4.65,1.1631832797427653,4,2,1,False,True,True,True,False,True,True,True,True,True,False
FIRE+AGRI+INFRA+ENV,CBBA,1177.6,314.5,1141.8,368.75,0.715,4.35,3.95,4.65,1.1724960254372019,4,2,1,False,True,True,True,False,True,True,True,True,True,False
FIRE+AGRI+INFRA+ENV,CBBB,1163.6,310.75,1077.0,396.0,0.715,4.35,3.95,4.65,1.2743362831858407,4,2,0,False,True,True,True,False,True,True,True,True,True,False
FIRE+AGRI+INFRA+ENV,CBBC,1158.0,307.0,1005.0,398.0,0.715,4.35,3.95,4.65,1.296416938110749,4,2,0,False,True,True,True,False,True,True,True,True,True,False
FIRE+AGRI+INFRA+ENV,CBCA,1171.4,310.5,1081.8,375.75,0.715,4.35,3.95,4.65,1.210144927536232,4,2,1,False,True,True,True,False,True,True,True,True,True,False
FIRE+AGRI+INFRA+ENV,CBCB,1157.4,306.75,1017.0,403.0,0.715,4.35,3.95,4.65,1.3137734311328444,4,2,0,False,True,True,True,False,True,True,True,True,True,False
FIRE+AGRI+INFRA+ENV,CBCC,1151.8,303.0,945.0,405.0,0.715,4.35,3.95,4.65,1.3366336633663367,4,2,0,False,True,True,True,False,True,True,False,True,True,False
FIRE+AGRI+INFRA+ENV,CCAA,1187.9,314.75,1149.8,352.0,0.715,4.35,3.95,4.65,1.1183478951548849,4,2,2,True,True,True,True,True,True,True,True,True,True,False
FIRE+AGRI+INFRA+ENV,CCAB,1173.9,311.0,1085.0,379.25,0.715,4.35,3.95,4.65,1.2194533762057878,4,2,1,False,True,True,True,False,True,True,True,True,True,False
FIRE+AGRI+INFRA+ENV,CCAC,1168.3,307.25,1013.0,381.25,0.715,4.35,3.95,4.65,1.240846216436127,4,2,1,False,True,True,True,False,True,True,True,True,True,False
FIRE+AGRI+INFRA+ENV,CCBA,1172.4,310.75,1095.8,388.25,0.715,4.35,3.95,4.65,1.249396621078037,4,2,1,False,True,True,True,False,True,True,True,True,True,False
FIRE+AGRI+INFRA+ENV,CCBB,1158.4,307.0,1031.0,415.5,0.715,4.35,3.95,4.65,1.3534201954397393,4,2,0,False,True,True,True,False,True,True,True,True,True,False
FIRE+AGRI+INFRA+ENV,CCBC,1152.8,303.25,959.0,417.5,0.715,4.35,3.95,4.65,1.3767518549051938,4,2,0,False,True,True,True,False,True,True,False,True,True,False
FIRE+AGRI+INFRA+ENV,CCCA,1166.2,306.75,1035.8,395.25,0.715,4.35,3.95,4.65,1.2885085574572128,4,2,1,False,True,True,True,False,True,True,True,True,True,False
FIRE+AGRI+INFRA+ENV,CCCB,1152.2,303.0,971.0,422.5,0.715,4.35,3.95,4.65,1.3943894389438944,4,2,0,False,True,True,True,False,True,True,False,True,True,False
FIRE+AGRI+INFRA+ENV,CCCC,1146.6,299.25,899.0,424.5,0.715,4.35,3.95,4.65,1.418546365914787,4,2,0,False,True,True,True,False,True,True,False,True,True,False
FIRE+AGRI+INFRA+SSA,AAAA,1281.0,351.75,1430.0,315.0,0.6925,4.1499999999999995,3.675,4.7,0.8955223880597015,3,3,4,True,True,True,True,True,True,True,True,True,True,False
FIRE+AGRI+INFRA+SSA,AAAB,1264.5,347.0,1368.8,347.0,0.6925,4.1499999999999995,3.675,4.7,1.0,3,3,3,True,True,True,True,True,True,True,True,True,True,False
FIRE+AGRI+INFRA+SSA,AAAC,1257.9,342.25,1300.8,349.25,0.6925,4.1499999999999995,3.675,4.7,1.0204528853177501,3,3,3,True,True,True,True,True,True,True,True,True,True,False
FIRE+AGRI+INFRA+SSA,AABA,1265.5,347.75,1376.0,351.25,0.6925,4.1499999999999995,3.675,4.7,1.0100647016534867,3,3,3,True,True,True,True,True,True,True,True,True,True,False
FIRE+AGRI+INFRA+SSA,AABB,1249.0,343.0,1314.8,383.25,0.6925,4.1499999999999995,3.675,4.7,1.1173469387755102,3,3,2,True,True,True,True,True,True,True,True,True,True,False
FIRE+AGRI+INFRA+SSA,AABC,1242.4,338.25,1246.8,385.5,0.6925,4.1499999999999995,3.675,4.7,1.139689578713969,3,3,2,True,True,True,True,True,True,True,True,True,True,False
FIRE+AGRI+INFRA+SSA,AACA,1259.3,343.75,1316.0,358.25,0.6925,4.1499999999999995,3.675,4.7,1.042181818181818,3,3,3,True,True,True,True,True,True,True,True,True,True,False
FIRE+AGRI+INFRA+SSA,AACB,1242.8,339.0,1254.8,390.25,0.6925,4.1499999999999995,3.675,4.7,1.15117994100295,3,3,2,True,True,True,True,True,True,True,True,True,True,False
FIRE+AGRI+INFRA+SSA,AACC,1236.1999999999998,334.25,1186.8,392.5,0.6925,4.1499999999999995,3.675,4.7,1.174270755422588,3,3,2,True,True,True,True,True,True,True,True,True,True,False
FIRE+AGRI+INFRA+SSA,ABAA,1268.0,348.0,1388.6,363.0,0.6925,4.1499999999999995,3.675,4.7,1.043103448275862,3,3,3,True,True,True,True,True,True,True,True,True,True,False
FIRE+AGRI+INFRA+SSA,ABAB,1251.5,343.25,1327.3999999999999,395.0,0.6925,4.1499999999999995,3.675,4.7,1.150764748725419,3,3,2,True,True,True,True,True,True,True,True,True,True,False
FIRE+AGRI+INFRA+SSA,ABAC,1244.9,338.5,1259.3999999999999,397.25,0.6925,4.1499999999999995,3.675,4.7,1.173559822747415,3,3,2,True,True,True,True,True,True,True,True,True,True,False
FIRE+AGRI+INFRA+SSA,ABBA,1252.5,344.0,1334.6,399.25,0.6925,4.1499999999999995,3.675,4.7,1.160610465116279,3,3,2,True,True,True,True,True,True,True,True,True,True,False
FIRE+AGRI+INFRA+SSA,ABBB,1236.0,339.25,1273.4,431.25,0.6925,4.1499999999999995,3.675,4.7,1.271186440677966,3,3,1,False,True,True,True,False,True,True,True,True,True,False
FIRE+AGRI+INFRA+SSA,ABBC,1229.4,334.5,1205.4,433.5,0.6925,4.1499999999999995,3.675,4.7,1.295964125560538,3,3,1,False,True,True,True,False,True,True,True,True,True,False
FIRE+AGRI+INFRA+SSA,ABCA,1246.3,340.0,1274.6,406.25,0.6925,4.1499999999999995,3.675,4.7,1.1948529411764706,3,3,2,True,True,True,True,True,True,True,True,True,True,False
FIRE+AGRI+INFRA+SSA,ABCB,1229.8,335.25,1213.4,438.25,0.6925,4.1499999999999995,3.675,4.7,1.307233407904549,3,3,1,False,True,True,True,False,True,True,True,True,True,False
FIRE+AGRI+INFRA+SSA,ABCC,1223.1999999999998,330.5,1145.4,440.5,0.6925,4.1499999999999995,3.675,4.7,1.3328290468986383,3,3,1,False,True,True,True,False,True,True,True,True,True,False
FIRE+AGRI+INFRA+SSA,ACAA,1262.8,344.25,1342.6,382.5,0.6925,4.1499999999999995,3.675,4.7,1.1111111111111112,3,3,3,True,True,True,True,True,True,True,True,True,True,False
FIRE+AGRI+INFRA+SSA,ACAB,1246.3,339.5,1281.4,414.5,0.6925,4.1499999999999995,3.675,4.7,1.2209131075110458,3,3,2,True,True,True,True,True,True,True,True,True,True,False
FIRE+AGRI+INFRA+SSA,ACAC,1239.6999999999998,334.75,1213.4,416.75,0.6925,4.1499999999999995,3.675,4.7,1.244958924570575,3,3,2,True,True,True,True,True,True,True,True,True,True,False
FIRE+AGRI+INFRA+SSA,ACBA,1247.3,340.25,1288.6,418.75,0.6925,4.1499999999999995,3.675,4.7,1.230712711241734,3,3,2,True,True,True,True,True,True,True,True,True,True,False
FIRE+AGRI+INFRA+SSA,ACBB,1230.8,335.5,1227.4,450.75,0.6925,4.1499999999999995,3.675,4.7,1.3435171385991058,3,3,1,False,True,True,True,False,True,True,True,True,True,False
FIRE+AGRI+INFRA+SSA,ACBC,1224.1999999999998,330.75,1159.4,453.0,0.6925,4.1499999999999995,3.675,4.7,1.3696145124716552,3,3,1,False,True,True,True,False,True,True,True,True,True,False
FIRE+AGRI+INFRA+SSA,ACCA,1241.1,336.25,1228.6,425.75,0.6925,4.1499999999999995,3.675,4.7,1.266171003717472,3,3,2,True,True,True,True,True,True,True,True,True,True,False
FIRE+AGRI+INFRA+SSA,ACCB,1224.6,331.5,1167.4,457.75,0.6925,4.1499999999999995,3.675,4.7,1.3808446455505279,3,3,1,False,True,True,True,False,True,True,True,True,True,False
FIRE+AGRI+INFRA+SSA,ACCC,1218.0,326.75,1099.4,460.0,0.6925,4.1499999999999995,3.675,4.7,1.407804131599082,3,3,1,False,True,True,True,False,True,True,True,True,True,False
FIRE+AGRI+INFRA+SSA,BAAA,1265.0,347.5,1329.2,315.75,0.6925,4.1499999999999995,3.675,4.7,0.9086330935251798,3,3,3,True,True,True,True,True,True,True,True,True,True,False
FIRE+AGRI+INFRA+SSA,BAAB,1248.5,342.75,1268.0,347.75,0.6925,4.1499999999999995,3.675,4.7,1.0145878920495988,3,3,2,True,True,True,True,True,True,True,True,True,True,False
FIRE+AGRI+INFRA+SSA,BAAC,1241.9,338.0,1200.0,350.0,0.6925,4.1499999999999995,3.675,4.7,1.0355029585798816,3,3,2,True,True,True,True,True,True,True,True,True,True,False
FIRE+AGRI+INFRA+SSA,BABA,1249.5,343.5,1275.2,352.0,0.6925,4.1499999999999995,3.675,4.7,1.024745269286754,3,3,2,True,True,True,True,True,True,True,True,True,True,False
FIRE+AGRI+INFRA+SSA,BABB,1233.0,338.75,1214.0,384.0,0.6925,4.1499999999999995,3.675,4.7,1.133579335793358,3,3,1,False,True,True,True,False,True,True,True,True,True,False
FIRE+AGRI+INFRA+SSA,BABC,1226.4,334.0,1146.0,386.25,0.6925,4.1499999999999995,3.675,4.7,1.156437125748503,3,3,1,False,True,True,True,False,True,True,True,True,True,False
FIRE+AGRI+INFRA+SSA,BACA,1243.3,339.5,1215.2,359.0,0.6925,4.1499999999999995,3.675,4.7,1.0574374079528719,3,3,2,True,True,True,True,True,True,True,True,True,True,False
FIRE+AGRI+INFRA+SSA,BACB,1226.8,334.75,1154.0,391.0,0.6925,4.1499999999999995,3.675,4.7,1.1680358476474981,3,3,1,False,True,True,True,False,True,True,True,True,True,False
FIRE+AGRI+INFRA+SSA,BACC,1220.1999999999998,330.0,1086.0,393.25,0.6925,4.1499999999999995,3.675,4.7,1.1916666666666667,3,3,1,False,True,True,True,False,True,True,True,True,True,False
FIRE+AGRI+INFRA+SSA,BBAA,1252.0,343.75,1287.8,363.75,0.6925,4.1499999999999995,3.675,4.7,1.0581818181818181,3,3,2,True,True,True,True,True,True,True,True,True,True,False
FIRE+AGRI+INFRA+SSA,BBAB,1235.5,339.0,1226.6,395.75,0.6925,4.1499999999999995,3.675,4.7,1.1674041297935103,3,3,1,False,True,True,True,False,True,True,True,True,True,False
FIRE+AGRI+INFRA+SSA,BBAC,1228.9,334.25,1158.6,398.0,0.6925,4.1499999999999995,3.675,4.7,1.1907255048616305,3,3,1,False,True,True,True,False,True,True,True,True,True,False
FIRE+AGRI+INFRA+SSA,BBBA,1236.5,339.75,1233.8,400.0,0.6925,4.1499999999999995,3.675,4.7,1.177336276674025,3,3,1,False,True,True,True,False,True,True,True,True,True,False
FIRE+AGRI+INFRA+SSA,BBBB,1220.0,335.0,1172.6,432.0,0.6925,4.1499999999999995,3.675,4.7,1.2895522388059701,3,3,0,False,True,True,True,False,True,True,True,True,True,False
FIRE+AGRI+INFRA+SSA,BBBC,1213.4,330.25,1104.6,434.25,0.6925,4.1499999999999995,3.675,4.7,1.3149129447388341,3,3,0,False,True,True,True,False,True,True,True,True,True,False
FIRE+AGRI+INFRA+SSA,BBCA,1230.3,335.75,1173.8,407.0,0.6925,4.1499999999999995,3.675,4.7,1.212211466865227,3,3,1,False,True,True,True,False,True,True,True,True,True,False
FIRE+AGRI+INFRA+SSA,BBCB,1213.8,331.0,1112.6,439.0,0.6925,4.1499999999999995,3.675,4.7,1.3262839879154078,3,3,0,False,True,True,True,False,True,True,True,True,True,False
FIRE+AGRI+INFRA+SSA,BBCC,1207.1999999999998,326.25,1044.6,441.25,0.6925,4.1499999999999995,3.675,4.7,1.3524904214559388,3,3,0,False,True,True,True,False,True,True,True,True,True,False
FIRE+AGRI+INFRA+SSA,BCAA,1246.8,340.0,1241.8,383.25,0.6925,4.1499999999999995,3.675,4.7,1.1272058823529412,3,3,2,True,True,True,True,True,True,True,True,True,True,False
FIRE+AGRI+INFRA+SSA,BCAB,1230.3,335.25,1180.6,415.25,0.6925,4.1499999999999995,3.675,4.7,1.238627889634601,3,3,1,False,True,True,True,False,True,True,True,True,True,False
FIRE+AGRI+INFRA+SSA,BCAC,1223.6999999999998,330.5,1112.6,417.5,0.6925,4.1499999999999995,3.675,4.7,1.2632375189107412,3,3,1,False,True,True,True,False,True,True,True,True,True,False
FIRE+AGRI+INFRA+SSA,BCBA,1231.3,336.0,1187.8,419.5,0.6925,4.1499999999999995,3.675,4.7,1.2485119047619047,3,3,1,False,True,True,True,False,True,True,True,True,True,False
FIRE+AGRI+INFRA+SSA,BCBB,1214.8,331.25,1126.6,451.5,0.6925,4.1499999999999995,3.675,4.7,1.3630188679245283,3,3,0,False,True,True,True,False,True,True,True,True,True,False
FIRE+AGRI+INFRA+SSA,BCBC,1208.1999999999998,326.5,1058.6,453.75,0.6925,4.1499999999999995,3.675,4.7,1.389739663093415,3,3,0,False,True,True,True,False,True,True,True,True,True,False
FIRE+AGRI+INFRA+SSA,BCCA,1225.1,332.0,1127.8,426.5,0.6925,4.1499999999999995,3.675,4.7,1.2846385542168675,3,3,1,False,True,True,True,False,True,True,True,True,True,False
FIRE+AGRI+INFRA+SSA,BCCB,1208.6,327.25,1066.6,458.5,0.6925,4.1499999999999995,3.675,4.7,1.4010695187165776,3,3,0,False,True,True,True,False,True,True,True,True,True,False
FIRE+AGRI+INFRA+SSA,BCCC,1202.0,322.5,998.5999999999999,460.75,0.6925,4.1499999999999995,3.675,4.7,1.4286821705426356,3,3,0,False,True,True,True,False,True,True,False,True,True,False
FIRE+AGRI+INFRA+SSA,CAAA,1258.6,343.25,1217.2,298.25,0.6925,4.1499999999999995,3.675,4.7,0.8689002184996358,3,3,3,True,True,True,True,True,True,True,True,True,True,False
FIRE+AGRI+INFRA+SSA,CAAB,1242.1,338.5,1156.0,330.25,0.6925,4.1499999999999995,3.675,4.7,0.9756277695716395,3,3,2,True,True,True,True,True,True,True,True,True,True,False
FIRE+AGRI+INFRA+SSA,CAAC,1235.5,333.75,1088.0,332.5,0.6925,4.1499999999999995,3.675,4.7,0.9962546816479401,3,3,2,True,True,True,True,True,True,True,True,True,True,False
FIRE+AGRI+INFRA+SSA,CABA,1243.1,339.25,1163.2,334.5,0.6925,4.1499999999999995,3.675,4.7,0.9859985261606485,3,3,2,True,True,True,True,True,True,True,True,True,True,False
FIRE+AGRI+INFRA+SSA,CABB,1226.6,334.5,1102.0,366.5,0.6925,4.1499999999999995,3.675,4.7,1.0956651718983557,3,3,1,False,True,True,True,False,True,True,True,True,True,False
FIRE+AGRI+INFRA+SSA,CABC,1220.0,329.75,1034.0,368.75,0.6925,4.1499999999999995,3.675,4.7,1.1182714177407127,3,3,1,False,True,True,True,False,True,True,True,True,True,False
FIRE+AGRI+INFRA+SSA,CACA,1236.9,335.25,1103.2,341.5,0.6925,4.1499999999999995,3.675,4.7,1.0186428038777031,3,3,2,True,True,True,True,True,True,True,True,True,True,False
FIRE+AGRI+INFRA+SSA,CACB,1220.4,330.5,1042.0,373.5,0.6925,4.1499999999999995,3.675,4.7,1.1301059001512859,3,3,1,False,True,True,True,False,True,True,True,True,True,False
FIRE+AGRI+INFRA+SSA,CACC,1213.8000000000002,325.75,974.0,375.75,0.6925,4.1499999999999995,3.675,4.7,1.1534919416730622,3,3,1,False,True,True,True,False,True,True,False,True,True,False
FIRE+AGRI+INFRA+SSA,CBAA,1245.6,339.5,1175.8,346.25,0.6925,4.1499999999999995,3.675,4.7,1.019882179675994,3,3,2,True,True,True,True,True,True,True,True,True,True,False
FIRE+AGRI+INFRA+SSA,CBAB,1229.1,334.75,1114.6,378.25,0.6925,4.1499999999999995,3.675,4.7,1.129947722180732,3,3,1,False,True,True,True,False,True,True,True,True,True,False
FIRE+AGRI+INFRA+SSA,CBAC,1222.5,330.0,1046.6,380.5,0.6925,4.1499999999999995,3.675,4.7,1.153030303030303,3,3,1,False,True,True,True,False,True,True,True,True,True,False
FIRE+AGRI+INFRA+SSA,CBBA,1230.1,335.5,1121.8,382.5,0.6925,4.1499999999999995,3.675,4.7,1.1400894187779433,3,3,1,False,True,True,True,False,True,True,True,True,True,False
FIRE+AGRI+INFRA+SSA,CBBB,1213.6,330.75,1060.6,414.5,0.6925,4.1499999999999995,3.675,4.7,1.253212396069539,3,3,0,False,True,True,True,False,True,True,True,True,True,False
FIRE+AGRI+INFRA+SSA,CBBC,1207.0,326.0,992.5999999999999,416.75,0.6925,4.1499999999999995,3.675,4.7,1.2783742331288344,3,3,0,False,True,True,True,False,True,True,False,True,True,False
FIRE+AGRI+INFRA+SSA,CBCA,1223.9,331.5,1061.8,389.5,0.6925,4.1499999999999995,3.675,4.7,1.1749622926093515,3,3,1,False,True,True,True,False,True,True,True,True,True,False
FIRE+AGRI+INFRA+SSA,CBCB,1207.4,326.75,1000.5999999999999,421.5,0.6925,4.1499999999999995,3.675,4.7,1.2899770466717675,3,3,0,False,True,True,True,False,True,True,True,True,True,False
FIRE+AGRI+INFRA+SSA,CBCC,1200.8000000000002,322.0,932.5999999999999,423.75,0.6925,4.1499999999999995,3.675,4.7,1.3159937888198758,3,3,0,False,True,True,True,False,True,True,False,True,True,False
FIRE+AGRI+INFRA+SSA,CCAA,1240.4,335.75,1129.8,365.75,0.6925,4.1499999999999995,3.675,4.7,1.0893521965748325,3,3,2,True,True,True,True,True,True,True,True,True,True,False
FIRE+AGRI+INFRA+SSA,CCAB,1223.9,331.0,1068.6,397.75,0.6925,4.1499999999999995,3.675,4.7,1.2016616314199395,3,3,1,False,True,True,True,False,True,True,True,True,True,False
FIRE+AGRI+INFRA+SSA,CCAC,1217.3,326.25,1000.5999999999999,400.0,0.6925,4.1499999999999995,3.675,4.7,1.2260536398467432,3,3,1,False,True,True,True,False,True,True,True,True,True,False
FIRE+AGRI+INFRA+SSA,CCBA,1224.9,331.75,1075.8,402.0,0.6925,4.1499999999999995,3.675,4.7,1.2117558402411455,3,3,1,False,True,True,True,False,True,True,True,True,True,False
FIRE+AGRI+INFRA+SSA,CCBB,1208.4,327.0,1014.5999999999999,434.0,0.6925,4.1499999999999995,3.675,4.7,1.327217125382263,3,3,0,False,True,True,True,False,True,True,True,True,True,False
FIRE+AGRI+INFRA+SSA,CCBC,1201.8,322.25,946.5999999999999,436.25,0.6925,4.1499999999999995,3.675,4.7,1.3537626066718387,3,3,0,False,True,True,True,False,True,True,False,True,True,False
FIRE+AGRI+INFRA+SSA,CCCA,1218.7,327.75,1015.8,409.0,0.6925,4.1499999999999995,3.675,4.7,1.24790236460717,3,3,1,False,True,True,True,False,True,True,True,True,True,False
FIRE+AGRI+INFRA+SSA,CCCB,1202.2,323.0,954.5999999999999,441.0,0.6925,4.1499999999999995,3.675,4.7,1.3653250773993808,3,3,0,False,True,True,True,False,True,True,False,True,True,False
FIRE+AGRI+INFRA+SSA,CCCC,1195.6,318.25,886.5999999999999,443.25,0.6925,4.1499999999999995,3.675,4.7,1.3927729772191673,3,3,0,False,True,True,True,False,True,True,False,True,True,False
FIRE+AGRI+ARCTIC+TRANS,AAAA,1354.5,388.5,1480.0,331.25,0.685,4.225,3.6999999999999997,4.4,0.8526383526383526,4,3,4,False,True,True,True,True,False,False,True,True,True,False
FIRE+AGRI+ARCTIC+TRANS,AAAB,1342.0,385.0,1440.4,365.0,0.685,4.225,3.6999999999999997,4.4,0.948051948051948,4,3,3,False,True,True,True,True,False,False,True,True,True,False
FIRE+AGRI+ARCTIC+TRANS,AAAC,1337.0,381.5,1396.4,373.0,0.685,4.225,3.6999999999999997,4.4,0.9777195281782438,4,3,3,False,True,True,True,True,False,False,True,True,True,False
FIRE+AGRI+ARCTIC+TRANS,AABA,1331.5,381.5,1395.4,375.0,0.685,4.225,3.6999999999999997,4.4,0.9829619921363041,4,3,3,False,True,True,True,True,False,False,True,True,True,False
FIRE+AGRI+ARCTIC+TRANS,AABB,1319.0,378.0,1355.8000000000002,408.75,0.685,4.225,3.6999999999999997,4.4,1.0813492063492063,4,3,2,False,True,True,True,True,False,False,True,True,True,False
FIRE+AGRI+ARCTIC+TRANS,AABC,1314.0,374.5,1311.8000000000002,416.75,0.685,4.225,3.6999999999999997,4.4,1.1128170894526035,4,3,2,False,True,True,True,True,False,False,True,True,True,False
FIRE+AGRI+ARCTIC+TRANS,AACA,1322.3,374.5,1301.4,379.0,0.685,4.225,3.6999999999999997,4.4,1.0120160213618157,4,3,3,False,True,True,True,True,False,False,True,True,True,False
FIRE+AGRI+ARCTIC+TRANS,AACB,1309.8,371.0,1261.8000000000002,412.75,0.685,4.225,3.6999999999999997,4.4,1.112533692722372,4,3,2,False,True,True,True,True,False,False,True,True,True,False
FIRE+AGRI+ARCTIC+TRANS,AACC,1304.8,367.5,1217.8000000000002,420.75,0.685,4.225,3.6999999999999997,4.4,1.1448979591836734,4,3,2,False,True,True,True,True,False,False,True,True,True,False
FIRE+AGRI+ARCTIC+TRANS,ABAA,1341.5,384.75,1438.6,379.25,0.685,4.225,3.6999999999999997,4.4,0.9857050032488629,4,3,3,False,True,True,True,True,False,False,True,True,True,False
FIRE+AGRI+ARCTIC+TRANS,ABAB,1329.0,381.25,1399.0,413.0,0.685,4.225,3.6999999999999997,4.4,1.0832786885245902,4,3,2,False,True,True,True,True,False,False,True,True,True,False
FIRE+AGRI+ARCTIC+TRANS,ABAC,1324.0,377.75,1355.0,421.0,0.685,4.225,3.6999999999999997,4.4,1.114493712772998,4,3,2,False,True,True,True,True,False,False,True,True,True,False
FIRE+AGRI+ARCTIC+TRANS,ABBA,1318.5,377.75,1354.0,423.0,0.685,4.225,3.6999999999999997,4.4,1.1197882197220383,4,3,2,False,True,True,True,True,False,False,True,True,True,False
FIRE+AGRI+ARCTIC+TRANS,ABBB,1306.0,374.25,1314.4,456.75,0.685,4.225,3.6999999999999997,4.4,1.220440881763527,4,3,1,False,True,True,True,False,False,False,True,True,True,False
FIRE+AGRI+ARCTIC+TRANS,ABBC,1301.0,370.75,1270.4,464.75,0.685,4.225,3.6999999999999997,4.4,1.2535401213755901,4,3,1,False,True,True,True,False,False,False,True,True,True,False
FIRE+AGRI+ARCTIC+TRANS,ABCA,1309.3,370.75,1260.0,427.0,0.685,4.225,3.6999999999999997,4.4,1.1517194875252865,4,3,2,False,True,True,True,True,False,False,True,True,True,False
FIRE+AGRI+ARCTIC+TRANS,ABCB,1296.8,367.25,1220.4,460.75,0.685,4.225,3.6999999999999997,4.4,1.2545949625595643,4,3,1,False,True,True,True,False,True,False,True,True,True,False
FIRE+AGRI+ARCTIC+TRANS,ABCC,1291.8,363.75,1176.4,468.75,0.685,4.225,3.6999999999999997,4.4,1.288659793814433,4,3,1,False,True,True,True,False,True,False,True,True,True,False
FIRE+AGRI+ARCTIC+TRANS,ACAA,1336.3,381.0,1392.6,398.75,0.685,4.225,3.6999999999999997,4.4,1.0465879265091864,4,3,3,False,True,True,True,True,False,False,True,True,True,False
FIRE+AGRI+ARCTIC+TRANS,ACAB,1323.8,377.5,1353.0,432.5,0.685,4.225,3.6999999999999997,4.4,1.1456953642384107,4,3,2,False,True,True,True,True,False,False,True,True,True,False
FIRE+AGRI+ARCTIC+TRANS,ACAC,1318.8,374.0,1309.0,440.5,0.685,4.225,3.6999999999999997,4.4,1.177807486631016,4,3,2,False,True,True,True,True,False,False,True,True,True,False
FIRE+AGRI+ARCTIC+TRANS,ACBA,1313.3,374.0,1308.0,442.5,0.685,4.225,3.6999999999999997,4.4,1.1831550802139037,4,3,2,False,True,True,True,True,False,False,True,True,True,False
FIRE+AGRI+ARCTIC+TRANS,ACBB,1300.8,370.5,1268.4,476.25,0.685,4.225,3.6999999999999997,4.4,1.285425101214575,4,3,1,False,True,True,True,False,False,False,True,True,True,False
FIRE+AGRI+ARCTIC+TRANS,ACBC,1295.8,367.0,1224.4,484.25,0.685,4.225,3.6999999999999997,4.4,1.319482288828338,4,3,1,False,True,True,True,False,True,False,True,True,True,False
FIRE+AGRI+ARCTIC+TRANS,ACCA,1304.1,367.0,1214.0,446.5,0.685,4.225,3.6999999999999997,4.4,1.2166212534059946,4,3,2,False,True,True,True,True,False,False,True,True,True,False
FIRE+AGRI+ARCTIC+TRANS,ACCB,1291.6,363.5,1174.4,480.25,0.685,4.225,3.6999999999999997,4.4,1.3211829436038514,4,3,1,False,True,True,True,False,True,False,True,True,True,False
FIRE+AGRI+ARCTIC+TRANS,ACCC,1286.6,360.0,1130.4,488.25,0.685,4.225,3.6999999999999997,4.4,1.35625,4,3,1,False,True,True,True,False,True,True,True,True,True,False
FIRE+AGRI+ARCTIC+TRANS,BAAA,1338.5,384.25,1379.2,332.0,0.685,4.225,3.6999999999999997,4.4,0.8640208197787899,4,3,3,False,True,True,True,True,False,False,True,True,True,False
FIRE+AGRI+ARCTIC+TRANS,BAAB,1326.0,380.75,1339.6,365.75,0.685,4.225,3.6999999999999997,4.4,0.9606040709126723,4,3,2,False,True,True,True,True,False,False,True,True,True,False
FIRE+AGRI+ARCTIC+TRANS,BAAC,1321.0,377.25,1295.6000000000001,373.75,0.685,4.225,3.6999999999999997,4.4,0.9907223326706428,4,3,2,False,True,True,True,True,False,False,True,True,True,False
FIRE+AGRI+ARCTIC+TRANS,BABA,1315.5,377.25,1294.6,375.75,0.685,4.225,3.6999999999999997,4.4,0.9960238568588469,4,3,2,False,True,True,True,True,False,False,True,True,True,False
FIRE+AGRI+ARCTIC+TRANS,BABB,1303.0,373.75,1255.0,409.5,0.685,4.225,3.6999999999999997,4.4,1.0956521739130434,4,3,1,False,True,True,True,False,False,False,True,True,True,False
FIRE+AGRI+ARCTIC+TRANS,BABC,1298.0,370.25,1211.0,417.5,0.685,4.225,3.6999999999999997,4.4,1.1276164753544902,4,3,1,False,True,True,True,False,True,False,True,True,True,False
FIRE+AGRI+ARCTIC+TRANS,BACA,1306.3,370.25,1200.6,379.75,0.685,4.225,3.6999999999999997,4.4,1.0256583389601621,4,3,2,False,True,True,True,True,False,False,True,True,True,False
FIRE+AGRI+ARCTIC+TRANS,BACB,1293.8,366.75,1161.0,413.5,0.685,4.225,3.6999999999999997,4.4,1.1274710293115202,4,3,1,False,True,True,True,False,True,False,True,True,True,False
FIRE+AGRI+ARCTIC+TRANS,BACC,1288.8,363.25,1117.0,421.5,0.685,4.225,3.6999999999999997,4.4,1.1603578802477632,4,3,1,False,True,True,True,False,True,False,True,True,True,False
FIRE+AGRI+ARCTIC+TRANS,BBAA,1325.5,380.5,1337.8,380.0,0.685,4.225,3.6999999999999997,4.4,0.9986859395532195,4,3,2,False,True,True,True,True,False,False,True,True,True,False
FIRE+AGRI+ARCTIC+TRANS,BBAB,1313.0,377.0,1298.1999999999998,413.75,0.685,4.225,3.6999999999999997,4.4,1.0974801061007957,4,3,1,False,True,True,True,False,False,False,True,True,True,False
FIRE+AGRI+ARCTIC+TRANS,BBAC,1308.0,373.5,1254.2,421.75,0.685,4.225,3.6999999999999997,4.4,1.1291834002677377,4,3,1,False,True,True,True,False,False,False,True,True,True,False
FIRE+AGRI+ARCTIC+TRANS,BBBA,1302.5,373.5,1253.2,423.75,0.685,4.225,3.6999999999999997,4.4,1.1345381526104417,4,3,1,False,True,True,True,False,False,False,True,True,True,False
FIRE+AGRI+ARCTIC+TRANS,BBBB,1290.0,370.0,1213.6,457.5,0.685,4.225,3.6999999999999997,4.4,1.2364864864864864,4,3,0,False,True,True,True,False,True,False,True,True,True,False
FIRE+AGRI+ARCTIC+TRANS,BBBC,1285.0,366.5,1169.6000000000001,465.5,0.685,4.225,3.6999999999999997,4.4,1.2701227830832196,4,3,0,False,True,True,True,False,True,False,True,True,True,False
FIRE+AGRI+ARCTIC+TRANS,BBCA,1293.3,366.5,1159.2,427.75,0.685,4.225,3.6999999999999997,4.4,1.1671214188267394,4,3,1,False,True,True,True,False,True,False,True,True,True,False
FIRE+AGRI+ARCTIC+TRANS,BBCB,1280.8,363.0,1119.6,461.5,0.685,4.225,3.6999999999999997,4.4,1.2713498622589532,4,3,0,False,True,True,True,False,True,False,True,True,True,False
FIRE+AGRI+ARCTIC+TRANS,BBCC,1275.8,359.5,1075.6000000000001,469.5,0.685,4.225,3.6999999999999997,4.4,1.305980528511822,4,3,0,False,True,True,True,False,True,True,True,True,True,False
FIRE+AGRI+ARCTIC+TRANS,BCAA,1320.3,376.75,1291.8,399.5,0.685,4.225,3.6999999999999997,4.4,1.0603848706038488,4,3,2,False,True,True,True,True,False,False,True,True,True,False
FIRE+AGRI+ARCTIC+TRANS,BCAB,1307.8,373.25,1252.1999999999998,433.25,0.685,4.225,3.6999999999999997,4.4,1.1607501674480911,4,3,1,False,True,True,True,False,False,False,True,True,True,False
FIRE+AGRI+ARCTIC+TRANS,BCAC,1302.8,369.75,1208.2,441.25,0.685,4.225,3.6999999999999997,4.4,1.1933739012846518,4,3,1,False,True,True,True,False,False,False,True,True,True,False
FIRE+AGRI+ARCTIC+TRANS,BCBA,1297.3,369.75,1207.2,443.25,0.685,4.225,3.6999999999999997,4.4,1.1987829614604462,4,3,1,False,True,True,True,False,True,False,True,True,True,False
FIRE+AGRI+ARCTIC+TRANS,BCBB,1284.8,366.25,1167.6,477.0,0.685,4.225,3.6999999999999997,4.4,1.3023890784982934,4,3,0,False,True,True,True,False,True,False,True,True,True,False
FIRE+AGRI+ARCTIC+TRANS,BCBC,1279.8,362.75,1123.6000000000001,485.0,0.685,4.225,3.6999999999999997,4.4,1.3370089593383874,4,3,0,False,True,True,True,False,True,False,True,True,True,False
FIRE+AGRI+ARCTIC+TRANS,BCCA,1288.1,362.75,1113.2,447.25,0.685,4.225,3.6999999999999997,4.4,1.2329427980702963,4,3,1,False,True,True,True,False,True,False,True,True,True,False
FIRE+AGRI+ARCTIC+TRANS,BCCB,1275.6,359.25,1073.6,481.0,0.685,4.225,3.6999999999999997,4.4,1.3389004871259569,4,3,0,False,True,True,True,False,True,True,True,True,True,False
FIRE+AGRI+ARCTIC+TRANS,BCCC,1270.6,355.75,1029.6000000000001,489.0,0.685,4.225,3.6999999999999997,4.4,1.3745607870695713,4,3,0,False,True,True,True,False,True,True,True,True,True,False
FIRE+AGRI+ARCTIC+TRANS,CAAA,1332.1,380.0,1267.2,314.5,0.685,4.225,3.6999999999999997,4.4,0.8276315789473684,4,3,3,False,True,True,True,True,False,False,True,True,True,False
FIRE+AGRI+ARCTIC+TRANS,CAAB,1319.6,376.5,1227.6,348.25,0.685,4.225,3.6999999999999997,4.4,0.9249667994687915,4,3,2,False,True,True,True,True,False,False,True,True,True,False
FIRE+AGRI+ARCTIC+TRANS,CAAC,1314.6,373.0,1183.6000000000001,356.25,0.685,4.225,3.6999999999999997,4.4,0.9550938337801609,4,3,2,False,True,True,True,True,False,False,True,True,True,False
FIRE+AGRI+ARCTIC+TRANS,CABA,1309.1,373.0,1182.6,358.25,0.685,4.225,3.6999999999999997,4.4,0.960455764075067,4,3,2,False,True,True,True,True,False,False,True,True,True,False
FIRE+AGRI+ARCTIC+TRANS,CABB,1296.6,369.5,1143.0,392.0,0.685,4.225,3.6999999999999997,4.4,1.060893098782138,4,3,1,False,True,True,True,False,True,False,True,True,True,False
FIRE+AGRI+ARCTIC+TRANS,CABC,1291.6,366.0,1099.0,400.0,0.685,4.225,3.6999999999999997,4.4,1.092896174863388,4,3,1,False,True,True,True,False,True,False,True,True,True,False
FIRE+AGRI+ARCTIC+TRANS,CACA,1299.9,366.0,1088.6,362.25,0.685,4.225,3.6999999999999997,4.4,0.9897540983606558,4,3,2,False,True,True,True,True,True,False,True,True,True,False
FIRE+AGRI+ARCTIC+TRANS,CACB,1287.4,362.5,1049.0,396.0,0.685,4.225,3.6999999999999997,4.4,1.0924137931034483,4,3,1,False,True,True,True,False,True,False,True,True,True,False
FIRE+AGRI+ARCTIC+TRANS,CACC,1282.4,359.0,1004.9999999999999,404.0,0.685,4.225,3.6999999999999997,4.4,1.1253481894150419,4,3,1,False,True,True,True,False,True,True,True,True,True,False
FIRE+AGRI+ARCTIC+TRANS,CBAA,1319.1,376.25,1225.8,362.5,0.685,4.225,3.6999999999999997,4.4,0.9634551495016611,4,3,2,False,True,True,True,True,False,False,True,True,True,False
FIRE+AGRI+ARCTIC+TRANS,CBAB,1306.6,372.75,1186.1999999999998,396.25,0.685,4.225,3.6999999999999997,4.4,1.0630449362843728,4,3,1,False,True,True,True,False,False,False,True,True,True,False
FIRE+AGRI+ARCTIC+TRANS,CBAC,1301.6,369.25,1142.2,404.25,0.685,4.225,3.6999999999999997,4.4,1.09478672985782,4,3,1,False,True,True,True,False,False,False,True,True,True,False
FIRE+AGRI+ARCTIC+TRANS,CBBA,1296.1,369.25,1141.2,406.25,0.685,4.225,3.6999999999999997,4.4,1.100203114421124,4,3,1,False,True,True,True,False,True,False,True,True,True,False
FIRE+AGRI+ARCTIC+TRANS,CBBB,1283.6,365.75,1101.6,440.0,0.685,4.225,3.6999999999999997,4.4,1.2030075187969924,4,3,0,False,True,True,True,False,True,False,True,True,True,False
FIRE+AGRI+ARCTIC+TRANS,CBBC,1278.6,362.25,1057.6000000000001,448.0,0.685,4.225,3.6999999999999997,4.4,1.2367149758454106,4,3,0,False,True,True,True,False,True,False,True,True,True,False
FIRE+AGRI+ARCTIC+TRANS,CBCA,1286.9,362.25,1047.2,410.25,0.685,4.225,3.6999999999999997,4.4,1.1325051759834368,4,3,1,False,True,True,True,False,True,False,True,True,True,False
FIRE+AGRI+ARCTIC+TRANS,CBCB,1274.4,358.75,1007.6,444.0,0.685,4.225,3.6999999999999997,4.4,1.2376306620209059,4,3,0,False,True,True,True,False,True,True,True,True,True,False
FIRE+AGRI+ARCTIC+TRANS,CBCC,1269.4,355.25,963.6,452.0,0.685,4.225,3.6999999999999997,4.4,1.2723434201266715,4,3,0,False,True,True,True,False,True,True,False,True,True,False
FIRE+AGRI+ARCTIC+TRANS,CCAA,1313.9,372.5,1179.8,382.0,0.685,4.225,3.6999999999999997,4.4,1.025503355704698,4,3,2,False,True,True,True,True,False,False,True,True,True,False
FIRE+AGRI+ARCTIC+TRANS,CCAB,1301.4,369.0,1140.1999999999998,415.75,0.685,4.225,3.6999999999999997,4.4,1.1266937669376693,4,3,1,False,True,True,True,False,False,False,True,True,True,False
FIRE+AGRI+ARCTIC+TRANS,CCAC,1296.4,365.5,1096.2,423.75,0.685,4.225,3.6999999999999997,4.4,1.1593707250341998,4,3,1,False,True,True,True,False,True,False,True,True,True,False
FIRE+AGRI+ARCTIC+TRANS,CCBA,1290.9,365.5,1095.2,425.75,0.685,4.225,3.6999999999999997,4.4,1.16484268125855,4,3,1,False,True,True,True,False,True,False,True,True,True,False
FIRE+AGRI+ARCTIC+TRANS,CCBB,1278.4,362.0,1055.6,459.5,0.685,4.225,3.6999999999999997,4.4,1.2693370165745856,4,3,0,False,True,True,True,False,True,False,True,True,True,False
FIRE+AGRI+ARCTIC+TRANS,CCBC,1273.4,358.5,1011.6,467.5,0.685,4.225,3.6999999999999997,4.4,1.304044630404463,4,3,0,False,True,True,True,False,True,True,True,True,True,False
FIRE+AGRI+ARCTIC+TRANS,CCCA,1281.7,358.5,1001.2,429.75,0.685,4.225,3.6999999999999997,4.4,1.198744769874477,4,3,1,False,True,True,True,False,True,True,True,True,True,False
FIRE+AGRI+ARCTIC+TRANS,CCCB,1269.2,355.0,961.6,463.5,0.685,4.225,3.6999999999999997,4.4,1.3056338028169014,4,3,0,False,True,True,True,False,True,True,False,True,True,False
FIRE+AGRI+ARCTIC+TRANS,CCCC,1264.2,351.5,917.6,471.5,0.685,4.225,3.6999999999999997,4.4,1.341394025604552,4,3,0,False,True,True,True,False,True,True,False,True,True,False
FIRE+AGRI+ARCTIC+ENV,AAAA,1386.0,393.75,1620.0,338.75,0.675,4.125,3.65,4.4,0.8603174603174604,4,3,4,False,True,True,True,True,False,False,True,True,True,False
FIRE+AGRI+ARCTIC+ENV,AAAB,1372.0,390.0,1555.2,366.0,0.675,4.125,3.65,4.4,0.9384615384615385,4,3,3,False,True,True,True,True,False,False,True,True,True,False
FIRE+AGRI+ARCTIC+ENV,AAAC,1366.4,386.25,1483.2,368.0,0.675,4.125,3.65,4.4,0.9527508090614887,4,3,3,False,True,True,True,True,False,False,True,True,True,False
FIRE+AGRI+ARCTIC+ENV,AABA,1363.0,386.75,1535.4,382.5,0.675,4.125,3.65,4.4,0.989010989010989,4,3,3,False,True,True,True,True,False,False,True,True,True,False
FIRE+AGRI+ARCTIC+ENV,AABB,1349.0,383.0,1470.6,409.75,0.675,4.125,3.65,4.4,1.0698433420365536,4,3,2,False,True,True,True,True,False,False,True,True,True,False
FIRE+AGRI+ARCTIC+ENV,AABC,1343.4,379.25,1398.6,411.75,0.675,4.125,3.65,4.4,1.0856954515491102,4,3,2,False,True,True,True,True,False,False,True,True,True,False
FIRE+AGRI+ARCTIC+ENV,AACA,1353.8,379.75,1441.4,386.5,0.675,4.125,3.65,4.4,1.0177748518762344,4,3,3,False,True,True,True,True,False,False,True,True,True,False
FIRE+AGRI+ARCTIC+ENV,AACB,1339.8,376.0,1376.6,413.75,0.675,4.125,3.65,4.4,1.1003989361702127,4,3,2,False,True,True,True,True,False,False,True,True,True,False
FIRE+AGRI+ARCTIC+ENV,AACC,1334.1999999999998,372.25,1304.6,415.75,0.675,4.125,3.65,4.4,1.116856950973808,4,3,2,False,True,True,True,True,False,False,True,True,True,False
FIRE+AGRI+ARCTIC+ENV,ABAA,1373.0,390.0,1578.6,386.75,0.675,4.125,3.65,4.4,0.9916666666666667,4,3,3,False,True,True,True,True,False,False,True,True,True,False
FIRE+AGRI+ARCTIC+ENV,ABAB,1359.0,386.25,1513.8,414.0,0.675,4.125,3.65,4.4,1.0718446601941747,4,3,2,False,True,True,True,True,False,False,True,True,True,False
FIRE+AGRI+ARCTIC+ENV,ABAC,1353.4,382.5,1441.8,416.0,0.675,4.125,3.65,4.4,1.0875816993464051,4,3,2,False,True,True,True,True,False,False,True,True,True,False
FIRE+AGRI+ARCTIC+ENV,ABBA,1350.0,383.0,1494.0,430.5,0.675,4.125,3.65,4.4,1.1240208877284594,4,3,2,False,True,True,True,True,False,False,True,True,True,False
FIRE+AGRI+ARCTIC+ENV,ABBB,1336.0,379.25,1429.2,457.75,0.675,4.125,3.65,4.4,1.2069874752801582,4,3,1,False,True,True,True,False,False,False,True,True,True,False
FIRE+AGRI+ARCTIC+ENV,ABBC,1330.4,375.5,1357.2,459.75,0.675,4.125,3.65,4.4,1.2243675099866844,4,3,1,False,True,True,True,False,False,False,True,True,True,False
FIRE+AGRI+ARCTIC+ENV,ABCA,1340.8,376.0,1400.0,434.5,0.675,4.125,3.65,4.4,1.1555851063829787,4,3,2,False,True,True,True,True,False,False,True,True,True,False
FIRE+AGRI+ARCTIC+ENV,ABCB,1326.8,372.25,1335.2,461.75,0.675,4.125,3.65,4.4,1.2404298186702485,4,3,1,False,True,True,True,False,False,False,True,True,True,False
FIRE+AGRI+ARCTIC+ENV,ABCC,1321.1999999999998,368.5,1263.2,463.75,0.675,4.125,3.65,4.4,1.2584803256445047,4,3,1,False,True,True,True,False,False,False,True,True,True,False
FIRE+AGRI+ARCTIC+ENV,ACAA,1367.8,386.25,1532.6,406.25,0.675,4.125,3.65,4.4,1.051779935275081,4,3,3,False,True,True,True,True,False,False,True,True,True,False
FIRE+AGRI+ARCTIC+ENV,ACAB,1353.8,382.5,1467.8,433.5,0.675,4.125,3.65,4.4,1.1333333333333333,4,3,2,False,True,True,True,True,False,False,True,True,True,False
FIRE+AGRI+ARCTIC+ENV,ACAC,1348.1999999999998,378.75,1395.8,435.5,0.675,4.125,3.65,4.4,1.14983498349835,4,3,2,False,True,True,True,True,False,False,True,True,True,False
FIRE+AGRI+ARCTIC+ENV,ACBA,1344.8,379.25,1448.0,450.0,0.675,4.125,3.65,4.4,1.186552406064601,4,3,2,False,True,True,True,True,False,False,True,True,True,False
FIRE+AGRI+ARCTIC+ENV,ACBB,1330.8,375.5,1383.2,477.25,0.675,4.125,3.65,4.4,1.2709720372836217,4,3,1,False,True,True,True,False,False,False,True,True,True,False
FIRE+AGRI+ARCTIC+ENV,ACBC,1325.1999999999998,371.75,1311.2,479.25,0.675,4.125,3.65,4.4,1.289172831203766,4,3,1,False,True,True,True,False,False,False,True,True,True,False
FIRE+AGRI+ARCTIC+ENV,ACCA,1335.6,372.25,1354.0,454.0,0.675,4.125,3.65,4.4,1.2196104768300873,4,3,2,False,True,True,True,True,False,False,True,True,True,False
FIRE+AGRI+ARCTIC+ENV,ACCB,1321.6,368.5,1289.2,481.25,0.675,4.125,3.65,4.4,1.3059701492537314,4,3,1,False,True,True,True,False,False,False,True,True,True,False
FIRE+AGRI+ARCTIC+ENV,ACCC,1316.0,364.75,1217.2,483.25,0.675,4.125,3.65,4.4,1.3248800548320767,4,3,1,False,True,True,True,False,False,False,True,True,True,False
FIRE+AGRI+ARCTIC+ENV,BAAA,1370.0,389.5,1519.2,339.5,0.675,4.125,3.65,4.4,0.8716302952503209,4,3,3,False,True,True,True,True,False,False,True,True,True,False
FIRE+AGRI+ARCTIC+ENV,BAAB,1356.0,385.75,1454.4,366.75,0.675,4.125,3.65,4.4,0.9507453013609851,4,3,2,False,True,True,True,True,False,False,True,True,True,False
FIRE+AGRI+ARCTIC+ENV,BAAC,1350.4,382.0,1382.4,368.75,0.675,4.125,3.65,4.4,0.9653141361256544,4,3,2,False,True,True,True,True,False,False,True,True,True,False
FIRE+AGRI+ARCTIC+ENV,BABA,1347.0,382.5,1434.6,383.25,0.675,4.125,3.65,4.4,1.0019607843137255,4,3,2,False,True,True,True,True,False,False,True,True,True,False
FIRE+AGRI+ARCTIC+ENV,BABB,1333.0,378.75,1369.8,410.5,0.675,4.125,3.65,4.4,1.0838283828382838,4,3,1,False,True,True,True,False,False,False,True,True,True,False
FIRE+AGRI+ARCTIC+ENV,BABC,1327.4,375.0,1297.8,412.5,0.675,4.125,3.65,4.4,1.1,4,3,1,False,True,True,True,False,False,False,True,True,True,False
FIRE+AGRI+ARCTIC+ENV,BACA,1337.8,375.5,1340.6,387.25,0.675,4.125,3.65,4.4,1.0312916111850865,4,3,2,False,True,True,True,True,False,False,True,True,True,False
FIRE+AGRI+ARCTIC+ENV,BACB,1323.8,371.75,1275.8,414.5,0.675,4.125,3.65,4.4,1.1149966375252185,4,3,1,False,True,True,True,False,False,False,True,True,True,False
FIRE+AGRI+ARCTIC+ENV,BACC,1318.1999999999998,368.0,1203.8,416.5,0.675,4.125,3.65,4.4,1.1317934782608696,4,3,1,False,True,True,True,False,False,False,True,True,True,False
FIRE+AGRI+ARCTIC+ENV,BBAA,1357.0,385.75,1477.8,387.5,0.675,4.125,3.65,4.4,1.0045366169799093,4,3,2,False,True,True,True,True,False,False,True,True,True,False
FIRE+AGRI+ARCTIC+ENV,BBAB,1343.0,382.0,1413.0,414.75,0.675,4.125,3.65,4.4,1.0857329842931938,4,3,1,False,True,True,True,False,False,False,True,True,True,False
FIRE+AGRI+ARCTIC+ENV,BBAC,1337.4,378.25,1341.0,416.75,0.675,4.125,3.65,4.4,1.1017845340383345,4,3,1,False,True,True,True,False,False,False,True,True,True,False
FIRE+AGRI+ARCTIC+ENV,BBBA,1334.0,378.75,1393.2,431.25,0.675,4.125,3.65,4.4,1.1386138613861385,4,3,1,False,True,True,True,False,False,False,True,True,True,False
FIRE+AGRI+ARCTIC+ENV,BBBB,1320.0,375.0,1328.4,458.5,0.675,4.125,3.65,4.4,1.2226666666666666,4,3,0,False,True,True,True,False,False,False,True,True,True,False
FIRE+AGRI+ARCTIC+ENV,BBBC,1314.4,371.25,1256.4,460.5,0.675,4.125,3.65,4.4,1.2404040404040404,4,3,0,False,True,True,True,False,False,False,True,True,True,False
FIRE+AGRI+ARCTIC+ENV,BBCA,1324.8,371.75,1299.2,435.25,0.675,4.125,3.65,4.4,1.1708137188971082,4,3,1,False,True,True,True,False,False,False,True,True,True,False
FIRE+AGRI+ARCTIC+ENV,BBCB,1310.8,368.0,1234.4,462.5,0.675,4.125,3.65,4.4,1.2567934782608696,4,3,0,False,True,True,True,False,False,False,True,True,True,False
FIRE+AGRI+ARCTIC+ENV,BBCC,1305.1999999999998,364.25,1162.4,464.5,0.675,4.125,3.65,4.4,1.27522306108442,4,3,0,False,True,True,True,False,False,False,True,True,True,False
FIRE+AGRI+ARCTIC+ENV,BCAA,1351.8,382.0,1431.8,407.0,0.675,4.125,3.65,4.4,1.0654450261780104,4,3,2,False,True,True,True,True,False,False,True,True,True,False
FIRE+AGRI+ARCTIC+ENV,BCAB,1337.8,378.25,1367.0,434.25,0.675,4.125,3.65,4.4,1.1480502313284864,4,3,1,False,True,True,True,False,False,False,True,True,True,False
FIRE+AGRI+ARCTIC+ENV,BCAC,1332.1999999999998,374.5,1295.0,436.25,0.675,4.125,3.65,4.4,1.164886515353805,4,3,1,False,True,True,True,False,False,False,True,True,True,False
FIRE+AGRI+ARCTIC+ENV,BCBA,1328.8,375.0,1347.2,450.75,0.675,4.125,3.65,4.4,1.202,4,3,1,False,True,True,True,False,False,False,True,True,True,False
FIRE+AGRI+ARCTIC+ENV,BCBB,1314.8,371.25,1282.4,478.0,0.675,4.125,3.65,4.4,1.2875420875420875,4,3,0,False,True,True,True,False,False,False,True,True,True,False
FIRE+AGRI+ARCTIC+ENV,BCBC,1309.1999999999998,367.5,1210.4,480.0,0.675,4.125,3.65,4.4,1.3061224489795917,4,3,0,False,True,True,True,False,False,False,True,True,True,False
FIRE+AGRI+ARCTIC+ENV,BCCA,1319.6,368.0,1253.2,454.75,0.675,4.125,3.65,4.4,1.2357336956521738,4,3,1,False,True,True,True,False,False,False,True,True,True,False
FIRE+AGRI+ARCTIC+ENV,BCCB,1305.6,364.25,1188.4,482.0,0.675,4.125,3.65,4.4,1.3232669869595057,4,3,0,False,True,True,True,False,False,False,True,True,True,False
FIRE+AGRI+ARCTIC+ENV,BCCC,1300.0,360.5,1116.4,484.0,0.675,4.125,3.65,4.4,1.3425797503467407,4,3,0,False,True,True,True,False,True,False,True,True,True,False
FIRE+AGRI+ARCTIC+ENV,CAAA,1363.6,385.25,1407.2,322.0,0.675,4.125,3.65,4.4,0.835820895522388,4,3,3,False,True,True,True,True,False,False,True,True,True,False
FIRE+AGRI+ARCTIC+ENV,CAAB,1349.6,381.5,1342.4,349.25,0.675,4.125,3.65,4.4,0.9154652686762779,4,3,2,False,True,True,True,True,False,False,True,True,True,False
FIRE+AGRI+ARCTIC+ENV,CAAC,1344.0,377.75,1270.4,351.25,0.675,4.125,3.65,4.4,0.9298477829252151,4,3,2,False,True,True,True,True,False,False,True,True,True,False
FIRE+AGRI+ARCTIC+ENV,CABA,1340.6,378.25,1322.6,365.75,0.675,4.125,3.65,4.4,0.9669530733641771,4,3,2,False,True,True,True,True,False,False,True,True,True,False
FIRE+AGRI+ARCTIC+ENV,CABB,1326.6,374.5,1257.8,393.0,0.675,4.125,3.65,4.4,1.0493991989319091,4,3,1,False,True,True,True,False,False,False,True,True,True,False
FIRE+AGRI+ARCTIC+ENV,CABC,1321.0,370.75,1185.8,395.0,0.675,4.125,3.65,4.4,1.0654079568442347,4,3,1,False,True,True,True,False,False,False,True,True,True,False
FIRE+AGRI+ARCTIC+ENV,CACA,1331.4,371.25,1228.6,369.75,0.675,4.125,3.65,4.4,0.9959595959595959,4,3,2,False,True,True,True,True,False,False,True,True,True,False
FIRE+AGRI+ARCTIC+ENV,CACB,1317.4,367.5,1163.8,397.0,0.675,4.125,3.65,4.4,1.0802721088435374,4,3,1,False,True,True,True,False,False,False,True,True,True,False
FIRE+AGRI+ARCTIC+ENV,CACC,1311.8,363.75,1091.8,399.0,0.675,4.125,3.65,4.4,1.0969072164948455,4,3,1,False,True,True,True,False,False,False,True,True,True,False
FIRE+AGRI+ARCTIC+ENV,CBAA,1350.6,381.5,1365.8,370.0,0.675,4.125,3.65,4.4,0.9698558322411533,4,3,2,False,True,True,True,True,False,False,True,True,True,False
FIRE+AGRI+ARCTIC+ENV,CBAB,1336.6,377.75,1301.0,397.25,0.675,4.125,3.65,4.4,1.0516214427531436,4,3,1,False,True,True,True,False,False,False,True,True,True,False
FIRE+AGRI+ARCTIC+ENV,CBAC,1331.0,374.0,1229.0,399.25,0.675,4.125,3.65,4.4,1.0675133689839573,4,3,1,False,True,True,True,False,False,False,True,True,True,False
FIRE+AGRI+ARCTIC+ENV,CBBA,1327.6,374.5,1281.2,413.75,0.675,4.125,3.65,4.4,1.1048064085447262,4,3,1,False,True,True,True,False,False,False,True,True,True,False
FIRE+AGRI+ARCTIC+ENV,CBBB,1313.6,370.75,1216.4,441.0,0.675,4.125,3.65,4.4,1.1894807821982467,4,3,0,False,True,True,True,False,False,False,True,True,True,False
FIRE+AGRI+ARCTIC+ENV,CBBC,1308.0,367.0,1144.4,443.0,0.675,4.125,3.65,4.4,1.20708446866485,4,3,0,False,True,True,True,False,False,False,True,True,True,False
FIRE+AGRI+ARCTIC+ENV,CBCA,1318.4,367.5,1187.2,417.75,0.675,4.125,3.65,4.4,1.136734693877551,4,3,1,False,True,True,True,False,False,False,True,True,True,False
FIRE+AGRI+ARCTIC+ENV,CBCB,1304.4,363.75,1122.4,445.0,0.675,4.125,3.65,4.4,1.2233676975945018,4,3,0,False,True,True,True,False,False,False,True,True,True,False
FIRE+AGRI+ARCTIC+ENV,CBCC,1298.8,360.0,1050.4,447.0,0.675,4.125,3.65,4.4,1.2416666666666667,4,3,0,False,True,True,True,False,True,True,True,True,True,False
FIRE+AGRI+ARCTIC+ENV,CCAA,1345.4,377.75,1319.8,389.5,0.675,4.125,3.65,4.4,1.0311052283256121,4,3,2,False,True,True,True,True,False,False,True,True,True,False
FIRE+AGRI+ARCTIC+ENV,CCAB,1331.4,374.0,1255.0,416.75,0.675,4.125,3.65,4.4,1.1143048128342246,4,3,1,False,True,True,True,False,False,False,True,True,True,False
FIRE+AGRI+ARCTIC+ENV,CCAC,1325.8,370.25,1183.0,418.75,0.675,4.125,3.65,4.4,1.1309925725860905,4,3,1,False,True,True,True,False,False,False,True,True,True,False
FIRE+AGRI+ARCTIC+ENV,CCBA,1322.4,370.75,1235.2,433.25,0.675,4.125,3.65,4.4,1.1685772083614296,4,3,1,False,True,True,True,False,False,False,True,True,True,False
FIRE+AGRI+ARCTIC+ENV,CCBB,1308.4,367.0,1170.4,460.5,0.675,4.125,3.65,4.4,1.2547683923705721,4,3,0,False,True,True,True,False,False,False,True,True,True,False
FIRE+AGRI+ARCTIC+ENV,CCBC,1302.8,363.25,1098.4,462.5,0.675,4.125,3.65,4.4,1.2732278045423262,4,3,0,False,True,True,True,False,False,False,True,True,True,False
FIRE+AGRI+ARCTIC+ENV,CCCA,1313.2,363.75,1141.2,437.25,0.675,4.125,3.65,4.4,1.202061855670103,4,3,1,False,True,True,True,False,False,False,True,True,True,False
FIRE+AGRI+ARCTIC+ENV,CCCB,1299.2,360.0,1076.4,464.5,0.675,4.125,3.65,4.4,1.2902777777777779,4,3,0,False,True,True,True,False,True,True,True,True,True,False
FIRE+AGRI+ARCTIC+ENV,CCCC,1293.6,356.25,1004.4000000000001,466.5,0.675,4.125,3.65,4.4,1.3094736842105263,4,3,0,False,True,True,True,False,True,True,True,True,True,False
FIRE+AGRI+ARCTIC+SSA,AAAA,1438.5,414.75,1600.0,352.5,0.6525000000000001,3.925,3.3749999999999996,4.45,0.8499095840867993,3,4,4,False,True,True,True,True,False,False,True,True,True,False
FIRE+AGRI+ARCTIC+SSA,AAAB,1422.0,410.0,1538.8,384.5,0.6525000000000001,3.925,3.3749999999999996,4.45,0.9378048780487804,3,4,3,False,True,True,True,True,False,False,True,True,True,False
FIRE+AGRI+ARCTIC+SSA,AAAC,1415.4,405.25,1470.8,386.75,0.6525000000000001,3.925,3.3749999999999996,4.45,0.9543491671807526,3,4,3,False,True,True,True,True,False,False,True,True,True,False
FIRE+AGRI+ARCTIC+SSA,AABA,1415.5,407.75,1515.4,396.25,0.6525000000000001,3.925,3.3749999999999996,4.45,0.9717964438994482,3,4,3,False,True,True,True,True,False,False,True,True,True,False
FIRE+AGRI+ARCTIC+SSA,AABB,1399.0,403.0,1454.2,428.25,0.6525000000000001,3.925,3.3749999999999996,4.45,1.0626550868486353,3,4,2,False,True,True,True,True,False,False,True,True,True,False
FIRE+AGRI+ARCTIC+SSA,AABC,1392.4,398.25,1386.2,430.5,0.6525000000000001,3.925,3.3749999999999996,4.45,1.0809792843691148,3,4,2,False,True,True,True,True,False,False,True,True,True,False
FIRE+AGRI+ARCTIC+SSA,AACA,1406.3,400.75,1421.4,400.25,0.6525000000000001,3.925,3.3749999999999996,4.45,0.9987523393636931,3,4,3,False,True,True,True,True,False,False,True,True,True,False
FIRE+AGRI+ARCTIC+SSA,AACB,1389.8,396.0,1360.2,432.25,0.6525000000000001,3.925,3.3749999999999996,4.45,1.091540404040404,3,4,2,False,True,True,True,True,False,False,True,True,True,False
FIRE+AGRI+ARCTIC+SSA,AACC,1383.1999999999998,391.25,1292.2,434.5,0.6525000000000001,3.925,3.3749999999999996,4.45,1.1105431309904152,3,4,2,False,True,True,True,True,False,False,True,True,True,False
FIRE+AGRI+ARCTIC+SSA,ABAA,1425.5,411.0,1558.6,400.5,0.6525000000000001,3.925,3.3749999999999996,4.45,0.9744525547445255,3,4,3,False,True,True,True,True,False,False,True,True,True,False
FIRE+AGRI+ARCTIC+SSA,ABAB,1409.0,406.25,1497.3999999999999,432.5,0.6525000000000001,3.925,3.3749999999999996,4.45,1.0646153846153845,3,4,2,False,True,True,True,True,False,False,True,True,True,False
FIRE+AGRI+ARCTIC+SSA,ABAC,1402.4,401.5,1429.3999999999999,434.75,0.6525000000000001,3.925,3.3749999999999996,4.45,1.0828144458281446,3,4,2,False,True,True,True,True,False,False,True,True,True,False
FIRE+AGRI+ARCTIC+SSA,ABBA,1402.5,404.0,1474.0,444.25,0.6525000000000001,3.925,3.3749999999999996,4.45,1.0996287128712872,3,4,2,False,True,True,True,True,False,False,True,True,True,False
FIRE+AGRI+ARCTIC+SSA,ABBB,1386.0,399.25,1412.8,476.25,0.6525000000000001,3.925,3.3749999999999996,4.45,1.1928616155291172,3,4,1,False,True,True,True,False,False,False,True,True,True,False
FIRE+AGRI+ARCTIC+SSA,ABBC,1379.4,394.5,1344.8,478.5,0.6525000000000001,3.925,3.3749999999999996,4.45,1.2129277566539924,3,4,1,False,True,True,True,False,False,False,True,True,True,False
FIRE+AGRI+ARCTIC+SSA,ABCA,1393.3,397.0,1380.0,448.25,0.6525000000000001,3.925,3.3749999999999996,4.45,1.1290931989924433,3,4,2,False,True,True,True,True,False,False,True,True,True,False
FIRE+AGRI+ARCTIC+SSA,ABCB,1376.8,392.25,1318.8,480.25,0.6525000000000001,3.925,3.3749999999999996,4.45,1.224346717654557,3,4,1,False,True,True,True,False,False,False,True,True,True,False
FIRE+AGRI+ARCTIC+SSA,ABCC,1370.1999999999998,387.5,1250.8,482.5,0.6525000000000001,3.925,3.3749999999999996,4.45,1.2451612903225806,3,4,1,False,True,True,True,False,False,False,True,True,True,False
FIRE+AGRI+ARCTIC+SSA,ACAA,1420.3,407.25,1512.6,420.0,0.6525000000000001,3.925,3.3749999999999996,4.45,1.0313075506445673,3,4,3,False,True,True,True,True,False,False,True,True,True,False
FIRE+AGRI+ARCTIC+SSA,ACAB,1403.8,402.5,1451.3999999999999,452.0,0.6525000000000001,3.925,3.3749999999999996,4.45,1.1229813664596273,3,4,2,False,True,True,True,True,False,False,True,True,True,False
FIRE+AGRI+ARCTIC+SSA,ACAC,1397.1999999999998,397.75,1383.3999999999999,454.25,0.6525000000000001,3.925,3.3749999999999996,4.45,1.142049025769956,3,4,2,False,True,True,True,True,False,False,True,True,True,False
FIRE+AGRI+ARCTIC+SSA,ACBA,1397.3,400.25,1428.0,463.75,0.6525000000000001,3.925,3.3749999999999996,4.45,1.1586508432229856,3,4,2,False,True,True,True,True,False,False,True,True,True,False
FIRE+AGRI+ARCTIC+SSA,ACBB,1380.8,395.5,1366.8,495.75,0.6525000000000001,3.925,3.3749999999999996,4.45,1.2534766118836915,3,4,1,False,True,True,True,False,False,False,True,True,True,False
FIRE+AGRI+ARCTIC+SSA,ACBC,1374.1999999999998,390.75,1298.8,498.0,0.6525000000000001,3.925,3.3749999999999996,4.45,1.2744721689059502,3,4,1,False,True,True,True,False,False,False,True,True,True,False
FIRE+AGRI+ARCTIC+SSA,ACCA,1388.1,393.25,1334.0,467.75,0.6525000000000001,3.925,3.3749999999999996,4.45,1.189446916719644,3,4,2,False,True,True,True,True,False,False,True,True,True,False
FIRE+AGRI+ARCTIC+SSA,ACCB,1371.6,388.5,1272.8,499.75,0.6525000000000001,3.925,3.3749999999999996,4.45,1.2863577863577864,3,4,1,False,True,True,True,False,False,False,True,True,True,False
FIRE+AGRI+ARCTIC+SSA,ACCC,1365.0,383.75,1204.8,502.0,0.6525000000000001,3.925,3.3749999999999996,4.45,1.30814332247557,3,4,1,False,True,True,True,False,False,False,True,True,True,False
FIRE+AGRI+ARCTIC+SSA,BAAA,1422.5,410.5,1499.2,353.25,0.6525000000000001,3.925,3.3749999999999996,4.45,0.8605359317904994,3,4,3,False,True,True,True,True,False,False,True,True,True,False
FIRE+AGRI+ARCTIC+SSA,BAAB,1406.0,405.75,1438.0,385.25,0.6525000000000001,3.925,3.3749999999999996,4.45,0.9494762784966112,3,4,2,False,True,True,True,True,False,False,True,True,True,False
FIRE+AGRI+ARCTIC+SSA,BAAC,1399.4,401.0,1370.0,387.5,0.6525000000000001,3.925,3.3749999999999996,4.45,0.9663341645885287,3,4,2,False,True,True,True,True,False,False,True,True,True,False
FIRE+AGRI+ARCTIC+SSA,BABA,1399.5,403.5,1414.6,397.0,0.6525000000000001,3.925,3.3749999999999996,4.45,0.9838909541511772,3,4,2,False,True,True,True,True,False,False,True,True,True,False
FIRE+AGRI+ARCTIC+SSA,BABB,1383.0,398.75,1353.3999999999999,429.0,0.6525000000000001,3.925,3.3749999999999996,4.45,1.0758620689655172,3,4,1,False,True,True,True,False,False,False,True,True,True,False
FIRE+AGRI+ARCTIC+SSA,BABC,1376.4,394.0,1285.3999999999999,431.25,0.6525000000000001,3.925,3.3749999999999996,4.45,1.0945431472081217,3,4,1,False,True,True,True,False,False,False,True,True,True,False
FIRE+AGRI+ARCTIC+SSA,BACA,1390.3,396.5,1320.6,401.0,0.6525000000000001,3.925,3.3749999999999996,4.45,1.0113493064312737,3,4,2,False,True,True,True,True,False,False,True,True,True,False
FIRE+AGRI+ARCTIC+SSA,BACB,1373.8,391.75,1259.3999999999999,433.0,0.6525000000000001,3.925,3.3749999999999996,4.45,1.105296745373325,3,4,1,False,True,True,True,False,False,False,True,True,True,False
FIRE+AGRI+ARCTIC+SSA,BACC,1367.1999999999998,387.0,1191.3999999999999,435.25,0.6525000000000001,3.925,3.3749999999999996,4.45,1.1246770025839794,3,4,1,False,True,True,True,False,False,False,True,True,True,False
FIRE+AGRI+ARCTIC+SSA,BBAA,1409.5,406.75,1457.8,401.25,0.6525000000000001,3.925,3.3749999999999996,4.45,0.986478180700676,3,4,2,False,True,True,True,True,False,False,True,True,True,False
FIRE+AGRI+ARCTIC+SSA,BBAB,1393.0,402.0,1396.6,433.25,0.6525000000000001,3.925,3.3749999999999996,4.45,1.0777363184079602,3,4,1,False,True,True,True,False,False,False,True,True,True,False
FIRE+AGRI+ARCTIC+SSA,BBAC,1386.4,397.25,1328.6,435.5,0.6525000000000001,3.925,3.3749999999999996,4.45,1.0962869729389553,3,4,1,False,True,True,True,False,False,False,True,True,True,False
FIRE+AGRI+ARCTIC+SSA,BBBA,1386.5,399.75,1373.2,445.0,0.6525000000000001,3.925,3.3749999999999996,4.45,1.1131957473420888,3,4,1,False,True,True,True,False,False,False,True,True,True,False
FIRE+AGRI+ARCTIC+SSA,BBBB,1370.0,395.0,1312.0,477.0,0.6525000000000001,3.925,3.3749999999999996,4.45,1.2075949367088608,3,4,0,False,True,True,True,False,False,False,True,True,True,False
FIRE+AGRI+ARCTIC+SSA,BBBC,1363.4,390.25,1244.0,479.25,0.6525000000000001,3.925,3.3749999999999996,4.45,1.228058936579116,3,4,0,False,True,True,True,False,False,False,True,True,True,False
FIRE+AGRI+ARCTIC+SSA,BBCA,1377.3,392.75,1279.2,449.0,0.6525000000000001,3.925,3.3749999999999996,4.45,1.1432208784213878,3,4,1,False,True,True,True,False,False,False,True,True,True,False
FIRE+AGRI+ARCTIC+SSA,BBCB,1360.8,388.0,1218.0,481.0,0.6525000000000001,3.925,3.3749999999999996,4.45,1.2396907216494846,3,4,0,False,True,True,True,False,False,False,True,True,True,False
FIRE+AGRI+ARCTIC+SSA,BBCC,1354.1999999999998,383.25,1150.0,483.25,0.6525000000000001,3.925,3.3749999999999996,4.45,1.2609262883235486,3,4,0,False,True,True,True,False,False,False,True,True,True,False
FIRE+AGRI+ARCTIC+SSA,BCAA,1404.3,403.0,1411.8,420.75,0.6525000000000001,3.925,3.3749999999999996,4.45,1.044044665012407,3,4,2,False,True,True,True,True,False,False,True,True,True,False
FIRE+AGRI+ARCTIC+SSA,BCAB,1387.8,398.25,1350.6,452.75,0.6525000000000001,3.925,3.3749999999999996,4.45,1.1368487131198997,3,4,1,False,True,True,True,False,False,False,True,True,True,False
FIRE+AGRI+ARCTIC+SSA,BCAC,1381.1999999999998,393.5,1282.6,455.0,0.6525000000000001,3.925,3.3749999999999996,4.45,1.156289707750953,3,4,1,False,True,True,True,False,False,False,True,True,True,False
FIRE+AGRI+ARCTIC+SSA,BCBA,1381.3,396.0,1327.2,464.5,0.6525000000000001,3.925,3.3749999999999996,4.45,1.172979797979798,3,4,1,False,True,True,True,False,False,False,True,True,True,False
FIRE+AGRI+ARCTIC+SSA,BCBB,1364.8,391.25,1266.0,496.5,0.6525000000000001,3.925,3.3749999999999996,4.45,1.2690095846645368,3,4,0,False,True,True,True,False,False,False,True,True,True,False
FIRE+AGRI+ARCTIC+SSA,BCBC,1358.1999999999998,386.5,1198.0,498.75,0.6525000000000001,3.925,3.3749999999999996,4.45,1.2904269081500648,3,4,0,False,True,True,True,False,False,False,True,True,True,False
FIRE+AGRI+ARCTIC+SSA,BCCA,1372.1,389.0,1233.2,468.5,0.6525000000000001,3.925,3.3749999999999996,4.45,1.2043701799485862,3,4,1,False,True,True,True,False,False,False,True,True,True,False
FIRE+AGRI+ARCTIC+SSA,BCCB,1355.6,384.25,1172.0,500.5,0.6525000000000001,3.925,3.3749999999999996,4.45,1.302537410540013,3,4,0,False,True,True,True,False,False,False,True,True,True,False
FIRE+AGRI+ARCTIC+SSA,BCCC,1349.0,379.5,1104.0,502.75,0.6525000000000001,3.925,3.3749999999999996,4.45,1.3247694334650857,3,4,0,False,True,True,True,False,False,False,True,True,True,False
FIRE+AGRI+ARCTIC+SSA,CAAA,1416.1,406.25,1387.2,335.75,0.6525000000000001,3.925,3.3749999999999996,4.45,0.8264615384615385,3,4,3,False,True,True,True,True,False,False,True,True,True,False
FIRE+AGRI+ARCTIC+SSA,CAAB,1399.6,401.5,1326.0,367.75,0.6525000000000001,3.925,3.3749999999999996,4.45,0.9159402241594022,3,4,2,False,True,True,True,True,False,False,True,True,True,False
FIRE+AGRI+ARCTIC+SSA,CAAC,1393.0,396.75,1258.0,370.0,0.6525000000000001,3.925,3.3749999999999996,4.45,0.9325771896660365,3,4,2,False,True,True,True,True,False,False,True,True,True,False
FIRE+AGRI+ARCTIC+SSA,CABA,1393.1,399.25,1302.6,379.5,0.6525000000000001,3.925,3.3749999999999996,4.45,0.9505322479649343,3,4,2,False,True,True,True,True,False,False,True,True,True,False
FIRE+AGRI+ARCTIC+SSA,CABB,1376.6,394.5,1241.3999999999999,411.5,0.6525000000000001,3.925,3.3749999999999996,4.45,1.0430925221799747,3,4,1,False,True,True,True,False,False,False,True,True,True,False
FIRE+AGRI+ARCTIC+SSA,CABC,1370.0,389.75,1173.3999999999999,413.75,0.6525000000000001,3.925,3.3749999999999996,4.45,1.0615779345734446,3,4,1,False,True,True,True,False,False,False,True,True,True,False
FIRE+AGRI+ARCTIC+SSA,CACA,1383.9,392.25,1208.6,383.5,0.6525000000000001,3.925,3.3749999999999996,4.45,0.9776927979604844,3,4,2,False,True,True,True,True,False,False,True,True,True,False
FIRE+AGRI+ARCTIC+SSA,CACB,1367.4,387.5,1147.3999999999999,415.5,0.6525000000000001,3.925,3.3749999999999996,4.45,1.072258064516129,3,4,1,False,True,True,True,False,False,False,True,True,True,False
FIRE+AGRI+ARCTIC+SSA,CACC,1360.8000000000002,382.75,1079.3999999999999,417.75,0.6525000000000001,3.925,3.3749999999999996,4.45,1.0914435009797518,3,4,1,False,True,True,True,False,False,False,True,True,True,False
FIRE+AGRI+ARCTIC+SSA,CBAA,1403.1,402.5,1345.8,383.75,0.6525000000000001,3.925,3.3749999999999996,4.45,0.953416149068323,3,4,2,False,True,True,True,True,False,False,True,True,True,False
FIRE+AGRI+ARCTIC+SSA,CBAB,1386.6,397.75,1284.6,415.75,0.6525000000000001,3.925,3.3749999999999996,4.45,1.0452545568824638,3,4,1,False,True,True,True,False,False,False,True,True,True,False
FIRE+AGRI+ARCTIC+SSA,CBAC,1380.0,393.0,1216.6,418.0,0.6525000000000001,3.925,3.3749999999999996,4.45,1.063613231552163,3,4,1,False,True,True,True,False,False,False,True,True,True,False
FIRE+AGRI+ARCTIC+SSA,CBBA,1380.1,395.5,1261.2,427.5,0.6525000000000001,3.925,3.3749999999999996,4.45,1.0809102402022757,3,4,1,False,True,True,True,False,False,False,True,True,True,False
FIRE+AGRI+ARCTIC+SSA,CBBB,1363.6,390.75,1200.0,459.5,0.6525000000000001,3.925,3.3749999999999996,4.45,1.1759436980166347,3,4,0,False,True,True,True,False,False,False,True,True,True,False
FIRE+AGRI+ARCTIC+SSA,CBBC,1357.0,386.0,1132.0,461.75,0.6525000000000001,3.925,3.3749999999999996,4.45,1.1962435233160622,3,4,0,False,True,True,True,False,False,False,True,True,True,False
FIRE+AGRI+ARCTIC+SSA,CBCA,1370.9,388.5,1167.2,431.5,0.6525000000000001,3.925,3.3749999999999996,4.45,1.1106821106821108,3,4,1,False,True,True,True,False,False,False,True,True,True,False
FIRE+AGRI+ARCTIC+SSA,CBCB,1354.4,383.75,1106.0,463.5,0.6525000000000001,3.925,3.3749999999999996,4.45,1.2078175895765473,3,4,0,False,True,True,True,False,False,False,True,True,True,False
FIRE+AGRI+ARCTIC+SSA,CBCC,1347.8000000000002,379.0,1038.0,465.75,0.6525000000000001,3.925,3.3749999999999996,4.45,1.2288918205804749,3,4,0,False,True,True,True,False,False,False,True,True,True,False
FIRE+AGRI+ARCTIC+SSA,CCAA,1397.9,398.75,1299.8,403.25,0.6525000000000001,3.925,3.3749999999999996,4.45,1.0112852664576804,3,4,2,False,True,True,True,True,False,False,True,True,True,False
FIRE+AGRI+ARCTIC+SSA,CCAB,1381.4,394.0,1238.6,435.25,0.6525000000000001,3.925,3.3749999999999996,4.45,1.1046954314720812,3,4,1,False,True,True,True,False,False,False,True,True,True,False
FIRE+AGRI+ARCTIC+SSA,CCAC,1374.8000000000002,389.25,1170.6,437.5,0.6525000000000001,3.925,3.3749999999999996,4.45,1.123956326268465,3,4,1,False,True,True,True,False,False,False,True,True,True,False
FIRE+AGRI+ARCTIC+SSA,CCBA,1374.9,391.75,1215.2,447.0,0.6525000000000001,3.925,3.3749999999999996,4.45,1.141033822590938,3,4,1,False,True,True,True,False,False,False,True,True,True,False
FIRE+AGRI+ARCTIC+SSA,CCBB,1358.4,387.0,1154.0,479.0,0.6525000000000001,3.925,3.3749999999999996,4.45,1.2377260981912144,3,4,0,False,True,True,True,False,False,False,True,True,True,False
FIRE+AGRI+ARCTIC+SSA,CCBC,1351.8000000000002,382.25,1086.0,481.25,0.6525000000000001,3.925,3.3749999999999996,4.45,1.2589928057553956,3,4,0,False,True,True,True,False,False,False,True,True,True,False
FIRE+AGRI+ARCTIC+SSA,CCCA,1365.7,384.75,1121.2,451.0,0.6525000000000001,3.925,3.3749999999999996,4.45,1.1721897335932423,3,4,1,False,True,True,True,False,False,False,True,True,True,False
FIRE+AGRI+ARCTIC+SSA,CCCB,1349.2,380.0,1060.0,483.0,0.6525000000000001,3.925,3.3749999999999996,4.45,1.2710526315789474,3,4,0,False,True,True,True,False,False,False,True,True,True,False
FIRE+AGRI+ARCTIC+SSA,CCCC,1342.6,375.25,992.0,485.25,0.6525000000000001,3.925,3.3749999999999996,4.45,1.2931379080612924,3,4,0,False,True,True,True,False,False,False,False,True,True,False
FIRE+AGRI+TRANS+ENV,AAAA,1165.5,320.25,1370.0,288.75,0.73,4.525,4.050000000000001,4.675,0.9016393442622951,4,2,4,True,True,True,True,True,True,True,True,True,True,True
FIRE+AGRI+TRANS+ENV,AAAB,1151.5,316.5,1305.2,316.0,0.73,4.525,4.050000000000001,4.675,0.9984202211690363,4,2,3,True,True,True,True,True,True,True,True,True,True,True
FIRE+AGRI+TRANS+ENV,AAAC,1145.9,312.75,1233.2,318.0,0.73,4.525,4.050000000000001,4.675,1.0167865707434052,4,2,3,True,True,True,True,True,True,True,True,True,True,True
FIRE+AGRI+TRANS+ENV,AABA,1153.0,316.75,1330.4,322.5,0.73,4.525,4.050000000000001,4.675,1.0181531176006313,4,2,3,True,True,True,True,True,True,True,True,True,True,True
FIRE+AGRI+TRANS+ENV,AABB,1139.0,313.0,1265.6,349.75,0.73,4.525,4.050000000000001,4.675,1.1174121405750799,4,2,2,True,True,True,True,True,True,True,True,True,True,True
FIRE+AGRI+TRANS+ENV,AABC,1133.4,309.25,1193.6,351.75,0.73,4.525,4.050000000000001,4.675,1.137429264349232,4,2,2,True,True,True,True,True,True,True,True,True,True,True
FIRE+AGRI+TRANS+ENV,AACA,1148.0,313.25,1286.4,330.5,0.73,4.525,4.050000000000001,4.675,1.0550678371907423,4,2,3,True,True,True,True,True,True,True,True,True,True,True
FIRE+AGRI+TRANS+ENV,AACB,1134.0,309.5,1221.6000000000001,357.75,0.73,4.525,4.050000000000001,4.675,1.1558966074313408,4,2,2,True,True,True,True,True,True,True,True,True,True,True
FIRE+AGRI+TRANS+ENV,AACC,1128.4,305.75,1149.6000000000001,359.75,0.73,4.525,4.050000000000001,4.675,1.1766148814390842,4,2,2,True,True,True,True,True,True,True,True,True,True,True
FIRE+AGRI+TRANS+ENV,ABAA,1152.5,316.5,1328.6,336.75,0.73,4.525,4.050000000000001,4.675,1.0639810426540284,4,2,3,True,True,True,True,True,True,True,True,True,True,True
FIRE+AGRI+TRANS+ENV,ABAB,1138.5,312.75,1263.8,364.0,0.73,4.525,4.050000000000001,4.675,1.163868904876099,4,2,2,True,True,True,True,True,True,True,True,True,True,True
FIRE+AGRI+TRANS+ENV,ABAC,1132.9,309.0,1191.8,366.0,0.73,4.525,4.050000000000001,4.675,1.1844660194174756,4,2,2,True,True,True,True,True,True,True,True,True,True,True
FIRE+AGRI+TRANS+ENV,ABBA,1140.0,313.0,1289.0,370.5,0.73,4.525,4.050000000000001,4.675,1.18370607028754,4,2,2,True,True,True,True,True,True,True,True,True,True,True
FIRE+AGRI+TRANS+ENV,ABBB,1126.0,309.25,1224.1999999999998,397.75,0.73,4.525,4.050000000000001,4.675,1.286176232821342,4,2,1,False,True,True,True,False,True,True,True,True,True,False
FIRE+AGRI+TRANS+ENV,ABBC,1120.4,305.5,1152.1999999999998,399.75,0.73,4.525,4.050000000000001,4.675,1.3085106382978724,4,2,1,False,True,True,True,False,True,True,True,True,True,False
FIRE+AGRI+TRANS+ENV,ABCA,1135.0,309.5,1245.0,378.5,0.73,4.525,4.050000000000001,4.675,1.2229402261712439,4,2,2,True,True,True,True,True,True,True,True,True,True,True
FIRE+AGRI+TRANS+ENV,ABCB,1121.0,305.75,1180.2,405.75,0.73,4.525,4.050000000000001,4.675,1.3270645952575633,4,2,1,False,True,True,True,False,True,True,True,True,True,False
FIRE+AGRI+TRANS+ENV,ABCC,1115.4,302.0,1108.2,407.75,0.73,4.525,4.050000000000001,4.675,1.3501655629139073,4,2,1,False,True,True,True,False,True,True,True,True,True,False
FIRE+AGRI+TRANS+ENV,ACAA,1147.3,312.75,1282.6,356.25,0.73,4.525,4.050000000000001,4.675,1.1390887290167866,4,2,3,True,True,True,True,True,True,True,True,True,True,True
FIRE+AGRI+TRANS+ENV,ACAB,1133.3,309.0,1217.8,383.5,0.73,4.525,4.050000000000001,4.675,1.2411003236245954,4,2,2,True,True,True,True,True,True,True,True,True,True,True
FIRE+AGRI+TRANS+ENV,ACAC,1127.6999999999998,305.25,1145.8,385.5,0.73,4.525,4.050000000000001,4.675,1.2628992628992628,4,2,2,True,True,True,True,True,True,True,True,True,True,True
FIRE+AGRI+TRANS+ENV,ACBA,1134.8,309.25,1243.0,390.0,0.73,4.525,4.050000000000001,4.675,1.2611156022635408,4,2,2,True,True,True,True,True,True,True,True,True,True,True
FIRE+AGRI+TRANS+ENV,ACBB,1120.8,305.5,1178.1999999999998,417.25,0.73,4.525,4.050000000000001,4.675,1.3657937806873977,4,2,1,False,True,True,True,False,True,True,True,True,True,False
FIRE+AGRI+TRANS+ENV,ACBC,1115.1999999999998,301.75,1106.1999999999998,419.25,0.73,4.525,4.050000000000001,4.675,1.3893951946975973,4,2,1,False,True,True,True,False,True,True,True,True,True,False
FIRE+AGRI+TRANS+ENV,ACCA,1129.8,305.75,1199.0,398.0,0.73,4.525,4.050000000000001,4.675,1.3017170891251022,4,2,2,True,True,True,True,True,True,True,True,True,True,True
FIRE+AGRI+TRANS+ENV,ACCB,1115.8,302.0,1134.2,425.25,0.73,4.525,4.050000000000001,4.675,1.408112582781457,4,2,1,False,True,True,True,False,True,True,True,True,True,False
FIRE+AGRI+TRANS+ENV,ACCC,1110.1999999999998,298.25,1062.2,427.25,0.73,4.525,4.050000000000001,4.675,1.432523051131601,4,2,1,False,True,True,True,False,True,True,True,True,True,False
FIRE+AGRI+TRANS+ENV,BAAA,1149.5,316.0,1269.2,289.5,0.73,4.525,4.050000000000001,4.675,0.9161392405063291,4,2,3,True,True,True,True,True,True,True,True,True,True,True
FIRE+AGRI+TRANS+ENV,BAAB,1135.5,312.25,1204.4,316.75,0.73,4.525,4.050000000000001,4.675,1.0144115292233786,4,2,2,True,True,True,True,True,True,True,True,True,True,True
FIRE+AGRI+TRANS+ENV,BAAC,1129.9,308.5,1132.4,318.75,0.73,4.525,4.050000000000001,4.675,1.03322528363047,4,2,2,True,True,True,True,True,True,True,True,True,True,True
FIRE+AGRI+TRANS+ENV,BABA,1137.0,312.5,1229.6,323.25,0.73,4.525,4.050000000000001,4.675,1.0344,4,2,2,True,True,True,True,True,True,True,True,True,True,True
FIRE+AGRI+TRANS+ENV,BABB,1123.0,308.75,1164.8000000000002,350.5,0.73,4.525,4.050000000000001,4.675,1.1352226720647773,4,2,1,False,True,True,True,False,True,True,True,True,True,False
FIRE+AGRI+TRANS+ENV,BABC,1117.4,305.0,1092.8,352.5,0.73,4.525,4.050000000000001,4.675,1.1557377049180328,4,2,1,False,True,True,True,False,True,True,True,True,True,False
FIRE+AGRI+TRANS+ENV,BACA,1132.0,309.0,1185.6000000000001,331.25,0.73,4.525,4.050000000000001,4.675,1.0720064724919094,4,2,2,True,True,True,True,True,True,True,True,True,True,True
FIRE+AGRI+TRANS+ENV,BACB,1118.0,305.25,1120.8000000000002,358.5,0.73,4.525,4.050000000000001,4.675,1.1744471744471745,4,2,1,False,True,True,True,False,True,True,True,True,True,False
FIRE+AGRI+TRANS+ENV,BACC,1112.4,301.5,1048.8,360.5,0.73,4.525,4.050000000000001,4.675,1.1956882255389718,4,2,1,False,True,True,True,False,True,True,True,True,True,False
FIRE+AGRI+TRANS+ENV,BBAA,1136.5,312.25,1227.8,337.5,0.73,4.525,4.050000000000001,4.675,1.0808646917534028,4,2,2,True,True,True,True,True,True,True,True,True,True,True
FIRE+AGRI+TRANS+ENV,BBAB,1122.5,308.5,1163.0,364.75,0.73,4.525,4.050000000000001,4.675,1.1823338735818476,4,2,1,False,True,True,True,False,True,True,True,True,True,False
FIRE+AGRI+TRANS+ENV,BBAC,1116.9,304.75,1091.0,366.75,0.73,4.525,4.050000000000001,4.675,1.203445447087777,4,2,1,False,True,True,True,False,True,True,True,True,True,False
FIRE+AGRI+TRANS+ENV,BBBA,1124.0,308.75,1188.1999999999998,371.25,0.73,4.525,4.050000000000001,4.675,1.2024291497975708,4,2,1,False,True,True,True,False,True,True,True,True,True,False
FIRE+AGRI+TRANS+ENV,BBBB,1110.0,305.0,1123.4,398.5,0.73,4.525,4.050000000000001,4.675,1.3065573770491803,4,2,0,False,True,True,True,False,True,True,True,True,True,False
FIRE+AGRI+TRANS+ENV,BBBC,1104.4,301.25,1051.4,400.5,0.73,4.525,4.050000000000001,4.675,1.329460580912863,4,2,0,False,True,True,True,False,True,True,True,True,True,False
FIRE+AGRI+TRANS+ENV,BBCA,1119.0,305.25,1144.2,379.25,0.73,4.525,4.050000000000001,4.675,1.2424242424242424,4,2,1,False,True,True,True,False,True,True,True,True,True,False
FIRE+AGRI+TRANS+ENV,BBCB,1105.0,301.5,1079.4,406.5,0.73,4.525,4.050000000000001,4.675,1.3482587064676617,4,2,0,False,True,True,True,False,True,True,True,True,True,False
FIRE+AGRI+TRANS+ENV,BBCC,1099.4,297.75,1007.4,408.5,0.73,4.525,4.050000000000001,4.675,1.3719563392107472,4,2,0,False,True,True,True,False,True,True,True,True,True,False
FIRE+AGRI+TRANS+ENV,BCAA,1131.3,308.5,1181.8,357.0,0.73,4.525,4.050000000000001,4.675,1.1572123176661264,4,2,2,True,True,True,True,True,True,True,True,True,True,True
FIRE+AGRI+TRANS+ENV,BCAB,1117.3,304.75,1117.0,384.25,0.73,4.525,4.050000000000001,4.675,1.2608695652173914,4,2,1,False,True,True,True,False,True,True,True,True,True,False
FIRE+AGRI+TRANS+ENV,BCAC,1111.6999999999998,301.0,1045.0,386.25,0.73,4.525,4.050000000000001,4.675,1.2832225913621262,4,2,1,False,True,True,True,False,True,True,True,True,True,False
FIRE+AGRI+TRANS+ENV,BCBA,1118.8,305.0,1142.1999999999998,390.75,0.73,4.525,4.050000000000001,4.675,1.2811475409836066,4,2,1,False,True,True,True,False,True,True,True,True,True,False
FIRE+AGRI+TRANS+ENV,BCBB,1104.8,301.25,1077.4,418.0,0.73,4.525,4.050000000000001,4.675,1.387551867219917,4,2,0,False,True,True,True,False,True,True,True,True,True,False
FIRE+AGRI+TRANS+ENV,BCBC,1099.1999999999998,297.5,1005.4,420.0,0.73,4.525,4.050000000000001,4.675,1.411764705882353,4,2,0,False,True,True,True,False,True,True,True,True,True,False
FIRE+AGRI+TRANS+ENV,BCCA,1113.8,301.5,1098.2,398.75,0.73,4.525,4.050000000000001,4.675,1.3225538971807629,4,2,1,False,True,True,True,False,True,True,True,True,True,False
FIRE+AGRI+TRANS+ENV,BCCB,1099.8,297.75,1033.4,426.0,0.73,4.525,4.050000000000001,4.675,1.4307304785894206,4,2,0,False,True,True,True,False,True,True,True,True,True,False
FIRE+AGRI+TRANS+ENV,BCCC,1094.1999999999998,294.0,961.4,428.0,0.73,4.525,4.050000000000001,4.675,1.4557823129251701,4,2,0,False,True,True,True,False,True,True,False,True,True,False
FIRE+AGRI+TRANS+ENV,CAAA,1143.1,311.75,1157.2,272.0,0.73,4.525,4.050000000000001,4.675,0.8724939855653568,4,2,3,True,True,True,True,True,True,True,True,True,True,True
FIRE+AGRI+TRANS+ENV,CAAB,1129.1,308.0,1092.4,299.25,0.73,4.525,4.050000000000001,4.675,0.9715909090909091,4,2,2,True,True,True,True,True,True,True,True,True,True,True
FIRE+AGRI+TRANS+ENV,CAAC,1123.5,304.25,1020.4,301.25,0.73,4.525,4.050000000000001,4.675,0.990139687756779,4,2,2,True,True,True,True,True,True,True,True,True,True,True
FIRE+AGRI+TRANS+ENV,CABA,1130.6,308.25,1117.6,305.75,0.73,4.525,4.050000000000001,4.675,0.991889699918897,4,2,2,True,True,True,True,True,True,True,True,True,True,True
FIRE+AGRI+TRANS+ENV,CABB,1116.6,304.5,1052.8000000000002,333.0,0.73,4.525,4.050000000000001,4.675,1.0935960591133005,4,2,1,False,True,True,True,False,True,True,True,True,True,False
FIRE+AGRI+TRANS+ENV,CABC,1111.0,300.75,980.8,335.0,0.73,4.525,4.050000000000001,4.675,1.113881961762261,4,2,1,False,True,True,True,False,True,True,False,True,True,False
FIRE+AGRI+TRANS+ENV,CACA,1125.6,304.75,1073.6000000000001,313.75,0.73,4.525,4.050000000000001,4.675,1.029532403609516,4,2,2,True,True,True,True,True,True,True,True,True,True,True
FIRE+AGRI+TRANS+ENV,CACB,1111.6,301.0,1008.8000000000001,341.0,0.73,4.525,4.050000000000001,4.675,1.132890365448505,4,2,1,False,True,True,True,False,True,True,True,True,True,False
FIRE+AGRI+TRANS+ENV,CACC,1106.0,297.25,936.8,343.0,0.73,4.525,4.050000000000001,4.675,1.1539108494533221,4,2,1,False,True,True,True,False,True,True,False,True,True,False
FIRE+AGRI+TRANS+ENV,CBAA,1130.1,308.0,1115.8,320.0,0.73,4.525,4.050000000000001,4.675,1.0389610389610389,4,2,2,True,True,True,True,True,True,True,True,True,True,True
FIRE+AGRI+TRANS+ENV,CBAB,1116.1,304.25,1051.0,347.25,0.73,4.525,4.050000000000001,4.675,1.141331142152835,4,2,1,False,True,True,True,False,True,True,True,True,True,False
FIRE+AGRI+TRANS+ENV,CBAC,1110.5,300.5,979.0,349.25,0.73,4.525,4.050000000000001,4.675,1.1622296173044926,4,2,1,False,True,True,True,False,True,True,False,True,True,False
FIRE+AGRI+TRANS+ENV,CBBA,1117.6,304.5,1076.1999999999998,353.75,0.73,4.525,4.050000000000001,4.675,1.1617405582922824,4,2,1,False,True,True,True,False,True,True,True,True,True,False
FIRE+AGRI+TRANS+ENV,CBBB,1103.6,300.75,1011.4,381.0,0.73,4.525,4.050000000000001,4.675,1.2668329177057356,4,2,0,False,True,True,True,False,True,True,True,True,True,False
FIRE+AGRI+TRANS+ENV,CBBC,1098.0,297.0,939.4,383.0,0.73,4.525,4.050000000000001,4.675,1.2895622895622896,4,2,0,False,True,True,True,False,True,True,False,True,True,False
FIRE+AGRI+TRANS+ENV,CBCA,1112.6,301.0,1032.2,361.75,0.73,4.525,4.050000000000001,4.675,1.201827242524917,4,2,1,False,True,True,True,False,True,True,True,True,True,False
FIRE+AGRI+TRANS+ENV,CBCB,1098.6,297.25,967.4,389.0,0.73,4.525,4.050000000000001,4.675,1.3086627417998318,4,2,0,False,True,True,True,False,True,True,False,True,True,False
FIRE+AGRI+TRANS+ENV,CBCC,1093.0,293.5,895.4,391.0,0.73,4.525,4.050000000000001,4.675,1.332197614991482,4,2,0,False,True,True,True,False,True,True,False,True,True,False
FIRE+AGRI+TRANS+ENV,CCAA,1124.9,304.25,1069.8,339.5,0.73,4.525,4.050000000000001,4.675,1.1158586688578471,4,2,2,True,True,True,True,True,True,True,True,True,True,True
FIRE+AGRI+TRANS+ENV,CCAB,1110.9,300.5,1005.0,366.75,0.73,4.525,4.050000000000001,4.675,1.2204658901830283,4,2,1,False,True,True,True,False,True,True,True,True,True,False
FIRE+AGRI+TRANS+ENV,CCAC,1105.3,296.75,933.0,368.75,0.73,4.525,4.050000000000001,4.675,1.2426284751474306,4,2,1,False,True,True,True,False,True,True,False,True,True,False
FIRE+AGRI+TRANS+ENV,CCBA,1112.4,300.75,1030.1999999999998,373.25,0.73,4.525,4.050000000000001,4.675,1.2410640066500416,4,2,1,False,True,True,True,False,True,True,True,True,True,False
FIRE+AGRI+TRANS+ENV,CCBB,1098.4,297.0,965.4,400.5,0.73,4.525,4.050000000000001,4.675,1.3484848484848484,4,2,0,False,True,True,True,False,True,True,False,True,True,False
FIRE+AGRI+TRANS+ENV,CCBC,1092.8,293.25,893.4,402.5,0.73,4.525,4.050000000000001,4.675,1.3725490196078431,4,2,0,False,True,True,True,False,True,True,False,True,True,False
FIRE+AGRI+TRANS+ENV,CCCA,1107.4,297.25,986.1999999999999,381.25,0.73,4.525,4.050000000000001,4.675,1.2825904121110177,4,2,1,False,True,True,True,False,True,True,False,True,True,False
FIRE+AGRI+TRANS+ENV,CCCB,1093.4,293.5,921.4,408.5,0.73,4.525,4.050000000000001,4.675,1.3918228279386713,4,2,0,False,True,True,True,False,True,True,False,True,True,False
FIRE+AGRI+TRANS+ENV,CCCC,1087.8,289.75,849.4,410.5,0.73,4.525,4.050000000000001,4.675,1.4167385677308024,4,2,0,False,True,True,True,False,True,True,False,True,True,False
FIRE+AGRI+TRANS+SSA,AAAA,1218.0,341.25,1350.0,302.5,0.7075,4.324999999999999,3.775,4.7250000000000005,0.8864468864468864,3,3,4,True,True,True,True,True,True,True,True,True,True,False
FIRE+AGRI+TRANS+SSA,AAAB,1201.5,336.5,1288.8,334.5,0.7075,4.324999999999999,3.775,4.7250000000000005,0.9940564635958395,3,3,3,True,True,True,True,True,True,True,True,True,True,False
FIRE+AGRI+TRANS+SSA,AAAC,1194.9,331.75,1220.8,336.75,0.7075,4.324999999999999,3.775,4.7250000000000005,1.0150715900527505,3,3,3,True,True,True,True,True,True,True,True,True,True,False
FIRE+AGRI+TRANS+SSA,AABA,1205.5,337.75,1310.4,336.25,0.7075,4.324999999999999,3.775,4.7250000000000005,0.9955588452997779,3,3,3,True,True,True,True,True,True,True,True,True,True,False
FIRE+AGRI+TRANS+SSA,AABB,1189.0,333.0,1249.1999999999998,368.25,0.7075,4.324999999999999,3.775,4.7250000000000005,1.1058558558558558,3,3,2,True,True,True,True,True,True,True,True,True,True,False
FIRE+AGRI+TRANS+SSA,AABC,1182.4,328.25,1181.1999999999998,370.5,0.7075,4.324999999999999,3.775,4.7250000000000005,1.1287128712871286,3,3,2,True,True,True,True,True,True,True,True,True,True,False
FIRE+AGRI+TRANS+SSA,AACA,1200.5,334.25,1266.4,344.25,0.7075,4.324999999999999,3.775,4.7250000000000005,1.0299177262528048,3,3,3,True,True,True,True,True,True,True,True,True,True,False
FIRE+AGRI+TRANS+SSA,AACB,1184.0,329.5,1205.2,376.25,0.7075,4.324999999999999,3.775,4.7250000000000005,1.1418816388467374,3,3,2,True,True,True,True,True,True,True,True,True,True,False
FIRE+AGRI+TRANS+SSA,AACC,1177.4,324.75,1137.2,378.5,0.7075,4.324999999999999,3.775,4.7250000000000005,1.1655119322555811,3,3,2,True,True,True,True,True,True,True,True,True,True,True
FIRE+AGRI+TRANS+SSA,ABAA,1205.0,337.5,1308.6,350.5,0.7075,4.324999999999999,3.775,4.7250000000000005,1.0385185185185186,3,3,3,True,True,True,True,True,True,True,True,True,True,False
FIRE+AGRI+TRANS+SSA,ABAB,1188.5,332.75,1247.4,382.5,0.7075,4.324999999999999,3.775,4.7250000000000005,1.149511645379414,3,3,2,True,True,True,True,True,True,True,True,True,True,False
FIRE+AGRI+TRANS+SSA,ABAC,1181.9,328.0,1179.4,384.75,0.7075,4.324999999999999,3.775,4.7250000000000005,1.173018292682927,3,3,2,True,True,True,True,True,True,True,True,True,True,False
FIRE+AGRI+TRANS+SSA,ABBA,1192.5,334.0,1269.0,384.25,0.7075,4.324999999999999,3.775,4.7250000000000005,1.1504491017964071,3,3,2,True,True,True,True,True,True,True,True,True,True,False
FIRE+AGRI+TRANS+SSA,ABBB,1176.0,329.25,1207.8000000000002,416.25,0.7075,4.324999999999999,3.775,4.7250000000000005,1.2642369020501139,3,3,1,False,True,True,True,False,True,True,True,True,True,False
FIRE+AGRI+TRANS+SSA,ABBC,1169.4,324.5,1139.8000000000002,418.5,0.7075,4.324999999999999,3.775,4.7250000000000005,1.2896764252696455,3,3,1,False,True,True,True,False,True,True,True,True,True,False
FIRE+AGRI+TRANS+SSA,ABCA,1187.5,330.5,1225.0,392.25,0.7075,4.324999999999999,3.775,4.7250000000000005,1.186838124054463,3,3,2,True,True,True,True,True,True,True,True,True,True,False
FIRE+AGRI+TRANS+SSA,ABCB,1171.0,325.75,1163.8000000000002,424.25,0.7075,4.324999999999999,3.775,4.7250000000000005,1.3023791250959325,3,3,1,False,True,True,True,False,True,True,True,True,True,False
FIRE+AGRI+TRANS+SSA,ABCC,1164.4,321.0,1095.8000000000002,426.5,0.7075,4.324999999999999,3.775,4.7250000000000005,1.3286604361370717,3,3,1,False,True,True,True,False,True,True,True,True,True,False
FIRE+AGRI+TRANS+SSA,ACAA,1199.8,333.75,1262.6,370.0,0.7075,4.324999999999999,3.775,4.7250000000000005,1.1086142322097379,3,3,3,True,True,True,True,True,True,True,True,True,True,False
FIRE+AGRI+TRANS+SSA,ACAB,1183.3,329.0,1201.4,402.0,0.7075,4.324999999999999,3.775,4.7250000000000005,1.221884498480243,3,3,2,True,True,True,True,True,True,True,True,True,True,False
FIRE+AGRI+TRANS+SSA,ACAC,1176.6999999999998,324.25,1133.4,404.25,0.7075,4.324999999999999,3.775,4.7250000000000005,1.2467232074016963,3,3,2,True,True,True,True,True,True,True,True,True,True,True
FIRE+AGRI+TRANS+SSA,ACBA,1187.3,330.25,1223.0,403.75,0.7075,4.324999999999999,3.775,4.7250000000000005,1.222558667676003,3,3,2,True,True,True,True,True,True,True,True,True,True,False
FIRE+AGRI+TRANS+SSA,ACBB,1170.8,325.5,1161.8000000000002,435.75,0.7075,4.324999999999999,3.775,4.7250000000000005,1.3387096774193548,3,3,1,False,True,True,True,False,True,True,True,True,True,False
FIRE+AGRI+TRANS+SSA,ACBC,1164.1999999999998,320.75,1093.8000000000002,438.0,0.7075,4.324999999999999,3.775,4.7250000000000005,1.3655494933749026,3,3,1,False,True,True,True,False,True,True,True,True,True,False
FIRE+AGRI+TRANS+SSA,ACCA,1182.3,326.75,1179.0,411.75,0.7075,4.324999999999999,3.775,4.7250000000000005,1.2601377199693955,3,3,2,True,True,True,True,True,True,True,True,True,True,False
FIRE+AGRI+TRANS+SSA,ACCB,1165.8,322.0,1117.8000000000002,443.75,0.7075,4.324999999999999,3.775,4.7250000000000005,1.3781055900621118,3,3,1,False,True,True,True,False,True,True,True,True,True,False
FIRE+AGRI+TRANS+SSA,ACCC,1159.1999999999998,317.25,1049.8000000000002,446.0,0.7075,4.324999999999999,3.775,4.7250000000000005,1.4058313632781718,3,3,1,False,True,True,True,False,True,True,True,True,True,False
FIRE+AGRI+TRANS+SSA,BAAA,1202.0,337.0,1249.2,303.25,0.7075,4.324999999999999,3.775,4.7250000000000005,0.8998516320474778,3,3,3,True,True,True,True,True,True,True,True,True,True,False
FIRE+AGRI+TRANS+SSA,BAAB,1185.5,332.25,1188.0,335.25,0.7075,4.324999999999999,3.775,4.7250000000000005,1.0090293453724606,3,3,2,True,True,True,True,True,True,True,True,True,True,False
FIRE+AGRI+TRANS+SSA,BAAC,1178.9,327.5,1120.0,337.5,0.7075,4.324999999999999,3.775,4.7250000000000005,1.0305343511450382,3,3,2,True,True,True,True,True,True,True,True,True,True,True
FIRE+AGRI+TRANS+SSA,BABA,1189.5,333.5,1209.6,337.0,0.7075,4.324999999999999,3.775,4.7250000000000005,1.0104947526236883,3,3,2,True,True,True,True,True,True,True,True,True,True,False
FIRE+AGRI+TRANS+SSA,BABB,1173.0,328.75,1148.4,369.0,0.7075,4.324999999999999,3.775,4.7250000000000005,1.1224334600760457,3,3,1,False,True,True,True,False,True,True,True,True,True,False
FIRE+AGRI+TRANS+SSA,BABC,1166.4,324.0,1080.4,371.25,0.7075,4.324999999999999,3.775,4.7250000000000005,1.1458333333333333,3,3,1,False,True,True,True,False,True,True,True,True,True,False
FIRE+AGRI+TRANS+SSA,BACA,1184.5,330.0,1165.6000000000001,345.0,0.7075,4.324999999999999,3.775,4.7250000000000005,1.0454545454545454,3,3,2,True,True,True,True,True,True,True,True,True,True,False
FIRE+AGRI+TRANS+SSA,BACB,1168.0,325.25,1104.4,377.0,0.7075,4.324999999999999,3.775,4.7250000000000005,1.159108378170638,3,3,1,False,True,True,True,False,True,True,True,True,True,False
FIRE+AGRI+TRANS+SSA,BACC,1161.4,320.5,1036.4,379.25,0.7075,4.324999999999999,3.775,4.7250000000000005,1.1833073322932917,3,3,1,False,True,True,True,False,True,True,True,True,True,False
FIRE+AGRI+TRANS+SSA,BBAA,1189.0,333.25,1207.8,351.25,0.7075,4.324999999999999,3.775,4.7250000000000005,1.054013503375844,3,3,2,True,True,True,True,True,True,True,True,True,True,False
FIRE+AGRI+TRANS+SSA,BBAB,1172.5,328.5,1146.6,383.25,0.7075,4.324999999999999,3.775,4.7250000000000005,1.1666666666666667,3,3,1,False,True,True,True,False,True,True,True,True,True,False
FIRE+AGRI+TRANS+SSA,BBAC,1165.9,323.75,1078.6,385.5,0.7075,4.324999999999999,3.775,4.7250000000000005,1.1907335907335908,3,3,1,False,True,True,True,False,True,True,True,True,True,False
FIRE+AGRI+TRANS+SSA,BBBA,1176.5,329.75,1168.1999999999998,385.0,0.7075,4.324999999999999,3.775,4.7250000000000005,1.1675511751326764,3,3,1,False,True,True,True,False,True,True,True,True,True,False
FIRE+AGRI+TRANS+SSA,BBBB,1160.0,325.0,1107.0,417.0,0.7075,4.324999999999999,3.775,4.7250000000000005,1.283076923076923,3,3,0,False,True,True,True,False,True,True,True,True,True,False
FIRE+AGRI+TRANS+SSA,BBBC,1153.4,320.25,1039.0,419.25,0.7075,4.324999999999999,3.775,4.7250000000000005,1.3091334894613582,3,3,0,False,True,True,True,False,True,True,True,True,True,False
FIRE+AGRI+TRANS+SSA,BBCA,1171.5,326.25,1124.2,393.0,0.7075,4.324999999999999,3.775,4.7250000000000005,1.2045977011494253,3,3,1,False,True,True,True,False,True,True,True,True,True,False
FIRE+AGRI+TRANS+SSA,BBCB,1155.0,321.5,1063.0,425.0,0.7075,4.324999999999999,3.775,4.7250000000000005,1.3219284603421462,3,3,0,False,True,True,True,False,True,True,True,True,True,False
FIRE+AGRI+TRANS+SSA,BBCC,1148.4,316.75,994.9999999999999,427.25,0.7075,4.324999999999999,3.775,4.7250000000000005,1.3488555643251776,3,3,0,False,True,True,True,False,True,True,False,True,True,False
FIRE+AGRI+TRANS+SSA,BCAA,1183.8,329.5,1161.8,370.75,0.7075,4.324999999999999,3.775,4.7250000000000005,1.1251896813353566,3,3,2,True,True,True,True,True,True,True,True,True,True,False
FIRE+AGRI+TRANS+SSA,BCAB,1167.3,324.75,1100.6,402.75,0.7075,4.324999999999999,3.775,4.7250000000000005,1.2401847575057736,3,3,1,False,True,True,True,False,True,True,True,True,True,False
FIRE+AGRI+TRANS+SSA,BCAC,1160.6999999999998,320.0,1032.6,405.0,0.7075,4.324999999999999,3.775,4.7250000000000005,1.265625,3,3,1,False,True,True,True,False,True,True,True,True,True,False
FIRE+AGRI+TRANS+SSA,BCBA,1171.3,326.0,1122.1999999999998,404.5,0.7075,4.324999999999999,3.775,4.7250000000000005,1.24079754601227,3,3,1,False,True,True,True,False,True,True,True,True,True,False
FIRE+AGRI+TRANS+SSA,BCBB,1154.8,321.25,1061.0,436.5,0.7075,4.324999999999999,3.775,4.7250000000000005,1.3587548638132296,3,3,0,False,True,True,True,False,True,True,True,True,True,False
FIRE+AGRI+TRANS+SSA,BCBC,1148.1999999999998,316.5,992.9999999999999,438.75,0.7075,4.324999999999999,3.775,4.7250000000000005,1.386255924170616,3,3,0,False,True,True,True,False,True,True,False,True,True,False
FIRE+AGRI+TRANS+SSA,BCCA,1166.3,322.5,1078.2,412.5,0.7075,4.324999999999999,3.775,4.7250000000000005,1.2790697674418605,3,3,1,False,True,True,True,False,True,True,True,True,True,False
FIRE+AGRI+TRANS+SSA,BCCB,1149.8,317.75,1016.9999999999999,444.5,0.7075,4.324999999999999,3.775,4.7250000000000005,1.3988985051140834,3,3,0,False,True,True,True,False,True,True,True,True,True,False
FIRE+AGRI+TRANS+SSA,BCCC,1143.1999999999998,313.0,948.9999999999999,446.75,0.7075,4.324999999999999,3.775,4.7250000000000005,1.4273162939297124,3,3,0,False,True,True,True,False,True,True,False,True,True,False
FIRE+AGRI+TRANS+SSA,CAAA,1195.6,332.75,1137.2,285.75,0.7075,4.324999999999999,3.775,4.7250000000000005,0.8587528174305034,3,3,3,True,True,True,True,True,True,True,True,True,True,False
FIRE+AGRI+TRANS+SSA,CAAB,1179.1,328.0,1076.0,317.75,0.7075,4.324999999999999,3.775,4.7250000000000005,0.96875,3,3,2,True,True,True,True,True,True,True,True,True,True,True
FIRE+AGRI+TRANS+SSA,CAAC,1172.5,323.25,1008.0,320.0,0.7075,4.324999999999999,3.775,4.7250000000000005,0.9899458623356535,3,3,2,True,True,True,True,True,True,True,True,True,True,True
FIRE+AGRI+TRANS+SSA,CABA,1183.1,329.25,1097.6,319.5,0.7075,4.324999999999999,3.775,4.7250000000000005,0.9703872437357631,3,3,2,True,True,True,True,True,True,True,True,True,True,False
FIRE+AGRI+TRANS+SSA,CABB,1166.6,324.5,1036.4,351.5,0.7075,4.324999999999999,3.775,4.7250000000000005,1.0832049306625577,3,3,1,False,True,True,True,False,True,True,True,True,True,False
FIRE+AGRI+TRANS+SSA,CABC,1160.0,319.75,968.4,353.75,0.7075,4.324999999999999,3.775,4.7250000000000005,1.1063330727130571,3,3,1,False,True,True,True,False,True,True,False,True,True,False
FIRE+AGRI+TRANS+SSA,CACA,1178.1,325.75,1053.6000000000001,327.5,0.7075,4.324999999999999,3.775,4.7250000000000005,1.0053722179585571,3,3,2,True,True,True,True,True,True,True,True,True,True,True
FIRE+AGRI+TRANS+SSA,CACB,1161.6,321.0,992.4,359.5,0.7075,4.324999999999999,3.775,4.7250000000000005,1.1199376947040498,3,3,1,False,True,True,True,False,True,True,False,True,True,False
FIRE+AGRI+TRANS+SSA,CACC,1155.0,316.25,924.4,361.75,0.7075,4.324999999999999,3.775,4.7250000000000005,1.1438735177865613,3,3,1,False,True,True,True,False,True,True,False,True,True,False
FIRE+AGRI+TRANS+SSA,CBAA,1182.6,329.0,1095.8,333.75,0.7075,4.324999999999999,3.775,4.7250000000000005,1.0144376899696048,3,3,2,True,True,True,True,True,True,True,True,True,True,False
FIRE+AGRI+TRANS+SSA,CBAB,1166.1,324.25,1034.6,365.75,0.7075,4.324999999999999,3.775,4.7250000000000005,1.12798766383963,3,3,1,False,True,True,True,False,True,True,True,True,True,False
FIRE+AGRI+TRANS+SSA,CBAC,1159.5,319.5,966.5999999999999,368.0,0.7075,4.324999999999999,3.775,4.7250000000000005,1.1517996870109546,3,3,1,False,True,True,True,False,True,True,False,True,True,False
FIRE+AGRI+TRANS+SSA,CBBA,1170.1,325.5,1056.1999999999998,367.5,0.7075,4.324999999999999,3.775,4.7250000000000005,1.1290322580645162,3,3,1,False,True,True,True,False,True,True,True,True,True,False
FIRE+AGRI+TRANS+SSA,CBBB,1153.6,320.75,994.9999999999999,399.5,0.7075,4.324999999999999,3.775,4.7250000000000005,1.24551831644583,3,3,0,False,True,True,True,False,True,True,False,True,True,False
FIRE+AGRI+TRANS+SSA,CBBC,1147.0,316.0,926.9999999999999,401.75,0.7075,4.324999999999999,3.775,4.7250000000000005,1.2713607594936709,3,3,0,False,True,True,True,False,True,True,False,True,True,False
FIRE+AGRI+TRANS+SSA,CBCA,1165.1,322.0,1012.1999999999999,375.5,0.7075,4.324999999999999,3.775,4.7250000000000005,1.1661490683229814,3,3,1,False,True,True,True,False,True,True,True,True,True,False
FIRE+AGRI+TRANS+SSA,CBCB,1148.6,317.25,950.9999999999999,407.5,0.7075,4.324999999999999,3.775,4.7250000000000005,1.2844759653270292,3,3,0,False,True,True,True,False,True,True,False,True,True,False
FIRE+AGRI+TRANS+SSA,CBCC,1142.0,312.5,882.9999999999999,409.75,0.7075,4.324999999999999,3.775,4.7250000000000005,1.3112,3,3,0,False,True,True,True,False,True,True,False,True,True,False
FIRE+AGRI+TRANS+SSA,CCAA,1177.4,325.25,1049.8,353.25,0.7075,4.324999999999999,3.775,4.7250000000000005,1.08608762490392,3,3,2,True,True,True,True,True,True,True,True,True,True,True
FIRE+AGRI+TRANS+SSA,CCAB,1160.9,320.5,988.5999999999999,385.25,0.7075,4.324999999999999,3.775,4.7250000000000005,1.2020280811232449,3,3,1,False,True,True,True,False,True,True,False,True,True,False
FIRE+AGRI+TRANS+SSA,CCAC,1154.3,315.75,920.5999999999999,387.5,0.7075,4.324999999999999,3.775,4.7250000000000005,1.227236737925574,3,3,1,False,True,True,True,False,True,True,False,True,True,False
FIRE+AGRI+TRANS+SSA,CCBA,1164.9,321.75,1010.1999999999999,387.0,0.7075,4.324999999999999,3.775,4.7250000000000005,1.2027972027972027,3,3,1,False,True,True,True,False,True,True,True,True,True,False
FIRE+AGRI+TRANS+SSA,CCBB,1148.4,317.0,948.9999999999999,419.0,0.7075,4.324999999999999,3.775,4.7250000000000005,1.3217665615141956,3,3,0,False,True,True,True,False,True,True,False,True,True,False
FIRE+AGRI+TRANS+SSA,CCBC,1141.8,312.25,880.9999999999999,421.25,0.7075,4.324999999999999,3.775,4.7250000000000005,1.3490792634107285,3,3,0,False,True,True,True,False,True,True,False,True,True,False
FIRE+AGRI+TRANS+SSA,CCCA,1159.9,318.25,966.1999999999999,395.0,0.7075,4.324999999999999,3.775,4.7250000000000005,1.2411626080125688,3,3,1,False,True,True,True,False,True,True,False,True,True,False
FIRE+AGRI+TRANS+SSA,CCCB,1143.4,313.5,904.9999999999999,427.0,0.7075,4.324999999999999,3.775,4.7250000000000005,1.3620414673046253,3,3,0,False,True,True,True,False,True,True,False,True,True,False
FIRE+AGRI+TRANS+SSA,CCCC,1136.8,308.75,836.9999999999999,429.25,0.7075,4.324999999999999,3.775,4.7250000000000005,1.3902834008097167,3,3,0,False,True,True,True,False,True,True,False,True,True,False
FIRE+AGRI+ENV+SSA,AAAA,1249.5,346.5,1490.0,310.0,0.6975,4.2250000000000005,3.725,4.725,0.8946608946608947,3,3,4,True,True,True,True,True,True,True,True,True,True,False
FIRE+AGRI+ENV+SSA,AAAB,1233.0,341.75,1428.8,342.0,0.6975,4.2250000000000005,3.725,4.725,1.0007315288953913,3,3,3,True,True,True,True,True,True,True,True,True,True,False
FIRE+AGRI+ENV+SSA,AAAC,1226.4,337.0,1360.8,344.25,0.6975,4.2250000000000005,3.725,4.725,1.021513353115727,3,3,3,True,True,True,True,True,True,True,True,True,True,False
FIRE+AGRI+ENV+SSA,AABA,1235.5,342.75,1425.2,337.25,0.6975,4.2250000000000005,3.725,4.725,0.9839533187454412,3,3,3,True,True,True,True,True,True,True,True,True,True,False
FIRE+AGRI+ENV+SSA,AABB,1219.0,338.0,1364.0,369.25,0.6975,4.2250000000000005,3.725,4.725,1.092455621301775,3,3,2,True,True,True,True,True,True,True,True,True,True,False
FIRE+AGRI+ENV+SSA,AABC,1212.4,333.25,1296.0,371.5,0.6975,4.2250000000000005,3.725,4.725,1.1147786946736684,3,3,2,True,True,True,True,True,True,True,True,True,True,False
FIRE+AGRI+ENV+SSA,AACA,1229.9,339.0,1353.2,339.25,0.6975,4.2250000000000005,3.725,4.725,1.0007374631268438,3,3,3,True,True,True,True,True,True,True,True,True,True,False
FIRE+AGRI+ENV+SSA,AACB,1213.4,334.25,1292.0,371.25,0.6975,4.2250000000000005,3.725,4.725,1.1106955871353776,3,3,2,True,True,True,True,True,True,True,True,True,True,False
FIRE+AGRI+ENV+SSA,AACC,1206.8,329.5,1224.0,373.5,0.6975,4.2250000000000005,3.725,4.725,1.1335356600910471,3,3,2,True,True,True,True,True,True,True,True,True,True,False
FIRE+AGRI+ENV+SSA,ABAA,1236.5,342.75,1448.6,358.0,0.6975,4.2250000000000005,3.725,4.725,1.0444930707512765,3,3,3,True,True,True,True,True,True,True,True,True,True,False
FIRE+AGRI+ENV+SSA,ABAB,1220.0,338.0,1387.3999999999999,390.0,0.6975,4.2250000000000005,3.725,4.725,1.1538461538461537,3,3,2,True,True,True,True,True,True,True,True,True,True,False
FIRE+AGRI+ENV+SSA,ABAC,1213.4,333.25,1319.3999999999999,392.25,0.6975,4.2250000000000005,3.725,4.725,1.1770442610652663,3,3,2,True,True,True,True,True,True,True,True,True,True,False
FIRE+AGRI+ENV+SSA,ABBA,1222.5,339.0,1383.8,385.25,0.6975,4.2250000000000005,3.725,4.725,1.1364306784660767,3,3,2,True,True,True,True,True,True,True,True,True,True,False
FIRE+AGRI+ENV+SSA,ABBB,1206.0,334.25,1322.6,417.25,0.6975,4.2250000000000005,3.725,4.725,1.2483171278982796,3,3,1,False,True,True,True,False,True,True,True,True,True,False
FIRE+AGRI+ENV+SSA,ABBC,1199.4,329.5,1254.6,419.5,0.6975,4.2250000000000005,3.725,4.725,1.2731411229135052,3,3,1,False,True,True,True,False,True,True,True,True,True,False
FIRE+AGRI+ENV+SSA,ABCA,1216.9,335.25,1311.8,387.25,0.6975,4.2250000000000005,3.725,4.725,1.1551081282624907,3,3,2,True,True,True,True,True,True,True,True,True,True,False
FIRE+AGRI+ENV+SSA,ABCB,1200.4,330.5,1250.6,419.25,0.6975,4.2250000000000005,3.725,4.725,1.2685325264750378,3,3,1,False,True,True,True,False,True,True,True,True,True,False
FIRE+AGRI+ENV+SSA,ABCC,1193.8,325.75,1182.6,421.5,0.6975,4.2250000000000005,3.725,4.725,1.293937068303914,3,3,1,False,True,True,True,False,True,True,True,True,True,False
FIRE+AGRI+ENV+SSA,ACAA,1231.3,339.0,1402.6,377.5,0.6975,4.2250000000000005,3.725,4.725,1.1135693215339233,3,3,3,True,True,True,True,True,True,True,True,True,True,False
FIRE+AGRI+ENV+SSA,ACAB,1214.8,334.25,1341.3999999999999,409.5,0.6975,4.2250000000000005,3.725,4.725,1.225130890052356,3,3,2,True,True,True,True,True,True,True,True,True,True,False
FIRE+AGRI+ENV+SSA,ACAC,1208.1999999999998,329.5,1273.3999999999999,411.75,0.6975,4.2250000000000005,3.725,4.725,1.2496206373292869,3,3,2,True,True,True,True,True,True,True,True,True,True,False
FIRE+AGRI+ENV+SSA,ACBA,1217.3,335.25,1337.8,404.75,0.6975,4.2250000000000005,3.725,4.725,1.2073079791200596,3,3,2,True,True,True,True,True,True,True,True,True,True,False
FIRE+AGRI+ENV+SSA,ACBB,1200.8,330.5,1276.6,436.75,0.6975,4.2250000000000005,3.725,4.725,1.321482602118003,3,3,1,False,True,True,True,False,True,True,True,True,True,False
FIRE+AGRI+ENV+SSA,ACBC,1194.1999999999998,325.75,1208.6,439.0,0.6975,4.2250000000000005,3.725,4.725,1.3476592478894858,3,3,1,False,True,True,True,False,True,True,True,True,True,False
FIRE+AGRI+ENV+SSA,ACCA,1211.6999999999998,331.5,1265.8,406.75,0.6975,4.2250000000000005,3.725,4.725,1.2269984917043741,3,3,2,True,True,True,True,True,True,True,True,True,True,False
FIRE+AGRI+ENV+SSA,ACCB,1195.1999999999998,326.75,1204.6,438.75,0.6975,4.2250000000000005,3.725,4.725,1.342769701606733,3,3,1,False,True,True,True,False,True,True,True,True,True,False
FIRE+AGRI+ENV+SSA,ACCC,1188.6,322.0,1136.6,441.0,0.6975,4.2250000000000005,3.725,4.725,1.3695652173913044,3,3,1,False,True,True,True,False,True,True,True,True,True,False
FIRE+AGRI+ENV+SSA,BAAA,1233.5,342.25,1389.2,310.75,0.6975,4.2250000000000005,3.725,4.725,0.9079620160701242,3,3,3,True,True,True,True,True,True,True,True,True,True,False
FIRE+AGRI+ENV+SSA,BAAB,1217.0,337.5,1328.0,342.75,0.6975,4.2250000000000005,3.725,4.725,1.0155555555555555,3,3,2,True,True,True,True,True,True,True,True,True,True,False
FIRE+AGRI+ENV+SSA,BAAC,1210.4,332.75,1260.0,345.0,0.6975,4.2250000000000005,3.725,4.725,1.0368144252441773,3,3,2,True,True,True,True,True,True,True,True,True,True,False
FIRE+AGRI+ENV+SSA,BABA,1219.5,338.5,1324.4,338.0,0.6975,4.2250000000000005,3.725,4.725,0.9985228951255539,3,3,2,True,True,True,True,True,True,True,True,True,True,False
FIRE+AGRI+ENV+SSA,BABB,1203.0,333.75,1263.2,370.0,0.6975,4.2250000000000005,3.725,4.725,1.1086142322097379,3,3,1,False,True,True,True,False,True,True,True,True,True,False
FIRE+AGRI+ENV+SSA,BABC,1196.4,329.0,1195.2,372.25,0.6975,4.2250000000000005,3.725,4.725,1.1314589665653496,3,3,1,False,True,True,True,False,True,True,True,True,True,False
FIRE+AGRI+ENV+SSA,BACA,1213.9,334.75,1252.4,340.0,0.6975,4.2250000000000005,3.725,4.725,1.015683345780433,3,3,2,True,True,True,True,True,True,True,True,True,True,False
FIRE+AGRI+ENV+SSA,BACB,1197.4,330.0,1191.2,372.0,0.6975,4.2250000000000005,3.725,4.725,1.1272727272727272,3,3,1,False,True,True,True,False,True,True,True,True,True,False
FIRE+AGRI+ENV+SSA,BACC,1190.8,325.25,1123.2,374.25,0.6975,4.2250000000000005,3.725,4.725,1.15065334358186,3,3,1,False,True,True,True,False,True,True,True,True,True,False
FIRE+AGRI+ENV+SSA,BBAA,1220.5,338.5,1347.8,358.75,0.6975,4.2250000000000005,3.725,4.725,1.0598227474150665,3,3,2,True,True,True,True,True,True,True,True,True,True,False
FIRE+AGRI+ENV+SSA,BBAB,1204.0,333.75,1286.6,390.75,0.6975,4.2250000000000005,3.725,4.725,1.1707865168539326,3,3,1,False,True,True,True,False,True,True,True,True,True,False
FIRE+AGRI+ENV+SSA,BBAC,1197.4,329.0,1218.6,393.0,0.6975,4.2250000000000005,3.725,4.725,1.1945288753799392,3,3,1,False,True,True,True,False,True,True,True,True,True,False
FIRE+AGRI+ENV+SSA,BBBA,1206.5,334.75,1283.0,386.0,0.6975,4.2250000000000005,3.725,4.725,1.1530993278566095,3,3,1,False,True,True,True,False,True,True,True,True,True,False
FIRE+AGRI+ENV+SSA,BBBB,1190.0,330.0,1221.8,418.0,0.6975,4.2250000000000005,3.725,4.725,1.2666666666666666,3,3,0,False,True,True,True,False,True,True,True,True,True,False
FIRE+AGRI+ENV+SSA,BBBC,1183.4,325.25,1153.8,420.25,0.6975,4.2250000000000005,3.725,4.725,1.2920830130668717,3,3,0,False,True,True,True,False,True,True,True,True,True,False
FIRE+AGRI+ENV+SSA,BBCA,1200.9,331.0,1211.0,388.0,0.6975,4.2250000000000005,3.725,4.725,1.1722054380664653,3,3,1,False,True,True,True,False,True,True,True,True,True,False
FIRE+AGRI+ENV+SSA,BBCB,1184.4,326.25,1149.8,420.0,0.6975,4.2250000000000005,3.725,4.725,1.2873563218390804,3,3,0,False,True,True,True,False,True,True,True,True,True,False
FIRE+AGRI+ENV+SSA,BBCC,1177.8,321.5,1081.8,422.25,0.6975,4.2250000000000005,3.725,4.725,1.3133748055987557,3,3,0,False,True,True,True,False,True,True,True,True,True,False
FIRE+AGRI+ENV+SSA,BCAA,1215.3,334.75,1301.8,378.25,0.6975,4.2250000000000005,3.725,4.725,1.129947722180732,3,3,2,True,True,True,True,True,True,True,True,True,True,False
FIRE+AGRI+ENV+SSA,BCAB,1198.8,330.0,1240.6,410.25,0.6975,4.2250000000000005,3.725,4.725,1.2431818181818182,3,3,1,False,True,True,True,False,True,True,True,True,True,False
FIRE+AGRI+ENV+SSA,BCAC,1192.1999999999998,325.25,1172.6,412.5,0.6975,4.2250000000000005,3.725,4.725,1.2682551883166795,3,3,1,False,True,True,True,False,True,True,True,True,True,False
FIRE+AGRI+ENV+SSA,BCBA,1201.3,331.0,1237.0,405.5,0.6975,4.2250000000000005,3.725,4.725,1.2250755287009063,3,3,1,False,True,True,True,False,True,True,True,True,True,False
FIRE+AGRI+ENV+SSA,BCBB,1184.8,326.25,1175.8,437.5,0.6975,4.2250000000000005,3.725,4.725,1.3409961685823755,3,3,0,False,True,True,True,False,True,True,True,True,True,False
FIRE+AGRI+ENV+SSA,BCBC,1178.1999999999998,321.5,1107.8,439.75,0.6975,4.2250000000000005,3.725,4.725,1.3678071539657854,3,3,0,False,True,True,True,False,True,True,True,True,True,False
FIRE+AGRI+ENV+SSA,BCCA,1195.6999999999998,327.25,1165.0,407.5,0.6975,4.2250000000000005,3.725,4.725,1.2452253628724217,3,3,1,False,True,True,True,False,True,True,True,True,True,False
FIRE+AGRI+ENV+SSA,BCCB,1179.1999999999998,322.5,1103.8,439.5,0.6975,4.2250000000000005,3.725,4.725,1.3627906976744186,3,3,0,False,True,True,True,False,True,True,True,True,True,False
FIRE+AGRI+ENV+SSA,BCCC,1172.6,317.75,1035.8,441.75,0.6975,4.2250000000000005,3.725,4.725,1.3902439024390243,3,3,0,False,True,True,True,False,True,True,True,True,True,False
FIRE+AGRI+ENV+SSA,CAAA,1227.1,338.0,1277.2,293.25,0.6975,4.2250000000000005,3.725,4.725,0.867603550295858,3,3,3,True,True,True,True,True,True,True,True,True,True,False
FIRE+AGRI+ENV+SSA,CAAB,1210.6,333.25,1216.0,325.25,0.6975,4.2250000000000005,3.725,4.725,0.9759939984996249,3,3,2,True,True,True,True,True,True,True,True,True,True,False
FIRE+AGRI+ENV+SSA,CAAC,1204.0,328.5,1148.0,327.5,0.6975,4.2250000000000005,3.725,4.725,0.9969558599695586,3,3,2,True,True,True,True,True,True,True,True,True,True,False
FIRE+AGRI+ENV+SSA,CABA,1213.1,334.25,1212.4,320.5,0.6975,4.2250000000000005,3.725,4.725,0.9588631264023935,3,3,2,True,True,True,True,True,True,True,True,True,True,False
FIRE+AGRI+ENV+SSA,CABB,1196.6,329.5,1151.2,352.5,0.6975,4.2250000000000005,3.725,4.725,1.069802731411229,3,3,1,False,True,True,True,False,True,True,True,True,True,False
FIRE+AGRI+ENV+SSA,CABC,1190.0,324.75,1083.2,354.75,0.6975,4.2250000000000005,3.725,4.725,1.092378752886836,3,3,1,False,True,True,True,False,True,True,True,True,True,False
FIRE+AGRI+ENV+SSA,CACA,1207.5,330.5,1140.4,322.5,0.6975,4.2250000000000005,3.725,4.725,0.9757942511346445,3,3,2,True,True,True,True,True,True,True,True,True,True,False
FIRE+AGRI+ENV+SSA,CACB,1191.0,325.75,1079.2,354.5,0.6975,4.2250000000000005,3.725,4.725,1.0882578664620108,3,3,1,False,True,True,True,False,True,True,True,True,True,False
FIRE+AGRI+ENV+SSA,CACC,1184.4,321.0,1011.2,356.75,0.6975,4.2250000000000005,3.725,4.725,1.1113707165109035,3,3,1,False,True,True,True,False,True,True,True,True,True,False
FIRE+AGRI+ENV+SSA,CBAA,1214.1,334.25,1235.8,341.25,0.6975,4.2250000000000005,3.725,4.725,1.0209424083769634,3,3,2,True,True,True,True,True,True,True,True,True,True,False
FIRE+AGRI+ENV+SSA,CBAB,1197.6,329.5,1174.6,373.25,0.6975,4.2250000000000005,3.725,4.725,1.1327769347496206,3,3,1,False,True,True,True,False,True,True,True,True,True,False
FIRE+AGRI+ENV+SSA,CBAC,1191.0,324.75,1106.6,375.5,0.6975,4.2250000000000005,3.725,4.725,1.1562740569668977,3,3,1,False,True,True,True,False,True,True,True,True,True,False
FIRE+AGRI+ENV+SSA,CBBA,1200.1,330.5,1171.0,368.5,0.6975,4.2250000000000005,3.725,4.725,1.1149773071104387,3,3,1,False,True,True,True,False,True,True,True,True,True,False
FIRE+AGRI+ENV+SSA,CBBB,1183.6,325.75,1109.8,400.5,0.6975,4.2250000000000005,3.725,4.725,1.229470452801228,3,3,0,False,True,True,True,False,True,True,True,True,True,False
FIRE+AGRI+ENV+SSA,CBBC,1177.0,321.0,1041.8,402.75,0.6975,4.2250000000000005,3.725,4.725,1.2546728971962617,3,3,0,False,True,True,True,False,True,True,True,True,True,False
FIRE+AGRI+ENV+SSA,CBCA,1194.5,326.75,1099.0,370.5,0.6975,4.2250000000000005,3.725,4.725,1.13389441469013,3,3,1,False,True,True,True,False,True,True,True,True,True,False
FIRE+AGRI+ENV+SSA,CBCB,1178.0,322.0,1037.8,402.5,0.6975,4.2250000000000005,3.725,4.725,1.25,3,3,0,False,True,True,True,False,True,True,True,True,True,False
FIRE+AGRI+ENV+SSA,CBCC,1171.4,317.25,969.8,404.75,0.6975,4.2250000000000005,3.725,4.725,1.2758077226162332,3,3,0,False,True,True,True,False,True,True,False,True,True,False
FIRE+AGRI+ENV+SSA,CCAA,1208.9,330.5,1189.8,360.75,0.6975,4.2250000000000005,3.725,4.725,1.0915279878971256,3,3,2,True,True,True,True,True,True,True,True,True,True,False
FIRE+AGRI+ENV+SSA,CCAB,1192.4,325.75,1128.6,392.75,0.6975,4.2250000000000005,3.725,4.725,1.2056792018419034,3,3,1,False,True,True,True,False,True,True,True,True,True,False
FIRE+AGRI+ENV+SSA,CCAC,1185.8,321.0,1060.6,395.0,0.6975,4.2250000000000005,3.725,4.725,1.2305295950155763,3,3,1,False,True,True,True,False,True,True,True,True,True,False
FIRE+AGRI+ENV+SSA,CCBA,1194.9,326.75,1125.0,388.0,0.6975,4.2250000000000005,3.725,4.725,1.1874521805661822,3,3,1,False,True,True,True,False,True,True,True,True,True,False
FIRE+AGRI+ENV+SSA,CCBB,1178.4,322.0,1063.8,420.0,0.6975,4.2250000000000005,3.725,4.725,1.3043478260869565,3,3,0,False,True,True,True,False,True,True,True,True,True,False
FIRE+AGRI+ENV+SSA,CCBC,1171.8,317.25,995.8,422.25,0.6975,4.2250000000000005,3.725,4.725,1.33096926713948,3,3,0,False,True,True,True,False,True,True,False,True,True,False
FIRE+AGRI+ENV+SSA,CCCA,1189.3,323.0,1053.0,390.0,0.6975,4.2250000000000005,3.725,4.725,1.2074303405572755,3,3,1,False,True,True,True,False,True,True,True,True,True,False
FIRE+AGRI+ENV+SSA,CCCB,1172.8,318.25,991.8,422.0,0.6975,4.2250000000000005,3.725,4.725,1.3260015710919089,3,3,0,False,True,True,True,False,True,True,False,True,True,False
FIRE+AGRI+ENV+SSA,CCCC,1166.1999999999998,313.5,923.8,424.25,0.6975,4.2250000000000005,3.725,4.725,1.3532695374800638,3,3,0,False,True,True,True,False,True,True,False,True,True,False
FIRE+INFRA+ARCTIC+TRANS,AAAA,1407.0,393.75,1550.0,352.5,0.6775,4.1,3.6750000000000003,4.35,0.8952380952380953,4,3,4,False,True,True,True,True,False,False,True,True,True,False
FIRE+INFRA+ARCTIC+TRANS,AAAB,1394.5,390.25,1510.4,386.25,0.6775,4.1,3.6750000000000003,4.35,0.9897501601537476,4,3,3,False,True,True,True,True,False,False,True,True,True,False
FIRE+INFRA+ARCTIC+TRANS,AAAC,1389.5,386.75,1466.4,394.25,0.6775,4.1,3.6750000000000003,4.35,1.0193923723335487,4,3,3,False,True,True,True,True,False,False,True,True,True,False
FIRE+INFRA+ARCTIC+TRANS,AABA,1384.0,386.75,1465.4,396.25,0.6775,4.1,3.6750000000000003,4.35,1.024563671622495,4,3,3,False,True,True,True,True,False,False,True,True,True,False
FIRE+INFRA+ARCTIC+TRANS,AABB,1371.5,383.25,1425.8000000000002,430.0,0.6775,4.1,3.6750000000000003,4.35,1.121983039791259,4,3,2,False,True,True,True,True,False,False,True,True,True,False
FIRE+INFRA+ARCTIC+TRANS,AABC,1366.5,379.75,1381.8000000000002,438.0,0.6775,4.1,3.6750000000000003,4.35,1.1533903884134298,4,3,2,False,True,True,True,True,False,False,True,True,True,False
FIRE+INFRA+ARCTIC+TRANS,AACA,1374.8,379.75,1371.4,400.25,0.6775,4.1,3.6750000000000003,4.35,1.053982883475971,4,3,3,False,True,True,True,True,False,False,True,True,True,False
FIRE+INFRA+ARCTIC+TRANS,AACB,1362.3,376.25,1331.8000000000002,434.0,0.6775,4.1,3.6750000000000003,4.35,1.1534883720930234,4,3,2,False,True,True,True,True,False,False,True,True,True,False
FIRE+INFRA+ARCTIC+TRANS,AACC,1357.3,372.75,1287.8000000000002,442.0,0.6775,4.1,3.6750000000000003,4.35,1.1857813547954392,4,3,2,False,True,True,True,True,False,False,True,True,True,False
FIRE+INFRA+ARCTIC+TRANS,ABAA,1391.5,389.75,1496.0,388.75,0.6775,4.1,3.6750000000000003,4.35,0.9974342527261065,4,3,3,False,True,True,True,True,False,False,True,True,True,False
FIRE+INFRA+ARCTIC+TRANS,ABAB,1379.0,386.25,1456.4,422.5,0.6775,4.1,3.6750000000000003,4.35,1.0938511326860842,4,3,2,False,True,True,True,True,False,False,True,True,True,False
FIRE+INFRA+ARCTIC+TRANS,ABAC,1374.0,382.75,1412.4,430.5,0.6775,4.1,3.6750000000000003,4.35,1.124755062050947,4,3,2,False,True,True,True,True,False,False,True,True,True,False
FIRE+INFRA+ARCTIC+TRANS,ABBA,1368.5,382.75,1411.3999999999999,432.5,0.6775,4.1,3.6750000000000003,4.35,1.1299804049640758,4,3,2,False,True,True,True,True,False,False,True,True,True,False
FIRE+INFRA+ARCTIC+TRANS,ABBB,1356.0,379.25,1371.7999999999997,466.25,0.6775,4.1,3.6750000000000003,4.35,1.2294001318391563,4,3,1,False,True,True,True,False,False,False,True,True,True,False
FIRE+INFRA+ARCTIC+TRANS,ABBC,1351.0,375.75,1327.8,474.25,0.6775,4.1,3.6750000000000003,4.35,1.262142381902861,4,3,1,False,True,True,True,False,False,False,True,True,True,False
FIRE+INFRA+ARCTIC+TRANS,ABCA,1359.3,375.75,1317.3999999999999,436.5,0.6775,4.1,3.6750000000000003,4.35,1.1616766467065869,4,3,2,False,True,True,True,True,False,False,True,True,True,False
FIRE+INFRA+ARCTIC+TRANS,ABCB,1346.8,372.25,1277.7999999999997,470.25,0.6775,4.1,3.6750000000000003,4.35,1.2632639355271995,4,3,1,False,True,True,True,False,False,False,True,True,True,False
FIRE+INFRA+ARCTIC+TRANS,ABCC,1341.8,368.75,1233.8,478.25,0.6775,4.1,3.6750000000000003,4.35,1.2969491525423729,4,3,1,False,True,True,True,False,False,False,True,True,True,False
FIRE+INFRA+ARCTIC+TRANS,ACAA,1385.3,385.75,1436.0,395.75,0.6775,4.1,3.6750000000000003,4.35,1.0259235255994816,4,3,3,False,True,True,True,True,False,False,True,True,True,False
FIRE+INFRA+ARCTIC+TRANS,ACAB,1372.8,382.25,1396.4,429.5,0.6775,4.1,3.6750000000000003,4.35,1.1236102027468935,4,3,2,False,True,True,True,True,False,False,True,True,True,False
FIRE+INFRA+ARCTIC+TRANS,ACAC,1367.8,378.75,1352.4,437.5,0.6775,4.1,3.6750000000000003,4.35,1.155115511551155,4,3,2,False,True,True,True,True,False,False,True,True,True,False
FIRE+INFRA+ARCTIC+TRANS,ACBA,1362.3,378.75,1351.4,439.5,0.6775,4.1,3.6750000000000003,4.35,1.1603960396039603,4,3,2,False,True,True,True,True,False,False,True,True,True,False
FIRE+INFRA+ARCTIC+TRANS,ACBB,1349.8,375.25,1311.8000000000002,473.25,0.6775,4.1,3.6750000000000003,4.35,1.2611592271818788,4,3,1,False,True,True,True,False,False,False,True,True,True,False
FIRE+INFRA+ARCTIC+TRANS,ACBC,1344.8,371.75,1267.8000000000002,481.25,0.6775,4.1,3.6750000000000003,4.35,1.2945527908540686,4,3,1,False,True,True,True,False,False,False,True,True,True,False
FIRE+INFRA+ARCTIC+TRANS,ACCA,1353.1,371.75,1257.4,443.5,0.6775,4.1,3.6750000000000003,4.35,1.1930060524546067,4,3,2,False,True,True,True,True,False,False,True,True,True,False
FIRE+INFRA+ARCTIC+TRANS,ACCB,1340.6,368.25,1217.8000000000002,477.25,0.6775,4.1,3.6750000000000003,4.35,1.2959945689069925,4,3,1,False,True,True,True,False,False,False,True,True,True,False
FIRE+INFRA+ARCTIC+TRANS,ACCC,1335.6,364.75,1173.8000000000002,485.25,0.6775,4.1,3.6750000000000003,4.35,1.3303632625085675,4,3,1,False,True,True,True,False,False,False,True,True,True,False
FIRE+INFRA+ARCTIC+TRANS,BAAA,1391.0,389.5,1449.2,353.25,0.6775,4.1,3.6750000000000003,4.35,0.9069319640564827,4,3,3,False,True,True,True,True,False,False,True,True,True,False
FIRE+INFRA+ARCTIC+TRANS,BAAB,1378.5,386.0,1409.6,387.0,0.6775,4.1,3.6750000000000003,4.35,1.0025906735751295,4,3,2,False,True,True,True,True,False,False,True,True,True,False
FIRE+INFRA+ARCTIC+TRANS,BAAC,1373.5,382.5,1365.6000000000001,395.0,0.6775,4.1,3.6750000000000003,4.35,1.0326797385620916,4,3,2,False,True,True,True,True,False,False,True,True,True,False
FIRE+INFRA+ARCTIC+TRANS,BABA,1368.0,382.5,1364.6,397.0,0.6775,4.1,3.6750000000000003,4.35,1.0379084967320262,4,3,2,False,True,True,True,True,False,False,True,True,True,False
FIRE+INFRA+ARCTIC+TRANS,BABB,1355.5,379.0,1325.0,430.75,0.6775,4.1,3.6750000000000003,4.35,1.1365435356200528,4,3,1,False,True,True,True,False,False,False,True,True,True,False
FIRE+INFRA+ARCTIC+TRANS,BABC,1350.5,375.5,1281.0,438.75,0.6775,4.1,3.6750000000000003,4.35,1.1684420772303594,4,3,1,False,True,True,True,False,False,False,True,True,True,False
FIRE+INFRA+ARCTIC+TRANS,BACA,1358.8,375.5,1270.6,401.0,0.6775,4.1,3.6750000000000003,4.35,1.0679094540612517,4,3,2,False,True,True,True,True,False,False,True,True,True,False
FIRE+INFRA+ARCTIC+TRANS,BACB,1346.3,372.0,1231.0,434.75,0.6775,4.1,3.6750000000000003,4.35,1.1686827956989247,4,3,1,False,True,True,True,False,False,False,True,True,True,False
FIRE+INFRA+ARCTIC+TRANS,BACC,1341.3,368.5,1187.0,442.75,0.6775,4.1,3.6750000000000003,4.35,1.2014925373134329,4,3,1,False,True,True,True,False,False,False,True,True,True,False
FIRE+INFRA+ARCTIC+TRANS,BBAA,1375.5,385.5,1395.2,389.5,0.6775,4.1,3.6750000000000003,4.35,1.0103761348897535,4,3,2,False,True,True,True,True,False,False,True,True,True,False
FIRE+INFRA+ARCTIC+TRANS,BBAB,1363.0,382.0,1355.6,423.25,0.6775,4.1,3.6750000000000003,4.35,1.1079842931937174,4,3,1,False,True,True,True,False,False,False,True,True,True,False
FIRE+INFRA+ARCTIC+TRANS,BBAC,1358.0,378.5,1311.6000000000001,431.25,0.6775,4.1,3.6750000000000003,4.35,1.1393659180977542,4,3,1,False,True,True,True,False,False,False,True,True,True,False
FIRE+INFRA+ARCTIC+TRANS,BBBA,1352.5,378.5,1310.6,433.25,0.6775,4.1,3.6750000000000003,4.35,1.1446499339498017,4,3,1,False,True,True,True,False,False,False,True,True,True,False
FIRE+INFRA+ARCTIC+TRANS,BBBB,1340.0,375.0,1271.0,467.0,0.6775,4.1,3.6750000000000003,4.35,1.2453333333333334,4,3,0,False,True,True,True,False,False,False,True,True,True,False
FIRE+INFRA+ARCTIC+TRANS,BBBC,1335.0,371.5,1227.0,475.0,0.6775,4.1,3.6750000000000003,4.35,1.278600269179004,4,3,0,False,True,True,True,False,False,False,True,True,True,False
FIRE+INFRA+ARCTIC+TRANS,BBCA,1343.3,371.5,1216.6,437.25,0.6775,4.1,3.6750000000000003,4.35,1.1769851951547778,4,3,1,False,True,True,True,False,False,False,True,True,True,False
FIRE+INFRA+ARCTIC+TRANS,BBCB,1330.8,368.0,1177.0,471.0,0.6775,4.1,3.6750000000000003,4.35,1.2798913043478262,4,3,0,False,True,True,True,False,False,False,True,True,True,False
FIRE+INFRA+ARCTIC+TRANS,BBCC,1325.8,364.5,1133.0,479.0,0.6775,4.1,3.6750000000000003,4.35,1.3141289437585735,4,3,0,False,True,True,True,False,False,False,True,True,True,False
FIRE+INFRA+ARCTIC+TRANS,BCAA,1369.3,381.5,1335.2,396.5,0.6775,4.1,3.6750000000000003,4.35,1.0393184796854522,4,3,2,False,True,True,True,True,False,False,True,True,True,False
FIRE+INFRA+ARCTIC+TRANS,BCAB,1356.8,378.0,1295.6,430.25,0.6775,4.1,3.6750000000000003,4.35,1.1382275132275133,4,3,1,False,True,True,True,False,False,False,True,True,True,False
FIRE+INFRA+ARCTIC+TRANS,BCAC,1351.8,374.5,1251.6000000000001,438.25,0.6775,4.1,3.6750000000000003,4.35,1.17022696929239,4,3,1,False,True,True,True,False,False,False,True,True,True,False
FIRE+INFRA+ARCTIC+TRANS,BCBA,1346.3,374.5,1250.6,440.25,0.6775,4.1,3.6750000000000003,4.35,1.1755674232309747,4,3,1,False,True,True,True,False,False,False,True,True,True,False
FIRE+INFRA+ARCTIC+TRANS,BCBB,1333.8,371.0,1211.0,474.0,0.6775,4.1,3.6750000000000003,4.35,1.2776280323450135,4,3,0,False,True,True,True,False,False,False,True,True,True,False
FIRE+INFRA+ARCTIC+TRANS,BCBC,1328.8,367.5,1167.0,482.0,0.6775,4.1,3.6750000000000003,4.35,1.3115646258503402,4,3,0,False,True,True,True,False,False,False,True,True,True,False
FIRE+INFRA+ARCTIC+TRANS,BCCA,1337.1,367.5,1156.6,444.25,0.6775,4.1,3.6750000000000003,4.35,1.208843537414966,4,3,1,False,True,True,True,False,False,False,True,True,True,False
FIRE+INFRA+ARCTIC+TRANS,BCCB,1324.6,364.0,1117.0,478.0,0.6775,4.1,3.6750000000000003,4.35,1.3131868131868132,4,3,0,False,True,True,True,False,False,False,True,True,True,False
FIRE+INFRA+ARCTIC+TRANS,BCCC,1319.6,360.5,1073.0,486.0,0.6775,4.1,3.6750000000000003,4.35,1.348127600554785,4,3,0,False,True,True,True,False,False,False,True,True,True,False
FIRE+INFRA+ARCTIC+TRANS,CAAA,1384.6,385.25,1337.2,335.75,0.6775,4.1,3.6750000000000003,4.35,0.8715120051914341,4,3,3,False,True,True,True,True,False,False,True,True,True,False
FIRE+INFRA+ARCTIC+TRANS,CAAB,1372.1,381.75,1297.6,369.5,0.6775,4.1,3.6750000000000003,4.35,0.9679109364767517,4,3,2,False,True,True,True,True,False,False,True,True,True,False
FIRE+INFRA+ARCTIC+TRANS,CAAC,1367.1,378.25,1253.6000000000001,377.5,0.6775,4.1,3.6750000000000003,4.35,0.9980171844018506,4,3,2,False,True,True,True,True,False,False,True,True,True,False
FIRE+INFRA+ARCTIC+TRANS,CABA,1361.6,378.25,1252.6,379.5,0.6775,4.1,3.6750000000000003,4.35,1.0033046926635822,4,3,2,False,True,True,True,True,False,False,True,True,True,False
FIRE+INFRA+ARCTIC+TRANS,CABB,1349.1,374.75,1213.0,413.25,0.6775,4.1,3.6750000000000003,4.35,1.1027351567711807,4,3,1,False,True,True,True,False,False,False,True,True,True,False
FIRE+INFRA+ARCTIC+TRANS,CABC,1344.1,371.25,1169.0,421.25,0.6775,4.1,3.6750000000000003,4.35,1.1346801346801347,4,3,1,False,True,True,True,False,False,False,True,True,True,False
FIRE+INFRA+ARCTIC+TRANS,CACA,1352.4,371.25,1158.6,383.5,0.6775,4.1,3.6750000000000003,4.35,1.032996632996633,4,3,2,False,True,True,True,True,False,False,True,True,True,False
FIRE+INFRA+ARCTIC+TRANS,CACB,1339.9,367.75,1119.0,417.25,0.6775,4.1,3.6750000000000003,4.35,1.1346023113528212,4,3,1,False,True,True,True,False,False,False,True,True,True,False
FIRE+INFRA+ARCTIC+TRANS,CACC,1334.9,364.25,1075.0,425.25,0.6775,4.1,3.6750000000000003,4.35,1.1674673987645847,4,3,1,False,True,True,True,False,False,False,True,True,True,False
FIRE+INFRA+ARCTIC+TRANS,CBAA,1369.1,381.25,1283.2,372.0,0.6775,4.1,3.6750000000000003,4.35,0.9757377049180328,4,3,2,False,True,True,True,True,False,False,True,True,True,False
FIRE+INFRA+ARCTIC+TRANS,CBAB,1356.6,377.75,1243.6,405.75,0.6775,4.1,3.6750000000000003,4.35,1.0741230972865652,4,3,1,False,True,True,True,False,False,False,True,True,True,False
FIRE+INFRA+ARCTIC+TRANS,CBAC,1351.6,374.25,1199.6000000000001,413.75,0.6775,4.1,3.6750000000000003,4.35,1.1055444221776887,4,3,1,False,True,True,True,False,False,False,True,True,True,False
FIRE+INFRA+ARCTIC+TRANS,CBBA,1346.1,374.25,1198.6,415.75,0.6775,4.1,3.6750000000000003,4.35,1.1108884435537743,4,3,1,False,True,True,True,False,False,False,True,True,True,False
FIRE+INFRA+ARCTIC+TRANS,CBBB,1333.6,370.75,1159.0,449.5,0.6775,4.1,3.6750000000000003,4.35,1.2124072825354013,4,3,0,False,True,True,True,False,False,False,True,True,True,False
FIRE+INFRA+ARCTIC+TRANS,CBBC,1328.6,367.25,1115.0,457.5,0.6775,4.1,3.6750000000000003,4.35,1.2457454050374404,4,3,0,False,True,True,True,False,False,False,True,True,True,False
FIRE+INFRA+ARCTIC+TRANS,CBCA,1336.9,367.25,1104.6,419.75,0.6775,4.1,3.6750000000000003,4.35,1.1429543907420014,4,3,1,False,True,True,True,False,False,False,True,True,True,False
FIRE+INFRA+ARCTIC+TRANS,CBCB,1324.4,363.75,1065.0,453.5,0.6775,4.1,3.6750000000000003,4.35,1.2467353951890034,4,3,0,False,True,True,True,False,False,False,True,True,True,False
FIRE+INFRA+ARCTIC+TRANS,CBCC,1319.4,360.25,1020.9999999999999,461.5,0.6775,4.1,3.6750000000000003,4.35,1.2810548230395558,4,3,0,False,True,True,True,False,False,False,True,True,True,False
FIRE+INFRA+ARCTIC+TRANS,CCAA,1362.9,377.25,1223.2,379.0,0.6775,4.1,3.6750000000000003,4.35,1.0046388336646785,4,3,2,False,True,True,True,True,False,False,True,True,True,False
FIRE+INFRA+ARCTIC+TRANS,CCAB,1350.4,373.75,1183.6,412.75,0.6775,4.1,3.6750000000000003,4.35,1.1043478260869566,4,3,1,False,True,True,True,False,False,False,True,True,True,False
FIRE+INFRA+ARCTIC+TRANS,CCAC,1345.4,370.25,1139.6000000000001,420.75,0.6775,4.1,3.6750000000000003,4.35,1.1363943281566509,4,3,1,False,True,True,True,False,False,False,True,True,True,False
FIRE+INFRA+ARCTIC+TRANS,CCBA,1339.9,370.25,1138.6,422.75,0.6775,4.1,3.6750000000000003,4.35,1.1417960837272114,4,3,1,False,True,True,True,False,False,False,True,True,True,False
FIRE+INFRA+ARCTIC+TRANS,CCBB,1327.4,366.75,1099.0,456.5,0.6775,4.1,3.6750000000000003,4.35,1.2447171097477845,4,3,0,False,True,True,True,False,False,False,True,True,True,False
FIRE+INFRA+ARCTIC+TRANS,CCBC,1322.4,363.25,1055.0,464.5,0.6775,4.1,3.6750000000000003,4.35,1.2787336545079147,4,3,0,False,True,True,True,False,False,False,True,True,True,False
FIRE+INFRA+ARCTIC+TRANS,CCCA,1330.7,363.25,1044.6,426.75,0.6775,4.1,3.6750000000000003,4.35,1.174810736407433,4,3,1,False,True,True,True,False,False,False,True,True,True,False
FIRE+INFRA+ARCTIC+TRANS,CCCB,1318.2,359.75,1004.9999999999999,460.5,0.6775,4.1,3.6750000000000003,4.35,1.2800555941626128,4,3,0,False,True,True,True,False,False,True,True,True,True,False
FIRE+INFRA+ARCTIC+TRANS,CCCC,1313.2,356.25,960.9999999999999,468.5,0.6775,4.1,3.6750000000000003,4.35,1.3150877192982455,4,3,0,False,True,True,True,False,False,True,False,True,True,False
FIRE+INFRA+ARCTIC+ENV,AAAA,1438.5,399.0,1690.0,360.0,0.6675,4.0,3.625,4.35,0.9022556390977443,4,3,4,False,True,True,True,True,False,False,True,True,True,False
FIRE+INFRA+ARCTIC+ENV,AAAB,1424.5,395.25,1625.2,387.25,0.6675,4.0,3.625,4.35,0.9797596457938014,4,3,3,False,True,True,True,True,False,False,True,True,True,False
FIRE+INFRA+ARCTIC+ENV,AAAC,1418.9,391.5,1553.2,389.25,0.6675,4.0,3.625,4.35,0.9942528735632183,4,3,3,False,True,True,True,True,False,False,True,True,True,False
FIRE+INFRA+ARCTIC+ENV,AABA,1415.5,392.0,1605.4,403.75,0.6675,4.0,3.625,4.35,1.0299744897959184,4,3,3,False,True,True,True,True,False,False,True,True,True,False
FIRE+INFRA+ARCTIC+ENV,AABB,1401.5,388.25,1540.6,431.0,0.6675,4.0,3.625,4.35,1.1101094655505472,4,3,2,False,True,True,True,True,False,False,True,True,True,False
FIRE+INFRA+ARCTIC+ENV,AABC,1395.9,384.5,1468.6,433.0,0.6675,4.0,3.625,4.35,1.1261378413524057,4,3,2,False,True,True,True,True,False,False,True,True,True,False
FIRE+INFRA+ARCTIC+ENV,AACA,1406.3,385.0,1511.4,407.75,0.6675,4.0,3.625,4.35,1.059090909090909,4,3,3,False,True,True,True,True,False,False,True,True,True,False
FIRE+INFRA+ARCTIC+ENV,AACB,1392.3,381.25,1446.6,435.0,0.6675,4.0,3.625,4.35,1.140983606557377,4,3,2,False,True,True,True,True,False,False,True,True,True,False
FIRE+INFRA+ARCTIC+ENV,AACC,1386.7,377.5,1374.6,437.0,0.6675,4.0,3.625,4.35,1.1576158940397352,4,3,2,False,True,True,True,True,False,False,True,True,True,False
FIRE+INFRA+ARCTIC+ENV,ABAA,1423.0,395.0,1636.0,396.25,0.6675,4.0,3.625,4.35,1.0031645569620253,4,3,3,False,True,True,True,True,False,False,True,True,True,False
FIRE+INFRA+ARCTIC+ENV,ABAB,1409.0,391.25,1571.2,423.5,0.6675,4.0,3.625,4.35,1.0824281150159745,4,3,2,False,True,True,True,True,False,False,True,True,True,False
FIRE+INFRA+ARCTIC+ENV,ABAC,1403.4,387.5,1499.2,425.5,0.6675,4.0,3.625,4.35,1.0980645161290323,4,3,2,False,True,True,True,True,False,False,True,True,True,False
FIRE+INFRA+ARCTIC+ENV,ABBA,1400.0,388.0,1551.4,440.0,0.6675,4.0,3.625,4.35,1.134020618556701,4,3,2,False,True,True,True,True,False,False,True,True,True,False
FIRE+INFRA+ARCTIC+ENV,ABBB,1386.0,384.25,1486.6,467.25,0.6675,4.0,3.625,4.35,1.2160052049446974,4,3,1,False,True,True,True,False,False,False,True,True,True,False
FIRE+INFRA+ARCTIC+ENV,ABBC,1380.4,380.5,1414.6,469.25,0.6675,4.0,3.625,4.35,1.233245729303548,4,3,1,False,True,True,True,False,False,False,True,True,True,False
FIRE+INFRA+ARCTIC+ENV,ABCA,1390.8,381.0,1457.4,444.0,0.6675,4.0,3.625,4.35,1.1653543307086613,4,3,2,False,True,True,True,True,False,False,True,True,True,False
FIRE+INFRA+ARCTIC+ENV,ABCB,1376.8,377.25,1392.6,471.25,0.6675,4.0,3.625,4.35,1.2491716368455932,4,3,1,False,True,True,True,False,False,False,True,True,True,False
FIRE+INFRA+ARCTIC+ENV,ABCC,1371.2,373.5,1320.6,473.25,0.6675,4.0,3.625,4.35,1.2670682730923695,4,3,1,False,True,True,True,False,False,False,True,True,True,False
FIRE+INFRA+ARCTIC+ENV,ACAA,1416.8,391.0,1576.0,403.25,0.6675,4.0,3.625,4.35,1.0313299232736572,4,3,3,False,True,True,True,True,False,False,True,True,True,False
FIRE+INFRA+ARCTIC+ENV,ACAB,1402.8,387.25,1511.2,430.5,0.6675,4.0,3.625,4.35,1.1116849580374435,4,3,2,False,True,True,True,True,False,False,True,True,True,False
FIRE+INFRA+ARCTIC+ENV,ACAC,1397.2,383.5,1439.2,432.5,0.6675,4.0,3.625,4.35,1.1277705345501956,4,3,2,False,True,True,True,True,False,False,True,True,True,False
FIRE+INFRA+ARCTIC+ENV,ACBA,1393.8,384.0,1491.4,447.0,0.6675,4.0,3.625,4.35,1.1640625,4,3,2,False,True,True,True,True,False,False,True,True,True,False
FIRE+INFRA+ARCTIC+ENV,ACBB,1379.8,380.25,1426.6,474.25,0.6675,4.0,3.625,4.35,1.2472057856673242,4,3,1,False,True,True,True,False,False,False,True,True,True,False
FIRE+INFRA+ARCTIC+ENV,ACBC,1374.2,376.5,1354.6,476.25,0.6675,4.0,3.625,4.35,1.2649402390438247,4,3,1,False,True,True,True,False,False,False,True,True,True,False
FIRE+INFRA+ARCTIC+ENV,ACCA,1384.6,377.0,1397.4,451.0,0.6675,4.0,3.625,4.35,1.1962864721485411,4,3,2,False,True,True,True,True,False,False,True,True,True,False
FIRE+INFRA+ARCTIC+ENV,ACCB,1370.6,373.25,1332.6,478.25,0.6675,4.0,3.625,4.35,1.2813127930341595,4,3,1,False,True,True,True,False,False,False,True,True,True,False
FIRE+INFRA+ARCTIC+ENV,ACCC,1365.0,369.5,1260.6,480.25,0.6675,4.0,3.625,4.35,1.2997293640054126,4,3,1,False,True,True,True,False,False,False,True,True,True,False
FIRE+INFRA+ARCTIC+ENV,BAAA,1422.5,394.75,1589.2,360.75,0.6675,4.0,3.625,4.35,0.9138695376820772,4,3,3,False,True,True,True,True,False,False,True,True,True,False
FIRE+INFRA+ARCTIC+ENV,BAAB,1408.5,391.0,1524.4,388.0,0.6675,4.0,3.625,4.35,0.9923273657289002,4,3,2,False,True,True,True,True,False,False,True,True,True,False
FIRE+INFRA+ARCTIC+ENV,BAAC,1402.9,387.25,1452.4,390.0,0.6675,4.0,3.625,4.35,1.0071013557133635,4,3,2,False,True,True,True,True,False,False,True,True,True,False
FIRE+INFRA+ARCTIC+ENV,BABA,1399.5,387.75,1504.6,404.5,0.6675,4.0,3.625,4.35,1.043197936814958,4,3,2,False,True,True,True,True,False,False,True,True,True,False
FIRE+INFRA+ARCTIC+ENV,BABB,1385.5,384.0,1439.8,431.75,0.6675,4.0,3.625,4.35,1.1243489583333333,4,3,1,False,True,True,True,False,False,False,True,True,True,False
FIRE+INFRA+ARCTIC+ENV,BABC,1379.9,380.25,1367.8,433.75,0.6675,4.0,3.625,4.35,1.1406969099276791,4,3,1,False,True,True,True,False,False,False,True,True,True,False
FIRE+INFRA+ARCTIC+ENV,BACA,1390.3,380.75,1410.6,408.5,0.6675,4.0,3.625,4.35,1.0728824688115561,4,3,2,False,True,True,True,True,False,False,True,True,True,False
FIRE+INFRA+ARCTIC+ENV,BACB,1376.3,377.0,1345.8,435.75,0.6675,4.0,3.625,4.35,1.1558355437665782,4,3,1,False,True,True,True,False,False,False,True,True,True,False
FIRE+INFRA+ARCTIC+ENV,BACC,1370.7,373.25,1273.8,437.75,0.6675,4.0,3.625,4.35,1.1728064300066978,4,3,1,False,True,True,True,False,False,False,True,True,True,False
FIRE+INFRA+ARCTIC+ENV,BBAA,1407.0,390.75,1535.2,397.0,0.6675,4.0,3.625,4.35,1.0159948816378759,4,3,2,False,True,True,True,True,False,False,True,True,True,False
FIRE+INFRA+ARCTIC+ENV,BBAB,1393.0,387.0,1470.4,424.25,0.6675,4.0,3.625,4.35,1.0962532299741603,4,3,1,False,True,True,True,False,False,False,True,True,True,False
FIRE+INFRA+ARCTIC+ENV,BBAC,1387.4,383.25,1398.4,426.25,0.6675,4.0,3.625,4.35,1.112198303979126,4,3,1,False,True,True,True,False,False,False,True,True,True,False
FIRE+INFRA+ARCTIC+ENV,BBBA,1384.0,383.75,1450.6,440.75,0.6675,4.0,3.625,4.35,1.1485342019543974,4,3,1,False,True,True,True,False,False,False,True,True,True,False
FIRE+INFRA+ARCTIC+ENV,BBBB,1370.0,380.0,1385.8,468.0,0.6675,4.0,3.625,4.35,1.231578947368421,4,3,0,False,True,True,True,False,False,False,True,True,True,False
FIRE+INFRA+ARCTIC+ENV,BBBC,1364.4,376.25,1313.8,470.0,0.6675,4.0,3.625,4.35,1.2491694352159468,4,3,0,False,True,True,True,False,False,False,True,True,True,False
FIRE+INFRA+ARCTIC+ENV,BBCA,1374.8,376.75,1356.6,444.75,0.6675,4.0,3.625,4.35,1.1804910418049104,4,3,1,False,True,True,True,False,False,False,True,True,True,False
FIRE+INFRA+ARCTIC+ENV,BBCB,1360.8,373.0,1291.8,472.0,0.6675,4.0,3.625,4.35,1.2654155495978552,4,3,0,False,True,True,True,False,False,False,True,True,True,False
FIRE+INFRA+ARCTIC+ENV,BBCC,1355.2,369.25,1219.8,474.0,0.6675,4.0,3.625,4.35,1.2836831415030467,4,3,0,False,True,True,True,False,False,False,True,True,True,False
FIRE+INFRA+ARCTIC+ENV,BCAA,1400.8,386.75,1475.2,404.0,0.6675,4.0,3.625,4.35,1.0446024563671623,4,3,2,False,True,True,True,True,False,False,True,True,True,False
FIRE+INFRA+ARCTIC+ENV,BCAB,1386.8,383.0,1410.4,431.25,0.6675,4.0,3.625,4.35,1.1259791122715406,4,3,1,False,True,True,True,False,False,False,True,True,True,False
FIRE+INFRA+ARCTIC+ENV,BCAC,1381.2,379.25,1338.4,433.25,0.6675,4.0,3.625,4.35,1.142386288727752,4,3,1,False,True,True,True,False,False,False,True,True,True,False
FIRE+INFRA+ARCTIC+ENV,BCBA,1377.8,379.75,1390.6,447.75,0.6675,4.0,3.625,4.35,1.1790651744568794,4,3,1,False,True,True,True,False,False,False,True,True,True,False
FIRE+INFRA+ARCTIC+ENV,BCBB,1363.8,376.0,1325.8,475.0,0.6675,4.0,3.625,4.35,1.2632978723404256,4,3,0,False,True,True,True,False,False,False,True,True,True,False
FIRE+INFRA+ARCTIC+ENV,BCBC,1358.2,372.25,1253.8,477.0,0.6675,4.0,3.625,4.35,1.2813969106783076,4,3,0,False,True,True,True,False,False,False,True,True,True,False
FIRE+INFRA+ARCTIC+ENV,BCCA,1368.6,372.75,1296.6,451.75,0.6675,4.0,3.625,4.35,1.2119382964453387,4,3,1,False,True,True,True,False,False,False,True,True,True,False
FIRE+INFRA+ARCTIC+ENV,BCCB,1354.6,369.0,1231.8,479.0,0.6675,4.0,3.625,4.35,1.2981029810298104,4,3,0,False,True,True,True,False,False,False,True,True,True,False
FIRE+INFRA+ARCTIC+ENV,BCCC,1349.0,365.25,1159.8,481.0,0.6675,4.0,3.625,4.35,1.3169062286105406,4,3,0,False,True,True,True,False,False,False,True,True,True,False
FIRE+INFRA+ARCTIC+ENV,CAAA,1416.1,390.5,1477.2,343.25,0.6675,4.0,3.625,4.35,0.8790012804097311,4,3,3,False,True,True,True,True,False,False,True,True,True,False
FIRE+INFRA+ARCTIC+ENV,CAAB,1402.1,386.75,1412.4,370.5,0.6675,4.0,3.625,4.35,0.957983193277311,4,3,2,False,True,True,True,True,False,False,True,True,True,False
FIRE+INFRA+ARCTIC+ENV,CAAC,1396.5,383.0,1340.4,372.5,0.6675,4.0,3.625,4.35,0.9725848563968669,4,3,2,False,True,True,True,True,False,False,True,True,True,False
FIRE+INFRA+ARCTIC+ENV,CABA,1393.1,383.5,1392.6,387.0,0.6675,4.0,3.625,4.35,1.0091264667535853,4,3,2,False,True,True,True,True,False,False,True,True,True,False
FIRE+INFRA+ARCTIC+ENV,CABB,1379.1,379.75,1327.8,414.25,0.6675,4.0,3.625,4.35,1.0908492429229757,4,3,1,False,True,True,True,False,False,False,True,True,True,False
FIRE+INFRA+ARCTIC+ENV,CABC,1373.5,376.0,1255.8,416.25,0.6675,4.0,3.625,4.35,1.1070478723404256,4,3,1,False,True,True,True,False,False,False,True,True,True,False
FIRE+INFRA+ARCTIC+ENV,CACA,1383.9,376.5,1298.6,391.0,0.6675,4.0,3.625,4.35,1.0385126162018592,4,3,2,False,True,True,True,True,False,False,True,True,True,False
FIRE+INFRA+ARCTIC+ENV,CACB,1369.9,372.75,1233.8,418.25,0.6675,4.0,3.625,4.35,1.1220657276995305,4,3,1,False,True,True,True,False,False,False,True,True,True,False
FIRE+INFRA+ARCTIC+ENV,CACC,1364.3000000000002,369.0,1161.8,420.25,0.6675,4.0,3.625,4.35,1.1388888888888888,4,3,1,False,True,True,True,False,False,False,True,True,True,False
FIRE+INFRA+ARCTIC+ENV,CBAA,1400.6,386.5,1423.2,379.5,0.6675,4.0,3.625,4.35,0.981888745148771,4,3,2,False,True,True,True,True,False,False,True,True,True,False
FIRE+INFRA+ARCTIC+ENV,CBAB,1386.6,382.75,1358.4,406.75,0.6675,4.0,3.625,4.35,1.062704114957544,4,3,1,False,True,True,True,False,False,False,True,True,True,False
FIRE+INFRA+ARCTIC+ENV,CBAC,1381.0,379.0,1286.4,408.75,0.6675,4.0,3.625,4.35,1.0784960422163588,4,3,1,False,True,True,True,False,False,False,True,True,True,False
FIRE+INFRA+ARCTIC+ENV,CBBA,1377.6,379.5,1338.6,423.25,0.6675,4.0,3.625,4.35,1.1152832674571804,4,3,1,False,True,True,True,False,False,False,True,True,True,False
FIRE+INFRA+ARCTIC+ENV,CBBB,1363.6,375.75,1273.8,450.5,0.6675,4.0,3.625,4.35,1.1989354624085162,4,3,0,False,True,True,True,False,False,False,True,True,True,False
FIRE+INFRA+ARCTIC+ENV,CBBC,1358.0,372.0,1201.8,452.5,0.6675,4.0,3.625,4.35,1.2163978494623655,4,3,0,False,True,True,True,False,False,False,True,True,True,False
FIRE+INFRA+ARCTIC+ENV,CBCA,1368.4,372.5,1244.6,427.25,0.6675,4.0,3.625,4.35,1.146979865771812,4,3,1,False,True,True,True,False,False,False,True,True,True,False
FIRE+INFRA+ARCTIC+ENV,CBCB,1354.4,368.75,1179.8,454.5,0.6675,4.0,3.625,4.35,1.232542372881356,4,3,0,False,True,True,True,False,False,False,True,True,True,False
FIRE+INFRA+ARCTIC+ENV,CBCC,1348.8000000000002,365.0,1107.8,456.5,0.6675,4.0,3.625,4.35,1.2506849315068493,4,3,0,False,True,True,True,False,False,False,True,True,True,False
FIRE+INFRA+ARCTIC+ENV,CCAA,1394.3999999999999,382.5,1363.2,386.5,0.6675,4.0,3.625,4.35,1.0104575163398692,4,3,2,False,True,True,True,True,False,False,True,True,True,False
FIRE+INFRA+ARCTIC+ENV,CCAB,1380.3999999999999,378.75,1298.4,413.75,0.6675,4.0,3.625,4.35,1.0924092409240924,4,3,1,False,True,True,True,False,False,False,True,True,True,False
FIRE+INFRA+ARCTIC+ENV,CCAC,1374.8,375.0,1226.4,415.75,0.6675,4.0,3.625,4.35,1.1086666666666667,4,3,1,False,True,True,True,False,False,False,True,True,True,False
FIRE+INFRA+ARCTIC+ENV,CCBA,1371.3999999999999,375.5,1278.6,430.25,0.6675,4.0,3.625,4.35,1.1458055925432757,4,3,1,False,True,True,True,False,False,False,True,True,True,False
FIRE+INFRA+ARCTIC+ENV,CCBB,1357.3999999999999,371.75,1213.8,457.5,0.6675,4.0,3.625,4.35,1.230665770006725,4,3,0,False,True,True,True,False,False,False,True,True,True,False
FIRE+INFRA+ARCTIC+ENV,CCBC,1351.8,368.0,1141.8,459.5,0.6675,4.0,3.625,4.35,1.2486413043478262,4,3,0,False,True,True,True,False,False,False,True,True,True,False
FIRE+INFRA+ARCTIC+ENV,CCCA,1362.2,368.5,1184.6,434.25,0.6675,4.0,3.625,4.35,1.17842605156038,4,3,1,False,True,True,True,False,False,False,True,True,True,False
FIRE+INFRA+ARCTIC+ENV,CCCB,1348.2,364.75,1119.8,461.5,0.6675,4.0,3.625,4.35,1.26525017135024,4,3,0,False,True,True,True,False,False,False,True,True,True,False
FIRE+INFRA+ARCTIC+ENV,CCCC,1342.6000000000001,361.0,1047.8,463.5,0.6675,4.0,3.625,4.35,1.2839335180055402,4,3,0,False,True,True,True,False,False,False,True,True,True,False
FIRE+INFRA+ARCTIC+SSA,AAAA,1491.0,420.0,1670.0,373.75,0.645,3.8,3.35,4.4,0.8898809523809523,3,4,4,False,True,True,True,True,False,False,True,True,True,False
FIRE+INFRA+ARCTIC+SSA,AAAB,1474.5,415.25,1608.8,405.75,0.645,3.8,3.35,4.4,0.9771222155328115,3,4,3,False,True,True,True,True,False,False,True,True,True,False
FIRE+INFRA+ARCTIC+SSA,AAAC,1467.9,410.5,1540.8,408.0,0.645,3.8,3.35,4.4,0.9939098660170523,3,4,3,False,True,True,True,True,False,False,True,True,True,False
FIRE+INFRA+ARCTIC+SSA,AABA,1468.0,413.0,1585.4,417.5,0.645,3.8,3.35,4.4,1.0108958837772397,3,4,3,False,True,True,True,True,False,False,True,True,True,False
FIRE+INFRA+ARCTIC+SSA,AABB,1451.5,408.25,1524.2,449.5,0.645,3.8,3.35,4.4,1.1010410287813839,3,4,2,False,True,True,True,True,False,False,True,True,True,False
FIRE+INFRA+ARCTIC+SSA,AABC,1444.9,403.5,1456.2,451.75,0.645,3.8,3.35,4.4,1.1195786864931847,3,4,2,False,True,True,True,True,False,False,True,True,True,False
FIRE+INFRA+ARCTIC+SSA,AACA,1458.8,406.0,1491.4,421.5,0.645,3.8,3.35,4.4,1.0381773399014778,3,4,3,False,True,True,True,True,False,False,True,True,True,False
FIRE+INFRA+ARCTIC+SSA,AACB,1442.3,401.25,1430.2,453.5,0.645,3.8,3.35,4.4,1.1302180685358256,3,4,2,False,True,True,True,True,False,False,True,True,True,False
FIRE+INFRA+ARCTIC+SSA,AACC,1435.6999999999998,396.5,1362.2,455.75,0.645,3.8,3.35,4.4,1.1494325346784364,3,4,2,False,True,True,True,True,False,False,True,True,True,False
FIRE+INFRA+ARCTIC+SSA,ABAA,1475.5,416.0,1616.0,410.0,0.645,3.8,3.35,4.4,0.9855769230769231,3,4,3,False,True,True,True,True,False,False,True,True,True,False
FIRE+INFRA+ARCTIC+SSA,ABAB,1459.0,411.25,1554.8,442.0,0.645,3.8,3.35,4.4,1.0747720364741642,3,4,2,False,True,True,True,True,False,False,True,True,True,False
FIRE+INFRA+ARCTIC+SSA,ABAC,1452.4,406.5,1486.8,444.25,0.645,3.8,3.35,4.4,1.0928659286592866,3,4,2,False,True,True,True,True,False,False,True,True,True,False
FIRE+INFRA+ARCTIC+SSA,ABBA,1452.5,409.0,1531.3999999999999,453.75,0.645,3.8,3.35,4.4,1.1094132029339854,3,4,2,False,True,True,True,True,False,False,True,True,True,False
FIRE+INFRA+ARCTIC+SSA,ABBB,1436.0,404.25,1470.1999999999998,485.75,0.645,3.8,3.35,4.4,1.2016079158936301,3,4,1,False,True,True,True,False,False,False,True,True,True,False
FIRE+INFRA+ARCTIC+SSA,ABBC,1429.4,399.5,1402.1999999999998,488.0,0.645,3.8,3.35,4.4,1.2215269086357947,3,4,1,False,True,True,True,False,False,False,True,True,True,False
FIRE+INFRA+ARCTIC+SSA,ABCA,1443.3,402.0,1437.3999999999999,457.75,0.645,3.8,3.35,4.4,1.138681592039801,3,4,2,False,True,True,True,True,False,False,True,True,True,False
FIRE+INFRA+ARCTIC+SSA,ABCB,1426.8,397.25,1376.1999999999998,489.75,0.645,3.8,3.35,4.4,1.2328508495909376,3,4,1,False,True,True,True,False,False,False,True,True,True,False
FIRE+INFRA+ARCTIC+SSA,ABCC,1420.1999999999998,392.5,1308.1999999999998,492.0,0.645,3.8,3.35,4.4,1.2535031847133757,3,4,1,False,True,True,True,False,False,False,True,True,True,False
FIRE+INFRA+ARCTIC+SSA,ACAA,1469.3,412.0,1556.0,417.0,0.645,3.8,3.35,4.4,1.0121359223300972,3,4,3,False,True,True,True,True,False,False,True,True,True,False
FIRE+INFRA+ARCTIC+SSA,ACAB,1452.8,407.25,1494.8,449.0,0.645,3.8,3.35,4.4,1.1025168815224065,3,4,2,False,True,True,True,True,False,False,True,True,True,False
FIRE+INFRA+ARCTIC+SSA,ACAC,1446.1999999999998,402.5,1426.8,451.25,0.645,3.8,3.35,4.4,1.1211180124223603,3,4,2,False,True,True,True,True,False,False,True,True,True,False
FIRE+INFRA+ARCTIC+SSA,ACBA,1446.3,405.0,1471.4,460.75,0.645,3.8,3.35,4.4,1.1376543209876544,3,4,2,False,True,True,True,True,False,False,True,True,True,False
FIRE+INFRA+ARCTIC+SSA,ACBB,1429.8,400.25,1410.2,492.75,0.645,3.8,3.35,4.4,1.231105559025609,3,4,1,False,True,True,True,False,False,False,True,True,True,False
FIRE+INFRA+ARCTIC+SSA,ACBC,1423.1999999999998,395.5,1342.2,495.0,0.645,3.8,3.35,4.4,1.2515802781289507,3,4,1,False,True,True,True,False,False,False,True,True,True,False
FIRE+INFRA+ARCTIC+SSA,ACCA,1437.1,398.0,1377.4,464.75,0.645,3.8,3.35,4.4,1.1677135678391959,3,4,2,False,True,True,True,True,False,False,True,True,True,False
FIRE+INFRA+ARCTIC+SSA,ACCB,1420.6,393.25,1316.2,496.75,0.645,3.8,3.35,4.4,1.263191354100445,3,4,1,False,True,True,True,False,False,False,True,True,True,False
FIRE+INFRA+ARCTIC+SSA,ACCC,1414.0,388.5,1248.2,499.0,0.645,3.8,3.35,4.4,1.2844272844272844,3,4,1,False,True,True,True,False,False,False,True,True,True,False
FIRE+INFRA+ARCTIC+SSA,BAAA,1475.0,415.75,1569.2,374.5,0.645,3.8,3.35,4.4,0.9007817197835237,3,4,3,False,True,True,True,True,False,False,True,True,True,False
FIRE+INFRA+ARCTIC+SSA,BAAB,1458.5,411.0,1508.0,406.5,0.645,3.8,3.35,4.4,0.9890510948905109,3,4,2,False,True,True,True,True,False,False,True,True,True,False
FIRE+INFRA+ARCTIC+SSA,BAAC,1451.9,406.25,1440.0,408.75,0.645,3.8,3.35,4.4,1.0061538461538462,3,4,2,False,True,True,True,True,False,False,True,True,True,False
FIRE+INFRA+ARCTIC+SSA,BABA,1452.0,408.75,1484.6,418.25,0.645,3.8,3.35,4.4,1.0232415902140672,3,4,2,False,True,True,True,True,False,False,True,True,True,False
FIRE+INFRA+ARCTIC+SSA,BABB,1435.5,404.0,1423.3999999999999,450.25,0.645,3.8,3.35,4.4,1.114480198019802,3,4,1,False,True,True,True,False,False,False,True,True,True,False
FIRE+INFRA+ARCTIC+SSA,BABC,1428.9,399.25,1355.3999999999999,452.5,0.645,3.8,3.35,4.4,1.1333750782717595,3,4,1,False,True,True,True,False,False,False,True,True,True,False
FIRE+INFRA+ARCTIC+SSA,BACA,1442.8,401.75,1390.6,422.25,0.645,3.8,3.35,4.4,1.0510267579340387,3,4,2,False,True,True,True,True,False,False,True,True,True,False
FIRE+INFRA+ARCTIC+SSA,BACB,1426.3,397.0,1329.3999999999999,454.25,0.645,3.8,3.35,4.4,1.144206549118388,3,4,1,False,True,True,True,False,False,False,True,True,True,False
FIRE+INFRA+ARCTIC+SSA,BACC,1419.6999999999998,392.25,1261.3999999999999,456.5,0.645,3.8,3.35,4.4,1.1637985978330148,3,4,1,False,True,True,True,False,False,False,True,True,True,False
FIRE+INFRA+ARCTIC+SSA,BBAA,1459.5,411.75,1515.2,410.75,0.645,3.8,3.35,4.4,0.9975713418336369,3,4,2,False,True,True,True,True,False,False,True,True,True,False
FIRE+INFRA+ARCTIC+SSA,BBAB,1443.0,407.0,1454.0,442.75,0.645,3.8,3.35,4.4,1.087837837837838,3,4,1,False,True,True,True,False,False,False,True,True,True,False
FIRE+INFRA+ARCTIC+SSA,BBAC,1436.4,402.25,1386.0,445.0,0.645,3.8,3.35,4.4,1.1062771908017401,3,4,1,False,True,True,True,False,False,False,True,True,True,False
FIRE+INFRA+ARCTIC+SSA,BBBA,1436.5,404.75,1430.6,454.5,0.645,3.8,3.35,4.4,1.1229153798641136,3,4,1,False,True,True,True,False,False,False,True,True,True,False
FIRE+INFRA+ARCTIC+SSA,BBBB,1420.0,400.0,1369.3999999999999,486.5,0.645,3.8,3.35,4.4,1.21625,3,4,0,False,True,True,True,False,False,False,True,True,True,False
FIRE+INFRA+ARCTIC+SSA,BBBC,1413.4,395.25,1301.3999999999999,488.75,0.645,3.8,3.35,4.4,1.2365591397849462,3,4,0,False,True,True,True,False,False,False,True,True,True,False
FIRE+INFRA+ARCTIC+SSA,BBCA,1427.3,397.75,1336.6,458.5,0.645,3.8,3.35,4.4,1.1527341294783156,3,4,1,False,True,True,True,False,False,False,True,True,True,False
FIRE+INFRA+ARCTIC+SSA,BBCB,1410.8,393.0,1275.3999999999999,490.5,0.645,3.8,3.35,4.4,1.248091603053435,3,4,0,False,True,True,True,False,False,False,True,True,True,False
FIRE+INFRA+ARCTIC+SSA,BBCC,1404.1999999999998,388.25,1207.3999999999999,492.75,0.645,3.8,3.35,4.4,1.2691564713457824,3,4,0,False,True,True,True,False,False,False,True,True,True,False
FIRE+INFRA+ARCTIC+SSA,BCAA,1453.3,407.75,1455.2,417.75,0.645,3.8,3.35,4.4,1.024524831391784,3,4,2,False,True,True,True,True,False,False,True,True,True,False
FIRE+INFRA+ARCTIC+SSA,BCAB,1436.8,403.0,1394.0,449.75,0.645,3.8,3.35,4.4,1.1160049627791564,3,4,1,False,True,True,True,False,False,False,True,True,True,False
FIRE+INFRA+ARCTIC+SSA,BCAC,1430.1999999999998,398.25,1326.0,452.0,0.645,3.8,3.35,4.4,1.1349654739485249,3,4,1,False,True,True,True,False,False,False,True,True,True,False
FIRE+INFRA+ARCTIC+SSA,BCBA,1430.3,400.75,1370.6,461.5,0.645,3.8,3.35,4.4,1.1515907673112913,3,4,1,False,True,True,True,False,False,False,True,True,True,False
FIRE+INFRA+ARCTIC+SSA,BCBB,1413.8,396.0,1309.3999999999999,493.5,0.645,3.8,3.35,4.4,1.246212121212121,3,4,0,False,True,True,True,False,False,False,True,True,True,False
FIRE+INFRA+ARCTIC+SSA,BCBC,1407.1999999999998,391.25,1241.3999999999999,495.75,0.645,3.8,3.35,4.4,1.2670926517571885,3,4,0,False,True,True,True,False,False,False,True,True,True,False
FIRE+INFRA+ARCTIC+SSA,BCCA,1421.1,393.75,1276.6,465.5,0.645,3.8,3.35,4.4,1.1822222222222223,3,4,1,False,True,True,True,False,False,False,True,True,True,False
FIRE+INFRA+ARCTIC+SSA,BCCB,1404.6,389.0,1215.3999999999999,497.5,0.645,3.8,3.35,4.4,1.2789203084832905,3,4,0,False,True,True,True,False,False,False,True,True,True,False
FIRE+INFRA+ARCTIC+SSA,BCCC,1398.0,384.25,1147.3999999999999,499.75,0.645,3.8,3.35,4.4,1.3005855562784645,3,4,0,False,True,True,True,False,False,False,True,True,True,False
FIRE+INFRA+ARCTIC+SSA,CAAA,1468.6,411.5,1457.2,357.0,0.645,3.8,3.35,4.4,0.8675577156743621,3,4,3,False,True,True,True,True,False,False,True,True,True,False
FIRE+INFRA+ARCTIC+SSA,CAAB,1452.1,406.75,1396.0,389.0,0.645,3.8,3.35,4.4,0.956361401352182,3,4,2,False,True,True,True,True,False,False,True,True,True,False
FIRE+INFRA+ARCTIC+SSA,CAAC,1445.5,402.0,1328.0,391.25,0.645,3.8,3.35,4.4,0.9732587064676617,3,4,2,False,True,True,True,True,False,False,True,True,True,False
FIRE+INFRA+ARCTIC+SSA,CABA,1445.6,404.5,1372.6,400.75,0.645,3.8,3.35,4.4,0.9907292954264524,3,4,2,False,True,True,True,True,False,False,True,True,True,False
FIRE+INFRA+ARCTIC+SSA,CABB,1429.1,399.75,1311.3999999999999,432.75,0.645,3.8,3.35,4.4,1.0825515947467168,3,4,1,False,True,True,True,False,False,False,True,True,True,False
FIRE+INFRA+ARCTIC+SSA,CABC,1422.5,395.0,1243.3999999999999,435.0,0.645,3.8,3.35,4.4,1.1012658227848102,3,4,1,False,True,True,True,False,False,False,True,True,True,False
FIRE+INFRA+ARCTIC+SSA,CACA,1436.4,397.5,1278.6,404.75,0.645,3.8,3.35,4.4,1.018238993710692,3,4,2,False,True,True,True,True,False,False,True,True,True,False
FIRE+INFRA+ARCTIC+SSA,CACB,1419.9,392.75,1217.3999999999999,436.75,0.645,3.8,3.35,4.4,1.1120305537873965,3,4,1,False,True,True,True,False,False,False,True,True,True,False
FIRE+INFRA+ARCTIC+SSA,CACC,1413.3000000000002,388.0,1149.3999999999999,439.0,0.645,3.8,3.35,4.4,1.1314432989690721,3,4,1,False,True,True,True,False,False,False,True,True,True,False
FIRE+INFRA+ARCTIC+SSA,CBAA,1453.1,407.5,1403.2,393.25,0.645,3.8,3.35,4.4,0.9650306748466257,3,4,2,False,True,True,True,True,False,False,True,True,True,False
FIRE+INFRA+ARCTIC+SSA,CBAB,1436.6,402.75,1342.0,425.25,0.645,3.8,3.35,4.4,1.0558659217877095,3,4,1,False,True,True,True,False,False,False,True,True,True,False
FIRE+INFRA+ARCTIC+SSA,CBAC,1430.0,398.0,1274.0,427.5,0.645,3.8,3.35,4.4,1.0741206030150754,3,4,1,False,True,True,True,False,False,False,True,True,True,False
FIRE+INFRA+ARCTIC+SSA,CBBA,1430.1,400.5,1318.6,437.0,0.645,3.8,3.35,4.4,1.0911360799001248,3,4,1,False,True,True,True,False,False,False,True,True,True,False
FIRE+INFRA+ARCTIC+SSA,CBBB,1413.6,395.75,1257.3999999999999,469.0,0.645,3.8,3.35,4.4,1.1850915982312065,3,4,0,False,True,True,True,False,False,False,True,True,True,False
FIRE+INFRA+ARCTIC+SSA,CBBC,1407.0,391.0,1189.3999999999999,471.25,0.645,3.8,3.35,4.4,1.2052429667519182,3,4,0,False,True,True,True,False,False,False,True,True,True,False
FIRE+INFRA+ARCTIC+SSA,CBCA,1420.9,393.5,1224.6,441.0,0.645,3.8,3.35,4.4,1.1207115628970774,3,4,1,False,True,True,True,False,False,False,True,True,True,False
FIRE+INFRA+ARCTIC+SSA,CBCB,1404.4,388.75,1163.3999999999999,473.0,0.645,3.8,3.35,4.4,1.2167202572347267,3,4,0,False,True,True,True,False,False,False,True,True,True,False
FIRE+INFRA+ARCTIC+SSA,CBCC,1397.8000000000002,384.0,1095.3999999999999,475.25,0.645,3.8,3.35,4.4,1.2376302083333333,3,4,0,False,True,True,True,False,False,False,True,True,True,False
FIRE+INFRA+ARCTIC+SSA,CCAA,1446.9,403.5,1343.2,400.25,0.645,3.8,3.35,4.4,0.9919454770755886,3,4,2,False,True,True,True,True,False,False,True,True,True,False
FIRE+INFRA+ARCTIC+SSA,CCAB,1430.4,398.75,1282.0,432.25,0.645,3.8,3.35,4.4,1.0840125391849529,3,4,1,False,True,True,True,False,False,False,True,True,True,False
FIRE+INFRA+ARCTIC+SSA,CCAC,1423.8000000000002,394.0,1214.0,434.5,0.645,3.8,3.35,4.4,1.1027918781725887,3,4,1,False,True,True,True,False,False,False,True,True,True,False
FIRE+INFRA+ARCTIC+SSA,CCBA,1423.9,396.5,1258.6,444.0,0.645,3.8,3.35,4.4,1.119798234552333,3,4,1,False,True,True,True,False,False,False,True,True,True,False
FIRE+INFRA+ARCTIC+SSA,CCBB,1407.4,391.75,1197.3999999999999,476.0,0.645,3.8,3.35,4.4,1.2150606253988514,3,4,0,False,True,True,True,False,False,False,True,True,True,False
FIRE+INFRA+ARCTIC+SSA,CCBC,1400.8000000000002,387.0,1129.3999999999999,478.25,0.645,3.8,3.35,4.4,1.2357881136950903,3,4,0,False,True,True,True,False,False,False,True,True,True,False
FIRE+INFRA+ARCTIC+SSA,CCCA,1414.7,389.5,1164.6,448.0,0.645,3.8,3.35,4.4,1.1501925545571245,3,4,1,False,True,True,True,False,False,False,True,True,True,False
FIRE+INFRA+ARCTIC+SSA,CCCB,1398.2,384.75,1103.3999999999999,480.0,0.645,3.8,3.35,4.4,1.2475633528265107,3,4,0,False,True,True,True,False,False,False,True,True,True,False
FIRE+INFRA+ARCTIC+SSA,CCCC,1391.6,380.0,1035.3999999999999,482.25,0.645,3.8,3.35,4.4,1.269078947368421,3,4,0,False,True,True,True,False,False,False,True,True,True,False
FIRE+INFRA+TRANS+ENV,AAAA,1218.0,325.5,1440.0,310.0,0.7225,4.3999999999999995,4.025,4.625,0.9523809523809523,4,2,4,True,True,True,True,True,True,True,True,True,True,False
FIRE+INFRA+TRANS+ENV,AAAB,1204.0,321.75,1375.2,337.25,0.7225,4.3999999999999995,4.025,4.625,1.0481740481740482,4,2,3,True,True,True,True,True,True,True,True,True,True,False
FIRE+INFRA+TRANS+ENV,AAAC,1198.4,318.0,1303.2,339.25,0.7225,4.3999999999999995,4.025,4.625,1.0668238993710693,4,2,3,True,True,True,True,True,True,True,True,True,True,False
FIRE+INFRA+TRANS+ENV,AABA,1205.5,322.0,1400.4,343.75,0.7225,4.3999999999999995,4.025,4.625,1.0675465838509317,4,2,3,True,True,True,True,True,True,True,True,True,True,False
FIRE+INFRA+TRANS+ENV,AABB,1191.5,318.25,1335.6,371.0,0.7225,4.3999999999999995,4.025,4.625,1.1657501963864887,4,2,2,True,True,True,True,True,True,True,True,True,True,False
FIRE+INFRA+TRANS+ENV,AABC,1185.9,314.5,1263.6,373.0,0.7225,4.3999999999999995,4.025,4.625,1.1860095389507155,4,2,2,True,True,True,True,True,True,True,True,True,True,False
FIRE+INFRA+TRANS+ENV,AACA,1200.5,318.5,1356.4,351.75,0.7225,4.3999999999999995,4.025,4.625,1.1043956043956045,4,2,3,True,True,True,True,True,True,True,True,True,True,False
FIRE+INFRA+TRANS+ENV,AACB,1186.5,314.75,1291.6000000000001,379.0,0.7225,4.3999999999999995,4.025,4.625,1.2041302621127878,4,2,2,True,True,True,True,True,True,True,True,True,True,False
FIRE+INFRA+TRANS+ENV,AACC,1180.9,311.0,1219.6000000000001,381.0,0.7225,4.3999999999999995,4.025,4.625,1.22508038585209,4,2,2,True,True,True,True,True,True,True,True,True,True,False
FIRE+INFRA+TRANS+ENV,ABAA,1202.5,321.5,1386.0,346.25,0.7225,4.3999999999999995,4.025,4.625,1.0769828926905132,4,2,3,True,True,True,True,True,True,True,True,True,True,False
FIRE+INFRA+TRANS+ENV,ABAB,1188.5,317.75,1321.2,373.5,0.7225,4.3999999999999995,4.025,4.625,1.1754523996852873,4,2,2,True,True,True,True,True,True,True,True,True,True,False
FIRE+INFRA+TRANS+ENV,ABAC,1182.9,314.0,1249.2,375.5,0.7225,4.3999999999999995,4.025,4.625,1.1958598726114649,4,2,2,True,True,True,True,True,True,True,True,True,True,False
FIRE+INFRA+TRANS+ENV,ABBA,1190.0,318.0,1346.4,380.0,0.7225,4.3999999999999995,4.025,4.625,1.1949685534591195,4,2,2,True,True,True,True,True,True,True,True,True,True,False
FIRE+INFRA+TRANS+ENV,ABBB,1176.0,314.25,1281.6,407.25,0.7225,4.3999999999999995,4.025,4.625,1.295942720763723,4,2,1,False,True,True,True,False,True,True,True,True,True,False
FIRE+INFRA+TRANS+ENV,ABBC,1170.4,310.5,1209.6,409.25,0.7225,4.3999999999999995,4.025,4.625,1.318035426731079,4,2,1,False,True,True,True,False,True,True,True,True,True,False
FIRE+INFRA+TRANS+ENV,ABCA,1185.0,314.5,1302.4,388.0,0.7225,4.3999999999999995,4.025,4.625,1.2337042925278219,4,2,2,True,True,True,True,True,True,True,True,True,True,False
FIRE+INFRA+TRANS+ENV,ABCB,1171.0,310.75,1237.6000000000001,415.25,0.7225,4.3999999999999995,4.025,4.625,1.336283185840708,4,2,1,False,True,True,True,False,True,True,True,True,True,False
FIRE+INFRA+TRANS+ENV,ABCC,1165.4,307.0,1165.6000000000001,417.25,0.7225,4.3999999999999995,4.025,4.625,1.3591205211726385,4,2,1,False,True,True,True,False,True,True,True,True,True,False
FIRE+INFRA+TRANS+ENV,ACAA,1196.3,317.5,1326.0,353.25,0.7225,4.3999999999999995,4.025,4.625,1.1125984251968504,4,2,3,True,True,True,True,True,True,True,True,True,True,False
FIRE+INFRA+TRANS+ENV,ACAB,1182.3,313.75,1261.2,380.5,0.7225,4.3999999999999995,4.025,4.625,1.2127490039840638,4,2,2,True,True,True,True,True,True,True,True,True,True,False
FIRE+INFRA+TRANS+ENV,ACAC,1176.7,310.0,1189.2,382.5,0.7225,4.3999999999999995,4.025,4.625,1.2338709677419355,4,2,2,True,True,True,True,True,True,True,True,True,True,True
FIRE+INFRA+TRANS+ENV,ACBA,1183.8,314.0,1286.4,387.0,0.7225,4.3999999999999995,4.025,4.625,1.232484076433121,4,2,2,True,True,True,True,True,True,True,True,True,True,False
FIRE+INFRA+TRANS+ENV,ACBB,1169.8,310.25,1221.6,414.25,0.7225,4.3999999999999995,4.025,4.625,1.3352135374697824,4,2,1,False,True,True,True,False,True,True,True,True,True,False
FIRE+INFRA+TRANS+ENV,ACBC,1164.2,306.5,1149.6,416.25,0.7225,4.3999999999999995,4.025,4.625,1.3580750407830342,4,2,1,False,True,True,True,False,True,True,True,True,True,False
FIRE+INFRA+TRANS+ENV,ACCA,1178.8,310.5,1242.4,395.0,0.7225,4.3999999999999995,4.025,4.625,1.2721417069243157,4,2,2,True,True,True,True,True,True,True,True,True,True,True
FIRE+INFRA+TRANS+ENV,ACCB,1164.8,306.75,1177.6000000000001,422.25,0.7225,4.3999999999999995,4.025,4.625,1.3765281173594133,4,2,1,False,True,True,True,False,True,True,True,True,True,False
FIRE+INFRA+TRANS+ENV,ACCC,1159.2,303.0,1105.6000000000001,424.25,0.7225,4.3999999999999995,4.025,4.625,1.4001650165016502,4,2,1,False,True,True,True,False,True,True,True,True,True,False
FIRE+INFRA+TRANS+ENV,BAAA,1202.0,321.25,1339.2,310.75,0.7225,4.3999999999999995,4.025,4.625,0.9673151750972763,4,2,3,True,True,True,True,True,True,True,True,True,True,False
FIRE+INFRA+TRANS+ENV,BAAB,1188.0,317.5,1274.4,338.0,0.7225,4.3999999999999995,4.025,4.625,1.0645669291338582,4,2,2,True,True,True,True,True,True,True,True,True,True,False
FIRE+INFRA+TRANS+ENV,BAAC,1182.4,313.75,1202.4,340.0,0.7225,4.3999999999999995,4.025,4.625,1.0836653386454183,4,2,2,True,True,True,True,True,True,True,True,True,True,False
FIRE+INFRA+TRANS+ENV,BABA,1189.5,317.75,1299.6,344.5,0.7225,4.3999999999999995,4.025,4.625,1.0841856805664831,4,2,2,True,True,True,True,True,True,True,True,True,True,False
FIRE+INFRA+TRANS+ENV,BABB,1175.5,314.0,1234.8000000000002,371.75,0.7225,4.3999999999999995,4.025,4.625,1.1839171974522293,4,2,1,False,True,True,True,False,True,True,True,True,True,False
FIRE+INFRA+TRANS+ENV,BABC,1169.9,310.25,1162.8,373.75,0.7225,4.3999999999999995,4.025,4.625,1.2046736502820306,4,2,1,False,True,True,True,False,True,True,True,True,True,False
FIRE+INFRA+TRANS+ENV,BACA,1184.5,314.25,1255.6000000000001,352.5,0.7225,4.3999999999999995,4.025,4.625,1.1217183770883055,4,2,2,True,True,True,True,True,True,True,True,True,True,False
FIRE+INFRA+TRANS+ENV,BACB,1170.5,310.5,1190.8000000000002,379.75,0.7225,4.3999999999999995,4.025,4.625,1.2230273752012883,4,2,1,False,True,True,True,False,True,True,True,True,True,False
FIRE+INFRA+TRANS+ENV,BACC,1164.9,306.75,1118.8,381.75,0.7225,4.3999999999999995,4.025,4.625,1.2444987775061125,4,2,1,False,True,True,True,False,True,True,True,True,True,False
FIRE+INFRA+TRANS+ENV,BBAA,1186.5,317.25,1285.2,347.0,0.7225,4.3999999999999995,4.025,4.625,1.0937746256895193,4,2,2,True,True,True,True,True,True,True,True,True,True,False
FIRE+INFRA+TRANS+ENV,BBAB,1172.5,313.5,1220.4,374.25,0.7225,4.3999999999999995,4.025,4.625,1.19377990430622,4,2,1,False,True,True,True,False,True,True,True,True,True,False
FIRE+INFRA+TRANS+ENV,BBAC,1166.9,309.75,1148.4,376.25,0.7225,4.3999999999999995,4.025,4.625,1.2146892655367232,4,2,1,False,True,True,True,False,True,True,True,True,True,False
FIRE+INFRA+TRANS+ENV,BBBA,1174.0,313.75,1245.6,380.75,0.7225,4.3999999999999995,4.025,4.625,1.2135458167330677,4,2,1,False,True,True,True,False,True,True,True,True,True,False
FIRE+INFRA+TRANS+ENV,BBBB,1160.0,310.0,1180.8,408.0,0.7225,4.3999999999999995,4.025,4.625,1.3161290322580645,4,2,0,False,True,True,True,False,True,True,True,True,True,False
FIRE+INFRA+TRANS+ENV,BBBC,1154.4,306.25,1108.8,410.0,0.7225,4.3999999999999995,4.025,4.625,1.3387755102040817,4,2,0,False,True,True,True,False,True,True,True,True,True,False
FIRE+INFRA+TRANS+ENV,BBCA,1169.0,310.25,1201.6000000000001,388.75,0.7225,4.3999999999999995,4.025,4.625,1.2530217566478645,4,2,1,False,True,True,True,False,True,True,True,True,True,False
FIRE+INFRA+TRANS+ENV,BBCB,1155.0,306.5,1136.8,416.0,0.7225,4.3999999999999995,4.025,4.625,1.3572593800978794,4,2,0,False,True,True,True,False,True,True,True,True,True,False
FIRE+INFRA+TRANS+ENV,BBCC,1149.4,302.75,1064.8,418.0,0.7225,4.3999999999999995,4.025,4.625,1.3806771263418662,4,2,0,False,True,True,True,False,True,True,True,True,True,False
FIRE+INFRA+TRANS+ENV,BCAA,1180.3,313.25,1225.2,354.0,0.7225,4.3999999999999995,4.025,4.625,1.1300877893056664,4,2,2,True,True,True,True,True,True,True,True,True,True,False
FIRE+INFRA+TRANS+ENV,BCAB,1166.3,309.5,1160.4,381.25,0.7225,4.3999999999999995,4.025,4.625,1.2318255250403878,4,2,1,False,True,True,True,False,True,True,True,True,True,False
FIRE+INFRA+TRANS+ENV,BCAC,1160.7,305.75,1088.4,383.25,0.7225,4.3999999999999995,4.025,4.625,1.2534750613246115,4,2,1,False,True,True,True,False,True,True,True,True,True,False
FIRE+INFRA+TRANS+ENV,BCBA,1167.8,309.75,1185.6,387.75,0.7225,4.3999999999999995,4.025,4.625,1.25181598062954,4,2,1,False,True,True,True,False,True,True,True,True,True,False
FIRE+INFRA+TRANS+ENV,BCBB,1153.8,306.0,1120.8,415.0,0.7225,4.3999999999999995,4.025,4.625,1.3562091503267975,4,2,0,False,True,True,True,False,True,True,True,True,True,False
FIRE+INFRA+TRANS+ENV,BCBC,1148.2,302.25,1048.8,417.0,0.7225,4.3999999999999995,4.025,4.625,1.379652605459057,4,2,0,False,True,True,True,False,True,True,True,True,True,False
FIRE+INFRA+TRANS+ENV,BCCA,1162.8,306.25,1141.6000000000001,395.75,0.7225,4.3999999999999995,4.025,4.625,1.2922448979591836,4,2,1,False,True,True,True,False,True,True,True,True,True,False
FIRE+INFRA+TRANS+ENV,BCCB,1148.8,302.5,1076.8,423.0,0.7225,4.3999999999999995,4.025,4.625,1.3983471074380165,4,2,0,False,True,True,True,False,True,True,True,True,True,False
FIRE+INFRA+TRANS+ENV,BCCC,1143.2,298.75,1004.8,425.0,0.7225,4.3999999999999995,4.025,4.625,1.4225941422594142,4,2,0,False,True,True,True,False,True,True,True,True,True,False
FIRE+INFRA+TRANS+ENV,CAAA,1195.6,317.0,1227.2,293.25,0.7225,4.3999999999999995,4.025,4.625,0.9250788643533123,4,2,3,True,True,True,True,True,True,True,True,True,True,False
FIRE+INFRA+TRANS+ENV,CAAB,1181.6,313.25,1162.4,320.5,0.7225,4.3999999999999995,4.025,4.625,1.023144453312051,4,2,2,True,True,True,True,True,True,True,True,True,True,False
FIRE+INFRA+TRANS+ENV,CAAC,1176.0,309.5,1090.4,322.5,0.7225,4.3999999999999995,4.025,4.625,1.0420032310177707,4,2,2,True,True,True,True,True,True,True,True,True,True,True
FIRE+INFRA+TRANS+ENV,CABA,1183.1,313.5,1187.6,327.0,0.7225,4.3999999999999995,4.025,4.625,1.0430622009569377,4,2,2,True,True,True,True,True,True,True,True,True,True,False
FIRE+INFRA+TRANS+ENV,CABB,1169.1,309.75,1122.8,354.25,0.7225,4.3999999999999995,4.025,4.625,1.1436642453591606,4,2,1,False,True,True,True,False,True,True,True,True,True,False
FIRE+INFRA+TRANS+ENV,CABC,1163.5,306.0,1050.8,356.25,0.7225,4.3999999999999995,4.025,4.625,1.1642156862745099,4,2,1,False,True,True,True,False,True,True,True,True,True,False
FIRE+INFRA+TRANS+ENV,CACA,1178.1,310.0,1143.6000000000001,335.0,0.7225,4.3999999999999995,4.025,4.625,1.0806451612903225,4,2,2,True,True,True,True,True,True,True,True,True,True,True
FIRE+INFRA+TRANS+ENV,CACB,1164.1,306.25,1078.8,362.25,0.7225,4.3999999999999995,4.025,4.625,1.1828571428571428,4,2,1,False,True,True,True,False,True,True,True,True,True,False
FIRE+INFRA+TRANS+ENV,CACC,1158.5,302.5,1006.8,364.25,0.7225,4.3999999999999995,4.025,4.625,1.2041322314049587,4,2,1,False,True,True,True,False,True,True,True,True,True,False
FIRE+INFRA+TRANS+ENV,CBAA,1180.1,313.0,1173.2,329.5,0.7225,4.3999999999999995,4.025,4.625,1.0527156549520766,4,2,2,True,True,True,True,True,True,True,True,True,True,False
FIRE+INFRA+TRANS+ENV,CBAB,1166.1,309.25,1108.4,356.75,0.7225,4.3999999999999995,4.025,4.625,1.1535974130962006,4,2,1,False,True,True,True,False,True,True,True,True,True,False
FIRE+INFRA+TRANS+ENV,CBAC,1160.5,305.5,1036.4,358.75,0.7225,4.3999999999999995,4.025,4.625,1.17430441898527,4,2,1,False,True,True,True,False,True,True,True,True,True,False
FIRE+INFRA+TRANS+ENV,CBBA,1167.6,309.5,1133.6,363.25,0.7225,4.3999999999999995,4.025,4.625,1.1736672051696284,4,2,1,False,True,True,True,False,True,True,True,True,True,False
FIRE+INFRA+TRANS+ENV,CBBB,1153.6,305.75,1068.8,390.5,0.7225,4.3999999999999995,4.025,4.625,1.277187244480785,4,2,0,False,True,True,True,False,True,True,True,True,True,False
FIRE+INFRA+TRANS+ENV,CBBC,1148.0,302.0,996.8,392.5,0.7225,4.3999999999999995,4.025,4.625,1.2996688741721854,4,2,0,False,True,True,True,False,True,True,False,True,True,False
FIRE+INFRA+TRANS+ENV,CBCA,1162.6,306.0,1089.6000000000001,371.25,0.7225,4.3999999999999995,4.025,4.625,1.213235294117647,4,2,1,False,True,True,True,False,True,True,True,True,True,False
FIRE+INFRA+TRANS+ENV,CBCB,1148.6,302.25,1024.8,398.5,0.7225,4.3999999999999995,4.025,4.625,1.3184449958643507,4,2,0,False,True,True,True,False,True,True,True,True,True,False
FIRE+INFRA+TRANS+ENV,CBCC,1143.0,298.5,952.8,400.5,0.7225,4.3999999999999995,4.025,4.625,1.3417085427135678,4,2,0,False,True,True,True,False,True,True,False,True,True,False
FIRE+INFRA+TRANS+ENV,CCAA,1173.9,309.0,1113.2,336.5,0.7225,4.3999999999999995,4.025,4.625,1.0889967637540454,4,2,2,True,True,True,True,True,True,True,True,True,True,True
FIRE+INFRA+TRANS+ENV,CCAB,1159.9,305.25,1048.4,363.75,0.7225,4.3999999999999995,4.025,4.625,1.1916461916461916,4,2,1,False,True,True,True,False,True,True,True,True,True,False
FIRE+INFRA+TRANS+ENV,CCAC,1154.3,301.5,976.4,365.75,0.7225,4.3999999999999995,4.025,4.625,1.213101160862355,4,2,1,False,True,True,True,False,True,True,False,True,True,False
FIRE+INFRA+TRANS+ENV,CCBA,1161.4,305.5,1073.6,370.25,0.7225,4.3999999999999995,4.025,4.625,1.211947626841244,4,2,1,False,True,True,True,False,True,True,True,True,True,False
FIRE+INFRA+TRANS+ENV,CCBB,1147.4,301.75,1008.8,397.5,0.7225,4.3999999999999995,4.025,4.625,1.3173156586578294,4,2,0,False,True,True,True,False,True,True,True,True,True,False
FIRE+INFRA+TRANS+ENV,CCBC,1141.8,298.0,936.8,399.5,0.7225,4.3999999999999995,4.025,4.625,1.3406040268456376,4,2,0,False,True,True,True,False,True,True,False,True,True,False
FIRE+INFRA+TRANS+ENV,CCCA,1156.4,302.0,1029.6000000000001,378.25,0.7225,4.3999999999999995,4.025,4.625,1.2524834437086092,4,2,1,False,True,True,True,False,True,True,True,True,True,False
FIRE+INFRA+TRANS+ENV,CCCB,1142.4,298.25,964.8,405.5,0.7225,4.3999999999999995,4.025,4.625,1.3595976529756915,4,2,0,False,True,True,True,False,True,True,False,True,True,False
FIRE+INFRA+TRANS+ENV,CCCC,1136.8,294.5,892.8,407.5,0.7225,4.3999999999999995,4.025,4.625,1.3837011884550086,4,2,0,False,True,True,True,False,True,True,False,True,True,False
FIRE+INFRA+TRANS+SSA,AAAA,1270.5,346.5,1420.0,323.75,0.7000000000000001,4.199999999999999,3.75,4.675,0.9343434343434344,3,3,4,True,True,True,True,True,True,True,True,True,True,False
FIRE+INFRA+TRANS+SSA,AAAB,1254.0,341.75,1358.8,355.75,0.7000000000000001,4.199999999999999,3.75,4.675,1.0409656181419167,3,3,3,True,True,True,True,True,True,True,True,True,True,False
FIRE+INFRA+TRANS+SSA,AAAC,1247.4,337.0,1290.8,358.0,0.7000000000000001,4.199999999999999,3.75,4.675,1.0623145400593472,3,3,3,True,True,True,True,True,True,True,True,True,True,False
FIRE+INFRA+TRANS+SSA,AABA,1258.0,343.0,1380.4,357.5,0.7000000000000001,4.199999999999999,3.75,4.675,1.0422740524781342,3,3,3,True,True,True,True,True,True,True,True,True,True,False
FIRE+INFRA+TRANS+SSA,AABB,1241.5,338.25,1319.1999999999998,389.5,0.7000000000000001,4.199999999999999,3.75,4.675,1.1515151515151516,3,3,2,True,True,True,True,True,True,True,True,True,True,False
FIRE+INFRA+TRANS+SSA,AABC,1234.9,333.5,1251.1999999999998,391.75,0.7000000000000001,4.199999999999999,3.75,4.675,1.1746626686656672,3,3,2,True,True,True,True,True,True,True,True,True,True,False
FIRE+INFRA+TRANS+SSA,AACA,1253.0,339.5,1336.4,365.5,0.7000000000000001,4.199999999999999,3.75,4.675,1.076583210603829,3,3,3,True,True,True,True,True,True,True,True,True,True,False
FIRE+INFRA+TRANS+SSA,AACB,1236.5,334.75,1275.2,397.5,0.7000000000000001,4.199999999999999,3.75,4.675,1.1874533233756535,3,3,2,True,True,True,True,True,True,True,True,True,True,False
FIRE+INFRA+TRANS+SSA,AACC,1229.9,330.0,1207.2,399.75,0.7000000000000001,4.199999999999999,3.75,4.675,1.2113636363636364,3,3,2,True,True,True,True,True,True,True,True,True,True,False
FIRE+INFRA+TRANS+SSA,ABAA,1255.0,342.5,1366.0,360.0,0.7000000000000001,4.199999999999999,3.75,4.675,1.051094890510949,3,3,3,True,True,True,True,True,True,True,True,True,True,False
FIRE+INFRA+TRANS+SSA,ABAB,1238.5,337.75,1304.8,392.0,0.7000000000000001,4.199999999999999,3.75,4.675,1.160621761658031,3,3,2,True,True,True,True,True,True,True,True,True,True,False
FIRE+INFRA+TRANS+SSA,ABAC,1231.9,333.0,1236.8,394.25,0.7000000000000001,4.199999999999999,3.75,4.675,1.1839339339339339,3,3,2,True,True,True,True,True,True,True,True,True,True,False
FIRE+INFRA+TRANS+SSA,ABBA,1242.5,339.0,1326.4,393.75,0.7000000000000001,4.199999999999999,3.75,4.675,1.1615044247787611,3,3,2,True,True,True,True,True,True,True,True,True,True,False
FIRE+INFRA+TRANS+SSA,ABBB,1226.0,334.25,1265.1999999999998,425.75,0.7000000000000001,4.199999999999999,3.75,4.675,1.2737471952131638,3,3,1,False,True,True,True,False,True,True,True,True,True,False
FIRE+INFRA+TRANS+SSA,ABBC,1219.4,329.5,1197.1999999999998,428.0,0.7000000000000001,4.199999999999999,3.75,4.675,1.298937784522003,3,3,1,False,True,True,True,False,True,True,True,True,True,False
FIRE+INFRA+TRANS+SSA,ABCA,1237.5,335.5,1282.4,401.75,0.7000000000000001,4.199999999999999,3.75,4.675,1.1974664679582712,3,3,2,True,True,True,True,True,True,True,True,True,True,False
FIRE+INFRA+TRANS+SSA,ABCB,1221.0,330.75,1221.2,433.75,0.7000000000000001,4.199999999999999,3.75,4.675,1.311413454270597,3,3,1,False,True,True,True,False,True,True,True,True,True,False
FIRE+INFRA+TRANS+SSA,ABCC,1214.4,326.0,1153.2,436.0,0.7000000000000001,4.199999999999999,3.75,4.675,1.3374233128834356,3,3,1,False,True,True,True,False,True,True,True,True,True,False
FIRE+INFRA+TRANS+SSA,ACAA,1248.8,338.5,1306.0,367.0,0.7000000000000001,4.199999999999999,3.75,4.675,1.0841949778434268,3,3,3,True,True,True,True,True,True,True,True,True,True,False
FIRE+INFRA+TRANS+SSA,ACAB,1232.3,333.75,1244.8,399.0,0.7000000000000001,4.199999999999999,3.75,4.675,1.195505617977528,3,3,2,True,True,True,True,True,True,True,True,True,True,False
FIRE+INFRA+TRANS+SSA,ACAC,1225.6999999999998,329.0,1176.8,401.25,0.7000000000000001,4.199999999999999,3.75,4.675,1.2196048632218845,3,3,2,True,True,True,True,True,True,True,True,True,True,False
FIRE+INFRA+TRANS+SSA,ACBA,1236.3,335.0,1266.4,400.75,0.7000000000000001,4.199999999999999,3.75,4.675,1.1962686567164178,3,3,2,True,True,True,True,True,True,True,True,True,True,False
FIRE+INFRA+TRANS+SSA,ACBB,1219.8,330.25,1205.1999999999998,432.75,0.7000000000000001,4.199999999999999,3.75,4.675,1.3103709311127933,3,3,1,False,True,True,True,False,True,True,True,True,True,False
FIRE+INFRA+TRANS+SSA,ACBC,1213.1999999999998,325.5,1137.1999999999998,435.0,0.7000000000000001,4.199999999999999,3.75,4.675,1.336405529953917,3,3,1,False,True,True,True,False,True,True,True,True,True,False
FIRE+INFRA+TRANS+SSA,ACCA,1231.3,331.5,1222.4,408.75,0.7000000000000001,4.199999999999999,3.75,4.675,1.2330316742081449,3,3,2,True,True,True,True,True,True,True,True,True,True,False
FIRE+INFRA+TRANS+SSA,ACCB,1214.8,326.75,1161.2,440.75,0.7000000000000001,4.199999999999999,3.75,4.675,1.3488905891354246,3,3,1,False,True,True,True,False,True,True,True,True,True,False
FIRE+INFRA+TRANS+SSA,ACCC,1208.1999999999998,322.0,1093.2,443.0,0.7000000000000001,4.199999999999999,3.75,4.675,1.375776397515528,3,3,1,False,True,True,True,False,True,True,True,True,True,False
FIRE+INFRA+TRANS+SSA,BAAA,1254.5,342.25,1319.2,324.5,0.7000000000000001,4.199999999999999,3.75,4.675,0.9481373265157049,3,3,3,True,True,True,True,True,True,True,True,True,True,False
FIRE+INFRA+TRANS+SSA,BAAB,1238.0,337.5,1258.0,356.5,0.7000000000000001,4.199999999999999,3.75,4.675,1.0562962962962963,3,3,2,True,True,True,True,True,True,True,True,True,True,False
FIRE+INFRA+TRANS+SSA,BAAC,1231.4,332.75,1190.0,358.75,0.7000000000000001,4.199999999999999,3.75,4.675,1.0781367392937642,3,3,2,True,True,True,True,True,True,True,True,True,True,False
FIRE+INFRA+TRANS+SSA,BABA,1242.0,338.75,1279.6,358.25,0.7000000000000001,4.199999999999999,3.75,4.675,1.0575645756457566,3,3,2,True,True,True,True,True,True,True,True,True,True,False
FIRE+INFRA+TRANS+SSA,BABB,1225.5,334.0,1218.4,390.25,0.7000000000000001,4.199999999999999,3.75,4.675,1.1684131736526946,3,3,1,False,True,True,True,False,True,True,True,True,True,False
FIRE+INFRA+TRANS+SSA,BABC,1218.9,329.25,1150.4,392.5,0.7000000000000001,4.199999999999999,3.75,4.675,1.1921032649962036,3,3,1,False,True,True,True,False,True,True,True,True,True,False
FIRE+INFRA+TRANS+SSA,BACA,1237.0,335.25,1235.6000000000001,366.25,0.7000000000000001,4.199999999999999,3.75,4.675,1.0924683072334078,3,3,2,True,True,True,True,True,True,True,True,True,True,False
FIRE+INFRA+TRANS+SSA,BACB,1220.5,330.5,1174.4,398.25,0.7000000000000001,4.199999999999999,3.75,4.675,1.2049924357034796,3,3,1,False,True,True,True,False,True,True,True,True,True,False
FIRE+INFRA+TRANS+SSA,BACC,1213.9,325.75,1106.4,400.5,0.7000000000000001,4.199999999999999,3.75,4.675,1.229470452801228,3,3,1,False,True,True,True,False,True,True,True,True,True,False
FIRE+INFRA+TRANS+SSA,BBAA,1239.0,338.25,1265.1999999999998,360.75,0.7000000000000001,4.199999999999999,3.75,4.675,1.0665188470066518,3,3,2,True,True,True,True,True,True,True,True,True,True,False
FIRE+INFRA+TRANS+SSA,BBAB,1222.5,333.5,1204.0,392.75,0.7000000000000001,4.199999999999999,3.75,4.675,1.1776611694152923,3,3,1,False,True,True,True,False,True,True,True,True,True,False
FIRE+INFRA+TRANS+SSA,BBAC,1215.9,328.75,1136.0,395.0,0.7000000000000001,4.199999999999999,3.75,4.675,1.2015209125475286,3,3,1,False,True,True,True,False,True,True,True,True,True,False
FIRE+INFRA+TRANS+SSA,BBBA,1226.5,334.75,1225.6,394.5,0.7000000000000001,4.199999999999999,3.75,4.675,1.1784914115011202,3,3,1,False,True,True,True,False,True,True,True,True,True,False
FIRE+INFRA+TRANS+SSA,BBBB,1210.0,330.0,1164.4,426.5,0.7000000000000001,4.199999999999999,3.75,4.675,1.2924242424242425,3,3,0,False,True,True,True,False,True,True,True,True,True,False
FIRE+INFRA+TRANS+SSA,BBBC,1203.4,325.25,1096.4,428.75,0.7000000000000001,4.199999999999999,3.75,4.675,1.3182167563412759,3,3,0,False,True,True,True,False,True,True,True,True,True,False
FIRE+INFRA+TRANS+SSA,BBCA,1221.5,331.25,1181.6,402.5,0.7000000000000001,4.199999999999999,3.75,4.675,1.2150943396226415,3,3,1,False,True,True,True,False,True,True,True,True,True,False
FIRE+INFRA+TRANS+SSA,BBCB,1205.0,326.5,1120.4,434.5,0.7000000000000001,4.199999999999999,3.75,4.675,1.330781010719755,3,3,0,False,True,True,True,False,True,True,True,True,True,False
FIRE+INFRA+TRANS+SSA,BBCC,1198.4,321.75,1052.4,436.75,0.7000000000000001,4.199999999999999,3.75,4.675,1.3574203574203574,3,3,0,False,True,True,True,False,True,True,True,True,True,False
FIRE+INFRA+TRANS+SSA,BCAA,1232.8,334.25,1205.2,367.75,0.7000000000000001,4.199999999999999,3.75,4.675,1.100224382946896,3,3,2,True,True,True,True,True,True,True,True,True,True,False
FIRE+INFRA+TRANS+SSA,BCAB,1216.3,329.5,1144.0,399.75,0.7000000000000001,4.199999999999999,3.75,4.675,1.2132018209408195,3,3,1,False,True,True,True,False,True,True,True,True,True,False
FIRE+INFRA+TRANS+SSA,BCAC,1209.6999999999998,324.75,1076.0,402.0,0.7000000000000001,4.199999999999999,3.75,4.675,1.2378752886836029,3,3,1,False,True,True,True,False,True,True,True,True,True,False
FIRE+INFRA+TRANS+SSA,BCBA,1220.3,330.75,1165.6,401.5,0.7000000000000001,4.199999999999999,3.75,4.675,1.2139077853363567,3,3,1,False,True,True,True,False,True,True,True,True,True,False
FIRE+INFRA+TRANS+SSA,BCBB,1203.8,326.0,1104.4,433.5,0.7000000000000001,4.199999999999999,3.75,4.675,1.3297546012269938,3,3,0,False,True,True,True,False,True,True,True,True,True,False
FIRE+INFRA+TRANS+SSA,BCBC,1197.1999999999998,321.25,1036.4,435.75,0.7000000000000001,4.199999999999999,3.75,4.675,1.356420233463035,3,3,0,False,True,True,True,False,True,True,True,True,True,False
FIRE+INFRA+TRANS+SSA,BCCA,1215.3,327.25,1121.6000000000001,409.5,0.7000000000000001,4.199999999999999,3.75,4.675,1.2513368983957218,3,3,1,False,True,True,True,False,True,True,True,True,True,False
FIRE+INFRA+TRANS+SSA,BCCB,1198.8,322.5,1060.4,441.5,0.7000000000000001,4.199999999999999,3.75,4.675,1.3689922480620156,3,3,0,False,True,True,True,False,True,True,True,True,True,False
FIRE+INFRA+TRANS+SSA,BCCC,1192.1999999999998,317.75,992.4,443.75,0.7000000000000001,4.199999999999999,3.75,4.675,1.3965381589299763,3,3,0,False,True,True,True,False,True,True,False,True,True,False
FIRE+INFRA+TRANS+SSA,CAAA,1248.1,338.0,1207.2,307.0,0.7000000000000001,4.199999999999999,3.75,4.675,0.908284023668639,3,3,3,True,True,True,True,True,True,True,True,True,True,False
FIRE+INFRA+TRANS+SSA,CAAB,1231.6,333.25,1146.0,339.0,0.7000000000000001,4.199999999999999,3.75,4.675,1.0172543135783947,3,3,2,True,True,True,True,True,True,True,True,True,True,False
FIRE+INFRA+TRANS+SSA,CAAC,1225.0,328.5,1078.0,341.25,0.7000000000000001,4.199999999999999,3.75,4.675,1.038812785388128,3,3,2,True,True,True,True,True,True,True,True,True,True,False
FIRE+INFRA+TRANS+SSA,CABA,1235.6,334.5,1167.6,340.75,0.7000000000000001,4.199999999999999,3.75,4.675,1.0186846038863977,3,3,2,True,True,True,True,True,True,True,True,True,True,False
FIRE+INFRA+TRANS+SSA,CABB,1219.1,329.75,1106.4,372.75,0.7000000000000001,4.199999999999999,3.75,4.675,1.130401819560273,3,3,1,False,True,True,True,False,True,True,True,True,True,False
FIRE+INFRA+TRANS+SSA,CABC,1212.5,325.0,1038.4,375.0,0.7000000000000001,4.199999999999999,3.75,4.675,1.1538461538461537,3,3,1,False,True,True,True,False,True,True,True,True,True,False
FIRE+INFRA+TRANS+SSA,CACA,1230.6,331.0,1123.6000000000001,348.75,0.7000000000000001,4.199999999999999,3.75,4.675,1.0536253776435045,3,3,2,True,True,True,True,True,True,True,True,True,True,False
FIRE+INFRA+TRANS+SSA,CACB,1214.1,326.25,1062.4,380.75,0.7000000000000001,4.199999999999999,3.75,4.675,1.1670498084291188,3,3,1,False,True,True,True,False,True,True,True,True,True,False
FIRE+INFRA+TRANS+SSA,CACC,1207.5,321.5,994.4,383.0,0.7000000000000001,4.199999999999999,3.75,4.675,1.1912908242612752,3,3,1,False,True,True,True,False,True,True,False,True,True,False
FIRE+INFRA+TRANS+SSA,CBAA,1232.6,334.0,1153.1999999999998,343.25,0.7000000000000001,4.199999999999999,3.75,4.675,1.027694610778443,3,3,2,True,True,True,True,True,True,True,True,True,True,False
FIRE+INFRA+TRANS+SSA,CBAB,1216.1,329.25,1092.0,375.25,0.7000000000000001,4.199999999999999,3.75,4.675,1.1397114654517844,3,3,1,False,True,True,True,False,True,True,True,True,True,False
FIRE+INFRA+TRANS+SSA,CBAC,1209.5,324.5,1024.0,377.5,0.7000000000000001,4.199999999999999,3.75,4.675,1.1633281972265024,3,3,1,False,True,True,True,False,True,True,True,True,True,False
FIRE+INFRA+TRANS+SSA,CBBA,1220.1,330.5,1113.6,377.0,0.7000000000000001,4.199999999999999,3.75,4.675,1.140695915279879,3,3,1,False,True,True,True,False,True,True,True,True,True,False
FIRE+INFRA+TRANS+SSA,CBBB,1203.6,325.75,1052.4,409.0,0.7000000000000001,4.199999999999999,3.75,4.675,1.2555640828856485,3,3,0,False,True,True,True,False,True,True,True,True,True,False
FIRE+INFRA+TRANS+SSA,CBBC,1197.0,321.0,984.4,411.25,0.7000000000000001,4.199999999999999,3.75,4.675,1.2811526479750779,3,3,0,False,True,True,True,False,True,True,False,True,True,False
FIRE+INFRA+TRANS+SSA,CBCA,1215.1,327.0,1069.6,385.0,0.7000000000000001,4.199999999999999,3.75,4.675,1.1773700305810397,3,3,1,False,True,True,True,False,True,True,True,True,True,False
FIRE+INFRA+TRANS+SSA,CBCB,1198.6,322.25,1008.4,417.0,0.7000000000000001,4.199999999999999,3.75,4.675,1.2940263770364624,3,3,0,False,True,True,True,False,True,True,True,True,True,False
FIRE+INFRA+TRANS+SSA,CBCC,1192.0,317.5,940.4,419.25,0.7000000000000001,4.199999999999999,3.75,4.675,1.3204724409448818,3,3,0,False,True,True,True,False,True,True,False,True,True,False
FIRE+INFRA+TRANS+SSA,CCAA,1226.4,330.0,1093.2,350.25,0.7000000000000001,4.199999999999999,3.75,4.675,1.0613636363636363,3,3,2,True,True,True,True,True,True,True,True,True,True,False
FIRE+INFRA+TRANS+SSA,CCAB,1209.9,325.25,1032.0,382.25,0.7000000000000001,4.199999999999999,3.75,4.675,1.175249807840123,3,3,1,False,True,True,True,False,True,True,True,True,True,False
FIRE+INFRA+TRANS+SSA,CCAC,1203.3000000000002,320.5,964.0,384.5,0.7000000000000001,4.199999999999999,3.75,4.675,1.1996879875195008,3,3,1,False,True,True,True,False,True,True,False,True,True,False
FIRE+INFRA+TRANS+SSA,CCBA,1213.9,326.5,1053.6,384.0,0.7000000000000001,4.199999999999999,3.75,4.675,1.1761102603369067,3,3,1,False,True,True,True,False,True,True,True,True,True,False
FIRE+INFRA+TRANS+SSA,CCBB,1197.4,321.75,992.4,416.0,0.7000000000000001,4.199999999999999,3.75,4.675,1.292929292929293,3,3,0,False,True,True,True,False,True,True,False,True,True,False
FIRE+INFRA+TRANS+SSA,CCBC,1190.8000000000002,317.0,924.4,418.25,0.7000000000000001,4.199999999999999,3.75,4.675,1.3194006309148265,3,3,0,False,True,True,True,False,True,True,False,True,True,False
FIRE+INFRA+TRANS+SSA,CCCA,1208.9,323.0,1009.6,392.0,0.7000000000000001,4.199999999999999,3.75,4.675,1.2136222910216719,3,3,1,False,True,True,True,False,True,True,True,True,True,False
FIRE+INFRA+TRANS+SSA,CCCB,1192.4,318.25,948.4,424.0,0.7000000000000001,4.199999999999999,3.75,4.675,1.3322859387274155,3,3,0,False,True,True,True,False,True,True,False,True,True,False
FIRE+INFRA+TRANS+SSA,CCCC,1185.8000000000002,313.5,880.4,426.25,0.7000000000000001,4.199999999999999,3.75,4.675,1.3596491228070176,3,3,0,False,True,True,True,False,True,True,False,True,True,False
FIRE+INFRA+ENV+SSA,AAAA,1302.0,351.75,1560.0,331.25,0.6900000000000001,4.1,3.6999999999999997,4.675,0.9417199715707179,3,3,4,False,True,True,True,True,False,True,True,True,True,False
FIRE+INFRA+ENV+SSA,AAAB,1285.5,347.0,1498.8,363.25,0.6900000000000001,4.1,3.6999999999999997,4.675,1.0468299711815563,3,3,3,True,True,True,True,True,True,True,True,True,True,False
FIRE+INFRA+ENV+SSA,AAAC,1278.9,342.25,1430.8,365.5,0.6900000000000001,4.1,3.6999999999999997,4.675,1.0679327976625275,3,3,3,True,True,True,True,True,True,True,True,True,True,False
FIRE+INFRA+ENV+SSA,AABA,1288.0,348.0,1495.2,358.5,0.6900000000000001,4.1,3.6999999999999997,4.675,1.0301724137931034,3,3,3,True,True,True,True,True,True,True,True,True,True,False
FIRE+INFRA+ENV+SSA,AABB,1271.5,343.25,1434.0,390.5,0.6900000000000001,4.1,3.6999999999999997,4.675,1.1376547705753823,3,3,2,True,True,True,True,True,True,True,True,True,True,False
FIRE+INFRA+ENV+SSA,AABC,1264.9,338.5,1366.0,392.75,0.6900000000000001,4.1,3.6999999999999997,4.675,1.1602658788774003,3,3,2,True,True,True,True,True,True,True,True,True,True,False
FIRE+INFRA+ENV+SSA,AACA,1282.4,344.25,1423.2,360.5,0.6900000000000001,4.1,3.6999999999999997,4.675,1.04720406681191,3,3,3,True,True,True,True,True,True,True,True,True,True,False
FIRE+INFRA+ENV+SSA,AACB,1265.9,339.5,1362.0,392.5,0.6900000000000001,4.1,3.6999999999999997,4.675,1.1561119293078055,3,3,2,True,True,True,True,True,True,True,True,True,True,False
FIRE+INFRA+ENV+SSA,AACC,1259.3,334.75,1294.0,394.75,0.6900000000000001,4.1,3.6999999999999997,4.675,1.1792382374906647,3,3,2,True,True,True,True,True,True,True,True,True,True,False
FIRE+INFRA+ENV+SSA,ABAA,1286.5,347.75,1506.0,367.5,0.6900000000000001,4.1,3.6999999999999997,4.675,1.0567936736161034,3,3,3,True,True,True,True,True,True,True,True,True,True,False
FIRE+INFRA+ENV+SSA,ABAB,1270.0,343.0,1444.8,399.5,0.6900000000000001,4.1,3.6999999999999997,4.675,1.1647230320699709,3,3,2,True,True,True,True,True,True,True,True,True,True,False
FIRE+INFRA+ENV+SSA,ABAC,1263.4,338.25,1376.8,401.75,0.6900000000000001,4.1,3.6999999999999997,4.675,1.187730968218773,3,3,2,True,True,True,True,True,True,True,True,True,True,False
FIRE+INFRA+ENV+SSA,ABBA,1272.5,344.0,1441.2,394.75,0.6900000000000001,4.1,3.6999999999999997,4.675,1.1475290697674418,3,3,2,True,True,True,True,True,True,True,True,True,True,False
FIRE+INFRA+ENV+SSA,ABBB,1256.0,339.25,1380.0,426.75,0.6900000000000001,4.1,3.6999999999999997,4.675,1.25792188651437,3,3,1,False,True,True,True,False,True,True,True,True,True,False
FIRE+INFRA+ENV+SSA,ABBC,1249.4,334.5,1312.0,429.0,0.6900000000000001,4.1,3.6999999999999997,4.675,1.2825112107623318,3,3,1,False,True,True,True,False,True,True,True,True,True,False
FIRE+INFRA+ENV+SSA,ABCA,1266.9,340.25,1369.2,396.75,0.6900000000000001,4.1,3.6999999999999997,4.675,1.166054371785452,3,3,2,True,True,True,True,True,True,True,True,True,True,False
FIRE+INFRA+ENV+SSA,ABCB,1250.4,335.5,1308.0,428.75,0.6900000000000001,4.1,3.6999999999999997,4.675,1.2779433681073025,3,3,1,False,True,True,True,False,True,True,True,True,True,False
FIRE+INFRA+ENV+SSA,ABCC,1243.8,330.75,1240.0,431.0,0.6900000000000001,4.1,3.6999999999999997,4.675,1.3030990173847317,3,3,1,False,True,True,True,False,True,True,True,True,True,False
FIRE+INFRA+ENV+SSA,ACAA,1280.3,343.75,1446.0,374.5,0.6900000000000001,4.1,3.6999999999999997,4.675,1.0894545454545455,3,3,3,True,True,True,True,True,True,True,True,True,True,False
FIRE+INFRA+ENV+SSA,ACAB,1263.8,339.0,1384.8,406.5,0.6900000000000001,4.1,3.6999999999999997,4.675,1.1991150442477876,3,3,2,True,True,True,True,True,True,True,True,True,True,False
FIRE+INFRA+ENV+SSA,ACAC,1257.1999999999998,334.25,1316.8,408.75,0.6900000000000001,4.1,3.6999999999999997,4.675,1.2228870605833957,3,3,2,True,True,True,True,True,True,True,True,True,True,False
FIRE+INFRA+ENV+SSA,ACBA,1266.3,340.0,1381.2,401.75,0.6900000000000001,4.1,3.6999999999999997,4.675,1.1816176470588236,3,3,2,True,True,True,True,True,True,True,True,True,True,False
FIRE+INFRA+ENV+SSA,ACBB,1249.8,335.25,1320.0,433.75,0.6900000000000001,4.1,3.6999999999999997,4.675,1.2938105891126026,3,3,1,False,True,True,True,False,True,True,True,True,True,False
FIRE+INFRA+ENV+SSA,ACBC,1243.1999999999998,330.5,1252.0,436.0,0.6900000000000001,4.1,3.6999999999999997,4.675,1.319213313161876,3,3,1,False,True,True,True,False,True,True,True,True,True,False
FIRE+INFRA+ENV+SSA,ACCA,1260.7,336.25,1309.2,403.75,0.6900000000000001,4.1,3.6999999999999997,4.675,1.2007434944237918,3,3,2,True,True,True,True,True,True,True,True,True,True,False
FIRE+INFRA+ENV+SSA,ACCB,1244.2,331.5,1248.0,435.75,0.6900000000000001,4.1,3.6999999999999997,4.675,1.3144796380090498,3,3,1,False,True,True,True,False,True,True,True,True,True,False
FIRE+INFRA+ENV+SSA,ACCC,1237.6,326.75,1180.0,438.0,0.6900000000000001,4.1,3.6999999999999997,4.675,1.3404743687834737,3,3,1,False,True,True,True,False,True,True,True,True,True,False
FIRE+INFRA+ENV+SSA,BAAA,1286.0,347.5,1459.2,332.0,0.6900000000000001,4.1,3.6999999999999997,4.675,0.9553956834532374,3,3,3,True,True,True,True,True,True,True,True,True,True,False
FIRE+INFRA+ENV+SSA,BAAB,1269.5,342.75,1398.0,364.0,0.6900000000000001,4.1,3.6999999999999997,4.675,1.061998541210795,3,3,2,True,True,True,True,True,True,True,True,True,True,False
FIRE+INFRA+ENV+SSA,BAAC,1262.9,338.0,1330.0,366.25,0.6900000000000001,4.1,3.6999999999999997,4.675,1.0835798816568047,3,3,2,True,True,True,True,True,True,True,True,True,True,False
FIRE+INFRA+ENV+SSA,BABA,1272.0,343.75,1394.4,359.25,0.6900000000000001,4.1,3.6999999999999997,4.675,1.045090909090909,3,3,2,True,True,True,True,True,True,True,True,True,True,False
FIRE+INFRA+ENV+SSA,BABB,1255.5,339.0,1333.2,391.25,0.6900000000000001,4.1,3.6999999999999997,4.675,1.1541297935103245,3,3,1,False,True,True,True,False,True,True,True,True,True,False
FIRE+INFRA+ENV+SSA,BABC,1248.9,334.25,1265.2,393.5,0.6900000000000001,4.1,3.6999999999999997,4.675,1.1772625280478684,3,3,1,False,True,True,True,False,True,True,True,True,True,False
FIRE+INFRA+ENV+SSA,BACA,1266.4,340.0,1322.4,361.25,0.6900000000000001,4.1,3.6999999999999997,4.675,1.0625,3,3,2,True,True,True,True,True,True,True,True,True,True,False
FIRE+INFRA+ENV+SSA,BACB,1249.9,335.25,1261.2,393.25,0.6900000000000001,4.1,3.6999999999999997,4.675,1.1730052199850858,3,3,1,False,True,True,True,False,True,True,True,True,True,False
FIRE+INFRA+ENV+SSA,BACC,1243.3,330.5,1193.2,395.5,0.6900000000000001,4.1,3.6999999999999997,4.675,1.1966717095310135,3,3,1,False,True,True,True,False,True,True,True,True,True,False
FIRE+INFRA+ENV+SSA,BBAA,1270.5,343.5,1405.2,368.25,0.6900000000000001,4.1,3.6999999999999997,4.675,1.0720524017467248,3,3,2,True,True,True,True,True,True,True,True,True,True,False
FIRE+INFRA+ENV+SSA,BBAB,1254.0,338.75,1344.0,400.25,0.6900000000000001,4.1,3.6999999999999997,4.675,1.181549815498155,3,3,1,False,True,True,True,False,True,True,True,True,True,False
FIRE+INFRA+ENV+SSA,BBAC,1247.4,334.0,1276.0,402.5,0.6900000000000001,4.1,3.6999999999999997,4.675,1.2050898203592815,3,3,1,False,True,True,True,False,True,True,True,True,True,False
FIRE+INFRA+ENV+SSA,BBBA,1256.5,339.75,1340.4,395.5,0.6900000000000001,4.1,3.6999999999999997,4.675,1.1640912435614423,3,3,1,False,True,True,True,False,True,True,True,True,True,False
FIRE+INFRA+ENV+SSA,BBBB,1240.0,335.0,1279.2,427.5,0.6900000000000001,4.1,3.6999999999999997,4.675,1.2761194029850746,3,3,0,False,True,True,True,False,True,True,True,True,True,False
FIRE+INFRA+ENV+SSA,BBBC,1233.4,330.25,1211.2,429.75,0.6900000000000001,4.1,3.6999999999999997,4.675,1.3012869038607116,3,3,0,False,True,True,True,False,True,True,True,True,True,False
FIRE+INFRA+ENV+SSA,BBCA,1250.9,336.0,1268.4,397.5,0.6900000000000001,4.1,3.6999999999999997,4.675,1.1830357142857142,3,3,1,False,True,True,True,False,True,True,True,True,True,False
FIRE+INFRA+ENV+SSA,BBCB,1234.4,331.25,1207.2,429.5,0.6900000000000001,4.1,3.6999999999999997,4.675,1.2966037735849056,3,3,0,False,True,True,True,False,True,True,True,True,True,False
FIRE+INFRA+ENV+SSA,BBCC,1227.8,326.5,1139.2,431.75,0.6900000000000001,4.1,3.6999999999999997,4.675,1.3223583460949464,3,3,0,False,True,True,True,False,True,True,True,True,True,False
FIRE+INFRA+ENV+SSA,BCAA,1264.3,339.5,1345.2,375.25,0.6900000000000001,4.1,3.6999999999999997,4.675,1.1053019145802652,3,3,2,True,True,True,True,True,True,True,True,True,True,False
FIRE+INFRA+ENV+SSA,BCAB,1247.8,334.75,1284.0,407.25,0.6900000000000001,4.1,3.6999999999999997,4.675,1.2165795369678865,3,3,1,False,True,True,True,False,True,True,True,True,True,False
FIRE+INFRA+ENV+SSA,BCAC,1241.1999999999998,330.0,1216.0,409.5,0.6900000000000001,4.1,3.6999999999999997,4.675,1.240909090909091,3,3,1,False,True,True,True,False,True,True,True,True,True,False
FIRE+INFRA+ENV+SSA,BCBA,1250.3,335.75,1280.4,402.5,0.6900000000000001,4.1,3.6999999999999997,4.675,1.1988086373790023,3,3,1,False,True,True,True,False,True,True,True,True,True,False
FIRE+INFRA+ENV+SSA,BCBB,1233.8,331.0,1219.2,434.5,0.6900000000000001,4.1,3.6999999999999997,4.675,1.3126888217522659,3,3,0,False,True,True,True,False,True,True,True,True,True,False
FIRE+INFRA+ENV+SSA,BCBC,1227.1999999999998,326.25,1151.2,436.75,0.6900000000000001,4.1,3.6999999999999997,4.675,1.338697318007663,3,3,0,False,True,True,True,False,True,True,True,True,True,False
FIRE+INFRA+ENV+SSA,BCCA,1244.7,332.0,1208.4,404.5,0.6900000000000001,4.1,3.6999999999999997,4.675,1.2183734939759037,3,3,1,False,True,True,True,False,True,True,True,True,True,False
FIRE+INFRA+ENV+SSA,BCCB,1228.2,327.25,1147.2,436.5,0.6900000000000001,4.1,3.6999999999999997,4.675,1.333842627960275,3,3,0,False,True,True,True,False,True,True,True,True,True,False
FIRE+INFRA+ENV+SSA,BCCC,1221.6,322.5,1079.2,438.75,0.6900000000000001,4.1,3.6999999999999997,4.675,1.3604651162790697,3,3,0,False,True,True,True,False,True,True,True,True,True,False
FIRE+INFRA+ENV+SSA,CAAA,1279.6,343.25,1347.2,314.5,0.6900000000000001,4.1,3.6999999999999997,4.675,0.9162418062636563,3,3,3,True,True,True,True,True,True,True,True,True,True,False
FIRE+INFRA+ENV+SSA,CAAB,1263.1,338.5,1286.0,346.5,0.6900000000000001,4.1,3.6999999999999997,4.675,1.0236336779911375,3,3,2,True,True,True,True,True,True,True,True,True,True,False
FIRE+INFRA+ENV+SSA,CAAC,1256.5,333.75,1218.0,348.75,0.6900000000000001,4.1,3.6999999999999997,4.675,1.0449438202247192,3,3,2,True,True,True,True,True,True,True,True,True,True,False
FIRE+INFRA+ENV+SSA,CABA,1265.6,339.5,1282.4,341.75,0.6900000000000001,4.1,3.6999999999999997,4.675,1.0066273932253313,3,3,2,True,True,True,True,True,True,True,True,True,True,False
FIRE+INFRA+ENV+SSA,CABB,1249.1,334.75,1221.2,373.75,0.6900000000000001,4.1,3.6999999999999997,4.675,1.116504854368932,3,3,1,False,True,True,True,False,True,True,True,True,True,False
FIRE+INFRA+ENV+SSA,CABC,1242.5,330.0,1153.2,376.0,0.6900000000000001,4.1,3.6999999999999997,4.675,1.1393939393939394,3,3,1,False,True,True,True,False,True,True,True,True,True,False
FIRE+INFRA+ENV+SSA,CACA,1260.0,335.75,1210.4,343.75,0.6900000000000001,4.1,3.6999999999999997,4.675,1.0238272524199554,3,3,2,True,True,True,True,True,True,True,True,True,True,False
FIRE+INFRA+ENV+SSA,CACB,1243.5,331.0,1149.2,375.75,0.6900000000000001,4.1,3.6999999999999997,4.675,1.1351963746223566,3,3,1,False,True,True,True,False,True,True,True,True,True,False
FIRE+INFRA+ENV+SSA,CACC,1236.9,326.25,1081.2,378.0,0.6900000000000001,4.1,3.6999999999999997,4.675,1.1586206896551725,3,3,1,False,True,True,True,False,True,True,True,True,True,False
FIRE+INFRA+ENV+SSA,CBAA,1264.1,339.25,1293.2,350.75,0.6900000000000001,4.1,3.6999999999999997,4.675,1.0338983050847457,3,3,2,True,True,True,True,True,True,True,True,True,True,False
FIRE+INFRA+ENV+SSA,CBAB,1247.6,334.5,1232.0,382.75,0.6900000000000001,4.1,3.6999999999999997,4.675,1.1442451420029895,3,3,1,False,True,True,True,False,True,True,True,True,True,False
FIRE+INFRA+ENV+SSA,CBAC,1241.0,329.75,1164.0,385.0,0.6900000000000001,4.1,3.6999999999999997,4.675,1.1675511751326764,3,3,1,False,True,True,True,False,True,True,True,True,True,False
FIRE+INFRA+ENV+SSA,CBBA,1250.1,335.5,1228.4,378.0,0.6900000000000001,4.1,3.6999999999999997,4.675,1.126676602086438,3,3,1,False,True,True,True,False,True,True,True,True,True,False
FIRE+INFRA+ENV+SSA,CBBB,1233.6,330.75,1167.2,410.0,0.6900000000000001,4.1,3.6999999999999997,4.675,1.2396069538926682,3,3,0,False,True,True,True,False,True,True,True,True,True,False
FIRE+INFRA+ENV+SSA,CBBC,1227.0,326.0,1099.2,412.25,0.6900000000000001,4.1,3.6999999999999997,4.675,1.2645705521472392,3,3,0,False,True,True,True,False,True,True,True,True,True,False
FIRE+INFRA+ENV+SSA,CBCA,1244.5,331.75,1156.4,380.0,0.6900000000000001,4.1,3.6999999999999997,4.675,1.145440844009043,3,3,1,False,True,True,True,False,True,True,True,True,True,False
FIRE+INFRA+ENV+SSA,CBCB,1228.0,327.0,1095.2,412.0,0.6900000000000001,4.1,3.6999999999999997,4.675,1.2599388379204892,3,3,0,False,True,True,True,False,True,True,True,True,True,False
FIRE+INFRA+ENV+SSA,CBCC,1221.4,322.25,1027.2,414.25,0.6900000000000001,4.1,3.6999999999999997,4.675,1.2854926299456944,3,3,0,False,True,True,True,False,True,True,True,True,True,False
FIRE+INFRA+ENV+SSA,CCAA,1257.9,335.25,1233.2,357.75,0.6900000000000001,4.1,3.6999999999999997,4.675,1.0671140939597314,3,3,2,True,True,True,True,True,True,True,True,True,True,False
FIRE+INFRA+ENV+SSA,CCAB,1241.4,330.5,1172.0,389.75,0.6900000000000001,4.1,3.6999999999999997,4.675,1.1792738275340393,3,3,1,False,True,True,True,False,True,True,True,True,True,False
FIRE+INFRA+ENV+SSA,CCAC,1234.8000000000002,325.75,1104.0,392.0,0.6900000000000001,4.1,3.6999999999999997,4.675,1.2033768227168073,3,3,1,False,True,True,True,False,True,True,True,True,True,False
FIRE+INFRA+ENV+SSA,CCBA,1243.9,331.5,1168.4,385.0,0.6900000000000001,4.1,3.6999999999999997,4.675,1.1613876319758674,3,3,1,False,True,True,True,False,True,True,True,True,True,False
FIRE+INFRA+ENV+SSA,CCBB,1227.4,326.75,1107.2,417.0,0.6900000000000001,4.1,3.6999999999999997,4.675,1.2762050497322113,3,3,0,False,True,True,True,False,True,True,True,True,True,False
FIRE+INFRA+ENV+SSA,CCBC,1220.8000000000002,322.0,1039.2,419.25,0.6900000000000001,4.1,3.6999999999999997,4.675,1.3020186335403727,3,3,0,False,True,True,True,False,True,True,True,True,True,False
FIRE+INFRA+ENV+SSA,CCCA,1238.3,327.75,1096.4,387.0,0.6900000000000001,4.1,3.6999999999999997,4.675,1.1807780320366132,3,3,1,False,True,True,True,False,True,True,True,True,True,False
FIRE+INFRA+ENV+SSA,CCCB,1221.8,323.0,1035.2,419.0,0.6900000000000001,4.1,3.6999999999999997,4.675,1.2972136222910218,3,3,0,False,True,True,True,False,True,True,True,True,True,False
FIRE+INFRA+ENV+SSA,CCCC,1215.1999999999998,318.25,967.2,421.25,0.6900000000000001,4.1,3.6999999999999997,4.675,1.3236449332285938,3,3,0,False,True,True,True,False,True,True,False,True,True,False
FIRE+ARCTIC+TRANS+ENV,AAAA,1375.5,388.5,1610.0,347.5,0.6825,4.175,3.725,4.375,0.8944658944658944,4,3,4,False,True,True,True,True,False,False,True,True,True,False
FIRE+ARCTIC+TRANS+ENV,AAAB,1361.5,384.75,1545.2,374.75,0.6825,4.175,3.725,4.375,0.9740090968161144,4,3,3,False,True,True,True,True,False,False,True,True,True,False
FIRE+ARCTIC+TRANS+ENV,AAAC,1355.9,381.0,1473.2,376.75,0.6825,4.175,3.725,4.375,0.9888451443569554,4,3,3,False,True,True,True,True,False,False,True,True,True,False
FIRE+ARCTIC+TRANS+ENV,AABA,1363.0,385.0,1570.4,381.25,0.6825,4.175,3.725,4.375,0.9902597402597403,4,3,3,False,True,True,True,True,False,False,True,True,True,False
FIRE+ARCTIC+TRANS+ENV,AABB,1349.0,381.25,1505.6,408.5,0.6825,4.175,3.725,4.375,1.0714754098360655,4,3,2,False,True,True,True,True,False,False,True,True,True,False
FIRE+ARCTIC+TRANS+ENV,AABC,1343.4,377.5,1433.6,410.5,0.6825,4.175,3.725,4.375,1.0874172185430464,4,3,2,False,True,True,True,True,False,False,True,True,True,False
FIRE+ARCTIC+TRANS+ENV,AACA,1358.0,381.5,1526.4,389.25,0.6825,4.175,3.725,4.375,1.0203145478374835,4,3,3,False,True,True,True,True,False,False,True,True,True,False
FIRE+ARCTIC+TRANS+ENV,AACB,1344.0,377.75,1461.6000000000001,416.5,0.6825,4.175,3.725,4.375,1.1025810721376572,4,3,2,False,True,True,True,True,False,False,True,True,True,False
FIRE+ARCTIC+TRANS+ENV,AACC,1338.4,374.0,1389.6000000000001,418.5,0.6825,4.175,3.725,4.375,1.1189839572192513,4,3,2,False,True,True,True,True,False,False,True,True,True,False
FIRE+ARCTIC+TRANS+ENV,ABAA,1352.5,381.5,1525.4,391.25,0.6825,4.175,3.725,4.375,1.025557011795544,4,3,3,False,True,True,True,True,False,False,True,True,True,False
FIRE+ARCTIC+TRANS+ENV,ABAB,1338.5,377.75,1460.6,418.5,0.6825,4.175,3.725,4.375,1.1078755790866976,4,3,2,False,True,True,True,True,False,False,True,True,True,False
FIRE+ARCTIC+TRANS+ENV,ABAC,1332.9,374.0,1388.6,420.5,0.6825,4.175,3.725,4.375,1.124331550802139,4,3,2,False,True,True,True,True,False,False,True,True,True,False
FIRE+ARCTIC+TRANS+ENV,ABBA,1340.0,378.0,1485.8000000000002,425.0,0.6825,4.175,3.725,4.375,1.1243386243386244,4,3,2,False,True,True,True,True,False,False,True,True,True,False
FIRE+ARCTIC+TRANS+ENV,ABBB,1326.0,374.25,1421.0,452.25,0.6825,4.175,3.725,4.375,1.2084168336673347,4,3,1,False,True,True,True,False,False,False,True,True,True,False
FIRE+ARCTIC+TRANS+ENV,ABBC,1320.4,370.5,1349.0,454.25,0.6825,4.175,3.725,4.375,1.2260458839406208,4,3,1,False,True,True,True,False,False,False,True,True,True,False
FIRE+ARCTIC+TRANS+ENV,ABCA,1335.0,374.5,1441.8000000000002,433.0,0.6825,4.175,3.725,4.375,1.156208277703605,4,3,2,False,True,True,True,True,False,False,True,True,True,False
FIRE+ARCTIC+TRANS+ENV,ABCB,1321.0,370.75,1377.0,460.25,0.6825,4.175,3.725,4.375,1.2414025623735672,4,3,1,False,True,True,True,False,False,False,True,True,True,False
FIRE+ARCTIC+TRANS+ENV,ABCC,1315.4,367.0,1305.0,462.25,0.6825,4.175,3.725,4.375,1.2595367847411445,4,3,1,False,True,True,True,False,False,False,True,True,True,False
FIRE+ARCTIC+TRANS+ENV,ACAA,1343.3,374.5,1431.4,395.25,0.6825,4.175,3.725,4.375,1.055407209612817,4,3,3,False,True,True,True,True,False,False,True,True,True,False
FIRE+ARCTIC+TRANS+ENV,ACAB,1329.3,370.75,1366.6,422.5,0.6825,4.175,3.725,4.375,1.1395819285232636,4,3,2,False,True,True,True,True,False,False,True,True,True,False
FIRE+ARCTIC+TRANS+ENV,ACAC,1323.7,367.0,1294.6,424.5,0.6825,4.175,3.725,4.375,1.1566757493188011,4,3,2,False,True,True,True,True,False,False,True,True,True,False
FIRE+ARCTIC+TRANS+ENV,ACBA,1330.8,371.0,1391.8000000000002,429.0,0.6825,4.175,3.725,4.375,1.15633423180593,4,3,2,False,True,True,True,True,False,False,True,True,True,False
FIRE+ARCTIC+TRANS+ENV,ACBB,1316.8,367.25,1327.0,456.25,0.6825,4.175,3.725,4.375,1.2423417290673928,4,3,1,False,True,True,True,False,False,False,True,True,True,False
FIRE+ARCTIC+TRANS+ENV,ACBC,1311.2,363.5,1255.0,458.25,0.6825,4.175,3.725,4.375,1.2606602475928472,4,3,1,False,True,True,True,False,False,False,True,True,True,False
FIRE+ARCTIC+TRANS+ENV,ACCA,1325.8,367.5,1347.8000000000002,437.0,0.6825,4.175,3.725,4.375,1.1891156462585033,4,3,2,False,True,True,True,True,False,False,True,True,True,False
FIRE+ARCTIC+TRANS+ENV,ACCB,1311.8,363.75,1283.0,464.25,0.6825,4.175,3.725,4.375,1.2762886597938143,4,3,1,False,True,True,True,False,False,False,True,True,True,False
FIRE+ARCTIC+TRANS+ENV,ACCC,1306.2,360.0,1211.0,466.25,0.6825,4.175,3.725,4.375,1.2951388888888888,4,3,1,False,True,True,True,False,False,True,True,True,True,False
FIRE+ARCTIC+TRANS+ENV,BAAA,1359.5,384.25,1509.2,348.25,0.6825,4.175,3.725,4.375,0.9063109954456734,4,3,3,False,True,True,True,True,False,False,True,True,True,False
FIRE+ARCTIC+TRANS+ENV,BAAB,1345.5,380.5,1444.4,375.5,0.6825,4.175,3.725,4.375,0.9868593955321945,4,3,2,False,True,True,True,True,False,False,True,True,True,False
FIRE+ARCTIC+TRANS+ENV,BAAC,1339.9,376.75,1372.4,377.5,0.6825,4.175,3.725,4.375,1.001990710019907,4,3,2,False,True,True,True,True,False,False,True,True,True,False
FIRE+ARCTIC+TRANS+ENV,BABA,1347.0,380.75,1469.6,382.0,0.6825,4.175,3.725,4.375,1.0032829940906107,4,3,2,False,True,True,True,True,False,False,True,True,True,False
FIRE+ARCTIC+TRANS+ENV,BABB,1333.0,377.0,1404.8000000000002,409.25,0.6825,4.175,3.725,4.375,1.0855437665782492,4,3,1,False,True,True,True,False,False,False,True,True,True,False
FIRE+ARCTIC+TRANS+ENV,BABC,1327.4,373.25,1332.8000000000002,411.25,0.6825,4.175,3.725,4.375,1.101808439383791,4,3,1,False,True,True,True,False,False,False,True,True,True,False
FIRE+ARCTIC+TRANS+ENV,BACA,1342.0,377.25,1425.6000000000001,390.0,0.6825,4.175,3.725,4.375,1.0337972166998013,4,3,2,False,True,True,True,True,False,False,True,True,True,False
FIRE+ARCTIC+TRANS+ENV,BACB,1328.0,373.5,1360.8000000000002,417.25,0.6825,4.175,3.725,4.375,1.1171352074966532,4,3,1,False,True,True,True,False,False,False,True,True,True,False
FIRE+ARCTIC+TRANS+ENV,BACC,1322.4,369.75,1288.8000000000002,419.25,0.6825,4.175,3.725,4.375,1.1338742393509127,4,3,1,False,True,True,True,False,False,False,True,True,True,False
FIRE+ARCTIC+TRANS+ENV,BBAA,1336.5,377.25,1424.6,392.0,0.6825,4.175,3.725,4.375,1.0390987408880052,4,3,2,False,True,True,True,True,False,False,True,True,True,False
FIRE+ARCTIC+TRANS+ENV,BBAB,1322.5,373.5,1359.8,419.25,0.6825,4.175,3.725,4.375,1.1224899598393574,4,3,1,False,True,True,True,False,False,False,True,True,True,False
FIRE+ARCTIC+TRANS+ENV,BBAC,1316.9,369.75,1287.8,421.25,0.6825,4.175,3.725,4.375,1.1392832995267073,4,3,1,False,True,True,True,False,False,False,True,True,True,False
FIRE+ARCTIC+TRANS+ENV,BBBA,1324.0,373.75,1385.0,425.75,0.6825,4.175,3.725,4.375,1.1391304347826088,4,3,1,False,True,True,True,False,False,False,True,True,True,False
FIRE+ARCTIC+TRANS+ENV,BBBB,1310.0,370.0,1320.1999999999998,453.0,0.6825,4.175,3.725,4.375,1.2243243243243243,4,3,0,False,True,True,True,False,False,False,True,True,True,False
FIRE+ARCTIC+TRANS+ENV,BBBC,1304.4,366.25,1248.1999999999998,455.0,0.6825,4.175,3.725,4.375,1.242320819112628,4,3,0,False,True,True,True,False,False,False,True,True,True,False
FIRE+ARCTIC+TRANS+ENV,BBCA,1319.0,370.25,1341.0,433.75,0.6825,4.175,3.725,4.375,1.1715057393652937,4,3,1,False,True,True,True,False,False,False,True,True,True,False
FIRE+ARCTIC+TRANS+ENV,BBCB,1305.0,366.5,1276.2,461.0,0.6825,4.175,3.725,4.375,1.2578444747612552,4,3,0,False,True,True,True,False,False,False,True,True,True,False
FIRE+ARCTIC+TRANS+ENV,BBCC,1299.4,362.75,1204.2,463.0,0.6825,4.175,3.725,4.375,1.2763611302549966,4,3,0,False,True,True,True,False,True,False,True,True,True,False
FIRE+ARCTIC+TRANS+ENV,BCAA,1327.3,370.25,1330.6,396.0,0.6825,4.175,3.725,4.375,1.0695476029709656,4,3,2,False,True,True,True,True,False,False,True,True,True,False
FIRE+ARCTIC+TRANS+ENV,BCAB,1313.3,366.5,1265.8,423.25,0.6825,4.175,3.725,4.375,1.154843110504775,4,3,1,False,True,True,True,False,False,False,True,True,True,False
FIRE+ARCTIC+TRANS+ENV,BCAC,1307.7,362.75,1193.8,425.25,0.6825,4.175,3.725,4.375,1.1722949689869056,4,3,1,False,True,True,True,False,False,False,True,True,True,False
FIRE+ARCTIC+TRANS+ENV,BCBA,1314.8,366.75,1291.0,429.75,0.6825,4.175,3.725,4.375,1.1717791411042944,4,3,1,False,True,True,True,False,False,False,True,True,True,False
FIRE+ARCTIC+TRANS+ENV,BCBB,1300.8,363.0,1226.1999999999998,457.0,0.6825,4.175,3.725,4.375,1.258953168044077,4,3,0,False,True,True,True,False,False,False,True,True,True,False
FIRE+ARCTIC+TRANS+ENV,BCBC,1295.2,359.25,1154.1999999999998,459.0,0.6825,4.175,3.725,4.375,1.2776617954070981,4,3,0,False,True,True,True,False,True,True,True,True,True,False
FIRE+ARCTIC+TRANS+ENV,BCCA,1309.8,363.25,1247.0,437.75,0.6825,4.175,3.725,4.375,1.2050929112181694,4,3,1,False,True,True,True,False,False,False,True,True,True,False
FIRE+ARCTIC+TRANS+ENV,BCCB,1295.8,359.5,1182.2,465.0,0.6825,4.175,3.725,4.375,1.2934631432545203,4,3,0,False,True,True,True,False,True,True,True,True,True,False
FIRE+ARCTIC+TRANS+ENV,BCCC,1290.2,355.75,1110.2,467.0,0.6825,4.175,3.725,4.375,1.3127196064652142,4,3,0,False,True,True,True,False,True,True,True,True,True,False
FIRE+ARCTIC+TRANS+ENV,CAAA,1353.1,380.0,1397.2,330.75,0.6825,4.175,3.725,4.375,0.8703947368421052,4,3,3,False,True,True,True,True,False,False,True,True,True,False
FIRE+ARCTIC+TRANS+ENV,CAAB,1339.1,376.25,1332.4,358.0,0.6825,4.175,3.725,4.375,0.9514950166112957,4,3,2,False,True,True,True,True,False,False,True,True,True,False
FIRE+ARCTIC+TRANS+ENV,CAAC,1333.5,372.5,1260.4,360.0,0.6825,4.175,3.725,4.375,0.9664429530201343,4,3,2,False,True,True,True,True,False,False,True,True,True,False
FIRE+ARCTIC+TRANS+ENV,CABA,1340.6,376.5,1357.6,364.5,0.6825,4.175,3.725,4.375,0.9681274900398407,4,3,2,False,True,True,True,True,False,False,True,True,True,False
FIRE+ARCTIC+TRANS+ENV,CABB,1326.6,372.75,1292.8000000000002,391.75,0.6825,4.175,3.725,4.375,1.050972501676727,4,3,1,False,True,True,True,False,False,False,True,True,True,False
FIRE+ARCTIC+TRANS+ENV,CABC,1321.0,369.0,1220.8000000000002,393.75,0.6825,4.175,3.725,4.375,1.0670731707317074,4,3,1,False,True,True,True,False,False,False,True,True,True,False
FIRE+ARCTIC+TRANS+ENV,CACA,1335.6,373.0,1313.6000000000001,372.5,0.6825,4.175,3.725,4.375,0.9986595174262735,4,3,2,False,True,True,True,True,False,False,True,True,True,False
FIRE+ARCTIC+TRANS+ENV,CACB,1321.6,369.25,1248.8000000000002,399.75,0.6825,4.175,3.725,4.375,1.0825998645903858,4,3,1,False,True,True,True,False,False,False,True,True,True,False
FIRE+ARCTIC+TRANS+ENV,CACC,1316.0,365.5,1176.8000000000002,401.75,0.6825,4.175,3.725,4.375,1.0991792065663475,4,3,1,False,True,True,True,False,False,False,True,True,True,False
FIRE+ARCTIC+TRANS+ENV,CBAA,1330.1,373.0,1312.6,374.5,0.6825,4.175,3.725,4.375,1.0040214477211795,4,3,2,False,True,True,True,True,False,False,True,True,True,False
FIRE+ARCTIC+TRANS+ENV,CBAB,1316.1,369.25,1247.8,401.75,0.6825,4.175,3.725,4.375,1.08801624915369,4,3,1,False,True,True,True,False,False,False,True,True,True,False
FIRE+ARCTIC+TRANS+ENV,CBAC,1310.5,365.5,1175.8,403.75,0.6825,4.175,3.725,4.375,1.1046511627906976,4,3,1,False,True,True,True,False,False,False,True,True,True,False
FIRE+ARCTIC+TRANS+ENV,CBBA,1317.6,369.5,1273.0,408.25,0.6825,4.175,3.725,4.375,1.104871447902571,4,3,1,False,True,True,True,False,False,False,True,True,True,False
FIRE+ARCTIC+TRANS+ENV,CBBB,1303.6,365.75,1208.1999999999998,435.5,0.6825,4.175,3.725,4.375,1.190704032809296,4,3,0,False,True,True,True,False,False,False,True,True,True,False
FIRE+ARCTIC+TRANS+ENV,CBBC,1298.0,362.0,1136.1999999999998,437.5,0.6825,4.175,3.725,4.375,1.2085635359116023,4,3,0,False,True,True,True,False,True,False,True,True,True,False
FIRE+ARCTIC+TRANS+ENV,CBCA,1312.6,366.0,1229.0,416.25,0.6825,4.175,3.725,4.375,1.1372950819672132,4,3,1,False,True,True,True,False,False,False,True,True,True,False
FIRE+ARCTIC+TRANS+ENV,CBCB,1298.6,362.25,1164.2,443.5,0.6825,4.175,3.725,4.375,1.2242926155969633,4,3,0,False,True,True,True,False,True,False,True,True,True,False
FIRE+ARCTIC+TRANS+ENV,CBCC,1293.0,358.5,1092.2,445.5,0.6825,4.175,3.725,4.375,1.2426778242677825,4,3,0,False,True,True,True,False,True,True,True,True,True,False
FIRE+ARCTIC+TRANS+ENV,CCAA,1320.9,366.0,1218.6,378.5,0.6825,4.175,3.725,4.375,1.034153005464481,4,3,2,False,True,True,True,True,False,False,True,True,True,False
FIRE+ARCTIC+TRANS+ENV,CCAB,1306.9,362.25,1153.8,405.75,0.6825,4.175,3.725,4.375,1.1200828157349896,4,3,1,False,True,True,True,False,False,False,True,True,True,False
FIRE+ARCTIC+TRANS+ENV,CCAC,1301.3000000000002,358.5,1081.8,407.75,0.6825,4.175,3.725,4.375,1.1373779637377963,4,3,1,False,True,True,True,False,False,True,True,True,True,False
FIRE+ARCTIC+TRANS+ENV,CCBA,1308.4,362.5,1179.0,412.25,0.6825,4.175,3.725,4.375,1.1372413793103449,4,3,1,False,True,True,True,False,False,False,True,True,True,False
FIRE+ARCTIC+TRANS+ENV,CCBB,1294.4,358.75,1114.1999999999998,439.5,0.6825,4.175,3.725,4.375,1.2250871080139374,4,3,0,False,True,True,True,False,True,True,True,True,True,False
FIRE+ARCTIC+TRANS+ENV,CCBC,1288.8000000000002,355.0,1042.1999999999998,441.5,0.6825,4.175,3.725,4.375,1.2436619718309858,4,3,0,False,True,True,True,False,True,True,True,True,True,False
FIRE+ARCTIC+TRANS+ENV,CCCA,1303.4,359.0,1135.0,420.25,0.6825,4.175,3.725,4.375,1.1706128133704736,4,3,1,False,True,True,True,False,False,True,True,True,True,False
FIRE+ARCTIC+TRANS+ENV,CCCB,1289.4,355.25,1070.2,447.5,0.6825,4.175,3.725,4.375,1.259676284306826,4,3,0,False,True,True,True,False,True,True,True,True,True,False
FIRE+ARCTIC+TRANS+ENV,CCCC,1283.8000000000002,351.5,998.1999999999999,449.5,0.6825,4.175,3.725,4.375,1.2788051209103841,4,3,0,False,True,True,True,False,True,True,False,True,True,False
FIRE+ARCTIC+TRANS+SSA,AAAA,1428.0,409.5,1590.0,361.25,0.66,3.9749999999999996,3.45,4.425,0.8821733821733821,3,4,4,False,True,True,True,True,False,False,True,True,True,False
FIRE+ARCTIC+TRANS+SSA,AAAB,1411.5,404.75,1528.8,393.25,0.66,3.9749999999999996,3.45,4.425,0.9715873996294009,3,4,3,False,True,True,True,True,False,False,True,True,True,False
FIRE+ARCTIC+TRANS+SSA,AAAC,1404.9,400.0,1460.8,395.5,0.66,3.9749999999999996,3.45,4.425,0.98875,3,4,3,False,True,True,True,True,False,False,True,True,True,False
FIRE+ARCTIC+TRANS+SSA,AABA,1415.5,406.0,1550.4,395.0,0.66,3.9749999999999996,3.45,4.425,0.9729064039408867,3,4,3,False,True,True,True,True,False,False,True,True,True,False
FIRE+ARCTIC+TRANS+SSA,AABB,1399.0,401.25,1489.1999999999998,427.0,0.66,3.9749999999999996,3.45,4.425,1.0641744548286605,3,4,2,False,True,True,True,True,False,False,True,True,True,False
FIRE+ARCTIC+TRANS+SSA,AABC,1392.4,396.5,1421.1999999999998,429.25,0.66,3.9749999999999996,3.45,4.425,1.0825977301387137,3,4,2,False,True,True,True,True,False,False,True,True,True,False
FIRE+ARCTIC+TRANS+SSA,AACA,1410.5,402.5,1506.4,403.0,0.66,3.9749999999999996,3.45,4.425,1.0012422360248447,3,4,3,False,True,True,True,True,False,False,True,True,True,False
FIRE+ARCTIC+TRANS+SSA,AACB,1394.0,397.75,1445.2,435.0,0.66,3.9749999999999996,3.45,4.425,1.0936517913262098,3,4,2,False,True,True,True,True,False,False,True,True,True,False
FIRE+ARCTIC+TRANS+SSA,AACC,1387.4,393.0,1377.2,437.25,0.66,3.9749999999999996,3.45,4.425,1.1125954198473282,3,4,2,False,True,True,True,True,False,False,True,True,True,False
FIRE+ARCTIC+TRANS+SSA,ABAA,1405.0,402.5,1505.4,405.0,0.66,3.9749999999999996,3.45,4.425,1.0062111801242235,3,4,3,False,True,True,True,True,False,False,True,True,True,False
FIRE+ARCTIC+TRANS+SSA,ABAB,1388.5,397.75,1444.2,437.0,0.66,3.9749999999999996,3.45,4.425,1.0986800754242614,3,4,2,False,True,True,True,True,False,False,True,True,True,False
FIRE+ARCTIC+TRANS+SSA,ABAC,1381.9,393.0,1376.2,439.25,0.66,3.9749999999999996,3.45,4.425,1.1176844783715012,3,4,2,False,True,True,True,True,False,False,True,True,True,False
FIRE+ARCTIC+TRANS+SSA,ABBA,1392.5,399.0,1465.8000000000002,438.75,0.66,3.9749999999999996,3.45,4.425,1.099624060150376,3,4,2,False,True,True,True,True,False,False,True,True,True,False
FIRE+ARCTIC+TRANS+SSA,ABBB,1376.0,394.25,1404.6,470.75,0.66,3.9749999999999996,3.45,4.425,1.1940393151553583,3,4,1,False,True,True,True,False,False,False,True,True,True,False
FIRE+ARCTIC+TRANS+SSA,ABBC,1369.4,389.5,1336.6,473.0,0.66,3.9749999999999996,3.45,4.425,1.2143774069319642,3,4,1,False,True,True,True,False,False,False,True,True,True,False
FIRE+ARCTIC+TRANS+SSA,ABCA,1387.5,395.5,1421.8000000000002,446.75,0.66,3.9749999999999996,3.45,4.425,1.129582806573957,3,4,2,False,True,True,True,True,False,False,True,True,True,False
FIRE+ARCTIC+TRANS+SSA,ABCB,1371.0,390.75,1360.6000000000001,478.75,0.66,3.9749999999999996,3.45,4.425,1.2252079334612924,3,4,1,False,True,True,True,False,False,False,True,True,True,False
FIRE+ARCTIC+TRANS+SSA,ABCC,1364.4,386.0,1292.6000000000001,481.0,0.66,3.9749999999999996,3.45,4.425,1.2461139896373057,3,4,1,False,True,True,True,False,False,False,True,True,True,False
FIRE+ARCTIC+TRANS+SSA,ACAA,1395.8,395.5,1411.4,409.0,0.66,3.9749999999999996,3.45,4.425,1.034134007585335,3,4,3,False,True,True,True,True,False,False,True,True,True,False
FIRE+ARCTIC+TRANS+SSA,ACAB,1379.3,390.75,1350.2,441.0,0.66,3.9749999999999996,3.45,4.425,1.128598848368522,3,4,2,False,True,True,True,True,False,False,True,True,True,False
FIRE+ARCTIC+TRANS+SSA,ACAC,1372.6999999999998,386.0,1282.2,443.25,0.66,3.9749999999999996,3.45,4.425,1.1483160621761659,3,4,2,False,True,True,True,True,False,False,True,True,True,False
FIRE+ARCTIC+TRANS+SSA,ACBA,1383.3,392.0,1371.8000000000002,442.75,0.66,3.9749999999999996,3.45,4.425,1.1294642857142858,3,4,2,False,True,True,True,True,False,False,True,True,True,False
FIRE+ARCTIC+TRANS+SSA,ACBB,1366.8,387.25,1310.6,474.75,0.66,3.9749999999999996,3.45,4.425,1.225952227243383,3,4,1,False,True,True,True,False,False,False,True,True,True,False
FIRE+ARCTIC+TRANS+SSA,ACBC,1360.1999999999998,382.5,1242.6,477.0,0.66,3.9749999999999996,3.45,4.425,1.2470588235294118,3,4,1,False,True,True,True,False,False,False,True,True,True,False
FIRE+ARCTIC+TRANS+SSA,ACCA,1378.3,388.5,1327.8000000000002,450.75,0.66,3.9749999999999996,3.45,4.425,1.1602316602316602,3,4,2,False,True,True,True,True,False,False,True,True,True,False
FIRE+ARCTIC+TRANS+SSA,ACCB,1361.8,383.75,1266.6000000000001,482.75,0.66,3.9749999999999996,3.45,4.425,1.2579804560260586,3,4,1,False,True,True,True,False,False,False,True,True,True,False
FIRE+ARCTIC+TRANS+SSA,ACCC,1355.1999999999998,379.0,1198.6000000000001,485.0,0.66,3.9749999999999996,3.45,4.425,1.279683377308707,3,4,1,False,True,True,True,False,False,False,True,True,True,False
FIRE+ARCTIC+TRANS+SSA,BAAA,1412.0,405.25,1489.2,362.0,0.66,3.9749999999999996,3.45,4.425,0.8932757557063541,3,4,3,False,True,True,True,True,False,False,True,True,True,False
FIRE+ARCTIC+TRANS+SSA,BAAB,1395.5,400.5,1428.0,394.0,0.66,3.9749999999999996,3.45,4.425,0.9837702871410736,3,4,2,False,True,True,True,True,False,False,True,True,True,False
FIRE+ARCTIC+TRANS+SSA,BAAC,1388.9,395.75,1360.0,396.25,0.66,3.9749999999999996,3.45,4.425,1.0012634238787113,3,4,2,False,True,True,True,True,False,False,True,True,True,False
FIRE+ARCTIC+TRANS+SSA,BABA,1399.5,401.75,1449.6,395.75,0.66,3.9749999999999996,3.45,4.425,0.985065339141257,3,4,2,False,True,True,True,True,False,False,True,True,True,False
FIRE+ARCTIC+TRANS+SSA,BABB,1383.0,397.0,1388.4,427.75,0.66,3.9749999999999996,3.45,4.425,1.077455919395466,3,4,1,False,True,True,True,False,False,False,True,True,True,False
FIRE+ARCTIC+TRANS+SSA,BABC,1376.4,392.25,1320.4,430.0,0.66,3.9749999999999996,3.45,4.425,1.0962396430847674,3,4,1,False,True,True,True,False,False,False,True,True,True,False
FIRE+ARCTIC+TRANS+SSA,BACA,1394.5,398.25,1405.6000000000001,403.75,0.66,3.9749999999999996,3.45,4.425,1.0138104205900815,3,4,2,False,True,True,True,True,False,False,True,True,True,False
FIRE+ARCTIC+TRANS+SSA,BACB,1378.0,393.5,1344.4,435.75,0.66,3.9749999999999996,3.45,4.425,1.1073697585768743,3,4,1,False,True,True,True,False,False,False,True,True,True,False
FIRE+ARCTIC+TRANS+SSA,BACC,1371.4,388.75,1276.4,438.0,0.66,3.9749999999999996,3.45,4.425,1.1266881028938907,3,4,1,False,True,True,True,False,False,False,True,True,True,False
FIRE+ARCTIC+TRANS+SSA,BBAA,1389.0,398.25,1404.6,405.75,0.66,3.9749999999999996,3.45,4.425,1.0188323917137476,3,4,2,False,True,True,True,True,False,False,True,True,True,False
FIRE+ARCTIC+TRANS+SSA,BBAB,1372.5,393.5,1343.3999999999999,437.75,0.66,3.9749999999999996,3.45,4.425,1.1124523506988564,3,4,1,False,True,True,True,False,False,False,True,True,True,False
FIRE+ARCTIC+TRANS+SSA,BBAC,1365.9,388.75,1275.3999999999999,440.0,0.66,3.9749999999999996,3.45,4.425,1.1318327974276527,3,4,1,False,True,True,True,False,False,False,True,True,True,False
FIRE+ARCTIC+TRANS+SSA,BBBA,1376.5,394.75,1365.0,439.5,0.66,3.9749999999999996,3.45,4.425,1.1133628879037365,3,4,1,False,True,True,True,False,False,False,True,True,True,False
FIRE+ARCTIC+TRANS+SSA,BBBB,1360.0,390.0,1303.7999999999997,471.5,0.66,3.9749999999999996,3.45,4.425,1.208974358974359,3,4,0,False,True,True,True,False,False,False,True,True,True,False
FIRE+ARCTIC+TRANS+SSA,BBBC,1353.4,385.25,1235.7999999999997,473.75,0.66,3.9749999999999996,3.45,4.425,1.2297209604153148,3,4,0,False,True,True,True,False,False,False,True,True,True,False
FIRE+ARCTIC+TRANS+SSA,BBCA,1371.5,391.25,1321.0,447.5,0.66,3.9749999999999996,3.45,4.425,1.1437699680511182,3,4,1,False,True,True,True,False,False,False,True,True,True,False
FIRE+ARCTIC+TRANS+SSA,BBCB,1355.0,386.5,1259.8,479.5,0.66,3.9749999999999996,3.45,4.425,1.240620957309185,3,4,0,False,True,True,True,False,False,False,True,True,True,False
FIRE+ARCTIC+TRANS+SSA,BBCC,1348.4,381.75,1191.8,481.75,0.66,3.9749999999999996,3.45,4.425,1.2619515389652913,3,4,0,False,True,True,True,False,False,False,True,True,True,False
FIRE+ARCTIC+TRANS+SSA,BCAA,1379.8,391.25,1310.6,409.75,0.66,3.9749999999999996,3.45,4.425,1.0472843450479232,3,4,2,False,True,True,True,True,False,False,True,True,True,False
FIRE+ARCTIC+TRANS+SSA,BCAB,1363.3,386.5,1249.3999999999999,441.75,0.66,3.9749999999999996,3.45,4.425,1.1429495472186286,3,4,1,False,True,True,True,False,False,False,True,True,True,False
FIRE+ARCTIC+TRANS+SSA,BCAC,1356.6999999999998,381.75,1181.3999999999999,444.0,0.66,3.9749999999999996,3.45,4.425,1.163064833005894,3,4,1,False,True,True,True,False,False,False,True,True,True,False
FIRE+ARCTIC+TRANS+SSA,BCBA,1367.3,387.75,1271.0,443.5,0.66,3.9749999999999996,3.45,4.425,1.1437782076079948,3,4,1,False,True,True,True,False,False,False,True,True,True,False
FIRE+ARCTIC+TRANS+SSA,BCBB,1350.8,383.0,1209.7999999999997,475.5,0.66,3.9749999999999996,3.45,4.425,1.2415143603133159,3,4,0,False,True,True,True,False,False,False,True,True,True,False
FIRE+ARCTIC+TRANS+SSA,BCBC,1344.1999999999998,378.25,1141.7999999999997,477.75,0.66,3.9749999999999996,3.45,4.425,1.2630535360211501,3,4,0,False,True,True,True,False,False,False,True,True,True,False
FIRE+ARCTIC+TRANS+SSA,BCCA,1362.3,384.25,1227.0,451.5,0.66,3.9749999999999996,3.45,4.425,1.1750162654521796,3,4,1,False,True,True,True,False,False,False,True,True,True,False
FIRE+ARCTIC+TRANS+SSA,BCCB,1345.8,379.5,1165.8,483.5,0.66,3.9749999999999996,3.45,4.425,1.2740447957839263,3,4,0,False,True,True,True,False,False,False,True,True,True,False
FIRE+ARCTIC+TRANS+SSA,BCCC,1339.1999999999998,374.75,1097.8,485.75,0.66,3.9749999999999996,3.45,4.425,1.296197464976651,3,4,0,False,True,True,True,False,False,False,True,True,True,False
FIRE+ARCTIC+TRANS+SSA,CAAA,1405.6,401.0,1377.2,344.5,0.66,3.9749999999999996,3.45,4.425,0.8591022443890274,3,4,3,False,True,True,True,True,False,False,True,True,True,False
FIRE+ARCTIC+TRANS+SSA,CAAB,1389.1,396.25,1316.0,376.5,0.66,3.9749999999999996,3.45,4.425,0.9501577287066246,3,4,2,False,True,True,True,True,False,False,True,True,True,False
FIRE+ARCTIC+TRANS+SSA,CAAC,1382.5,391.5,1248.0,378.75,0.66,3.9749999999999996,3.45,4.425,0.9674329501915708,3,4,2,False,True,True,True,True,False,False,True,True,True,False
FIRE+ARCTIC+TRANS+SSA,CABA,1393.1,397.5,1337.6,378.25,0.66,3.9749999999999996,3.45,4.425,0.9515723270440252,3,4,2,False,True,True,True,True,False,False,True,True,True,False
FIRE+ARCTIC+TRANS+SSA,CABB,1376.6,392.75,1276.4,410.25,0.66,3.9749999999999996,3.45,4.425,1.0445576066199873,3,4,1,False,True,True,True,False,False,False,True,True,True,False
FIRE+ARCTIC+TRANS+SSA,CABC,1370.0,388.0,1208.4,412.5,0.66,3.9749999999999996,3.45,4.425,1.0631443298969072,3,4,1,False,True,True,True,False,False,False,True,True,True,False
FIRE+ARCTIC+TRANS+SSA,CACA,1388.1,394.0,1293.6000000000001,386.25,0.66,3.9749999999999996,3.45,4.425,0.9803299492385786,3,4,2,False,True,True,True,True,False,False,True,True,True,False
FIRE+ARCTIC+TRANS+SSA,CACB,1371.6,389.25,1232.4,418.25,0.66,3.9749999999999996,3.45,4.425,1.0745022479126525,3,4,1,False,True,True,True,False,False,False,True,True,True,False
FIRE+ARCTIC+TRANS+SSA,CACC,1365.0,384.5,1164.4,420.5,0.66,3.9749999999999996,3.45,4.425,1.093628088426528,3,4,1,False,True,True,True,False,False,False,True,True,True,False
FIRE+ARCTIC+TRANS+SSA,CBAA,1382.6,394.0,1292.6,388.25,0.66,3.9749999999999996,3.45,4.425,0.9854060913705583,3,4,2,False,True,True,True,True,False,False,True,True,True,False
FIRE+ARCTIC+TRANS+SSA,CBAB,1366.1,389.25,1231.3999999999999,420.25,0.66,3.9749999999999996,3.45,4.425,1.079640333975594,3,4,1,False,True,True,True,False,False,False,True,True,True,False
FIRE+ARCTIC+TRANS+SSA,CBAC,1359.5,384.5,1163.3999999999999,422.5,0.66,3.9749999999999996,3.45,4.425,1.0988296488946685,3,4,1,False,True,True,True,False,False,False,True,True,True,False
FIRE+ARCTIC+TRANS+SSA,CBBA,1370.1,390.5,1253.0,422.0,0.66,3.9749999999999996,3.45,4.425,1.0806658130601792,3,4,1,False,True,True,True,False,False,False,True,True,True,False
FIRE+ARCTIC+TRANS+SSA,CBBB,1353.6,385.75,1191.7999999999997,454.0,0.66,3.9749999999999996,3.45,4.425,1.1769280622164615,3,4,0,False,True,True,True,False,False,False,True,True,True,False
FIRE+ARCTIC+TRANS+SSA,CBBC,1347.0,381.0,1123.7999999999997,456.25,0.66,3.9749999999999996,3.45,4.425,1.19750656167979,3,4,0,False,True,True,True,False,False,False,True,True,True,False
FIRE+ARCTIC+TRANS+SSA,CBCA,1365.1,387.0,1209.0,430.0,0.66,3.9749999999999996,3.45,4.425,1.1111111111111112,3,4,1,False,True,True,True,False,False,False,True,True,True,False
FIRE+ARCTIC+TRANS+SSA,CBCB,1348.6,382.25,1147.8,462.0,0.66,3.9749999999999996,3.45,4.425,1.20863309352518,3,4,0,False,True,True,True,False,False,False,True,True,True,False
FIRE+ARCTIC+TRANS+SSA,CBCC,1342.0,377.5,1079.8,464.25,0.66,3.9749999999999996,3.45,4.425,1.2298013245033113,3,4,0,False,True,True,True,False,False,False,True,True,True,False
FIRE+ARCTIC+TRANS+SSA,CCAA,1373.4,387.0,1198.6,392.25,0.66,3.9749999999999996,3.45,4.425,1.0135658914728682,3,4,2,False,True,True,True,True,False,False,True,True,True,False
FIRE+ARCTIC+TRANS+SSA,CCAB,1356.9,382.25,1137.3999999999999,424.25,0.66,3.9749999999999996,3.45,4.425,1.1098757357750164,3,4,1,False,True,True,True,False,False,False,True,True,True,False
FIRE+ARCTIC+TRANS+SSA,CCAC,1350.3000000000002,377.5,1069.3999999999999,426.5,0.66,3.9749999999999996,3.45,4.425,1.1298013245033112,3,4,1,False,True,True,True,False,False,False,True,True,True,False
FIRE+ARCTIC+TRANS+SSA,CCBA,1360.9,383.5,1159.0,426.0,0.66,3.9749999999999996,3.45,4.425,1.1108213820078228,3,4,1,False,True,True,True,False,False,False,True,True,True,False
FIRE+ARCTIC+TRANS+SSA,CCBB,1344.4,378.75,1097.7999999999997,458.0,0.66,3.9749999999999996,3.45,4.425,1.2092409240924091,3,4,0,False,True,True,True,False,False,False,True,True,True,False
FIRE+ARCTIC+TRANS+SSA,CCBC,1337.8000000000002,374.0,1029.7999999999997,460.25,0.66,3.9749999999999996,3.45,4.425,1.2306149732620322,3,4,0,False,True,True,True,False,False,False,True,True,True,False
FIRE+ARCTIC+TRANS+SSA,CCCA,1355.9,380.0,1115.0,434.0,0.66,3.9749999999999996,3.45,4.425,1.1421052631578947,3,4,1,False,True,True,True,False,False,False,True,True,True,False
FIRE+ARCTIC+TRANS+SSA,CCCB,1339.4,375.25,1053.8,466.0,0.66,3.9749999999999996,3.45,4.425,1.2418387741505663,3,4,0,False,True,True,True,False,False,False,True,True,True,False
FIRE+ARCTIC+TRANS+SSA,CCCC,1332.8000000000002,370.5,985.7999999999998,468.25,0.66,3.9749999999999996,3.45,4.425,1.2638326585695008,3,4,0,False,True,True,True,False,False,False,False,True,True,False
FIRE+ARCTIC+ENV+SSA,AAAA,1459.5,414.75,1730.0,368.75,0.65,3.875,3.4,4.425000000000001,0.8890898131404461,3,4,4,False,True,True,True,True,False,False,True,True,True,False
FIRE+ARCTIC+ENV+SSA,AAAB,1443.0,410.0,1668.8,400.75,0.65,3.875,3.4,4.425000000000001,0.9774390243902439,3,4,3,False,True,True,True,True,False,False,True,True,True,False
FIRE+ARCTIC+ENV+SSA,AAAC,1436.4,405.25,1600.8,403.0,0.65,3.875,3.4,4.425000000000001,0.9944478716841456,3,4,3,False,True,True,True,True,False,False,True,True,True,False
FIRE+ARCTIC+ENV+SSA,AABA,1445.5,411.0,1665.2,396.0,0.65,3.875,3.4,4.425000000000001,0.9635036496350365,3,4,3,False,True,True,True,True,False,False,True,True,True,False
FIRE+ARCTIC+ENV+SSA,AABB,1429.0,406.25,1604.0,428.0,0.65,3.875,3.4,4.425000000000001,1.0535384615384615,3,4,2,False,True,True,True,True,False,False,True,True,True,False
FIRE+ARCTIC+ENV+SSA,AABC,1422.4,401.5,1536.0,430.25,0.65,3.875,3.4,4.425000000000001,1.0716064757160648,3,4,2,False,True,True,True,True,False,False,True,True,True,False
FIRE+ARCTIC+ENV+SSA,AACA,1439.9,407.25,1593.2,398.0,0.65,3.875,3.4,4.425000000000001,0.9772866789441375,3,4,3,False,True,True,True,True,False,False,True,True,True,False
FIRE+ARCTIC+ENV+SSA,AACB,1423.4,402.5,1532.0,430.0,0.65,3.875,3.4,4.425000000000001,1.0683229813664596,3,4,2,False,True,True,True,True,False,False,True,True,True,False
FIRE+ARCTIC+ENV+SSA,AACC,1416.8000000000002,397.75,1464.0,432.25,0.65,3.875,3.4,4.425000000000001,1.086737900691389,3,4,2,False,True,True,True,True,False,False,True,True,True,False
FIRE+ARCTIC+ENV+SSA,ABAA,1436.5,407.75,1645.4,412.5,0.65,3.875,3.4,4.425000000000001,1.0116492949110976,3,4,3,False,True,True,True,True,False,False,True,True,True,False
FIRE+ARCTIC+ENV+SSA,ABAB,1420.0,403.0,1584.2,444.5,0.65,3.875,3.4,4.425000000000001,1.1029776674937966,3,4,2,False,True,True,True,True,False,False,True,True,True,False
FIRE+ARCTIC+ENV+SSA,ABAC,1413.4,398.25,1516.2,446.75,0.65,3.875,3.4,4.425000000000001,1.1217827997489014,3,4,2,False,True,True,True,True,False,False,True,True,True,False
FIRE+ARCTIC+ENV+SSA,ABBA,1422.5,404.0,1580.6,439.75,0.65,3.875,3.4,4.425000000000001,1.088490099009901,3,4,2,False,True,True,True,True,False,False,True,True,True,False
FIRE+ARCTIC+ENV+SSA,ABBB,1406.0,399.25,1519.3999999999999,471.75,0.65,3.875,3.4,4.425000000000001,1.1815904821540388,3,4,1,False,True,True,True,False,False,False,True,True,True,False
FIRE+ARCTIC+ENV+SSA,ABBC,1399.4,394.5,1451.3999999999999,474.0,0.65,3.875,3.4,4.425000000000001,1.2015209125475286,3,4,1,False,True,True,True,False,False,False,True,True,True,False
FIRE+ARCTIC+ENV+SSA,ABCA,1416.9,400.25,1508.6,441.75,0.65,3.875,3.4,4.425000000000001,1.10368519675203,3,4,2,False,True,True,True,True,False,False,True,True,True,False
FIRE+ARCTIC+ENV+SSA,ABCB,1400.4,395.5,1447.3999999999999,473.75,0.65,3.875,3.4,4.425000000000001,1.197850821744627,3,4,1,False,True,True,True,False,False,False,True,True,True,False
FIRE+ARCTIC+ENV+SSA,ABCC,1393.8000000000002,390.75,1379.3999999999999,476.0,0.65,3.875,3.4,4.425000000000001,1.218170185540627,3,4,1,False,True,True,True,False,False,False,True,True,True,False
FIRE+ARCTIC+ENV+SSA,ACAA,1427.3,400.75,1551.4,416.5,0.65,3.875,3.4,4.425000000000001,1.039301310043668,3,4,3,False,True,True,True,True,False,False,True,True,True,False
FIRE+ARCTIC+ENV+SSA,ACAB,1410.8,396.0,1490.2,448.5,0.65,3.875,3.4,4.425000000000001,1.1325757575757576,3,4,2,False,True,True,True,True,False,False,True,True,True,False
FIRE+ARCTIC+ENV+SSA,ACAC,1404.1999999999998,391.25,1422.2,450.75,0.65,3.875,3.4,4.425000000000001,1.152076677316294,3,4,2,False,True,True,True,True,False,False,True,True,True,False
FIRE+ARCTIC+ENV+SSA,ACBA,1413.3,397.0,1486.6,443.75,0.65,3.875,3.4,4.425000000000001,1.1177581863979849,3,4,2,False,True,True,True,True,False,False,True,True,True,False
FIRE+ARCTIC+ENV+SSA,ACBB,1396.8,392.25,1425.3999999999999,475.75,0.65,3.875,3.4,4.425000000000001,1.2128744423199491,3,4,1,False,True,True,True,False,False,False,True,True,True,False
FIRE+ARCTIC+ENV+SSA,ACBC,1390.1999999999998,387.5,1357.3999999999999,478.0,0.65,3.875,3.4,4.425000000000001,1.2335483870967743,3,4,1,False,True,True,True,False,False,False,True,True,True,False
FIRE+ARCTIC+ENV+SSA,ACCA,1407.7,393.25,1414.6,445.75,0.65,3.875,3.4,4.425000000000001,1.1335028607755882,3,4,2,False,True,True,True,True,False,False,True,True,True,False
FIRE+ARCTIC+ENV+SSA,ACCB,1391.2,388.5,1353.3999999999999,477.75,0.65,3.875,3.4,4.425000000000001,1.2297297297297298,3,4,1,False,True,True,True,False,False,False,True,True,True,False
FIRE+ARCTIC+ENV+SSA,ACCC,1384.6,383.75,1285.3999999999999,480.0,0.65,3.875,3.4,4.425000000000001,1.250814332247557,3,4,1,False,True,True,True,False,False,False,True,True,True,False
FIRE+ARCTIC+ENV+SSA,BAAA,1443.5,410.5,1629.2,369.5,0.65,3.875,3.4,4.425000000000001,0.9001218026796589,3,4,3,False,True,True,True,True,False,False,True,True,True,False
FIRE+ARCTIC+ENV+SSA,BAAB,1427.0,405.75,1568.0,401.5,0.65,3.875,3.4,4.425000000000001,0.9895255699322243,3,4,2,False,True,True,True,True,False,False,True,True,True,False
FIRE+ARCTIC+ENV+SSA,BAAC,1420.4,401.0,1500.0,403.75,0.65,3.875,3.4,4.425000000000001,1.006857855361596,3,4,2,False,True,True,True,True,False,False,True,True,True,False
FIRE+ARCTIC+ENV+SSA,BABA,1429.5,406.75,1564.4,396.75,0.65,3.875,3.4,4.425000000000001,0.9754148740012293,3,4,2,False,True,True,True,True,False,False,True,True,True,False
FIRE+ARCTIC+ENV+SSA,BABB,1413.0,402.0,1503.2,428.75,0.65,3.875,3.4,4.425000000000001,1.066542288557214,3,4,1,False,True,True,True,False,False,False,True,True,True,False
FIRE+ARCTIC+ENV+SSA,BABC,1406.4,397.25,1435.2,431.0,0.65,3.875,3.4,4.425000000000001,1.0849590937696665,3,4,1,False,True,True,True,False,False,False,True,True,True,False
FIRE+ARCTIC+ENV+SSA,BACA,1423.9,403.0,1492.4,398.75,0.65,3.875,3.4,4.425000000000001,0.989454094292804,3,4,2,False,True,True,True,True,False,False,True,True,True,False
FIRE+ARCTIC+ENV+SSA,BACB,1407.4,398.25,1431.2,430.75,0.65,3.875,3.4,4.425000000000001,1.081607030759573,3,4,1,False,True,True,True,False,False,False,True,True,True,False
FIRE+ARCTIC+ENV+SSA,BACC,1400.8000000000002,393.5,1363.2,433.0,0.65,3.875,3.4,4.425000000000001,1.1003811944091486,3,4,1,False,True,True,True,False,False,False,True,True,True,False
FIRE+ARCTIC+ENV+SSA,BBAA,1420.5,403.5,1544.6,413.25,0.65,3.875,3.4,4.425000000000001,1.0241635687732342,3,4,2,False,True,True,True,True,False,False,True,True,True,False
FIRE+ARCTIC+ENV+SSA,BBAB,1404.0,398.75,1483.3999999999999,445.25,0.65,3.875,3.4,4.425000000000001,1.116614420062696,3,4,1,False,True,True,True,False,False,False,True,True,True,False
FIRE+ARCTIC+ENV+SSA,BBAC,1397.4,394.0,1415.3999999999999,447.5,0.65,3.875,3.4,4.425000000000001,1.135786802030457,3,4,1,False,True,True,True,False,False,False,True,True,True,False
FIRE+ARCTIC+ENV+SSA,BBBA,1406.5,399.75,1479.8,440.5,0.65,3.875,3.4,4.425000000000001,1.1019387116948092,3,4,1,False,True,True,True,False,False,False,True,True,True,False
FIRE+ARCTIC+ENV+SSA,BBBB,1390.0,395.0,1418.6,472.5,0.65,3.875,3.4,4.425000000000001,1.1962025316455696,3,4,0,False,True,True,True,False,False,False,True,True,True,False
FIRE+ARCTIC+ENV+SSA,BBBC,1383.4,390.25,1350.6,474.75,0.65,3.875,3.4,4.425000000000001,1.216527866752082,3,4,0,False,True,True,True,False,False,False,True,True,True,False
FIRE+ARCTIC+ENV+SSA,BBCA,1400.9,396.0,1407.8,442.5,0.65,3.875,3.4,4.425000000000001,1.1174242424242424,3,4,1,False,True,True,True,False,False,False,True,True,True,False
FIRE+ARCTIC+ENV+SSA,BBCB,1384.4,391.25,1346.6,474.5,0.65,3.875,3.4,4.425000000000001,1.2127795527156549,3,4,0,False,True,True,True,False,False,False,True,True,True,False
FIRE+ARCTIC+ENV+SSA,BBCC,1377.8000000000002,386.5,1278.6,476.75,0.65,3.875,3.4,4.425000000000001,1.2335058214747736,3,4,0,False,True,True,True,False,False,False,True,True,True,False
FIRE+ARCTIC+ENV+SSA,BCAA,1411.3,396.5,1450.6,417.25,0.65,3.875,3.4,4.425000000000001,1.0523329129886507,3,4,2,False,True,True,True,True,False,False,True,True,True,False
FIRE+ARCTIC+ENV+SSA,BCAB,1394.8,391.75,1389.3999999999999,449.25,0.65,3.875,3.4,4.425000000000001,1.146777281429483,3,4,1,False,True,True,True,False,False,False,True,True,True,False
FIRE+ARCTIC+ENV+SSA,BCAC,1388.1999999999998,387.0,1321.3999999999999,451.5,0.65,3.875,3.4,4.425000000000001,1.1666666666666667,3,4,1,False,True,True,True,False,False,False,True,True,True,False
FIRE+ARCTIC+ENV+SSA,BCBA,1397.3,392.75,1385.8,444.5,0.65,3.875,3.4,4.425000000000001,1.1317632081476767,3,4,1,False,True,True,True,False,False,False,True,True,True,False
FIRE+ARCTIC+ENV+SSA,BCBB,1380.8,388.0,1324.6,476.5,0.65,3.875,3.4,4.425000000000001,1.2280927835051547,3,4,0,False,True,True,True,False,False,False,True,True,True,False
FIRE+ARCTIC+ENV+SSA,BCBC,1374.1999999999998,383.25,1256.6,478.75,0.65,3.875,3.4,4.425000000000001,1.249184605348989,3,4,0,False,True,True,True,False,False,False,True,True,True,False
FIRE+ARCTIC+ENV+SSA,BCCA,1391.7,389.0,1313.8,446.5,0.65,3.875,3.4,4.425000000000001,1.147814910025707,3,4,1,False,True,True,True,False,False,False,True,True,True,False
FIRE+ARCTIC+ENV+SSA,BCCB,1375.2,384.25,1252.6,478.5,0.65,3.875,3.4,4.425000000000001,1.2452830188679245,3,4,0,False,True,True,True,False,False,False,True,True,True,False
FIRE+ARCTIC+ENV+SSA,BCCC,1368.6,379.5,1184.6,480.75,0.65,3.875,3.4,4.425000000000001,1.266798418972332,3,4,0,False,True,True,True,False,False,False,True,True,True,False
FIRE+ARCTIC+ENV+SSA,CAAA,1437.1,406.25,1517.2,352.0,0.65,3.875,3.4,4.425000000000001,0.8664615384615385,3,4,3,False,True,True,True,True,False,False,True,True,True,False
FIRE+ARCTIC+ENV+SSA,CAAB,1420.6,401.5,1456.0,384.0,0.65,3.875,3.4,4.425000000000001,0.9564134495641345,3,4,2,False,True,True,True,True,False,False,True,True,True,False
FIRE+ARCTIC+ENV+SSA,CAAC,1414.0,396.75,1388.0,386.25,0.65,3.875,3.4,4.425000000000001,0.9735349716446124,3,4,2,False,True,True,True,True,False,False,True,True,True,False
FIRE+ARCTIC+ENV+SSA,CABA,1423.1,402.5,1452.4,379.25,0.65,3.875,3.4,4.425000000000001,0.9422360248447205,3,4,2,False,True,True,True,True,False,False,True,True,True,False
FIRE+ARCTIC+ENV+SSA,CABB,1406.6,397.75,1391.2,411.25,0.65,3.875,3.4,4.425000000000001,1.033940917661848,3,4,1,False,True,True,True,False,False,False,True,True,True,False
FIRE+ARCTIC+ENV+SSA,CABC,1400.0,393.0,1323.2,413.5,0.65,3.875,3.4,4.425000000000001,1.0521628498727735,3,4,1,False,True,True,True,False,False,False,True,True,True,False
FIRE+ARCTIC+ENV+SSA,CACA,1417.5,398.75,1380.4,381.25,0.65,3.875,3.4,4.425000000000001,0.9561128526645768,3,4,2,False,True,True,True,True,False,False,True,True,True,False
FIRE+ARCTIC+ENV+SSA,CACB,1401.0,394.0,1319.2,413.25,0.65,3.875,3.4,4.425000000000001,1.0488578680203047,3,4,1,False,True,True,True,False,False,False,True,True,True,False
FIRE+ARCTIC+ENV+SSA,CACC,1394.4,389.25,1251.2,415.5,0.65,3.875,3.4,4.425000000000001,1.0674373795761078,3,4,1,False,True,True,True,False,False,False,True,True,True,False
FIRE+ARCTIC+ENV+SSA,CBAA,1414.1,399.25,1432.6,395.75,0.65,3.875,3.4,4.425000000000001,0.9912335629304947,3,4,2,False,True,True,True,True,False,False,True,True,True,False
FIRE+ARCTIC+ENV+SSA,CBAB,1397.6,394.5,1371.3999999999999,427.75,0.65,3.875,3.4,4.425000000000001,1.0842839036755387,3,4,1,False,True,True,True,False,False,False,True,True,True,False
FIRE+ARCTIC+ENV+SSA,CBAC,1391.0,389.75,1303.3999999999999,430.0,0.65,3.875,3.4,4.425000000000001,1.1032713277742143,3,4,1,False,True,True,True,False,False,False,True,True,True,False
FIRE+ARCTIC+ENV+SSA,CBBA,1400.1,395.5,1367.8,423.0,0.65,3.875,3.4,4.425000000000001,1.0695322376738305,3,4,1,False,True,True,True,False,False,False,True,True,True,False
FIRE+ARCTIC+ENV+SSA,CBBB,1383.6,390.75,1306.6,455.0,0.65,3.875,3.4,4.425000000000001,1.164427383237364,3,4,0,False,True,True,True,False,False,False,True,True,True,False
FIRE+ARCTIC+ENV+SSA,CBBC,1377.0,386.0,1238.6,457.25,0.65,3.875,3.4,4.425000000000001,1.1845854922279793,3,4,0,False,True,True,True,False,False,False,True,True,True,False
FIRE+ARCTIC+ENV+SSA,CBCA,1394.5,391.75,1295.8,425.0,0.65,3.875,3.4,4.425000000000001,1.0848755583918315,3,4,1,False,True,True,True,False,False,False,True,True,True,False
FIRE+ARCTIC+ENV+SSA,CBCB,1378.0,387.0,1234.6,457.0,0.65,3.875,3.4,4.425000000000001,1.1808785529715762,3,4,0,False,True,True,True,False,False,False,True,True,True,False
FIRE+ARCTIC+ENV+SSA,CBCC,1371.4,382.25,1166.6,459.25,0.65,3.875,3.4,4.425000000000001,1.2014388489208634,3,4,0,False,True,True,True,False,False,False,True,True,True,False
FIRE+ARCTIC+ENV+SSA,CCAA,1404.9,392.25,1338.6,399.75,0.65,3.875,3.4,4.425000000000001,1.0191204588910134,3,4,2,False,True,True,True,True,False,False,True,True,True,False
FIRE+ARCTIC+ENV+SSA,CCAB,1388.4,387.5,1277.3999999999999,431.75,0.65,3.875,3.4,4.425000000000001,1.1141935483870968,3,4,1,False,True,True,True,False,False,False,True,True,True,False
FIRE+ARCTIC+ENV+SSA,CCAC,1381.8000000000002,382.75,1209.3999999999999,434.0,0.65,3.875,3.4,4.425000000000001,1.1338994121489223,3,4,1,False,True,True,True,False,False,False,True,True,True,False
FIRE+ARCTIC+ENV+SSA,CCBA,1390.9,388.5,1273.8,427.0,0.65,3.875,3.4,4.425000000000001,1.0990990990990992,3,4,1,False,True,True,True,False,False,False,True,True,True,False
FIRE+ARCTIC+ENV+SSA,CCBB,1374.4,383.75,1212.6,459.0,0.65,3.875,3.4,4.425000000000001,1.1960912052117263,3,4,0,False,True,True,True,False,False,False,True,True,True,False
FIRE+ARCTIC+ENV+SSA,CCBC,1367.8000000000002,379.0,1144.6,461.25,0.65,3.875,3.4,4.425000000000001,1.2170184696569921,3,4,0,False,True,True,True,False,False,False,True,True,True,False
FIRE+ARCTIC+ENV+SSA,CCCA,1385.3000000000002,384.75,1201.8,429.0,0.65,3.875,3.4,4.425000000000001,1.115009746588694,3,4,1,False,True,True,True,False,False,False,True,True,True,False
FIRE+ARCTIC+ENV+SSA,CCCB,1368.8000000000002,380.0,1140.6,461.0,0.65,3.875,3.4,4.425000000000001,1.2131578947368422,3,4,0,False,True,True,True,False,False,False,True,True,True,False
FIRE+ARCTIC+ENV+SSA,CCCC,1362.2000000000003,375.25,1072.6,463.25,0.65,3.875,3.4,4.425000000000001,1.234510326449034,3,4,0,False,True,True,True,False,False,False,True,True,True,False
FIRE+TRANS+ENV+SSA,AAAA,1239.0,341.25,1480.0,318.75,0.7050000000000001,4.2749999999999995,3.8000000000000003,4.7,0.9340659340659341,3,3,4,True,True,True,True,True,True,True,True,True,True,False
FIRE+TRANS+ENV+SSA,AAAB,1222.5,336.5,1418.8,350.75,0.7050000000000001,4.2749999999999995,3.8000000000000003,4.7,1.0423476968796435,3,3,3,True,True,True,True,True,True,True,True,True,True,False
FIRE+TRANS+ENV+SSA,AAAC,1215.9,331.75,1350.8,353.0,0.7050000000000001,4.2749999999999995,3.8000000000000003,4.7,1.0640542577241898,3,3,3,True,True,True,True,True,True,True,True,True,True,False
FIRE+TRANS+ENV+SSA,AABA,1225.0,337.5,1415.2,346.0,0.7050000000000001,4.2749999999999995,3.8000000000000003,4.7,1.0251851851851852,3,3,3,True,True,True,True,True,True,True,True,True,True,False
FIRE+TRANS+ENV+SSA,AABB,1208.5,332.75,1354.0,378.0,0.7050000000000001,4.2749999999999995,3.8000000000000003,4.7,1.1359879789631855,3,3,2,True,True,True,True,True,True,True,True,True,True,False
FIRE+TRANS+ENV+SSA,AABC,1201.9,328.0,1286.0,380.25,0.7050000000000001,4.2749999999999995,3.8000000000000003,4.7,1.1592987804878048,3,3,2,True,True,True,True,True,True,True,True,True,True,False
FIRE+TRANS+ENV+SSA,AACA,1219.4,333.75,1343.2,348.0,0.7050000000000001,4.2749999999999995,3.8000000000000003,4.7,1.0426966292134832,3,3,3,True,True,True,True,True,True,True,True,True,True,False
FIRE+TRANS+ENV+SSA,AACB,1202.9,329.0,1282.0,380.0,0.7050000000000001,4.2749999999999995,3.8000000000000003,4.7,1.155015197568389,3,3,2,True,True,True,True,True,True,True,True,True,True,False
FIRE+TRANS+ENV+SSA,AACC,1196.3,324.25,1214.0,382.25,0.7050000000000001,4.2749999999999995,3.8000000000000003,4.7,1.1788743253662297,3,3,2,True,True,True,True,True,True,True,True,True,True,False
FIRE+TRANS+ENV+SSA,ABAA,1226.5,337.75,1440.4,352.5,0.7050000000000001,4.2749999999999995,3.8000000000000003,4.7,1.0436713545521836,3,3,3,True,True,True,True,True,True,True,True,True,True,False
FIRE+TRANS+ENV+SSA,ABAB,1210.0,333.0,1379.1999999999998,384.5,0.7050000000000001,4.2749999999999995,3.8000000000000003,4.7,1.1546546546546546,3,3,2,True,True,True,True,True,True,True,True,True,True,False
FIRE+TRANS+ENV+SSA,ABAC,1203.4,328.25,1311.1999999999998,386.75,0.7050000000000001,4.2749999999999995,3.8000000000000003,4.7,1.1782178217821782,3,3,2,True,True,True,True,True,True,True,True,True,True,False
FIRE+TRANS+ENV+SSA,ABBA,1212.5,334.0,1375.6,379.75,0.7050000000000001,4.2749999999999995,3.8000000000000003,4.7,1.1369760479041917,3,3,2,True,True,True,True,True,True,True,True,True,True,False
FIRE+TRANS+ENV+SSA,ABBB,1196.0,329.25,1314.4,411.75,0.7050000000000001,4.2749999999999995,3.8000000000000003,4.7,1.2505694760820045,3,3,1,False,True,True,True,False,True,True,True,True,True,False
FIRE+TRANS+ENV+SSA,ABBC,1189.4,324.5,1246.4,414.0,0.7050000000000001,4.2749999999999995,3.8000000000000003,4.7,1.275808936825886,3,3,1,False,True,True,True,False,True,True,True,True,True,False
FIRE+TRANS+ENV+SSA,ABCA,1206.9,330.25,1303.6,381.75,0.7050000000000001,4.2749999999999995,3.8000000000000003,4.7,1.1559424678274035,3,3,2,True,True,True,True,True,True,True,True,True,True,False
FIRE+TRANS+ENV+SSA,ABCB,1190.4,325.5,1242.4,413.75,0.7050000000000001,4.2749999999999995,3.8000000000000003,4.7,1.271121351766513,3,3,1,False,True,True,True,False,True,True,True,True,True,False
FIRE+TRANS+ENV+SSA,ABCC,1183.8,320.75,1174.4,416.0,0.7050000000000001,4.2749999999999995,3.8000000000000003,4.7,1.2969602494154326,3,3,1,False,True,True,True,False,True,True,True,True,True,False
FIRE+TRANS+ENV+SSA,ACAA,1221.5,334.25,1396.4,360.5,0.7050000000000001,4.2749999999999995,3.8000000000000003,4.7,1.0785340314136125,3,3,3,True,True,True,True,True,True,True,True,True,True,False
FIRE+TRANS+ENV+SSA,ACAB,1205.0,329.5,1335.2,392.5,0.7050000000000001,4.2749999999999995,3.8000000000000003,4.7,1.1911987860394537,3,3,2,True,True,True,True,True,True,True,True,True,True,False
FIRE+TRANS+ENV+SSA,ACAC,1198.4,324.75,1267.2,394.75,0.7050000000000001,4.2749999999999995,3.8000000000000003,4.7,1.2155504234026173,3,3,2,True,True,True,True,True,True,True,True,True,True,False
FIRE+TRANS+ENV+SSA,ACBA,1207.5,330.5,1331.6000000000001,387.75,0.7050000000000001,4.2749999999999995,3.8000000000000003,4.7,1.1732223903177004,3,3,2,True,True,True,True,True,True,True,True,True,True,False
FIRE+TRANS+ENV+SSA,ACBB,1191.0,325.75,1270.4,419.75,0.7050000000000001,4.2749999999999995,3.8000000000000003,4.7,1.2885648503453568,3,3,1,False,True,True,True,False,True,True,True,True,True,False
FIRE+TRANS+ENV+SSA,ACBC,1184.4,321.0,1202.4,422.0,0.7050000000000001,4.2749999999999995,3.8000000000000003,4.7,1.3146417445482865,3,3,1,False,True,True,True,False,True,True,True,True,True,False
FIRE+TRANS+ENV+SSA,ACCA,1201.9,326.75,1259.6000000000001,389.75,0.7050000000000001,4.2749999999999995,3.8000000000000003,4.7,1.1928079571537873,3,3,2,True,True,True,True,True,True,True,True,True,True,False
FIRE+TRANS+ENV+SSA,ACCB,1185.4,322.0,1198.4,421.75,0.7050000000000001,4.2749999999999995,3.8000000000000003,4.7,1.309782608695652,3,3,1,False,True,True,True,False,True,True,True,True,True,False
FIRE+TRANS+ENV+SSA,ACCC,1178.8,317.25,1130.4,424.0,0.7050000000000001,4.2749999999999995,3.8000000000000003,4.7,1.3364854215918045,3,3,1,False,True,True,True,False,True,True,True,True,True,False
FIRE+TRANS+ENV+SSA,BAAA,1223.0,337.0,1379.2,319.5,0.7050000000000001,4.2749999999999995,3.8000000000000003,4.7,0.9480712166172107,3,3,3,True,True,True,True,True,True,True,True,True,True,False
FIRE+TRANS+ENV+SSA,BAAB,1206.5,332.25,1318.0,351.5,0.7050000000000001,4.2749999999999995,3.8000000000000003,4.7,1.0579382994732882,3,3,2,True,True,True,True,True,True,True,True,True,True,False
FIRE+TRANS+ENV+SSA,BAAC,1199.9,327.5,1250.0,353.75,0.7050000000000001,4.2749999999999995,3.8000000000000003,4.7,1.0801526717557253,3,3,2,True,True,True,True,True,True,True,True,True,True,False
FIRE+TRANS+ENV+SSA,BABA,1209.0,333.25,1314.4,346.75,0.7050000000000001,4.2749999999999995,3.8000000000000003,4.7,1.0405101275318829,3,3,2,True,True,True,True,True,True,True,True,True,True,False
FIRE+TRANS+ENV+SSA,BABB,1192.5,328.5,1253.2,378.75,0.7050000000000001,4.2749999999999995,3.8000000000000003,4.7,1.1529680365296804,3,3,1,False,True,True,True,False,True,True,True,True,True,False
FIRE+TRANS+ENV+SSA,BABC,1185.9,323.75,1185.2,381.0,0.7050000000000001,4.2749999999999995,3.8000000000000003,4.7,1.1768339768339768,3,3,1,False,True,True,True,False,True,True,True,True,True,False
FIRE+TRANS+ENV+SSA,BACA,1203.4,329.5,1242.4,348.75,0.7050000000000001,4.2749999999999995,3.8000000000000003,4.7,1.0584218512898331,3,3,2,True,True,True,True,True,True,True,True,True,True,False
FIRE+TRANS+ENV+SSA,BACB,1186.9,324.75,1181.2,380.75,0.7050000000000001,4.2749999999999995,3.8000000000000003,4.7,1.1724403387220939,3,3,1,False,True,True,True,False,True,True,True,True,True,False
FIRE+TRANS+ENV+SSA,BACC,1180.3,320.0,1113.2,383.0,0.7050000000000001,4.2749999999999995,3.8000000000000003,4.7,1.196875,3,3,1,False,True,True,True,False,True,True,True,True,True,False
FIRE+TRANS+ENV+SSA,BBAA,1210.5,333.5,1339.6,353.25,0.7050000000000001,4.2749999999999995,3.8000000000000003,4.7,1.0592203898050974,3,3,2,True,True,True,True,True,True,True,True,True,True,False
FIRE+TRANS+ENV+SSA,BBAB,1194.0,328.75,1278.4,385.25,0.7050000000000001,4.2749999999999995,3.8000000000000003,4.7,1.1718631178707224,3,3,1,False,True,True,True,False,True,True,True,True,True,False
FIRE+TRANS+ENV+SSA,BBAC,1187.4,324.0,1210.4,387.5,0.7050000000000001,4.2749999999999995,3.8000000000000003,4.7,1.1959876543209877,3,3,1,False,True,True,True,False,True,True,True,True,True,False
FIRE+TRANS+ENV+SSA,BBBA,1196.5,329.75,1274.8000000000002,380.5,0.7050000000000001,4.2749999999999995,3.8000000000000003,4.7,1.153904473085671,3,3,1,False,True,True,True,False,True,True,True,True,True,False
FIRE+TRANS+ENV+SSA,BBBB,1180.0,325.0,1213.6,412.5,0.7050000000000001,4.2749999999999995,3.8000000000000003,4.7,1.2692307692307692,3,3,0,False,True,True,True,False,True,True,True,True,True,False
FIRE+TRANS+ENV+SSA,BBBC,1173.4,320.25,1145.6,414.75,0.7050000000000001,4.2749999999999995,3.8000000000000003,4.7,1.2950819672131149,3,3,0,False,True,True,True,False,True,True,True,True,True,False
FIRE+TRANS+ENV+SSA,BBCA,1190.9,326.0,1202.8,382.5,0.7050000000000001,4.2749999999999995,3.8000000000000003,4.7,1.1733128834355828,3,3,1,False,True,True,True,False,True,True,True,True,True,False
FIRE+TRANS+ENV+SSA,BBCB,1174.4,321.25,1141.6,414.5,0.7050000000000001,4.2749999999999995,3.8000000000000003,4.7,1.290272373540856,3,3,0,False,True,True,True,False,True,True,True,True,True,False
FIRE+TRANS+ENV+SSA,BBCC,1167.8,316.5,1073.6,416.75,0.7050000000000001,4.2749999999999995,3.8000000000000003,4.7,1.3167456556082149,3,3,0,False,True,True,True,False,True,True,True,True,True,False
FIRE+TRANS+ENV+SSA,BCAA,1205.5,330.0,1295.6000000000001,361.25,0.7050000000000001,4.2749999999999995,3.8000000000000003,4.7,1.0946969696969697,3,3,2,True,True,True,True,True,True,True,True,True,True,False
FIRE+TRANS+ENV+SSA,BCAB,1189.0,325.25,1234.4,393.25,0.7050000000000001,4.2749999999999995,3.8000000000000003,4.7,1.2090699461952343,3,3,1,False,True,True,True,False,True,True,True,True,True,False
FIRE+TRANS+ENV+SSA,BCAC,1182.4,320.5,1166.4,395.5,0.7050000000000001,4.2749999999999995,3.8000000000000003,4.7,1.2340093603744149,3,3,1,False,True,True,True,False,True,True,True,True,True,False
FIRE+TRANS+ENV+SSA,BCBA,1191.5,326.25,1230.8000000000002,388.5,0.7050000000000001,4.2749999999999995,3.8000000000000003,4.7,1.1908045977011494,3,3,1,False,True,True,True,False,True,True,True,True,True,False
FIRE+TRANS+ENV+SSA,BCBB,1175.0,321.5,1169.6000000000001,420.5,0.7050000000000001,4.2749999999999995,3.8000000000000003,4.7,1.307931570762053,3,3,0,False,True,True,True,False,True,True,True,True,True,False
FIRE+TRANS+ENV+SSA,BCBC,1168.4,316.75,1101.6000000000001,422.75,0.7050000000000001,4.2749999999999995,3.8000000000000003,4.7,1.3346487766377269,3,3,0,False,True,True,True,False,True,True,True,True,True,False
FIRE+TRANS+ENV+SSA,BCCA,1185.9,322.5,1158.8,390.5,0.7050000000000001,4.2749999999999995,3.8000000000000003,4.7,1.2108527131782947,3,3,1,False,True,True,True,False,True,True,True,True,True,False
FIRE+TRANS+ENV+SSA,BCCB,1169.4,317.75,1097.6000000000001,422.5,0.7050000000000001,4.2749999999999995,3.8000000000000003,4.7,1.3296616837136113,3,3,0,False,True,True,True,False,True,True,True,True,True,False
FIRE+TRANS+ENV+SSA,BCCC,1162.8,313.0,1029.6000000000001,424.75,0.7050000000000001,4.2749999999999995,3.8000000000000003,4.7,1.3570287539936101,3,3,0,False,True,True,True,False,True,True,True,True,True,False
FIRE+TRANS+ENV+SSA,CAAA,1216.6,332.75,1267.2,302.0,0.7050000000000001,4.2749999999999995,3.8000000000000003,4.7,0.9075882794891059,3,3,3,True,True,True,True,True,True,True,True,True,True,False
FIRE+TRANS+ENV+SSA,CAAB,1200.1,328.0,1206.0,334.0,0.7050000000000001,4.2749999999999995,3.8000000000000003,4.7,1.0182926829268293,3,3,2,True,True,True,True,True,True,True,True,True,True,False
FIRE+TRANS+ENV+SSA,CAAC,1193.5,323.25,1138.0,336.25,0.7050000000000001,4.2749999999999995,3.8000000000000003,4.7,1.040216550657386,3,3,2,True,True,True,True,True,True,True,True,True,True,False
FIRE+TRANS+ENV+SSA,CABA,1202.6,329.0,1202.4,329.25,0.7050000000000001,4.2749999999999995,3.8000000000000003,4.7,1.000759878419453,3,3,2,True,True,True,True,True,True,True,True,True,True,False
FIRE+TRANS+ENV+SSA,CABB,1186.1,324.25,1141.2,361.25,0.7050000000000001,4.2749999999999995,3.8000000000000003,4.7,1.1141094834232845,3,3,1,False,True,True,True,False,True,True,True,True,True,False
FIRE+TRANS+ENV+SSA,CABC,1179.5,319.5,1073.2,363.5,0.7050000000000001,4.2749999999999995,3.8000000000000003,4.7,1.137715179968701,3,3,1,False,True,True,True,False,True,True,True,True,True,False
FIRE+TRANS+ENV+SSA,CACA,1197.0,325.25,1130.4,331.25,0.7050000000000001,4.2749999999999995,3.8000000000000003,4.7,1.018447348193697,3,3,2,True,True,True,True,True,True,True,True,True,True,False
FIRE+TRANS+ENV+SSA,CACB,1180.5,320.5,1069.2,363.25,0.7050000000000001,4.2749999999999995,3.8000000000000003,4.7,1.1333853354134165,3,3,1,False,True,True,True,False,True,True,True,True,True,False
FIRE+TRANS+ENV+SSA,CACC,1173.9,315.75,1001.2,365.5,0.7050000000000001,4.2749999999999995,3.8000000000000003,4.7,1.1575613618368963,3,3,1,False,True,True,True,False,True,True,True,True,True,False
FIRE+TRANS+ENV+SSA,CBAA,1204.1,329.25,1227.6,335.75,0.7050000000000001,4.2749999999999995,3.8000000000000003,4.7,1.0197418375094913,3,3,2,True,True,True,True,True,True,True,True,True,True,False
FIRE+TRANS+ENV+SSA,CBAB,1187.6,324.5,1166.4,367.75,0.7050000000000001,4.2749999999999995,3.8000000000000003,4.7,1.1332819722650231,3,3,1,False,True,True,True,False,True,True,True,True,True,False
FIRE+TRANS+ENV+SSA,CBAC,1181.0,319.75,1098.4,370.0,0.7050000000000001,4.2749999999999995,3.8000000000000003,4.7,1.1571540265832683,3,3,1,False,True,True,True,False,True,True,True,True,True,False
FIRE+TRANS+ENV+SSA,CBBA,1190.1,325.5,1162.8,363.0,0.7050000000000001,4.2749999999999995,3.8000000000000003,4.7,1.1152073732718895,3,3,1,False,True,True,True,False,True,True,True,True,True,False
FIRE+TRANS+ENV+SSA,CBBB,1173.6,320.75,1101.6,395.0,0.7050000000000001,4.2749999999999995,3.8000000000000003,4.7,1.2314886983632112,3,3,0,False,True,True,True,False,True,True,True,True,True,False
FIRE+TRANS+ENV+SSA,CBBC,1167.0,316.0,1033.6,397.25,0.7050000000000001,4.2749999999999995,3.8000000000000003,4.7,1.2571202531645569,3,3,0,False,True,True,True,False,True,True,True,True,True,False
FIRE+TRANS+ENV+SSA,CBCA,1184.5,321.75,1090.8,365.0,0.7050000000000001,4.2749999999999995,3.8000000000000003,4.7,1.1344211344211343,3,3,1,False,True,True,True,False,True,True,True,True,True,False
FIRE+TRANS+ENV+SSA,CBCB,1168.0,317.0,1029.6,397.0,0.7050000000000001,4.2749999999999995,3.8000000000000003,4.7,1.252365930599369,3,3,0,False,True,True,True,False,True,True,True,True,True,False
FIRE+TRANS+ENV+SSA,CBCC,1161.4,312.25,961.6,399.25,0.7050000000000001,4.2749999999999995,3.8000000000000003,4.7,1.278622898318655,3,3,0,False,True,True,True,False,True,True,False,True,True,False
FIRE+TRANS+ENV+SSA,CCAA,1199.1,325.75,1183.6000000000001,343.75,0.7050000000000001,4.2749999999999995,3.8000000000000003,4.7,1.0552570990023025,3,3,2,True,True,True,True,True,True,True,True,True,True,False
FIRE+TRANS+ENV+SSA,CCAB,1182.6,321.0,1122.4,375.75,0.7050000000000001,4.2749999999999995,3.8000000000000003,4.7,1.1705607476635513,3,3,1,False,True,True,True,False,True,True,True,True,True,False
FIRE+TRANS+ENV+SSA,CCAC,1176.0,316.25,1054.4,378.0,0.7050000000000001,4.2749999999999995,3.8000000000000003,4.7,1.1952569169960474,3,3,1,False,True,True,True,False,True,True,True,True,True,False
FIRE+TRANS+ENV+SSA,CCBA,1185.1,322.0,1118.8,371.0,0.7050000000000001,4.2749999999999995,3.8000000000000003,4.7,1.1521739130434783,3,3,1,False,True,True,True,False,True,True,True,True,True,False
FIRE+TRANS+ENV+SSA,CCBB,1168.6,317.25,1057.6000000000001,403.0,0.7050000000000001,4.2749999999999995,3.8000000000000003,4.7,1.2702915681639086,3,3,0,False,True,True,True,False,True,True,True,True,True,False
FIRE+TRANS+ENV+SSA,CCBC,1162.0,312.5,989.6,405.25,0.7050000000000001,4.2749999999999995,3.8000000000000003,4.7,1.2968,3,3,0,False,True,True,True,False,True,True,False,True,True,False
FIRE+TRANS+ENV+SSA,CCCA,1179.5,318.25,1046.8,373.0,0.7050000000000001,4.2749999999999995,3.8000000000000003,4.7,1.1720345640219954,3,3,1,False,True,True,True,False,True,True,True,True,True,False
FIRE+TRANS+ENV+SSA,CCCB,1163.0,313.5,985.6,405.0,0.7050000000000001,4.2749999999999995,3.8000000000000003,4.7,1.291866028708134,3,3,0,False,True,True,True,False,True,True,False,True,True,False
FIRE+TRANS+ENV+SSA,CCCC,1156.4,308.75,917.6,407.25,0.7050000000000001,4.2749999999999995,3.8000000000000003,4.7,1.3190283400809717,3,3,0,False,True,True,True,False,True,True,False,True,True,False
FLOOD+AGRI+INFRA+ARCTIC,AAAA,1438.5,404.25,1600.0,356.25,0.655,3.975,3.775,4.300000000000001,0.8812615955473099,4,3,4,False,True,True,True,True,False,False,True,True,True,False
FLOOD+AGRI+INFRA+ARCTIC,AAAB,1415.5,397.25,1515.4,400.0,0.655,3.975,3.775,4.300000000000001,1.0069225928256764,4,3,3,False,True,True,True,True,False,False,True,True,True,False
FLOOD+AGRI+INFRA+ARCTIC,AAAC,1406.3,390.25,1421.4,404.0,0.655,3.975,3.775,4.300000000000001,1.0352338244714927,4,3,3,False,True,True,True,True,False,False,True,True,True,False
FLOOD+AGRI+INFRA+ARCTIC,AABA,1423.0,400.25,1546.0,392.5,0.655,3.975,3.775,4.300000000000001,0.9806371018113679,4,3,3,False,True,True,True,True,False,False,True,True,True,False
FLOOD+AGRI+INFRA+ARCTIC,AABB,1400.0,393.25,1461.4,436.25,0.655,3.975,3.775,4.300000000000001,1.1093452002542912,4,3,2,False,True,True,True,True,False,False,True,True,True,False
FLOOD+AGRI+INFRA+ARCTIC,AABC,1390.8,386.25,1367.4,440.25,0.655,3.975,3.775,4.300000000000001,1.1398058252427183,4,3,2,False,True,True,True,True,False,False,True,True,True,False
FLOOD+AGRI+INFRA+ARCTIC,AACA,1416.8,396.25,1486.0,399.5,0.655,3.975,3.775,4.300000000000001,1.0082018927444796,4,3,3,False,True,True,True,True,False,False,True,True,True,False
FLOOD+AGRI+INFRA+ARCTIC,AACB,1393.8,389.25,1401.4,443.25,0.655,3.975,3.775,4.300000000000001,1.138728323699422,4,3,2,False,True,True,True,True,False,False,True,True,True,False
FLOOD+AGRI+INFRA+ARCTIC,AACC,1384.6,382.25,1307.4,447.25,0.655,3.975,3.775,4.300000000000001,1.170045781556573,4,3,2,False,True,True,True,True,False,False,True,True,True,False
FLOOD+AGRI+INFRA+ARCTIC,ABAA,1425.5,400.5,1558.6,404.25,0.655,3.975,3.775,4.300000000000001,1.0093632958801497,4,3,3,False,True,True,True,True,False,False,True,True,True,False
FLOOD+AGRI+INFRA+ARCTIC,ABAB,1402.5,393.5,1474.0,448.0,0.655,3.975,3.775,4.300000000000001,1.1385006353240152,4,3,2,False,True,True,True,True,False,False,True,True,True,False
FLOOD+AGRI+INFRA+ARCTIC,ABAC,1393.3,386.5,1380.0,452.0,0.655,3.975,3.775,4.300000000000001,1.1694695989650712,4,3,2,False,True,True,True,True,False,False,True,True,True,False
FLOOD+AGRI+INFRA+ARCTIC,ABBA,1410.0,396.5,1504.6,440.5,0.655,3.975,3.775,4.300000000000001,1.1109709962168979,4,3,2,False,True,True,True,True,False,False,True,True,True,False
FLOOD+AGRI+INFRA+ARCTIC,ABBB,1387.0,389.5,1420.0,484.25,0.655,3.975,3.775,4.300000000000001,1.2432605905006417,4,3,1,False,True,True,True,False,False,False,True,True,True,False
FLOOD+AGRI+INFRA+ARCTIC,ABBC,1377.8,382.5,1326.0,488.25,0.655,3.975,3.775,4.300000000000001,1.276470588235294,4,3,1,False,True,True,True,False,False,False,True,True,True,False
FLOOD+AGRI+INFRA+ARCTIC,ABCA,1403.8,392.5,1444.6,447.5,0.655,3.975,3.775,4.300000000000001,1.1401273885350318,4,3,2,False,True,True,True,True,False,False,True,True,True,False
FLOOD+AGRI+INFRA+ARCTIC,ABCB,1380.8,385.5,1360.0,491.25,0.655,3.975,3.775,4.300000000000001,1.2743190661478598,4,3,1,False,True,True,True,False,False,False,True,True,True,False
FLOOD+AGRI+INFRA+ARCTIC,ABCC,1371.6,378.5,1266.0,495.25,0.655,3.975,3.775,4.300000000000001,1.3084544253632762,4,3,1,False,True,True,True,False,False,False,True,True,True,False
FLOOD+AGRI+INFRA+ARCTIC,ACAA,1420.3,396.75,1512.6,423.75,0.655,3.975,3.775,4.300000000000001,1.0680529300567108,4,3,3,False,True,True,True,True,False,False,True,True,True,False
FLOOD+AGRI+INFRA+ARCTIC,ACAB,1397.3,389.75,1428.0,467.5,0.655,3.975,3.775,4.300000000000001,1.1994868505452212,4,3,2,False,True,True,True,True,False,False,True,True,True,False
FLOOD+AGRI+INFRA+ARCTIC,ACAC,1388.1,382.75,1334.0,471.5,0.655,3.975,3.775,4.300000000000001,1.2318745917700848,4,3,2,False,True,True,True,True,False,False,True,True,True,False
FLOOD+AGRI+INFRA+ARCTIC,ACBA,1404.8,392.75,1458.6,460.0,0.655,3.975,3.775,4.300000000000001,1.1712285168682368,4,3,2,False,True,True,True,True,False,False,True,True,True,False
FLOOD+AGRI+INFRA+ARCTIC,ACBB,1381.8,385.75,1374.0,503.75,0.655,3.975,3.775,4.300000000000001,1.305897602073882,4,3,1,False,True,True,True,False,False,False,True,True,True,False
FLOOD+AGRI+INFRA+ARCTIC,ACBC,1372.6,378.75,1280.0,507.75,0.655,3.975,3.775,4.300000000000001,1.3405940594059407,4,3,1,False,True,True,True,False,False,False,True,True,True,False
FLOOD+AGRI+INFRA+ARCTIC,ACCA,1398.6,388.75,1398.6,467.0,0.655,3.975,3.775,4.300000000000001,1.2012861736334406,4,3,2,False,True,True,True,True,False,False,True,True,True,False
FLOOD+AGRI+INFRA+ARCTIC,ACCB,1375.6,381.75,1314.0,510.75,0.655,3.975,3.775,4.300000000000001,1.337917485265226,4,3,1,False,True,True,True,False,False,False,True,True,True,False
FLOOD+AGRI+INFRA+ARCTIC,ACCC,1366.3999999999999,374.75,1220.0,514.75,0.655,3.975,3.775,4.300000000000001,1.3735823882588392,4,3,1,False,True,True,True,False,False,False,True,True,True,False
FLOOD+AGRI+INFRA+ARCTIC,BAAA,1421.5,399.75,1492.0,359.5,0.655,3.975,3.775,4.300000000000001,0.8993120700437773,4,3,3,False,True,True,True,True,False,False,True,True,True,False
FLOOD+AGRI+INFRA+ARCTIC,BAAB,1398.5,392.75,1407.3999999999999,403.25,0.655,3.975,3.775,4.300000000000001,1.0267345639719923,4,3,2,False,True,True,True,True,False,False,True,True,True,False
FLOOD+AGRI+INFRA+ARCTIC,BAAC,1389.3,385.75,1313.3999999999999,407.25,0.655,3.975,3.775,4.300000000000001,1.0557355800388852,4,3,2,False,True,True,True,True,False,False,True,True,True,False
FLOOD+AGRI+INFRA+ARCTIC,BABA,1406.0,395.75,1438.0,395.75,0.655,3.975,3.775,4.300000000000001,1.0,4,3,2,False,True,True,True,True,False,False,True,True,True,False
FLOOD+AGRI+INFRA+ARCTIC,BABB,1383.0,388.75,1353.3999999999999,439.5,0.655,3.975,3.775,4.300000000000001,1.1305466237942121,4,3,1,False,True,True,True,False,False,False,True,True,True,False
FLOOD+AGRI+INFRA+ARCTIC,BABC,1373.8,381.75,1259.3999999999999,443.5,0.655,3.975,3.775,4.300000000000001,1.1617550753110675,4,3,1,False,True,True,True,False,False,False,True,True,True,False
FLOOD+AGRI+INFRA+ARCTIC,BACA,1399.8,391.75,1378.0,402.75,0.655,3.975,3.775,4.300000000000001,1.0280791320995533,4,3,2,False,True,True,True,True,False,False,True,True,True,False
FLOOD+AGRI+INFRA+ARCTIC,BACB,1376.8,384.75,1293.3999999999999,446.5,0.655,3.975,3.775,4.300000000000001,1.1604938271604939,4,3,1,False,True,True,True,False,False,False,True,True,True,False
FLOOD+AGRI+INFRA+ARCTIC,BACC,1367.6,377.75,1199.3999999999999,450.5,0.655,3.975,3.775,4.300000000000001,1.1925876902713435,4,3,1,False,True,True,True,False,False,False,True,True,True,False
FLOOD+AGRI+INFRA+ARCTIC,BBAA,1408.5,396.0,1450.6,407.5,0.655,3.975,3.775,4.300000000000001,1.029040404040404,4,3,2,False,True,True,True,True,False,False,True,True,True,False
FLOOD+AGRI+INFRA+ARCTIC,BBAB,1385.5,389.0,1366.0,451.25,0.655,3.975,3.775,4.300000000000001,1.1600257069408741,4,3,1,False,True,True,True,False,False,False,True,True,True,False
FLOOD+AGRI+INFRA+ARCTIC,BBAC,1376.3,382.0,1272.0,455.25,0.655,3.975,3.775,4.300000000000001,1.1917539267015707,4,3,1,False,True,True,True,False,False,False,True,True,True,False
FLOOD+AGRI+INFRA+ARCTIC,BBBA,1393.0,392.0,1396.6,443.75,0.655,3.975,3.775,4.300000000000001,1.132015306122449,4,3,1,False,True,True,True,False,False,False,True,True,True,False
FLOOD+AGRI+INFRA+ARCTIC,BBBB,1370.0,385.0,1312.0,487.5,0.655,3.975,3.775,4.300000000000001,1.2662337662337662,4,3,0,False,True,True,True,False,False,False,True,True,True,False
FLOOD+AGRI+INFRA+ARCTIC,BBBC,1360.8,378.0,1218.0,491.5,0.655,3.975,3.775,4.300000000000001,1.3002645502645502,4,3,0,False,True,True,True,False,False,False,True,True,True,False
FLOOD+AGRI+INFRA+ARCTIC,BBCA,1386.8,388.0,1336.6,450.75,0.655,3.975,3.775,4.300000000000001,1.1617268041237114,4,3,1,False,True,True,True,False,False,False,True,True,True,False
FLOOD+AGRI+INFRA+ARCTIC,BBCB,1363.8,381.0,1252.0,494.5,0.655,3.975,3.775,4.300000000000001,1.2979002624671916,4,3,0,False,True,True,True,False,False,False,True,True,True,False
FLOOD+AGRI+INFRA+ARCTIC,BBCC,1354.6,374.0,1158.0,498.5,0.655,3.975,3.775,4.300000000000001,1.3328877005347595,4,3,0,False,True,True,True,False,False,False,True,True,True,False
FLOOD+AGRI+INFRA+ARCTIC,BCAA,1403.3,392.25,1404.6,427.0,0.655,3.975,3.775,4.300000000000001,1.0885914595283621,4,3,2,False,True,True,True,True,False,False,True,True,True,False
FLOOD+AGRI+INFRA+ARCTIC,BCAB,1380.3,385.25,1320.0,470.75,0.655,3.975,3.775,4.300000000000001,1.2219338092147956,4,3,1,False,True,True,True,False,False,False,True,True,True,False
FLOOD+AGRI+INFRA+ARCTIC,BCAC,1371.1,378.25,1226.0,474.75,0.655,3.975,3.775,4.300000000000001,1.2551222736285526,4,3,1,False,True,True,True,False,False,False,True,True,True,False
FLOOD+AGRI+INFRA+ARCTIC,BCBA,1387.8,388.25,1350.6,463.25,0.655,3.975,3.775,4.300000000000001,1.1931745009658725,4,3,1,False,True,True,True,False,False,False,True,True,True,False
FLOOD+AGRI+INFRA+ARCTIC,BCBB,1364.8,381.25,1266.0,507.0,0.655,3.975,3.775,4.300000000000001,1.3298360655737704,4,3,0,False,True,True,True,False,False,False,True,True,True,False
FLOOD+AGRI+INFRA+ARCTIC,BCBC,1355.6,374.25,1172.0,511.0,0.655,3.975,3.775,4.300000000000001,1.3653974615898463,4,3,0,False,True,True,True,False,False,False,True,True,True,False
FLOOD+AGRI+INFRA+ARCTIC,BCCA,1381.6,384.25,1290.6,470.25,0.655,3.975,3.775,4.300000000000001,1.2238126219908914,4,3,1,False,True,True,True,False,False,False,True,True,True,False
FLOOD+AGRI+INFRA+ARCTIC,BCCB,1358.6,377.25,1206.0,514.0,0.655,3.975,3.775,4.300000000000001,1.362491716368456,4,3,0,False,True,True,True,False,False,False,True,True,True,False
FLOOD+AGRI+INFRA+ARCTIC,BCCC,1349.3999999999999,370.25,1112.0,518.0,0.655,3.975,3.775,4.300000000000001,1.399054692775152,4,3,0,False,True,True,True,False,False,False,True,True,True,False
FLOOD+AGRI+INFRA+ARCTIC,CAAA,1414.7,395.25,1372.0,341.0,0.655,3.975,3.775,4.300000000000001,0.8627450980392157,4,3,3,False,True,True,True,True,False,False,True,True,True,False
FLOOD+AGRI+INFRA+ARCTIC,CAAB,1391.7,388.25,1287.4,384.75,0.655,3.975,3.775,4.300000000000001,0.9909851899549259,4,3,2,False,True,True,True,True,False,False,True,True,True,False
FLOOD+AGRI+INFRA+ARCTIC,CAAC,1382.5,381.25,1193.4,388.75,0.655,3.975,3.775,4.300000000000001,1.019672131147541,4,3,2,False,True,True,True,True,False,False,True,True,True,False
FLOOD+AGRI+INFRA+ARCTIC,CABA,1399.2,391.25,1318.0,377.25,0.655,3.975,3.775,4.300000000000001,0.9642172523961662,4,3,2,False,True,True,True,True,False,False,True,True,True,False
FLOOD+AGRI+INFRA+ARCTIC,CABB,1376.2,384.25,1233.3999999999999,421.0,0.655,3.975,3.775,4.300000000000001,1.095640858815875,4,3,1,False,True,True,True,False,False,False,True,True,True,False
FLOOD+AGRI+INFRA+ARCTIC,CABC,1367.0,377.25,1139.3999999999999,425.0,0.655,3.975,3.775,4.300000000000001,1.126573889993373,4,3,1,False,True,True,True,False,False,False,True,True,True,False
FLOOD+AGRI+INFRA+ARCTIC,CACA,1393.0,387.25,1258.0,384.25,0.655,3.975,3.775,4.300000000000001,0.9922530664945126,4,3,2,False,True,True,True,True,False,False,True,True,True,False
FLOOD+AGRI+INFRA+ARCTIC,CACB,1370.0,380.25,1173.4,428.0,0.655,3.975,3.775,4.300000000000001,1.1255752794214333,4,3,1,False,True,True,True,False,False,False,True,True,True,False
FLOOD+AGRI+INFRA+ARCTIC,CACC,1360.8,373.25,1079.4,432.0,0.655,3.975,3.775,4.300000000000001,1.157401205626256,4,3,1,False,True,True,True,False,False,False,True,True,True,False
FLOOD+AGRI+INFRA+ARCTIC,CBAA,1401.7,391.5,1330.6,389.0,0.655,3.975,3.775,4.300000000000001,0.9936143039591315,4,3,2,False,True,True,True,True,False,False,True,True,True,False
FLOOD+AGRI+INFRA+ARCTIC,CBAB,1378.7,384.5,1246.0,432.75,0.655,3.975,3.775,4.300000000000001,1.125487646293888,4,3,1,False,True,True,True,False,False,False,True,True,True,False
FLOOD+AGRI+INFRA+ARCTIC,CBAC,1369.5,377.5,1152.0,436.75,0.655,3.975,3.775,4.300000000000001,1.156953642384106,4,3,1,False,True,True,True,False,False,False,True,True,True,False
FLOOD+AGRI+INFRA+ARCTIC,CBBA,1386.2,387.5,1276.6,425.25,0.655,3.975,3.775,4.300000000000001,1.0974193548387097,4,3,1,False,True,True,True,False,False,False,True,True,True,False
FLOOD+AGRI+INFRA+ARCTIC,CBBB,1363.2,380.5,1192.0,469.0,0.655,3.975,3.775,4.300000000000001,1.2325886990801578,4,3,0,False,True,True,True,False,False,False,True,True,True,False
FLOOD+AGRI+INFRA+ARCTIC,CBBC,1354.0,373.5,1098.0,473.0,0.655,3.975,3.775,4.300000000000001,1.2663989290495314,4,3,0,False,True,True,True,False,False,False,True,True,True,False
FLOOD+AGRI+INFRA+ARCTIC,CBCA,1380.0,383.5,1216.6,432.25,0.655,3.975,3.775,4.300000000000001,1.1271186440677967,4,3,1,False,True,True,True,False,False,False,True,True,True,False
FLOOD+AGRI+INFRA+ARCTIC,CBCB,1357.0,376.5,1132.0,476.0,0.655,3.975,3.775,4.300000000000001,1.2642762284196547,4,3,0,False,True,True,True,False,False,False,True,True,True,False
FLOOD+AGRI+INFRA+ARCTIC,CBCC,1347.8,369.5,1038.0,480.0,0.655,3.975,3.775,4.300000000000001,1.2990527740189446,4,3,0,False,True,True,True,False,False,False,True,True,True,False
FLOOD+AGRI+INFRA+ARCTIC,CCAA,1396.5,387.75,1284.6,408.5,0.655,3.975,3.775,4.300000000000001,1.0535138620245004,4,3,2,False,True,True,True,True,False,False,True,True,True,False
FLOOD+AGRI+INFRA+ARCTIC,CCAB,1373.5,380.75,1200.0,452.25,0.655,3.975,3.775,4.300000000000001,1.1877872619829284,4,3,1,False,True,True,True,False,False,False,True,True,True,False
FLOOD+AGRI+INFRA+ARCTIC,CCAC,1364.3,373.75,1106.0,456.25,0.655,3.975,3.775,4.300000000000001,1.2207357859531773,4,3,1,False,True,True,True,False,False,False,True,True,True,False
FLOOD+AGRI+INFRA+ARCTIC,CCBA,1381.0,383.75,1230.6,444.75,0.655,3.975,3.775,4.300000000000001,1.158957654723127,4,3,1,False,True,True,True,False,False,False,True,True,True,False
FLOOD+AGRI+INFRA+ARCTIC,CCBB,1358.0,376.75,1146.0,488.5,0.655,3.975,3.775,4.300000000000001,1.296615792966158,4,3,0,False,True,True,True,False,False,False,True,True,True,False
FLOOD+AGRI+INFRA+ARCTIC,CCBC,1348.8,369.75,1052.0,492.5,0.655,3.975,3.775,4.300000000000001,1.3319810682893847,4,3,0,False,True,True,True,False,False,False,True,True,True,False
FLOOD+AGRI+INFRA+ARCTIC,CCCA,1374.8,379.75,1170.6,451.75,0.655,3.975,3.775,4.300000000000001,1.1895984200131666,4,3,1,False,True,True,True,False,False,False,True,True,True,False
FLOOD+AGRI+INFRA+ARCTIC,CCCB,1351.8,372.75,1086.0,495.5,0.655,3.975,3.775,4.300000000000001,1.329309188464118,4,3,0,False,True,True,True,False,False,False,True,True,True,False
FLOOD+AGRI+INFRA+ARCTIC,CCCC,1342.6,365.75,992.0,499.5,0.655,3.975,3.775,4.300000000000001,1.365686944634313,4,3,0,False,True,True,True,False,False,False,False,True,True,False
FLOOD+AGRI+INFRA+TRANS,AAAA,1218.0,330.75,1350.0,306.25,0.71,4.375,4.175000000000001,4.575,0.9259259259259259,4,2,4,True,True,True,True,True,True,True,True,True,True,False
FLOOD+AGRI+INFRA+TRANS,AAAB,1205.5,327.25,1310.4,340.0,0.71,4.375,4.175000000000001,4.575,1.0389610389610389,4,2,3,True,True,True,True,True,True,True,True,True,True,False
FLOOD+AGRI+INFRA+TRANS,AAAC,1200.5,323.75,1266.4,348.0,0.71,4.375,4.175000000000001,4.575,1.074903474903475,4,2,3,True,True,True,True,True,True,True,True,True,True,False
FLOOD+AGRI+INFRA+TRANS,AABA,1202.5,326.75,1296.0,342.5,0.71,4.375,4.175000000000001,4.575,1.0482019892884469,4,2,3,True,True,True,True,True,True,True,True,True,True,False
FLOOD+AGRI+INFRA+TRANS,AABB,1190.0,323.25,1256.4,376.25,0.71,4.375,4.175000000000001,4.575,1.1639597834493427,4,2,2,True,True,True,True,True,True,True,True,True,True,False
FLOOD+AGRI+INFRA+TRANS,AABC,1185.0,319.75,1212.4,384.25,0.71,4.375,4.175000000000001,4.575,1.2017200938232995,4,2,2,True,True,True,True,True,True,True,True,True,True,False
FLOOD+AGRI+INFRA+TRANS,AACA,1196.3,322.75,1236.0,349.5,0.71,4.375,4.175000000000001,4.575,1.0828814872192098,4,2,3,True,True,True,True,True,True,True,True,True,True,False
FLOOD+AGRI+INFRA+TRANS,AACB,1183.8,319.25,1196.4,383.25,0.71,4.375,4.175000000000001,4.575,1.2004698512137824,4,2,2,True,True,True,True,True,True,True,True,True,True,False
FLOOD+AGRI+INFRA+TRANS,AACC,1178.8,315.75,1152.4,391.25,0.71,4.375,4.175000000000001,4.575,1.239113222486144,4,2,2,True,True,True,True,True,True,True,True,True,True,True
FLOOD+AGRI+INFRA+TRANS,ABAA,1205.0,327.0,1308.6,354.25,0.71,4.375,4.175000000000001,4.575,1.0833333333333333,4,2,3,True,True,True,True,True,True,True,True,True,True,False
FLOOD+AGRI+INFRA+TRANS,ABAB,1192.5,323.5,1269.0,388.0,0.71,4.375,4.175000000000001,4.575,1.1993817619783618,4,2,2,True,True,True,True,True,True,True,True,True,True,False
FLOOD+AGRI+INFRA+TRANS,ABAC,1187.5,320.0,1225.0,396.0,0.71,4.375,4.175000000000001,4.575,1.2375,4,2,2,True,True,True,True,True,True,True,True,True,True,False
FLOOD+AGRI+INFRA+TRANS,ABBA,1189.5,323.0,1254.6,390.5,0.71,4.375,4.175000000000001,4.575,1.2089783281733746,4,2,2,True,True,True,True,True,True,True,True,True,True,False
FLOOD+AGRI+INFRA+TRANS,ABBB,1177.0,319.5,1215.0,424.25,0.71,4.375,4.175000000000001,4.575,1.3278560250391236,4,2,1,False,True,True,True,False,True,True,True,True,True,False
FLOOD+AGRI+INFRA+TRANS,ABBC,1172.0,316.0,1171.0,432.25,0.71,4.375,4.175000000000001,4.575,1.3678797468354431,4,2,1,False,True,True,True,False,True,True,True,True,True,False
FLOOD+AGRI+INFRA+TRANS,ABCA,1183.3,319.0,1194.6,397.5,0.71,4.375,4.175000000000001,4.575,1.2460815047021943,4,2,2,True,True,True,True,True,True,True,True,True,True,False
FLOOD+AGRI+INFRA+TRANS,ABCB,1170.8,315.5,1155.0,431.25,0.71,4.375,4.175000000000001,4.575,1.366877971473851,4,2,1,False,True,True,True,False,True,True,True,True,True,False
FLOOD+AGRI+INFRA+TRANS,ABCC,1165.8,312.0,1111.0,439.25,0.71,4.375,4.175000000000001,4.575,1.407852564102564,4,2,1,False,True,True,True,False,True,True,True,True,True,False
FLOOD+AGRI+INFRA+TRANS,ACAA,1199.8,323.25,1262.6,373.75,0.71,4.375,4.175000000000001,4.575,1.1562258313998452,4,2,3,True,True,True,True,True,True,True,True,True,True,False
FLOOD+AGRI+INFRA+TRANS,ACAB,1187.3,319.75,1223.0,407.5,0.71,4.375,4.175000000000001,4.575,1.27443315089914,4,2,2,True,True,True,True,True,True,True,True,True,True,False
FLOOD+AGRI+INFRA+TRANS,ACAC,1182.3,316.25,1179.0,415.5,0.71,4.375,4.175000000000001,4.575,1.3138339920948616,4,2,2,True,True,True,True,True,True,True,True,True,True,False
FLOOD+AGRI+INFRA+TRANS,ACBA,1184.3,319.25,1208.6,410.0,0.71,4.375,4.175000000000001,4.575,1.284259984338293,4,2,2,True,True,True,True,True,True,True,True,True,True,False
FLOOD+AGRI+INFRA+TRANS,ACBB,1171.8,315.75,1169.0,443.75,0.71,4.375,4.175000000000001,4.575,1.4053840063341252,4,2,1,False,True,True,True,False,True,True,True,True,True,False
FLOOD+AGRI+INFRA+TRANS,ACBC,1166.8,312.25,1125.0,451.75,0.71,4.375,4.175000000000001,4.575,1.44675740592474,4,2,1,False,True,True,True,False,True,True,True,True,True,False
FLOOD+AGRI+INFRA+TRANS,ACCA,1178.1,315.25,1148.6,417.0,0.71,4.375,4.175000000000001,4.575,1.3227597145122918,4,2,2,True,True,True,True,True,True,True,True,True,True,True
FLOOD+AGRI+INFRA+TRANS,ACCB,1165.6,311.75,1109.0,450.75,0.71,4.375,4.175000000000001,4.575,1.4458700882117081,4,2,1,False,True,True,True,False,True,True,True,True,True,False
FLOOD+AGRI+INFRA+TRANS,ACCC,1160.6,308.25,1065.0,458.75,0.71,4.375,4.175000000000001,4.575,1.4882400648824006,4,2,1,False,True,True,True,False,True,True,True,True,True,False
FLOOD+AGRI+INFRA+TRANS,BAAA,1201.0,326.25,1242.0,309.5,0.71,4.375,4.175000000000001,4.575,0.9486590038314177,4,2,3,True,True,True,True,True,True,True,True,True,True,False
FLOOD+AGRI+INFRA+TRANS,BAAB,1188.5,322.75,1202.4,343.25,0.71,4.375,4.175000000000001,4.575,1.0635166537567777,4,2,2,True,True,True,True,True,True,True,True,True,True,False
FLOOD+AGRI+INFRA+TRANS,BAAC,1183.5,319.25,1158.4,351.25,0.71,4.375,4.175000000000001,4.575,1.100234925606891,4,2,2,True,True,True,True,True,True,True,True,True,True,False
FLOOD+AGRI+INFRA+TRANS,BABA,1185.5,322.25,1188.0,345.75,0.71,4.375,4.175000000000001,4.575,1.0729247478665633,4,2,2,True,True,True,True,True,True,True,True,True,True,False
FLOOD+AGRI+INFRA+TRANS,BABB,1173.0,318.75,1148.4,379.5,0.71,4.375,4.175000000000001,4.575,1.1905882352941177,4,2,1,False,True,True,True,False,True,True,True,True,True,False
FLOOD+AGRI+INFRA+TRANS,BABC,1168.0,315.25,1104.4,387.5,0.71,4.375,4.175000000000001,4.575,1.2291831879460746,4,2,1,False,True,True,True,False,True,True,True,True,True,False
FLOOD+AGRI+INFRA+TRANS,BACA,1179.3,318.25,1128.0,352.75,0.71,4.375,4.175000000000001,4.575,1.1084053417124902,4,2,2,True,True,True,True,True,True,True,True,True,True,True
FLOOD+AGRI+INFRA+TRANS,BACB,1166.8,314.75,1088.4,386.5,0.71,4.375,4.175000000000001,4.575,1.227958697378872,4,2,1,False,True,True,True,False,True,True,True,True,True,False
FLOOD+AGRI+INFRA+TRANS,BACC,1161.8,311.25,1044.4,394.5,0.71,4.375,4.175000000000001,4.575,1.2674698795180723,4,2,1,False,True,True,True,False,True,True,True,True,True,False
FLOOD+AGRI+INFRA+TRANS,BBAA,1188.0,322.5,1200.6,357.5,0.71,4.375,4.175000000000001,4.575,1.1085271317829457,4,2,2,True,True,True,True,True,True,True,True,True,True,False
FLOOD+AGRI+INFRA+TRANS,BBAB,1175.5,319.0,1161.0,391.25,0.71,4.375,4.175000000000001,4.575,1.2264890282131662,4,2,1,False,True,True,True,False,True,True,True,True,True,False
FLOOD+AGRI+INFRA+TRANS,BBAC,1170.5,315.5,1117.0,399.25,0.71,4.375,4.175000000000001,4.575,1.2654516640253566,4,2,1,False,True,True,True,False,True,True,True,True,True,False
FLOOD+AGRI+INFRA+TRANS,BBBA,1172.5,318.5,1146.6,393.75,0.71,4.375,4.175000000000001,4.575,1.2362637362637363,4,2,1,False,True,True,True,False,True,True,True,True,True,False
FLOOD+AGRI+INFRA+TRANS,BBBB,1160.0,315.0,1107.0,427.5,0.71,4.375,4.175000000000001,4.575,1.3571428571428572,4,2,0,False,True,True,True,False,True,True,True,True,True,False
FLOOD+AGRI+INFRA+TRANS,BBBC,1155.0,311.5,1063.0,435.5,0.71,4.375,4.175000000000001,4.575,1.3980738362760834,4,2,0,False,True,True,True,False,True,True,True,True,True,False
FLOOD+AGRI+INFRA+TRANS,BBCA,1166.3,314.5,1086.6,400.75,0.71,4.375,4.175000000000001,4.575,1.2742448330683624,4,2,1,False,True,True,True,False,True,True,True,True,True,False
FLOOD+AGRI+INFRA+TRANS,BBCB,1153.8,311.0,1047.0,434.5,0.71,4.375,4.175000000000001,4.575,1.3971061093247588,4,2,0,False,True,True,True,False,True,True,True,True,True,False
FLOOD+AGRI+INFRA+TRANS,BBCC,1148.8,307.5,1002.9999999999999,442.5,0.71,4.375,4.175000000000001,4.575,1.4390243902439024,4,2,0,False,True,True,True,False,True,True,True,True,True,False
FLOOD+AGRI+INFRA+TRANS,BCAA,1182.8,318.75,1154.6,377.0,0.71,4.375,4.175000000000001,4.575,1.1827450980392158,4,2,2,True,True,True,True,True,True,True,True,True,True,False
FLOOD+AGRI+INFRA+TRANS,BCAB,1170.3,315.25,1115.0,410.75,0.71,4.375,4.175000000000001,4.575,1.302934179222839,4,2,1,False,True,True,True,False,True,True,True,True,True,False
FLOOD+AGRI+INFRA+TRANS,BCAC,1165.3,311.75,1071.0,418.75,0.71,4.375,4.175000000000001,4.575,1.343223736968725,4,2,1,False,True,True,True,False,True,True,True,True,True,False
FLOOD+AGRI+INFRA+TRANS,BCBA,1167.3,314.75,1100.6,413.25,0.71,4.375,4.175000000000001,4.575,1.3129467831612391,4,2,1,False,True,True,True,False,True,True,True,True,True,False
FLOOD+AGRI+INFRA+TRANS,BCBB,1154.8,311.25,1061.0,447.0,0.71,4.375,4.175000000000001,4.575,1.436144578313253,4,2,0,False,True,True,True,False,True,True,True,True,True,False
FLOOD+AGRI+INFRA+TRANS,BCBC,1149.8,307.75,1016.9999999999999,455.0,0.71,4.375,4.175000000000001,4.575,1.4784727863525589,4,2,0,False,True,True,True,False,True,True,True,True,True,False
FLOOD+AGRI+INFRA+TRANS,BCCA,1161.1,310.75,1040.6,420.25,0.71,4.375,4.175000000000001,4.575,1.3523732904263879,4,2,1,False,True,True,True,False,True,True,True,True,True,False
FLOOD+AGRI+INFRA+TRANS,BCCB,1148.6,307.25,1000.9999999999999,454.0,0.71,4.375,4.175000000000001,4.575,1.4776240846216435,4,2,0,False,True,True,True,False,True,True,True,True,True,False
FLOOD+AGRI+INFRA+TRANS,BCCC,1143.6,303.75,956.9999999999999,462.0,0.71,4.375,4.175000000000001,4.575,1.5209876543209877,4,2,0,False,True,True,True,False,True,True,False,True,True,False
FLOOD+AGRI+INFRA+TRANS,CAAA,1194.2,321.75,1122.0,291.0,0.71,4.375,4.175000000000001,4.575,0.9044289044289044,4,2,3,True,True,True,True,True,True,True,True,True,True,False
FLOOD+AGRI+INFRA+TRANS,CAAB,1181.7,318.25,1082.4,324.75,0.71,4.375,4.175000000000001,4.575,1.0204241948153967,4,2,2,True,True,True,True,True,True,True,True,True,True,False
FLOOD+AGRI+INFRA+TRANS,CAAC,1176.7,314.75,1038.4,332.75,0.71,4.375,4.175000000000001,4.575,1.057188244638602,4,2,2,True,True,True,True,True,True,True,True,True,True,True
FLOOD+AGRI+INFRA+TRANS,CABA,1178.7,317.75,1068.0,327.25,0.71,4.375,4.175000000000001,4.575,1.029897718332022,4,2,2,True,True,True,True,True,True,True,True,True,True,True
FLOOD+AGRI+INFRA+TRANS,CABB,1166.2,314.25,1028.4,361.0,0.71,4.375,4.175000000000001,4.575,1.1487669053301512,4,2,1,False,True,True,True,False,True,True,True,True,True,False
FLOOD+AGRI+INFRA+TRANS,CABC,1161.2,310.75,984.4,369.0,0.71,4.375,4.175000000000001,4.575,1.1874497184231698,4,2,1,False,True,True,True,False,True,True,False,True,True,False
FLOOD+AGRI+INFRA+TRANS,CACA,1172.5,313.75,1008.0,334.25,0.71,4.375,4.175000000000001,4.575,1.0653386454183267,4,2,2,True,True,True,True,True,True,True,True,True,True,True
FLOOD+AGRI+INFRA+TRANS,CACB,1160.0,310.25,968.4,368.0,0.71,4.375,4.175000000000001,4.575,1.186140209508461,4,2,1,False,True,True,True,False,True,True,False,True,True,False
FLOOD+AGRI+INFRA+TRANS,CACC,1155.0,306.75,924.4,376.0,0.71,4.375,4.175000000000001,4.575,1.225753871230644,4,2,1,False,True,True,True,False,True,True,False,True,True,False
FLOOD+AGRI+INFRA+TRANS,CBAA,1181.2,318.0,1080.6,339.0,0.71,4.375,4.175000000000001,4.575,1.0660377358490567,4,2,2,True,True,True,True,True,True,True,True,True,True,False
FLOOD+AGRI+INFRA+TRANS,CBAB,1168.7,314.5,1041.0,372.75,0.71,4.375,4.175000000000001,4.575,1.185214626391097,4,2,1,False,True,True,True,False,True,True,True,True,True,False
FLOOD+AGRI+INFRA+TRANS,CBAC,1163.7,311.0,997.0,380.75,0.71,4.375,4.175000000000001,4.575,1.2242765273311897,4,2,1,False,True,True,True,False,True,True,False,True,True,False
FLOOD+AGRI+INFRA+TRANS,CBBA,1165.7,314.0,1026.6,375.25,0.71,4.375,4.175000000000001,4.575,1.195063694267516,4,2,1,False,True,True,True,False,True,True,True,True,True,False
FLOOD+AGRI+INFRA+TRANS,CBBB,1153.2,310.5,987.0,409.0,0.71,4.375,4.175000000000001,4.575,1.317230273752013,4,2,0,False,True,True,True,False,True,True,False,True,True,False
FLOOD+AGRI+INFRA+TRANS,CBBC,1148.2,307.0,943.0,417.0,0.71,4.375,4.175000000000001,4.575,1.3583061889250814,4,2,0,False,True,True,True,False,True,True,False,True,True,False
FLOOD+AGRI+INFRA+TRANS,CBCA,1159.5,310.0,966.6,382.25,0.71,4.375,4.175000000000001,4.575,1.2330645161290323,4,2,1,False,True,True,True,False,True,True,False,True,True,False
FLOOD+AGRI+INFRA+TRANS,CBCB,1147.0,306.5,927.0,416.0,0.71,4.375,4.175000000000001,4.575,1.3572593800978794,4,2,0,False,True,True,True,False,True,True,False,True,True,False
FLOOD+AGRI+INFRA+TRANS,CBCC,1142.0,303.0,883.0,424.0,0.71,4.375,4.175000000000001,4.575,1.3993399339933994,4,2,0,False,True,True,True,False,True,True,False,True,True,False
FLOOD+AGRI+INFRA+TRANS,CCAA,1176.0,314.25,1034.6,358.5,0.71,4.375,4.175000000000001,4.575,1.1408114558472553,4,2,2,True,True,True,True,True,True,True,True,True,True,True
FLOOD+AGRI+INFRA+TRANS,CCAB,1163.5,310.75,995.0,392.25,0.71,4.375,4.175000000000001,4.575,1.2622687047465808,4,2,1,False,True,True,True,False,True,True,False,True,True,False
FLOOD+AGRI+INFRA+TRANS,CCAC,1158.5,307.25,951.0,400.25,0.71,4.375,4.175000000000001,4.575,1.3026851098454029,4,2,1,False,True,True,True,False,True,True,False,True,True,False
FLOOD+AGRI+INFRA+TRANS,CCBA,1160.5,310.25,980.6,394.75,0.71,4.375,4.175000000000001,4.575,1.2723609991941982,4,2,1,False,True,True,True,False,True,True,False,True,True,False
FLOOD+AGRI+INFRA+TRANS,CCBB,1148.0,306.75,941.0,428.5,0.71,4.375,4.175000000000001,4.575,1.3969030154849227,4,2,0,False,True,True,True,False,True,True,False,True,True,False
FLOOD+AGRI+INFRA+TRANS,CCBC,1143.0,303.25,897.0,436.5,0.71,4.375,4.175000000000001,4.575,1.439406430338005,4,2,0,False,True,True,True,False,True,True,False,True,True,False
FLOOD+AGRI+INFRA+TRANS,CCCA,1154.3,306.25,920.6,401.75,0.71,4.375,4.175000000000001,4.575,1.3118367346938775,4,2,1,False,True,True,True,False,True,True,False,True,True,False
FLOOD+AGRI+INFRA+TRANS,CCCB,1141.8,302.75,881.0,435.5,0.71,4.375,4.175000000000001,4.575,1.4384805945499588,4,2,0,False,True,True,True,False,True,True,False,True,True,False
FLOOD+AGRI+INFRA+TRANS,CCCC,1136.8,299.25,837.0,443.5,0.71,4.375,4.175000000000001,4.575,1.4820384294068505,4,2,0,False,True,True,True,False,True,True,False,True,True,False
FLOOD+AGRI+INFRA+ENV,AAAA,1249.5,336.0,1490.0,313.75,0.7,4.275,4.125,4.574999999999999,0.9337797619047619,4,2,4,True,True,True,True,True,True,True,True,True,True,False
FLOOD+AGRI+INFRA+ENV,AAAB,1235.5,332.25,1425.2,341.0,0.7,4.275,4.125,4.574999999999999,1.0263355906696765,4,2,3,True,True,True,True,True,True,True,True,True,True,False
FLOOD+AGRI+INFRA+ENV,AAAC,1229.9,328.5,1353.2,343.0,0.7,4.275,4.125,4.574999999999999,1.0441400304414004,4,2,3,True,True,True,True,True,True,True,True,True,True,False
FLOOD+AGRI+INFRA+ENV,AABA,1234.0,332.0,1436.0,350.0,0.7,4.275,4.125,4.574999999999999,1.0542168674698795,4,2,3,True,True,True,True,True,True,True,True,True,True,False
FLOOD+AGRI+INFRA+ENV,AABB,1220.0,328.25,1371.2,377.25,0.7,4.275,4.125,4.574999999999999,1.1492764661081494,4,2,2,True,True,True,True,True,True,True,True,True,True,False
FLOOD+AGRI+INFRA+ENV,AABC,1214.4,324.5,1299.2,379.25,0.7,4.275,4.125,4.574999999999999,1.1687211093990755,4,2,2,True,True,True,True,True,True,True,True,True,True,False
FLOOD+AGRI+INFRA+ENV,AACA,1227.8,328.0,1376.0,357.0,0.7,4.275,4.125,4.574999999999999,1.0884146341463414,4,2,3,True,True,True,True,True,True,True,True,True,True,False
FLOOD+AGRI+INFRA+ENV,AACB,1213.8,324.25,1311.2,384.25,0.7,4.275,4.125,4.574999999999999,1.1850424055512723,4,2,2,True,True,True,True,True,True,True,True,True,True,False
FLOOD+AGRI+INFRA+ENV,AACC,1208.2,320.5,1239.2,386.25,0.7,4.275,4.125,4.574999999999999,1.2051482059282372,4,2,2,True,True,True,True,True,True,True,True,True,True,False
FLOOD+AGRI+INFRA+ENV,ABAA,1236.5,332.25,1448.6,361.75,0.7,4.275,4.125,4.574999999999999,1.088788562829195,4,2,3,True,True,True,True,True,True,True,True,True,True,False
FLOOD+AGRI+INFRA+ENV,ABAB,1222.5,328.5,1383.8,389.0,0.7,4.275,4.125,4.574999999999999,1.1841704718417048,4,2,2,True,True,True,True,True,True,True,True,True,True,False
FLOOD+AGRI+INFRA+ENV,ABAC,1216.9,324.75,1311.8,391.0,0.7,4.275,4.125,4.574999999999999,1.2040030792917629,4,2,2,True,True,True,True,True,True,True,True,True,True,False
FLOOD+AGRI+INFRA+ENV,ABBA,1221.0,328.25,1394.6,398.0,0.7,4.275,4.125,4.574999999999999,1.2124904798172125,4,2,2,True,True,True,True,True,True,True,True,True,True,False
FLOOD+AGRI+INFRA+ENV,ABBB,1207.0,324.5,1329.8,425.25,0.7,4.275,4.125,4.574999999999999,1.310477657935285,4,2,1,False,True,True,True,False,True,True,True,True,True,False
FLOOD+AGRI+INFRA+ENV,ABBC,1201.4,320.75,1257.8,427.25,0.7,4.275,4.125,4.574999999999999,1.3320342946219796,4,2,1,False,True,True,True,False,True,True,True,True,True,False
FLOOD+AGRI+INFRA+ENV,ABCA,1214.8,324.25,1334.6,405.0,0.7,4.275,4.125,4.574999999999999,1.249036237471087,4,2,2,True,True,True,True,True,True,True,True,True,True,False
FLOOD+AGRI+INFRA+ENV,ABCB,1200.8,320.5,1269.8,432.25,0.7,4.275,4.125,4.574999999999999,1.3486739469578783,4,2,1,False,True,True,True,False,True,True,True,True,True,False
FLOOD+AGRI+INFRA+ENV,ABCC,1195.2,316.75,1197.8,434.25,0.7,4.275,4.125,4.574999999999999,1.3709550118389897,4,2,1,False,True,True,True,False,True,True,True,True,True,False
FLOOD+AGRI+INFRA+ENV,ACAA,1231.3,328.5,1402.6,381.25,0.7,4.275,4.125,4.574999999999999,1.160578386605784,4,2,3,True,True,True,True,True,True,True,True,True,True,False
FLOOD+AGRI+INFRA+ENV,ACAB,1217.3,324.75,1337.8,408.5,0.7,4.275,4.125,4.574999999999999,1.2578906851424172,4,2,2,True,True,True,True,True,True,True,True,True,True,False
FLOOD+AGRI+INFRA+ENV,ACAC,1211.6999999999998,321.0,1265.8,410.5,0.7,4.275,4.125,4.574999999999999,1.2788161993769471,4,2,2,True,True,True,True,True,True,True,True,True,True,False
FLOOD+AGRI+INFRA+ENV,ACBA,1215.8,324.5,1348.6,417.5,0.7,4.275,4.125,4.574999999999999,1.2865947611710324,4,2,2,True,True,True,True,True,True,True,True,True,True,False
FLOOD+AGRI+INFRA+ENV,ACBB,1201.8,320.75,1283.8,444.75,0.7,4.275,4.125,4.574999999999999,1.386593920498831,4,2,1,False,True,True,True,False,True,True,True,True,True,False
FLOOD+AGRI+INFRA+ENV,ACBC,1196.1999999999998,317.0,1211.8,446.75,0.7,4.275,4.125,4.574999999999999,1.4093059936908516,4,2,1,False,True,True,True,False,True,True,True,True,True,False
FLOOD+AGRI+INFRA+ENV,ACCA,1209.6,320.5,1288.6,424.5,0.7,4.275,4.125,4.574999999999999,1.3244929797191887,4,2,2,True,True,True,True,True,True,True,True,True,True,False
FLOOD+AGRI+INFRA+ENV,ACCB,1195.6,316.75,1223.8,451.75,0.7,4.275,4.125,4.574999999999999,1.4262036306235202,4,2,1,False,True,True,True,False,True,True,True,True,True,False
FLOOD+AGRI+INFRA+ENV,ACCC,1190.0,313.0,1151.8,453.75,0.7,4.275,4.125,4.574999999999999,1.4496805111821087,4,2,1,False,True,True,True,False,True,True,True,True,True,False
FLOOD+AGRI+INFRA+ENV,BAAA,1232.5,331.5,1382.0,317.0,0.7,4.275,4.125,4.574999999999999,0.9562594268476622,4,2,3,True,True,True,True,True,True,True,True,True,True,False
FLOOD+AGRI+INFRA+ENV,BAAB,1218.5,327.75,1317.2,344.25,0.7,4.275,4.125,4.574999999999999,1.0503432494279177,4,2,2,True,True,True,True,True,True,True,True,True,True,False
FLOOD+AGRI+INFRA+ENV,BAAC,1212.9,324.0,1245.1999999999998,346.25,0.7,4.275,4.125,4.574999999999999,1.0686728395061729,4,2,2,True,True,True,True,True,True,True,True,True,True,False
FLOOD+AGRI+INFRA+ENV,BABA,1217.0,327.5,1328.0,353.25,0.7,4.275,4.125,4.574999999999999,1.0786259541984733,4,2,2,True,True,True,True,True,True,True,True,True,True,False
FLOOD+AGRI+INFRA+ENV,BABB,1203.0,323.75,1263.2,380.5,0.7,4.275,4.125,4.574999999999999,1.1752895752895753,4,2,1,False,True,True,True,False,True,True,True,True,True,False
FLOOD+AGRI+INFRA+ENV,BABC,1197.4,320.0,1191.1999999999998,382.5,0.7,4.275,4.125,4.574999999999999,1.1953125,4,2,1,False,True,True,True,False,True,True,True,True,True,False
FLOOD+AGRI+INFRA+ENV,BACA,1210.8,323.5,1268.0,360.25,0.7,4.275,4.125,4.574999999999999,1.1136012364760433,4,2,2,True,True,True,True,True,True,True,True,True,True,False
FLOOD+AGRI+INFRA+ENV,BACB,1196.8,319.75,1203.2,387.5,0.7,4.275,4.125,4.574999999999999,1.2118842845973417,4,2,1,False,True,True,True,False,True,True,True,True,True,False
FLOOD+AGRI+INFRA+ENV,BACC,1191.2,316.0,1131.1999999999998,389.5,0.7,4.275,4.125,4.574999999999999,1.2325949367088607,4,2,1,False,True,True,True,False,True,True,True,True,True,False
FLOOD+AGRI+INFRA+ENV,BBAA,1219.5,327.75,1340.6,365.0,0.7,4.275,4.125,4.574999999999999,1.1136536994660564,4,2,2,True,True,True,True,True,True,True,True,True,True,False
FLOOD+AGRI+INFRA+ENV,BBAB,1205.5,324.0,1275.8,392.25,0.7,4.275,4.125,4.574999999999999,1.2106481481481481,4,2,1,False,True,True,True,False,True,True,True,True,True,False
FLOOD+AGRI+INFRA+ENV,BBAC,1199.9,320.25,1203.8,394.25,0.7,4.275,4.125,4.574999999999999,1.2310694769711163,4,2,1,False,True,True,True,False,True,True,True,True,True,False
FLOOD+AGRI+INFRA+ENV,BBBA,1204.0,323.75,1286.6,401.25,0.7,4.275,4.125,4.574999999999999,1.2393822393822393,4,2,1,False,True,True,True,False,True,True,True,True,True,False
FLOOD+AGRI+INFRA+ENV,BBBB,1190.0,320.0,1221.8,428.5,0.7,4.275,4.125,4.574999999999999,1.3390625,4,2,0,False,True,True,True,False,True,True,True,True,True,False
FLOOD+AGRI+INFRA+ENV,BBBC,1184.4,316.25,1149.8,430.5,0.7,4.275,4.125,4.574999999999999,1.3612648221343873,4,2,0,False,True,True,True,False,True,True,True,True,True,False
FLOOD+AGRI+INFRA+ENV,BBCA,1197.8,319.75,1226.6,408.25,0.7,4.275,4.125,4.574999999999999,1.2767787333854574,4,2,1,False,True,True,True,False,True,True,True,True,True,False
FLOOD+AGRI+INFRA+ENV,BBCB,1183.8,316.0,1161.8,435.5,0.7,4.275,4.125,4.574999999999999,1.3781645569620253,4,2,0,False,True,True,True,False,True,True,True,True,True,False
FLOOD+AGRI+INFRA+ENV,BBCC,1178.2,312.25,1089.8,437.5,0.7,4.275,4.125,4.574999999999999,1.4011208967173738,4,2,0,False,True,True,True,False,True,True,True,True,True,False
FLOOD+AGRI+INFRA+ENV,BCAA,1214.3,324.0,1294.6,384.5,0.7,4.275,4.125,4.574999999999999,1.1867283950617284,4,2,2,True,True,True,True,True,True,True,True,True,True,False
FLOOD+AGRI+INFRA+ENV,BCAB,1200.3,320.25,1229.8,411.75,0.7,4.275,4.125,4.574999999999999,1.2857142857142858,4,2,1,False,True,True,True,False,True,True,True,True,True,False
FLOOD+AGRI+INFRA+ENV,BCAC,1194.6999999999998,316.5,1157.8,413.75,0.7,4.275,4.125,4.574999999999999,1.3072669826224328,4,2,1,False,True,True,True,False,True,True,True,True,True,False
FLOOD+AGRI+INFRA+ENV,BCBA,1198.8,320.0,1240.6,420.75,0.7,4.275,4.125,4.574999999999999,1.31484375,4,2,1,False,True,True,True,False,True,True,True,True,True,False
FLOOD+AGRI+INFRA+ENV,BCBB,1184.8,316.25,1175.8,448.0,0.7,4.275,4.125,4.574999999999999,1.416600790513834,4,2,0,False,True,True,True,False,True,True,True,True,True,False
FLOOD+AGRI+INFRA+ENV,BCBC,1179.1999999999998,312.5,1103.8,450.0,0.7,4.275,4.125,4.574999999999999,1.44,4,2,0,False,True,True,True,False,True,True,True,True,True,False
FLOOD+AGRI+INFRA+ENV,BCCA,1192.6,316.0,1180.6,427.75,0.7,4.275,4.125,4.574999999999999,1.3536392405063291,4,2,1,False,True,True,True,False,True,True,True,True,True,False
FLOOD+AGRI+INFRA+ENV,BCCB,1178.6,312.25,1115.8,455.0,0.7,4.275,4.125,4.574999999999999,1.457165732586069,4,2,0,False,True,True,True,False,True,True,True,True,True,False
FLOOD+AGRI+INFRA+ENV,BCCC,1173.0,308.5,1043.8,457.0,0.7,4.275,4.125,4.574999999999999,1.4813614262560777,4,2,0,False,True,True,True,False,True,True,True,True,True,False
FLOOD+AGRI+INFRA+ENV,CAAA,1225.7,327.0,1262.0,298.5,0.7,4.275,4.125,4.574999999999999,0.9128440366972477,4,2,3,True,True,True,True,True,True,True,True,True,True,False
FLOOD+AGRI+INFRA+ENV,CAAB,1211.7,323.25,1197.2,325.75,0.7,4.275,4.125,4.574999999999999,1.0077339520494972,4,2,2,True,True,True,True,True,True,True,True,True,True,False
FLOOD+AGRI+INFRA+ENV,CAAC,1206.1,319.5,1125.2,327.75,0.7,4.275,4.125,4.574999999999999,1.0258215962441315,4,2,2,True,True,True,True,True,True,True,True,True,True,False
FLOOD+AGRI+INFRA+ENV,CABA,1210.2,323.0,1208.0,334.75,0.7,4.275,4.125,4.574999999999999,1.0363777089783281,4,2,2,True,True,True,True,True,True,True,True,True,True,False
FLOOD+AGRI+INFRA+ENV,CABB,1196.2,319.25,1143.2,362.0,0.7,4.275,4.125,4.574999999999999,1.133907595927956,4,2,1,False,True,True,True,False,True,True,True,True,True,False
FLOOD+AGRI+INFRA+ENV,CABC,1190.6,315.5,1071.2,364.0,0.7,4.275,4.125,4.574999999999999,1.1537242472266245,4,2,1,False,True,True,True,False,True,True,True,True,True,False
FLOOD+AGRI+INFRA+ENV,CACA,1204.0,319.0,1148.0,341.75,0.7,4.275,4.125,4.574999999999999,1.0713166144200628,4,2,2,True,True,True,True,True,True,True,True,True,True,False
FLOOD+AGRI+INFRA+ENV,CACB,1190.0,315.25,1083.2,369.0,0.7,4.275,4.125,4.574999999999999,1.1704996034892943,4,2,1,False,True,True,True,False,True,True,True,True,True,False
FLOOD+AGRI+INFRA+ENV,CACC,1184.3999999999999,311.5,1011.2,371.0,0.7,4.275,4.125,4.574999999999999,1.1910112359550562,4,2,1,False,True,True,True,False,True,True,True,True,True,False
FLOOD+AGRI+INFRA+ENV,CBAA,1212.7,323.25,1220.6,346.5,0.7,4.275,4.125,4.574999999999999,1.0719257540603249,4,2,2,True,True,True,True,True,True,True,True,True,True,False
FLOOD+AGRI+INFRA+ENV,CBAB,1198.7,319.5,1155.8,373.75,0.7,4.275,4.125,4.574999999999999,1.1697965571205007,4,2,1,False,True,True,True,False,True,True,True,True,True,False
FLOOD+AGRI+INFRA+ENV,CBAC,1193.1,315.75,1083.8,375.75,0.7,4.275,4.125,4.574999999999999,1.190023752969121,4,2,1,False,True,True,True,False,True,True,True,True,True,False
FLOOD+AGRI+INFRA+ENV,CBBA,1197.2,319.25,1166.6,382.75,0.7,4.275,4.125,4.574999999999999,1.1989036805011746,4,2,1,False,True,True,True,False,True,True,True,True,True,False
FLOOD+AGRI+INFRA+ENV,CBBB,1183.2,315.5,1101.8,410.0,0.7,4.275,4.125,4.574999999999999,1.299524564183835,4,2,0,False,True,True,True,False,True,True,True,True,True,False
FLOOD+AGRI+INFRA+ENV,CBBC,1177.6,311.75,1029.8,412.0,0.7,4.275,4.125,4.574999999999999,1.3215717722534082,4,2,0,False,True,True,True,False,True,True,True,True,True,False
FLOOD+AGRI+INFRA+ENV,CBCA,1191.0,315.25,1106.6,389.75,0.7,4.275,4.125,4.574999999999999,1.2363203806502776,4,2,1,False,True,True,True,False,True,True,True,True,True,False
FLOOD+AGRI+INFRA+ENV,CBCB,1177.0,311.5,1041.8,417.0,0.7,4.275,4.125,4.574999999999999,1.3386837881219904,4,2,0,False,True,True,True,False,True,True,True,True,True,False
FLOOD+AGRI+INFRA+ENV,CBCC,1171.3999999999999,307.75,969.8,419.0,0.7,4.275,4.125,4.574999999999999,1.3614947197400487,4,2,0,False,True,True,True,False,True,True,False,True,True,False
FLOOD+AGRI+INFRA+ENV,CCAA,1207.5,319.5,1174.6,366.0,0.7,4.275,4.125,4.574999999999999,1.1455399061032865,4,2,2,True,True,True,True,True,True,True,True,True,True,False
FLOOD+AGRI+INFRA+ENV,CCAB,1193.5,315.75,1109.8,393.25,0.7,4.275,4.125,4.574999999999999,1.2454473475851149,4,2,1,False,True,True,True,False,True,True,True,True,True,False
FLOOD+AGRI+INFRA+ENV,CCAC,1187.8999999999999,312.0,1037.8,395.25,0.7,4.275,4.125,4.574999999999999,1.2668269230769231,4,2,1,False,True,True,True,False,True,True,True,True,True,False
FLOOD+AGRI+INFRA+ENV,CCBA,1192.0,315.5,1120.6,402.25,0.7,4.275,4.125,4.574999999999999,1.2749603803486529,4,2,1,False,True,True,True,False,True,True,True,True,True,False
FLOOD+AGRI+INFRA+ENV,CCBB,1178.0,311.75,1055.8,429.5,0.7,4.275,4.125,4.574999999999999,1.3777064955894145,4,2,0,False,True,True,True,False,True,True,True,True,True,False
FLOOD+AGRI+INFRA+ENV,CCBC,1172.3999999999999,308.0,983.8,431.5,0.7,4.275,4.125,4.574999999999999,1.400974025974026,4,2,0,False,True,True,True,False,True,True,False,True,True,False
FLOOD+AGRI+INFRA+ENV,CCCA,1185.8,311.5,1060.6,409.25,0.7,4.275,4.125,4.574999999999999,1.3138041733547352,4,2,1,False,True,True,True,False,True,True,True,True,True,False
FLOOD+AGRI+INFRA+ENV,CCCB,1171.8,307.75,995.8,436.5,0.7,4.275,4.125,4.574999999999999,1.4183590576766856,4,2,0,False,True,True,True,False,True,True,False,True,True,False
FLOOD+AGRI+INFRA+ENV,CCCC,1166.1999999999998,304.0,923.8,438.5,0.7,4.275,4.125,4.574999999999999,1.4424342105263157,4,2,0,False,True,True,True,False,True,True,False,True,True,False
FLOOD+AGRI+INFRA+SSA,AAAA,1302.0,357.0,1470.0,327.5,0.6775,4.075,3.85,4.625,0.9173669467787114,3,3,4,False,True,True,True,True,False,True,True,True,True,False
FLOOD+AGRI+INFRA+SSA,AAAB,1285.5,352.25,1408.8,359.5,0.6775,4.075,3.85,4.625,1.0205819730305181,3,3,3,True,True,True,True,True,True,True,True,True,True,False
FLOOD+AGRI+INFRA+SSA,AAAC,1278.9,347.5,1340.8,361.75,0.6775,4.075,3.85,4.625,1.0410071942446044,3,3,3,True,True,True,True,True,True,True,True,True,True,False
FLOOD+AGRI+INFRA+SSA,AABA,1286.5,353.0,1416.0,363.75,0.6775,4.075,3.85,4.625,1.0304532577903682,3,3,3,True,True,True,True,True,True,True,True,True,True,False
FLOOD+AGRI+INFRA+SSA,AABB,1270.0,348.25,1354.8,395.75,0.6775,4.075,3.85,4.625,1.1363962670495333,3,3,2,True,True,True,True,True,True,True,True,True,True,False
FLOOD+AGRI+INFRA+SSA,AABC,1263.4,343.5,1286.8,398.0,0.6775,4.075,3.85,4.625,1.1586608442503639,3,3,2,True,True,True,True,True,True,True,True,True,True,False
FLOOD+AGRI+INFRA+SSA,AACA,1280.3,349.0,1356.0,370.75,0.6775,4.075,3.85,4.625,1.0623209169054442,3,3,3,True,True,True,True,True,True,True,True,True,True,False
FLOOD+AGRI+INFRA+SSA,AACB,1263.8,344.25,1294.8,402.75,0.6775,4.075,3.85,4.625,1.1699346405228759,3,3,2,True,True,True,True,True,True,True,True,True,True,False
FLOOD+AGRI+INFRA+SSA,AACC,1257.1999999999998,339.5,1226.8,405.0,0.6775,4.075,3.85,4.625,1.1929307805596465,3,3,2,True,True,True,True,True,True,True,True,True,True,False
FLOOD+AGRI+INFRA+SSA,ABAA,1289.0,353.25,1428.6,375.5,0.6775,4.075,3.85,4.625,1.0629865534324132,3,3,3,True,True,True,True,True,True,True,True,True,True,False
FLOOD+AGRI+INFRA+SSA,ABAB,1272.5,348.5,1367.3999999999999,407.5,0.6775,4.075,3.85,4.625,1.1692969870875178,3,3,2,True,True,True,True,True,True,True,True,True,True,False
FLOOD+AGRI+INFRA+SSA,ABAC,1265.9,343.75,1299.3999999999999,409.75,0.6775,4.075,3.85,4.625,1.192,3,3,2,True,True,True,True,True,True,True,True,True,True,False
FLOOD+AGRI+INFRA+SSA,ABBA,1273.5,349.25,1374.6,411.75,0.6775,4.075,3.85,4.625,1.1789549033643523,3,3,2,True,True,True,True,True,True,True,True,True,True,False
FLOOD+AGRI+INFRA+SSA,ABBB,1257.0,344.5,1313.3999999999999,443.75,0.6775,4.075,3.85,4.625,1.288098693759071,3,3,1,False,True,True,True,False,True,True,True,True,True,False
FLOOD+AGRI+INFRA+SSA,ABBC,1250.4,339.75,1245.3999999999999,446.0,0.6775,4.075,3.85,4.625,1.3127299484915378,3,3,1,False,True,True,True,False,True,True,True,True,True,False
FLOOD+AGRI+INFRA+SSA,ABCA,1267.3,345.25,1314.6,418.75,0.6775,4.075,3.85,4.625,1.2128892107168718,3,3,2,True,True,True,True,True,True,True,True,True,True,False
FLOOD+AGRI+INFRA+SSA,ABCB,1250.8,340.5,1253.4,450.75,0.6775,4.075,3.85,4.625,1.3237885462555066,3,3,1,False,True,True,True,False,True,True,True,True,True,False
FLOOD+AGRI+INFRA+SSA,ABCC,1244.1999999999998,335.75,1185.4,453.0,0.6775,4.075,3.85,4.625,1.3492181682799702,3,3,1,False,True,True,True,False,True,True,True,True,True,False
FLOOD+AGRI+INFRA+SSA,ACAA,1283.8,349.5,1382.6,395.0,0.6775,4.075,3.85,4.625,1.1301859799713876,3,3,3,True,True,True,True,True,True,True,True,True,True,False
FLOOD+AGRI+INFRA+SSA,ACAB,1267.3,344.75,1321.3999999999999,427.0,0.6775,4.075,3.85,4.625,1.2385786802030456,3,3,2,True,True,True,True,True,True,True,True,True,True,False
FLOOD+AGRI+INFRA+SSA,ACAC,1260.6999999999998,340.0,1253.3999999999999,429.25,0.6775,4.075,3.85,4.625,1.2625,3,3,2,True,True,True,True,True,True,True,True,True,True,False
FLOOD+AGRI+INFRA+SSA,ACBA,1268.3,345.5,1328.6,431.25,0.6775,4.075,3.85,4.625,1.248191027496382,3,3,2,True,True,True,True,True,True,True,True,True,True,False
FLOOD+AGRI+INFRA+SSA,ACBB,1251.8,340.75,1267.4,463.25,0.6775,4.075,3.85,4.625,1.359501100513573,3,3,1,False,True,True,True,False,True,True,True,True,True,False
FLOOD+AGRI+INFRA+SSA,ACBC,1245.1999999999998,336.0,1199.4,465.5,0.6775,4.075,3.85,4.625,1.3854166666666667,3,3,1,False,True,True,True,False,True,True,True,True,True,False
FLOOD+AGRI+INFRA+SSA,ACCA,1262.1,341.5,1268.6,438.25,0.6775,4.075,3.85,4.625,1.2833089311859445,3,3,2,True,True,True,True,True,True,True,True,True,True,False
FLOOD+AGRI+INFRA+SSA,ACCB,1245.6,336.75,1207.4,470.25,0.6775,4.075,3.85,4.625,1.3964365256124722,3,3,1,False,True,True,True,False,True,True,True,True,True,False
FLOOD+AGRI+INFRA+SSA,ACCC,1239.0,332.0,1139.4,472.5,0.6775,4.075,3.85,4.625,1.4231927710843373,3,3,1,False,True,True,True,False,True,True,True,True,True,False
FLOOD+AGRI+INFRA+SSA,BAAA,1285.0,352.5,1362.0,330.75,0.6775,4.075,3.85,4.625,0.9382978723404255,3,3,3,True,True,True,True,True,True,True,True,True,True,False
FLOOD+AGRI+INFRA+SSA,BAAB,1268.5,347.75,1300.8,362.75,0.6775,4.075,3.85,4.625,1.0431344356578,3,3,2,True,True,True,True,True,True,True,True,True,True,False
FLOOD+AGRI+INFRA+SSA,BAAC,1261.9,343.0,1232.8,365.0,0.6775,4.075,3.85,4.625,1.064139941690962,3,3,2,True,True,True,True,True,True,True,True,True,True,False
FLOOD+AGRI+INFRA+SSA,BABA,1269.5,348.5,1308.0,367.0,0.6775,4.075,3.85,4.625,1.0530846484935437,3,3,2,True,True,True,True,True,True,True,True,True,True,False
FLOOD+AGRI+INFRA+SSA,BABB,1253.0,343.75,1246.8,399.0,0.6775,4.075,3.85,4.625,1.1607272727272728,3,3,1,False,True,True,True,False,True,True,True,True,True,False
FLOOD+AGRI+INFRA+SSA,BABC,1246.4,339.0,1178.8,401.25,0.6775,4.075,3.85,4.625,1.1836283185840708,3,3,1,False,True,True,True,False,True,True,True,True,True,False
FLOOD+AGRI+INFRA+SSA,BACA,1263.3,344.5,1248.0,374.0,0.6775,4.075,3.85,4.625,1.0856313497822931,3,3,2,True,True,True,True,True,True,True,True,True,True,False
FLOOD+AGRI+INFRA+SSA,BACB,1246.8,339.75,1186.8,406.0,0.6775,4.075,3.85,4.625,1.1949963208241354,3,3,1,False,True,True,True,False,True,True,True,True,True,False
FLOOD+AGRI+INFRA+SSA,BACC,1240.1999999999998,335.0,1118.8,408.25,0.6775,4.075,3.85,4.625,1.2186567164179105,3,3,1,False,True,True,True,False,True,True,True,True,True,False
FLOOD+AGRI+INFRA+SSA,BBAA,1272.0,348.75,1320.6,378.75,0.6775,4.075,3.85,4.625,1.086021505376344,3,3,2,True,True,True,True,True,True,True,True,True,True,False
FLOOD+AGRI+INFRA+SSA,BBAB,1255.5,344.0,1259.3999999999999,410.75,0.6775,4.075,3.85,4.625,1.1940406976744187,3,3,1,False,True,True,True,False,True,True,True,True,True,False
FLOOD+AGRI+INFRA+SSA,BBAC,1248.9,339.25,1191.3999999999999,413.0,0.6775,4.075,3.85,4.625,1.2173913043478262,3,3,1,False,True,True,True,False,True,True,True,True,True,False
FLOOD+AGRI+INFRA+SSA,BBBA,1256.5,344.75,1266.6,415.0,0.6775,4.075,3.85,4.625,1.203770848440899,3,3,1,False,True,True,True,False,True,True,True,True,True,False
FLOOD+AGRI+INFRA+SSA,BBBB,1240.0,340.0,1205.3999999999999,447.0,0.6775,4.075,3.85,4.625,1.3147058823529412,3,3,0,False,True,True,True,False,True,True,True,True,True,False
FLOOD+AGRI+INFRA+SSA,BBBC,1233.4,335.25,1137.3999999999999,449.25,0.6775,4.075,3.85,4.625,1.3400447427293065,3,3,0,False,True,True,True,False,True,True,True,True,True,False
FLOOD+AGRI+INFRA+SSA,BBCA,1250.3,340.75,1206.6,422.0,0.6775,4.075,3.85,4.625,1.2384446074834923,3,3,1,False,True,True,True,False,True,True,True,True,True,False
FLOOD+AGRI+INFRA+SSA,BBCB,1233.8,336.0,1145.3999999999999,454.0,0.6775,4.075,3.85,4.625,1.3511904761904763,3,3,0,False,True,True,True,False,True,True,True,True,True,False
FLOOD+AGRI+INFRA+SSA,BBCC,1227.1999999999998,331.25,1077.3999999999999,456.25,0.6775,4.075,3.85,4.625,1.3773584905660377,3,3,0,False,True,True,True,False,True,True,True,True,True,False
FLOOD+AGRI+INFRA+SSA,BCAA,1266.8,345.0,1274.6,398.25,0.6775,4.075,3.85,4.625,1.1543478260869566,3,3,2,True,True,True,True,True,True,True,True,True,True,False
FLOOD+AGRI+INFRA+SSA,BCAB,1250.3,340.25,1213.3999999999999,430.25,0.6775,4.075,3.85,4.625,1.2645113886847905,3,3,1,False,True,True,True,False,True,True,True,True,True,False
FLOOD+AGRI+INFRA+SSA,BCAC,1243.6999999999998,335.5,1145.3999999999999,432.5,0.6775,4.075,3.85,4.625,1.2891207153502235,3,3,1,False,True,True,True,False,True,True,True,True,True,False
FLOOD+AGRI+INFRA+SSA,BCBA,1251.3,341.0,1220.6,434.5,0.6775,4.075,3.85,4.625,1.2741935483870968,3,3,1,False,True,True,True,False,True,True,True,True,True,False
FLOOD+AGRI+INFRA+SSA,BCBB,1234.8,336.25,1159.3999999999999,466.5,0.6775,4.075,3.85,4.625,1.387360594795539,3,3,0,False,True,True,True,False,True,True,True,True,True,False
FLOOD+AGRI+INFRA+SSA,BCBC,1228.1999999999998,331.5,1091.3999999999999,468.75,0.6775,4.075,3.85,4.625,1.414027149321267,3,3,0,False,True,True,True,False,True,True,True,True,True,False
FLOOD+AGRI+INFRA+SSA,BCCA,1245.1,337.0,1160.6,441.5,0.6775,4.075,3.85,4.625,1.3100890207715135,3,3,1,False,True,True,True,False,True,True,True,True,True,False
FLOOD+AGRI+INFRA+SSA,BCCB,1228.6,332.25,1099.3999999999999,473.5,0.6775,4.075,3.85,4.625,1.4251316779533483,3,3,0,False,True,True,True,False,True,True,True,True,True,False
FLOOD+AGRI+INFRA+SSA,BCCC,1222.0,327.5,1031.3999999999999,475.75,0.6775,4.075,3.85,4.625,1.452671755725191,3,3,0,False,True,True,True,False,True,True,True,True,True,False
FLOOD+AGRI+INFRA+SSA,CAAA,1278.2,348.0,1242.0,312.25,0.6775,4.075,3.85,4.625,0.8972701149425287,3,3,3,True,True,True,True,True,True,True,True,True,True,False
FLOOD+AGRI+INFRA+SSA,CAAB,1261.7,343.25,1180.8,344.25,0.6775,4.075,3.85,4.625,1.0029133284777858,3,3,2,True,True,True,True,True,True,True,True,True,True,False
FLOOD+AGRI+INFRA+SSA,CAAC,1255.1,338.5,1112.8,346.5,0.6775,4.075,3.85,4.625,1.0236336779911375,3,3,2,True,True,True,True,True,True,True,True,True,True,False
FLOOD+AGRI+INFRA+SSA,CABA,1262.7,344.0,1188.0,348.5,0.6775,4.075,3.85,4.625,1.0130813953488371,3,3,2,True,True,True,True,True,True,True,True,True,True,False
FLOOD+AGRI+INFRA+SSA,CABB,1246.2,339.25,1126.8,380.5,0.6775,4.075,3.85,4.625,1.1215917464996314,3,3,1,False,True,True,True,False,True,True,True,True,True,False
FLOOD+AGRI+INFRA+SSA,CABC,1239.6,334.5,1058.8,382.75,0.6775,4.075,3.85,4.625,1.1442451420029895,3,3,1,False,True,True,True,False,True,True,True,True,True,False
FLOOD+AGRI+INFRA+SSA,CACA,1256.5,340.0,1128.0,355.5,0.6775,4.075,3.85,4.625,1.0455882352941177,3,3,2,True,True,True,True,True,True,True,True,True,True,False
FLOOD+AGRI+INFRA+SSA,CACB,1240.0,335.25,1066.8,387.5,0.6775,4.075,3.85,4.625,1.1558538404175989,3,3,1,False,True,True,True,False,True,True,True,True,True,False
FLOOD+AGRI+INFRA+SSA,CACC,1233.4,330.5,998.8,389.75,0.6775,4.075,3.85,4.625,1.1792738275340393,3,3,1,False,True,True,True,False,True,True,False,True,True,False
FLOOD+AGRI+INFRA+SSA,CBAA,1265.2,344.25,1200.6,360.25,0.6775,4.075,3.85,4.625,1.046477850399419,3,3,2,True,True,True,True,True,True,True,True,True,True,False
FLOOD+AGRI+INFRA+SSA,CBAB,1248.7,339.5,1139.4,392.25,0.6775,4.075,3.85,4.625,1.1553755522827687,3,3,1,False,True,True,True,False,True,True,True,True,True,False
FLOOD+AGRI+INFRA+SSA,CBAC,1242.1,334.75,1071.4,394.5,0.6775,4.075,3.85,4.625,1.1784914115011202,3,3,1,False,True,True,True,False,True,True,True,True,True,False
FLOOD+AGRI+INFRA+SSA,CBBA,1249.7,340.25,1146.6,396.5,0.6775,4.075,3.85,4.625,1.165319617927994,3,3,1,False,True,True,True,False,True,True,True,True,True,False
FLOOD+AGRI+INFRA+SSA,CBBB,1233.2,335.5,1085.4,428.5,0.6775,4.075,3.85,4.625,1.2771982116244411,3,3,0,False,True,True,True,False,True,True,True,True,True,False
FLOOD+AGRI+INFRA+SSA,CBBC,1226.6,330.75,1017.4000000000001,430.75,0.6775,4.075,3.85,4.625,1.3023431594860166,3,3,0,False,True,True,True,False,True,True,True,True,True,False
FLOOD+AGRI+INFRA+SSA,CBCA,1243.5,336.25,1086.6,403.5,0.6775,4.075,3.85,4.625,1.2,3,3,1,False,True,True,True,False,True,True,True,True,True,False
FLOOD+AGRI+INFRA+SSA,CBCB,1227.0,331.5,1025.4,435.5,0.6775,4.075,3.85,4.625,1.3137254901960784,3,3,0,False,True,True,True,False,True,True,True,True,True,False
FLOOD+AGRI+INFRA+SSA,CBCC,1220.4,326.75,957.4000000000001,437.75,0.6775,4.075,3.85,4.625,1.339709257842387,3,3,0,False,True,True,True,False,True,True,False,True,True,False
FLOOD+AGRI+INFRA+SSA,CCAA,1260.0,340.5,1154.6,379.75,0.6775,4.075,3.85,4.625,1.1152716593245227,3,3,2,True,True,True,True,True,True,True,True,True,True,False
FLOOD+AGRI+INFRA+SSA,CCAB,1243.5,335.75,1093.4,411.75,0.6775,4.075,3.85,4.625,1.2263588979895756,3,3,1,False,True,True,True,False,True,True,True,True,True,False
FLOOD+AGRI+INFRA+SSA,CCAC,1236.9,331.0,1025.4,414.0,0.6775,4.075,3.85,4.625,1.2507552870090635,3,3,1,False,True,True,True,False,True,True,True,True,True,False
FLOOD+AGRI+INFRA+SSA,CCBA,1244.5,336.5,1100.6,416.0,0.6775,4.075,3.85,4.625,1.236255572065379,3,3,1,False,True,True,True,False,True,True,True,True,True,False
FLOOD+AGRI+INFRA+SSA,CCBB,1228.0,331.75,1039.4,448.0,0.6775,4.075,3.85,4.625,1.3504144687264505,3,3,0,False,True,True,True,False,True,True,True,True,True,False
FLOOD+AGRI+INFRA+SSA,CCBC,1221.4,327.0,971.4000000000001,450.25,0.6775,4.075,3.85,4.625,1.3769113149847094,3,3,0,False,True,True,True,False,True,True,False,True,True,False
FLOOD+AGRI+INFRA+SSA,CCCA,1238.3,332.5,1040.6,423.0,0.6775,4.075,3.85,4.625,1.2721804511278196,3,3,1,False,True,True,True,False,True,True,True,True,True,False
FLOOD+AGRI+INFRA+SSA,CCCB,1221.8,327.75,979.4000000000001,455.0,0.6775,4.075,3.85,4.625,1.3882532418001525,3,3,0,False,True,True,True,False,True,True,False,True,True,False
FLOOD+AGRI+INFRA+SSA,CCCC,1215.1999999999998,323.0,911.4000000000001,457.25,0.6775,4.075,3.85,4.625,1.4156346749226005,3,3,0,False,True,True,True,False,True,True,False,True,True,False
FLOOD+AGRI+ARCTIC+TRANS,AAAA,1375.5,393.75,1520.0,343.75,0.67,4.15,3.875,4.325,0.873015873015873,4,3,4,False,True,True,True,True,False,False,True,True,True,False
FLOOD+AGRI+ARCTIC+TRANS,AAAB,1363.0,390.25,1480.4,377.5,0.67,4.15,3.875,4.325,0.9673286354900704,4,3,3,False,True,True,True,True,False,False,True,True,True,False
FLOOD+AGRI+ARCTIC+TRANS,AAAC,1358.0,386.75,1436.4,385.5,0.67,4.15,3.875,4.325,0.9967679379444085,4,3,3,False,True,True,True,True,False,False,True,True,True,False
FLOOD+AGRI+ARCTIC+TRANS,AABA,1352.5,386.75,1435.4,387.5,0.67,4.15,3.875,4.325,1.0019392372333549,4,3,3,False,True,True,True,True,False,False,True,True,True,False
FLOOD+AGRI+ARCTIC+TRANS,AABB,1340.0,383.25,1395.8000000000002,421.25,0.67,4.15,3.875,4.325,1.0991519895629485,4,3,2,False,True,True,True,True,False,False,True,True,True,False
FLOOD+AGRI+ARCTIC+TRANS,AABC,1335.0,379.75,1351.8000000000002,429.25,0.67,4.15,3.875,4.325,1.130348913759052,4,3,2,False,True,True,True,True,False,False,True,True,True,False
FLOOD+AGRI+ARCTIC+TRANS,AACA,1343.3,379.75,1341.4,391.5,0.67,4.15,3.875,4.325,1.0309414088215931,4,3,3,False,True,True,True,True,False,False,True,True,True,False
FLOOD+AGRI+ARCTIC+TRANS,AACB,1330.8,376.25,1301.8000000000002,425.25,0.67,4.15,3.875,4.325,1.130232558139535,4,3,2,False,True,True,True,True,False,False,True,True,True,False
FLOOD+AGRI+ARCTIC+TRANS,AACC,1325.8,372.75,1257.8000000000002,433.25,0.67,4.15,3.875,4.325,1.1623071763916835,4,3,2,False,True,True,True,True,False,False,True,True,True,False
FLOOD+AGRI+ARCTIC+TRANS,ABAA,1362.5,390.0,1478.6,391.75,0.67,4.15,3.875,4.325,1.0044871794871795,4,3,3,False,True,True,True,True,False,False,True,True,True,False
FLOOD+AGRI+ARCTIC+TRANS,ABAB,1350.0,386.5,1439.0,425.5,0.67,4.15,3.875,4.325,1.1009055627425615,4,3,2,False,True,True,True,True,False,False,True,True,True,False
FLOOD+AGRI+ARCTIC+TRANS,ABAC,1345.0,383.0,1395.0,433.5,0.67,4.15,3.875,4.325,1.1318537859007833,4,3,2,False,True,True,True,True,False,False,True,True,True,False
FLOOD+AGRI+ARCTIC+TRANS,ABBA,1339.5,383.0,1394.0,435.5,0.67,4.15,3.875,4.325,1.1370757180156659,4,3,2,False,True,True,True,True,False,False,True,True,True,False
FLOOD+AGRI+ARCTIC+TRANS,ABBB,1327.0,379.5,1354.4,469.25,0.67,4.15,3.875,4.325,1.2364953886693018,4,3,1,False,True,True,True,False,False,False,True,True,True,False
FLOOD+AGRI+ARCTIC+TRANS,ABBC,1322.0,376.0,1310.4,477.25,0.67,4.15,3.875,4.325,1.269281914893617,4,3,1,False,True,True,True,False,False,False,True,True,True,False
FLOOD+AGRI+ARCTIC+TRANS,ABCA,1330.3,376.0,1300.0,439.5,0.67,4.15,3.875,4.325,1.1688829787234043,4,3,2,False,True,True,True,True,False,False,True,True,True,False
FLOOD+AGRI+ARCTIC+TRANS,ABCB,1317.8,372.5,1260.4,473.25,0.67,4.15,3.875,4.325,1.270469798657718,4,3,1,False,True,True,True,False,False,False,True,True,True,False
FLOOD+AGRI+ARCTIC+TRANS,ABCC,1312.8,369.0,1216.4,481.25,0.67,4.15,3.875,4.325,1.3042005420054201,4,3,1,False,True,True,True,False,False,False,True,True,True,False
FLOOD+AGRI+ARCTIC+TRANS,ACAA,1357.3,386.25,1432.6,411.25,0.67,4.15,3.875,4.325,1.064724919093851,4,3,3,False,True,True,True,True,False,False,True,True,True,False
FLOOD+AGRI+ARCTIC+TRANS,ACAB,1344.8,382.75,1393.0,445.0,0.67,4.15,3.875,4.325,1.16263879817113,4,3,2,False,True,True,True,True,False,False,True,True,True,False
FLOOD+AGRI+ARCTIC+TRANS,ACAC,1339.8,379.25,1349.0,453.0,0.67,4.15,3.875,4.325,1.194462755438365,4,3,2,False,True,True,True,True,False,False,True,True,True,False
FLOOD+AGRI+ARCTIC+TRANS,ACBA,1334.3,379.25,1348.0,455.0,0.67,4.15,3.875,4.325,1.1997363216875412,4,3,2,False,True,True,True,True,False,False,True,True,True,False
FLOOD+AGRI+ARCTIC+TRANS,ACBB,1321.8,375.75,1308.4,488.75,0.67,4.15,3.875,4.325,1.300731869594145,4,3,1,False,True,True,True,False,False,False,True,True,True,False
FLOOD+AGRI+ARCTIC+TRANS,ACBC,1316.8,372.25,1264.4,496.75,0.67,4.15,3.875,4.325,1.3344526527871055,4,3,1,False,True,True,True,False,False,False,True,True,True,False
FLOOD+AGRI+ARCTIC+TRANS,ACCA,1325.1,372.25,1254.0,459.0,0.67,4.15,3.875,4.325,1.2330423102753525,4,3,2,False,True,True,True,True,False,False,True,True,True,False
FLOOD+AGRI+ARCTIC+TRANS,ACCB,1312.6,368.75,1214.4,492.75,0.67,4.15,3.875,4.325,1.336271186440678,4,3,1,False,True,True,True,False,False,False,True,True,True,False
FLOOD+AGRI+ARCTIC+TRANS,ACCC,1307.6,365.25,1170.4,500.75,0.67,4.15,3.875,4.325,1.3709787816563996,4,3,1,False,True,True,True,False,False,False,True,True,True,False
FLOOD+AGRI+ARCTIC+TRANS,BAAA,1358.5,389.25,1412.0,347.0,0.67,4.15,3.875,4.325,0.8914579319203597,4,3,3,False,True,True,True,True,False,False,True,True,True,False
FLOOD+AGRI+ARCTIC+TRANS,BAAB,1346.0,385.75,1372.4,380.75,0.67,4.15,3.875,4.325,0.9870382372002592,4,3,2,False,True,True,True,True,False,False,True,True,True,False
FLOOD+AGRI+ARCTIC+TRANS,BAAC,1341.0,382.25,1328.4,388.75,0.67,4.15,3.875,4.325,1.0170045781556574,4,3,2,False,True,True,True,True,False,False,True,True,True,False
FLOOD+AGRI+ARCTIC+TRANS,BABA,1335.5,382.25,1327.3999999999999,390.75,0.67,4.15,3.875,4.325,1.0222367560497057,4,3,2,False,True,True,True,True,False,False,True,True,True,False
FLOOD+AGRI+ARCTIC+TRANS,BABB,1323.0,378.75,1287.7999999999997,424.5,0.67,4.15,3.875,4.325,1.120792079207921,4,3,1,False,True,True,True,False,False,False,True,True,True,False
FLOOD+AGRI+ARCTIC+TRANS,BABC,1318.0,375.25,1243.8,432.5,0.67,4.15,3.875,4.325,1.1525649566955363,4,3,1,False,True,True,True,False,False,False,True,True,True,False
FLOOD+AGRI+ARCTIC+TRANS,BACA,1326.3,375.25,1233.3999999999999,394.75,0.67,4.15,3.875,4.325,1.0519653564290472,4,3,2,False,True,True,True,True,False,False,True,True,True,False
FLOOD+AGRI+ARCTIC+TRANS,BACB,1313.8,371.75,1193.7999999999997,428.5,0.67,4.15,3.875,4.325,1.152656355077337,4,3,1,False,True,True,True,False,False,False,True,True,True,False
FLOOD+AGRI+ARCTIC+TRANS,BACC,1308.8,368.25,1149.8,436.5,0.67,4.15,3.875,4.325,1.185336048879837,4,3,1,False,True,True,True,False,False,False,True,True,True,False
FLOOD+AGRI+ARCTIC+TRANS,BBAA,1345.5,385.5,1370.6,395.0,0.67,4.15,3.875,4.325,1.0246433203631646,4,3,2,False,True,True,True,True,False,False,True,True,True,False
FLOOD+AGRI+ARCTIC+TRANS,BBAB,1333.0,382.0,1331.0,428.75,0.67,4.15,3.875,4.325,1.1223821989528795,4,3,1,False,True,True,True,False,False,False,True,True,True,False
FLOOD+AGRI+ARCTIC+TRANS,BBAC,1328.0,378.5,1287.0,436.75,0.67,4.15,3.875,4.325,1.1538969616908852,4,3,1,False,True,True,True,False,False,False,True,True,True,False
FLOOD+AGRI+ARCTIC+TRANS,BBBA,1322.5,378.5,1286.0,438.75,0.67,4.15,3.875,4.325,1.1591809775429327,4,3,1,False,True,True,True,False,False,False,True,True,True,False
FLOOD+AGRI+ARCTIC+TRANS,BBBB,1310.0,375.0,1246.4,472.5,0.67,4.15,3.875,4.325,1.26,4,3,0,False,True,True,True,False,False,False,True,True,True,False
FLOOD+AGRI+ARCTIC+TRANS,BBBC,1305.0,371.5,1202.4,480.5,0.67,4.15,3.875,4.325,1.2934051144010767,4,3,0,False,True,True,True,False,False,False,True,True,True,False
FLOOD+AGRI+ARCTIC+TRANS,BBCA,1313.3,371.5,1192.0,442.75,0.67,4.15,3.875,4.325,1.1917900403768507,4,3,1,False,True,True,True,False,False,False,True,True,True,False
FLOOD+AGRI+ARCTIC+TRANS,BBCB,1300.8,368.0,1152.4,476.5,0.67,4.15,3.875,4.325,1.294836956521739,4,3,0,False,True,True,True,False,False,False,True,True,True,False
FLOOD+AGRI+ARCTIC+TRANS,BBCC,1295.8,364.5,1108.4,484.5,0.67,4.15,3.875,4.325,1.3292181069958848,4,3,0,False,True,True,True,False,True,False,True,True,True,False
FLOOD+AGRI+ARCTIC+TRANS,BCAA,1340.3,381.75,1324.6,414.5,0.67,4.15,3.875,4.325,1.085789129011133,4,3,2,False,True,True,True,True,False,False,True,True,True,False
FLOOD+AGRI+ARCTIC+TRANS,BCAB,1327.8,378.25,1285.0,448.25,0.67,4.15,3.875,4.325,1.185062789160608,4,3,1,False,True,True,True,False,False,False,True,True,True,False
FLOOD+AGRI+ARCTIC+TRANS,BCAC,1322.8,374.75,1241.0,456.25,0.67,4.15,3.875,4.325,1.2174783188792528,4,3,1,False,True,True,True,False,False,False,True,True,True,False
FLOOD+AGRI+ARCTIC+TRANS,BCBA,1317.3,374.75,1240.0,458.25,0.67,4.15,3.875,4.325,1.2228152101400933,4,3,1,False,True,True,True,False,False,False,True,True,True,False
FLOOD+AGRI+ARCTIC+TRANS,BCBB,1304.8,371.25,1200.4,492.0,0.67,4.15,3.875,4.325,1.3252525252525253,4,3,0,False,True,True,True,False,False,False,True,True,True,False
FLOOD+AGRI+ARCTIC+TRANS,BCBC,1299.8,367.75,1156.4,500.0,0.67,4.15,3.875,4.325,1.3596193065941535,4,3,0,False,True,True,True,False,True,False,True,True,True,False
FLOOD+AGRI+ARCTIC+TRANS,BCCA,1308.1,367.75,1146.0,462.25,0.67,4.15,3.875,4.325,1.256968048946295,4,3,1,False,True,True,True,False,False,False,True,True,True,False
FLOOD+AGRI+ARCTIC+TRANS,BCCB,1295.6,364.25,1106.4,496.0,0.67,4.15,3.875,4.325,1.3617021276595744,4,3,0,False,True,True,True,False,True,False,True,True,True,False
FLOOD+AGRI+ARCTIC+TRANS,BCCC,1290.6,360.75,1062.4,504.0,0.67,4.15,3.875,4.325,1.3970893970893972,4,3,0,False,True,True,True,False,True,False,True,True,True,False
FLOOD+AGRI+ARCTIC+TRANS,CAAA,1351.7,384.75,1292.0,328.5,0.67,4.15,3.875,4.325,0.8538011695906432,4,3,3,False,True,True,True,True,False,False,True,True,True,False
FLOOD+AGRI+ARCTIC+TRANS,CAAB,1339.2,381.25,1252.4,362.25,0.67,4.15,3.875,4.325,0.9501639344262295,4,3,2,False,True,True,True,True,False,False,True,True,True,False
FLOOD+AGRI+ARCTIC+TRANS,CAAC,1334.2,377.75,1208.4,370.25,0.67,4.15,3.875,4.325,0.9801455989410987,4,3,2,False,True,True,True,True,False,False,True,True,True,False
FLOOD+AGRI+ARCTIC+TRANS,CABA,1328.7,377.75,1207.4,372.25,0.67,4.15,3.875,4.325,0.985440105890139,4,3,2,False,True,True,True,True,False,False,True,True,True,False
FLOOD+AGRI+ARCTIC+TRANS,CABB,1316.2,374.25,1167.8,406.0,0.67,4.15,3.875,4.325,1.0848363393453573,4,3,1,False,True,True,True,False,False,False,True,True,True,False
FLOOD+AGRI+ARCTIC+TRANS,CABC,1311.2,370.75,1123.8,414.0,0.67,4.15,3.875,4.325,1.1166554281861092,4,3,1,False,True,True,True,False,False,False,True,True,True,False
FLOOD+AGRI+ARCTIC+TRANS,CACA,1319.5,370.75,1113.4,376.25,0.67,4.15,3.875,4.325,1.0148347943358058,4,3,2,False,True,True,True,True,False,False,True,True,True,False
FLOOD+AGRI+ARCTIC+TRANS,CACB,1307.0,367.25,1073.8,410.0,0.67,4.15,3.875,4.325,1.1164057181756297,4,3,1,False,True,True,True,False,False,False,True,True,True,False
FLOOD+AGRI+ARCTIC+TRANS,CACC,1302.0,363.75,1029.8,418.0,0.67,4.15,3.875,4.325,1.1491408934707903,4,3,1,False,True,True,True,False,False,False,True,True,True,False
FLOOD+AGRI+ARCTIC+TRANS,CBAA,1338.7,381.0,1250.6,376.5,0.67,4.15,3.875,4.325,0.9881889763779528,4,3,2,False,True,True,True,True,False,False,True,True,True,False
FLOOD+AGRI+ARCTIC+TRANS,CBAB,1326.2,377.5,1211.0,410.25,0.67,4.15,3.875,4.325,1.0867549668874172,4,3,1,False,True,True,True,False,False,False,True,True,True,False
FLOOD+AGRI+ARCTIC+TRANS,CBAC,1321.2,374.0,1167.0,418.25,0.67,4.15,3.875,4.325,1.1183155080213905,4,3,1,False,True,True,True,False,False,False,True,True,True,False
FLOOD+AGRI+ARCTIC+TRANS,CBBA,1315.7,374.0,1166.0,420.25,0.67,4.15,3.875,4.325,1.1236631016042782,4,3,1,False,True,True,True,False,False,False,True,True,True,False
FLOOD+AGRI+ARCTIC+TRANS,CBBB,1303.2,370.5,1126.4,454.0,0.67,4.15,3.875,4.325,1.2253711201079622,4,3,0,False,True,True,True,False,False,False,True,True,True,False
FLOOD+AGRI+ARCTIC+TRANS,CBBC,1298.2,367.0,1082.4,462.0,0.67,4.15,3.875,4.325,1.2588555858310626,4,3,0,False,True,True,True,False,True,False,True,True,True,False
FLOOD+AGRI+ARCTIC+TRANS,CBCA,1306.5,367.0,1072.0,424.25,0.67,4.15,3.875,4.325,1.1559945504087195,4,3,1,False,True,True,True,False,False,False,True,True,True,False
FLOOD+AGRI+ARCTIC+TRANS,CBCB,1294.0,363.5,1032.4,458.0,0.67,4.15,3.875,4.325,1.2599724896836313,4,3,0,False,True,True,True,False,True,False,True,True,True,False
FLOOD+AGRI+ARCTIC+TRANS,CBCC,1289.0,360.0,988.4,466.0,0.67,4.15,3.875,4.325,1.2944444444444445,4,3,0,False,True,True,True,False,True,True,False,True,True,False
FLOOD+AGRI+ARCTIC+TRANS,CCAA,1333.5,377.25,1204.6,396.0,0.67,4.15,3.875,4.325,1.0497017892644136,4,3,2,False,True,True,True,True,False,False,True,True,True,False
FLOOD+AGRI+ARCTIC+TRANS,CCAB,1321.0,373.75,1165.0,429.75,0.67,4.15,3.875,4.325,1.1498327759197324,4,3,1,False,True,True,True,False,False,False,True,True,True,False
FLOOD+AGRI+ARCTIC+TRANS,CCAC,1316.0,370.25,1121.0,437.75,0.67,4.15,3.875,4.325,1.1823092505064146,4,3,1,False,True,True,True,False,False,False,True,True,True,False
FLOOD+AGRI+ARCTIC+TRANS,CCBA,1310.5,370.25,1120.0,439.75,0.67,4.15,3.875,4.325,1.187711006076975,4,3,1,False,True,True,True,False,False,False,True,True,True,False
FLOOD+AGRI+ARCTIC+TRANS,CCBB,1298.0,366.75,1080.4,473.5,0.67,4.15,3.875,4.325,1.29107021131561,4,3,0,False,True,True,True,False,True,False,True,True,True,False
FLOOD+AGRI+ARCTIC+TRANS,CCBC,1293.0,363.25,1036.4,481.5,0.67,4.15,3.875,4.325,1.3255333792154165,4,3,0,False,True,True,True,False,True,False,True,True,True,False
FLOOD+AGRI+ARCTIC+TRANS,CCCA,1301.3,363.25,1026.0,443.75,0.67,4.15,3.875,4.325,1.2216104611149345,4,3,1,False,True,True,True,False,False,False,True,True,True,False
FLOOD+AGRI+ARCTIC+TRANS,CCCB,1288.8,359.75,986.4,477.5,0.67,4.15,3.875,4.325,1.3273106323835997,4,3,0,False,True,True,True,False,True,True,False,True,True,False
FLOOD+AGRI+ARCTIC+TRANS,CCCC,1283.8,356.25,942.4,485.5,0.67,4.15,3.875,4.325,1.3628070175438596,4,3,0,False,True,True,True,False,True,True,False,True,True,False
FLOOD+AGRI+ARCTIC+ENV,AAAA,1407.0,399.0,1660.0,351.25,0.66,4.05,3.825,4.325,0.8803258145363408,4,3,4,False,True,True,True,True,False,False,True,True,True,False
FLOOD+AGRI+ARCTIC+ENV,AAAB,1393.0,395.25,1595.2,378.5,0.66,4.05,3.825,4.325,0.9576217583807717,4,3,3,False,True,True,True,True,False,False,True,True,True,False
FLOOD+AGRI+ARCTIC+ENV,AAAC,1387.4,391.5,1523.2,380.5,0.66,4.05,3.825,4.325,0.9719029374201787,4,3,3,False,True,True,True,True,False,False,True,True,True,False
FLOOD+AGRI+ARCTIC+ENV,AABA,1384.0,392.0,1575.4,395.0,0.66,4.05,3.825,4.325,1.0076530612244898,4,3,3,False,True,True,True,True,False,False,True,True,True,False
FLOOD+AGRI+ARCTIC+ENV,AABB,1370.0,388.25,1510.6,422.25,0.66,4.05,3.825,4.325,1.0875724404378622,4,3,2,False,True,True,True,True,False,False,True,True,True,False
FLOOD+AGRI+ARCTIC+ENV,AABC,1364.4,384.5,1438.6,424.25,0.66,4.05,3.825,4.325,1.1033810143042913,4,3,2,False,True,True,True,True,False,False,True,True,True,False
FLOOD+AGRI+ARCTIC+ENV,AACA,1374.8,385.0,1481.4,399.0,0.66,4.05,3.825,4.325,1.0363636363636364,4,3,3,False,True,True,True,True,False,False,True,True,True,False
FLOOD+AGRI+ARCTIC+ENV,AACB,1360.8,381.25,1416.6,426.25,0.66,4.05,3.825,4.325,1.118032786885246,4,3,2,False,True,True,True,True,False,False,True,True,True,False
FLOOD+AGRI+ARCTIC+ENV,AACC,1355.1999999999998,377.5,1344.6,428.25,0.66,4.05,3.825,4.325,1.1344370860927153,4,3,2,False,True,True,True,True,False,False,True,True,True,False
FLOOD+AGRI+ARCTIC+ENV,ABAA,1394.0,395.25,1618.6,399.25,0.66,4.05,3.825,4.325,1.0101201771030992,4,3,3,False,True,True,True,True,False,False,True,True,True,False
FLOOD+AGRI+ARCTIC+ENV,ABAB,1380.0,391.5,1553.8,426.5,0.66,4.05,3.825,4.325,1.0893997445721584,4,3,2,False,True,True,True,True,False,False,True,True,True,False
FLOOD+AGRI+ARCTIC+ENV,ABAC,1374.4,387.75,1481.8,428.5,0.66,4.05,3.825,4.325,1.1050934880722114,4,3,2,False,True,True,True,True,False,False,True,True,True,False
FLOOD+AGRI+ARCTIC+ENV,ABBA,1371.0,388.25,1534.0,443.0,0.66,4.05,3.825,4.325,1.141017385705087,4,3,2,False,True,True,True,True,False,False,True,True,True,False
FLOOD+AGRI+ARCTIC+ENV,ABBB,1357.0,384.5,1469.2,470.25,0.66,4.05,3.825,4.325,1.2230169050715214,4,3,1,False,True,True,True,False,False,False,True,True,True,False
FLOOD+AGRI+ARCTIC+ENV,ABBC,1351.4,380.75,1397.2,472.25,0.66,4.05,3.825,4.325,1.2403151674326987,4,3,1,False,True,True,True,False,False,False,True,True,True,False
FLOOD+AGRI+ARCTIC+ENV,ABCA,1361.8,381.25,1440.0,447.0,0.66,4.05,3.825,4.325,1.1724590163934425,4,3,2,False,True,True,True,True,False,False,True,True,True,False
FLOOD+AGRI+ARCTIC+ENV,ABCB,1347.8,377.5,1375.2,474.25,0.66,4.05,3.825,4.325,1.2562913907284767,4,3,1,False,True,True,True,False,False,False,True,True,True,False
FLOOD+AGRI+ARCTIC+ENV,ABCC,1342.1999999999998,373.75,1303.2,476.25,0.66,4.05,3.825,4.325,1.274247491638796,4,3,1,False,True,True,True,False,False,False,True,True,True,False
FLOOD+AGRI+ARCTIC+ENV,ACAA,1388.8,391.5,1572.6,418.75,0.66,4.05,3.825,4.325,1.0696040868454662,4,3,3,False,True,True,True,True,False,False,True,True,True,False
FLOOD+AGRI+ARCTIC+ENV,ACAB,1374.8,387.75,1507.8,446.0,0.66,4.05,3.825,4.325,1.1502256608639587,4,3,2,False,True,True,True,True,False,False,True,True,True,False
FLOOD+AGRI+ARCTIC+ENV,ACAC,1369.1999999999998,384.0,1435.8,448.0,0.66,4.05,3.825,4.325,1.1666666666666667,4,3,2,False,True,True,True,True,False,False,True,True,True,False
FLOOD+AGRI+ARCTIC+ENV,ACBA,1365.8,384.5,1488.0,462.5,0.66,4.05,3.825,4.325,1.2028608582574774,4,3,2,False,True,True,True,True,False,False,True,True,True,False
FLOOD+AGRI+ARCTIC+ENV,ACBB,1351.8,380.75,1423.2,489.75,0.66,4.05,3.825,4.325,1.2862770847012475,4,3,1,False,True,True,True,False,False,False,True,True,True,False
FLOOD+AGRI+ARCTIC+ENV,ACBC,1346.1999999999998,377.0,1351.2,491.75,0.66,4.05,3.825,4.325,1.3043766578249336,4,3,1,False,True,True,True,False,False,False,True,True,True,False
FLOOD+AGRI+ARCTIC+ENV,ACCA,1356.6,377.5,1394.0,466.5,0.66,4.05,3.825,4.325,1.2357615894039735,4,3,2,False,True,True,True,True,False,False,True,True,True,False
FLOOD+AGRI+ARCTIC+ENV,ACCB,1342.6,373.75,1329.2,493.75,0.66,4.05,3.825,4.325,1.3210702341137124,4,3,1,False,True,True,True,False,False,False,True,True,True,False
FLOOD+AGRI+ARCTIC+ENV,ACCC,1337.0,370.0,1257.2,495.75,0.66,4.05,3.825,4.325,1.3398648648648648,4,3,1,False,True,True,True,False,False,False,True,True,True,False
FLOOD+AGRI+ARCTIC+ENV,BAAA,1390.0,394.5,1552.0,354.5,0.66,4.05,3.825,4.325,0.8986058301647655,4,3,3,False,True,True,True,True,False,False,True,True,True,False
FLOOD+AGRI+ARCTIC+ENV,BAAB,1376.0,390.75,1487.2,381.75,0.66,4.05,3.825,4.325,0.9769673704414588,4,3,2,False,True,True,True,True,False,False,True,True,True,False
FLOOD+AGRI+ARCTIC+ENV,BAAC,1370.4,387.0,1415.2,383.75,0.66,4.05,3.825,4.325,0.9916020671834626,4,3,2,False,True,True,True,True,False,False,True,True,True,False
FLOOD+AGRI+ARCTIC+ENV,BABA,1367.0,387.5,1467.3999999999999,398.25,0.66,4.05,3.825,4.325,1.027741935483871,4,3,2,False,True,True,True,True,False,False,True,True,True,False
FLOOD+AGRI+ARCTIC+ENV,BABB,1353.0,383.75,1402.6,425.5,0.66,4.05,3.825,4.325,1.1087947882736156,4,3,1,False,True,True,True,False,False,False,True,True,True,False
FLOOD+AGRI+ARCTIC+ENV,BABC,1347.4,380.0,1330.6,427.5,0.66,4.05,3.825,4.325,1.125,4,3,1,False,True,True,True,False,False,False,True,True,True,False
FLOOD+AGRI+ARCTIC+ENV,BACA,1357.8,380.5,1373.3999999999999,402.25,0.66,4.05,3.825,4.325,1.057161629434954,4,3,2,False,True,True,True,True,False,False,True,True,True,False
FLOOD+AGRI+ARCTIC+ENV,BACB,1343.8,376.75,1308.6,429.5,0.66,4.05,3.825,4.325,1.1400132714001328,4,3,1,False,True,True,True,False,False,False,True,True,True,False
FLOOD+AGRI+ARCTIC+ENV,BACC,1338.1999999999998,373.0,1236.6,431.5,0.66,4.05,3.825,4.325,1.1568364611260054,4,3,1,False,True,True,True,False,False,False,True,True,True,False
FLOOD+AGRI+ARCTIC+ENV,BBAA,1377.0,390.75,1510.6,402.5,0.66,4.05,3.825,4.325,1.0300703774792066,4,3,2,False,True,True,True,True,False,False,True,True,True,False
FLOOD+AGRI+ARCTIC+ENV,BBAB,1363.0,387.0,1445.8,429.75,0.66,4.05,3.825,4.325,1.1104651162790697,4,3,1,False,True,True,True,False,False,False,True,True,True,False
FLOOD+AGRI+ARCTIC+ENV,BBAC,1357.4,383.25,1373.8,431.75,0.66,4.05,3.825,4.325,1.1265492498369212,4,3,1,False,True,True,True,False,False,False,True,True,True,False
FLOOD+AGRI+ARCTIC+ENV,BBBA,1354.0,383.75,1426.0,446.25,0.66,4.05,3.825,4.325,1.1628664495114007,4,3,1,False,True,True,True,False,False,False,True,True,True,False
FLOOD+AGRI+ARCTIC+ENV,BBBB,1340.0,380.0,1361.2,473.5,0.66,4.05,3.825,4.325,1.2460526315789473,4,3,0,False,True,True,True,False,False,False,True,True,True,False
FLOOD+AGRI+ARCTIC+ENV,BBBC,1334.4,376.25,1289.2,475.5,0.66,4.05,3.825,4.325,1.2637873754152824,4,3,0,False,True,True,True,False,False,False,True,True,True,False
FLOOD+AGRI+ARCTIC+ENV,BBCA,1344.8,376.75,1332.0,450.25,0.66,4.05,3.825,4.325,1.1950895819508958,4,3,1,False,True,True,True,False,False,False,True,True,True,False
FLOOD+AGRI+ARCTIC+ENV,BBCB,1330.8,373.0,1267.2,477.5,0.66,4.05,3.825,4.325,1.2801608579088473,4,3,0,False,True,True,True,False,False,False,True,True,True,False
FLOOD+AGRI+ARCTIC+ENV,BBCC,1325.1999999999998,369.25,1195.2,479.5,0.66,4.05,3.825,4.325,1.2985781990521328,4,3,0,False,True,True,True,False,False,False,True,True,True,False
FLOOD+AGRI+ARCTIC+ENV,BCAA,1371.8,387.0,1464.6,422.0,0.66,4.05,3.825,4.325,1.0904392764857882,4,3,2,False,True,True,True,True,False,False,True,True,True,False
FLOOD+AGRI+ARCTIC+ENV,BCAB,1357.8,383.25,1399.8,449.25,0.66,4.05,3.825,4.325,1.172211350293542,4,3,1,False,True,True,True,False,False,False,True,True,True,False
FLOOD+AGRI+ARCTIC+ENV,BCAC,1352.1999999999998,379.5,1327.8,451.25,0.66,4.05,3.825,4.325,1.1890645586297761,4,3,1,False,True,True,True,False,False,False,True,True,True,False
FLOOD+AGRI+ARCTIC+ENV,BCBA,1348.8,380.0,1380.0,465.75,0.66,4.05,3.825,4.325,1.2256578947368422,4,3,1,False,True,True,True,False,False,False,True,True,True,False
FLOOD+AGRI+ARCTIC+ENV,BCBB,1334.8,376.25,1315.2,493.0,0.66,4.05,3.825,4.325,1.3102990033222592,4,3,0,False,True,True,True,False,False,False,True,True,True,False
FLOOD+AGRI+ARCTIC+ENV,BCBC,1329.1999999999998,372.5,1243.2,495.0,0.66,4.05,3.825,4.325,1.3288590604026846,4,3,0,False,True,True,True,False,False,False,True,True,True,False
FLOOD+AGRI+ARCTIC+ENV,BCCA,1339.6,373.0,1286.0,469.75,0.66,4.05,3.825,4.325,1.2593833780160857,4,3,1,False,True,True,True,False,False,False,True,True,True,False
FLOOD+AGRI+ARCTIC+ENV,BCCB,1325.6,369.25,1221.2,497.0,0.66,4.05,3.825,4.325,1.3459715639810426,4,3,0,False,True,True,True,False,False,False,True,True,True,False
FLOOD+AGRI+ARCTIC+ENV,BCCC,1320.0,365.5,1149.2,499.0,0.66,4.05,3.825,4.325,1.3652530779753762,4,3,0,False,True,True,True,False,False,False,True,True,True,False
FLOOD+AGRI+ARCTIC+ENV,CAAA,1383.2,390.0,1432.0,336.0,0.66,4.05,3.825,4.325,0.8615384615384616,4,3,3,False,True,True,True,True,False,False,True,True,True,False
FLOOD+AGRI+ARCTIC+ENV,CAAB,1369.2,386.25,1367.2,363.25,0.66,4.05,3.825,4.325,0.940453074433657,4,3,2,False,True,True,True,True,False,False,True,True,True,False
FLOOD+AGRI+ARCTIC+ENV,CAAC,1363.6000000000001,382.5,1295.2,365.25,0.66,4.05,3.825,4.325,0.9549019607843138,4,3,2,False,True,True,True,True,False,False,True,True,True,False
FLOOD+AGRI+ARCTIC+ENV,CABA,1360.2,383.0,1347.4,379.75,0.66,4.05,3.825,4.325,0.991514360313316,4,3,2,False,True,True,True,True,False,False,True,True,True,False
FLOOD+AGRI+ARCTIC+ENV,CABB,1346.2,379.25,1282.6,407.0,0.66,4.05,3.825,4.325,1.0731707317073171,4,3,1,False,True,True,True,False,False,False,True,True,True,False
FLOOD+AGRI+ARCTIC+ENV,CABC,1340.6,375.5,1210.6,409.0,0.66,4.05,3.825,4.325,1.0892143808255659,4,3,1,False,True,True,True,False,False,False,True,True,True,False
FLOOD+AGRI+ARCTIC+ENV,CACA,1351.0,376.0,1253.4,383.75,0.66,4.05,3.825,4.325,1.0206117021276595,4,3,2,False,True,True,True,True,False,False,True,True,True,False
FLOOD+AGRI+ARCTIC+ENV,CACB,1337.0,372.25,1188.6,411.0,0.66,4.05,3.825,4.325,1.1040967092008058,4,3,1,False,True,True,True,False,False,False,True,True,True,False
FLOOD+AGRI+ARCTIC+ENV,CACC,1331.3999999999999,368.5,1116.6,413.0,0.66,4.05,3.825,4.325,1.1207598371777476,4,3,1,False,True,True,True,False,False,False,True,True,True,False
FLOOD+AGRI+ARCTIC+ENV,CBAA,1370.2,386.25,1390.6,384.0,0.66,4.05,3.825,4.325,0.9941747572815534,4,3,2,False,True,True,True,True,False,False,True,True,True,False
FLOOD+AGRI+ARCTIC+ENV,CBAB,1356.2,382.5,1325.8,411.25,0.66,4.05,3.825,4.325,1.0751633986928104,4,3,1,False,True,True,True,False,False,False,True,True,True,False
FLOOD+AGRI+ARCTIC+ENV,CBAC,1350.6,378.75,1253.8,413.25,0.66,4.05,3.825,4.325,1.0910891089108912,4,3,1,False,True,True,True,False,False,False,True,True,True,False
FLOOD+AGRI+ARCTIC+ENV,CBBA,1347.2,379.25,1306.0,427.75,0.66,4.05,3.825,4.325,1.1278839815425181,4,3,1,False,True,True,True,False,False,False,True,True,True,False
FLOOD+AGRI+ARCTIC+ENV,CBBB,1333.2,375.5,1241.2,455.0,0.66,4.05,3.825,4.325,1.2117177097203728,4,3,0,False,True,True,True,False,False,False,True,True,True,False
FLOOD+AGRI+ARCTIC+ENV,CBBC,1327.6,371.75,1169.2,457.0,0.66,4.05,3.825,4.325,1.2293207800941492,4,3,0,False,True,True,True,False,False,False,True,True,True,False
FLOOD+AGRI+ARCTIC+ENV,CBCA,1338.0,372.25,1212.0,431.75,0.66,4.05,3.825,4.325,1.1598388179986567,4,3,1,False,True,True,True,False,False,False,True,True,True,False
FLOOD+AGRI+ARCTIC+ENV,CBCB,1324.0,368.5,1147.2,459.0,0.66,4.05,3.825,4.325,1.2455902306648576,4,3,0,False,True,True,True,False,False,False,True,True,True,False
FLOOD+AGRI+ARCTIC+ENV,CBCC,1318.3999999999999,364.75,1075.2,461.0,0.66,4.05,3.825,4.325,1.2638793694311172,4,3,0,False,True,True,True,False,False,False,True,True,True,False
FLOOD+AGRI+ARCTIC+ENV,CCAA,1365.0,382.5,1344.6,403.5,0.66,4.05,3.825,4.325,1.0549019607843138,4,3,2,False,True,True,True,True,False,False,True,True,True,False
FLOOD+AGRI+ARCTIC+ENV,CCAB,1351.0,378.75,1279.8,430.75,0.66,4.05,3.825,4.325,1.1372937293729373,4,3,1,False,True,True,True,False,False,False,True,True,True,False
FLOOD+AGRI+ARCTIC+ENV,CCAC,1345.3999999999999,375.0,1207.8,432.75,0.66,4.05,3.825,4.325,1.154,4,3,1,False,True,True,True,False,False,False,True,True,True,False
FLOOD+AGRI+ARCTIC+ENV,CCBA,1342.0,375.5,1260.0,447.25,0.66,4.05,3.825,4.325,1.1910785619174433,4,3,1,False,True,True,True,False,False,False,True,True,True,False
FLOOD+AGRI+ARCTIC+ENV,CCBB,1328.0,371.75,1195.2,474.5,0.66,4.05,3.825,4.325,1.2763954270342972,4,3,0,False,True,True,True,False,False,False,True,True,True,False
FLOOD+AGRI+ARCTIC+ENV,CCBC,1322.3999999999999,368.0,1123.2,476.5,0.66,4.05,3.825,4.325,1.294836956521739,4,3,0,False,True,True,True,False,False,False,True,True,True,False
FLOOD+AGRI+ARCTIC+ENV,CCCA,1332.8,368.5,1166.0,451.25,0.66,4.05,3.825,4.325,1.2245590230664858,4,3,1,False,True,True,True,False,False,False,True,True,True,False
FLOOD+AGRI+ARCTIC+ENV,CCCB,1318.8,364.75,1101.2,478.5,0.66,4.05,3.825,4.325,1.3118574366004112,4,3,0,False,True,True,True,False,False,False,True,True,True,False
FLOOD+AGRI+ARCTIC+ENV,CCCC,1313.2,361.0,1029.2,480.5,0.66,4.05,3.825,4.325,1.3310249307479225,4,3,0,False,True,True,True,False,False,False,True,True,True,False
FLOOD+AGRI+ARCTIC+SSA,AAAA,1459.5,420.0,1640.0,365.0,0.6375000000000001,3.85,3.55,4.375,0.8690476190476191,3,4,4,False,True,True,True,True,False,False,True,True,True,False
FLOOD+AGRI+ARCTIC+SSA,AAAB,1443.0,415.25,1578.8,397.0,0.6375000000000001,3.85,3.55,4.375,0.9560505719446116,3,4,3,False,True,True,True,True,False,False,True,True,True,False
FLOOD+AGRI+ARCTIC+SSA,AAAC,1436.4,410.5,1510.8,399.25,0.6375000000000001,3.85,3.55,4.375,0.9725943970767357,3,4,3,False,True,True,True,True,False,False,True,True,True,False
FLOOD+AGRI+ARCTIC+SSA,AABA,1436.5,413.0,1555.4,408.75,0.6375000000000001,3.85,3.55,4.375,0.9897094430992736,3,4,3,False,True,True,True,True,False,False,True,True,True,False
FLOOD+AGRI+ARCTIC+SSA,AABB,1420.0,408.25,1494.2,440.75,0.6375000000000001,3.85,3.55,4.375,1.0796080832823025,3,4,2,False,True,True,True,True,False,False,True,True,True,False
FLOOD+AGRI+ARCTIC+SSA,AABC,1413.4,403.5,1426.2,443.0,0.6375000000000001,3.85,3.55,4.375,1.097893432465923,3,4,2,False,True,True,True,True,False,False,True,True,True,False
FLOOD+AGRI+ARCTIC+SSA,AACA,1427.3,406.0,1461.4,412.75,0.6375000000000001,3.85,3.55,4.375,1.0166256157635467,3,4,3,False,True,True,True,True,False,False,True,True,True,False
FLOOD+AGRI+ARCTIC+SSA,AACB,1410.8,401.25,1400.2,444.75,0.6375000000000001,3.85,3.55,4.375,1.108411214953271,3,4,2,False,True,True,True,True,False,False,True,True,True,False
FLOOD+AGRI+ARCTIC+SSA,AACC,1404.1999999999998,396.5,1332.2,447.0,0.6375000000000001,3.85,3.55,4.375,1.1273644388398487,3,4,2,False,True,True,True,True,False,False,True,True,True,False
FLOOD+AGRI+ARCTIC+SSA,ABAA,1446.5,416.25,1598.6,413.0,0.6375000000000001,3.85,3.55,4.375,0.9921921921921922,3,4,3,False,True,True,True,True,False,False,True,True,True,False
FLOOD+AGRI+ARCTIC+SSA,ABAB,1430.0,411.5,1537.3999999999999,445.0,0.6375000000000001,3.85,3.55,4.375,1.0814094775212637,3,4,2,False,True,True,True,True,False,False,True,True,True,False
FLOOD+AGRI+ARCTIC+SSA,ABAC,1423.4,406.75,1469.3999999999999,447.25,0.6375000000000001,3.85,3.55,4.375,1.0995697602950214,3,4,2,False,True,True,True,True,False,False,True,True,True,False
FLOOD+AGRI+ARCTIC+SSA,ABBA,1423.5,409.25,1514.0,456.75,0.6375000000000001,3.85,3.55,4.375,1.116065974343311,3,4,2,False,True,True,True,True,False,False,True,True,True,False
FLOOD+AGRI+ARCTIC+SSA,ABBB,1407.0,404.5,1452.8,488.75,0.6375000000000001,3.85,3.55,4.375,1.2082818294190358,3,4,1,False,True,True,True,False,False,False,True,True,True,False
FLOOD+AGRI+ARCTIC+SSA,ABBC,1400.4,399.75,1384.8,491.0,0.6375000000000001,3.85,3.55,4.375,1.2282676672920576,3,4,1,False,True,True,True,False,False,False,True,True,True,False
FLOOD+AGRI+ARCTIC+SSA,ABCA,1414.3,402.25,1420.0,460.75,0.6375000000000001,3.85,3.55,4.375,1.1454319453076445,3,4,2,False,True,True,True,True,False,False,True,True,True,False
FLOOD+AGRI+ARCTIC+SSA,ABCB,1397.8,397.5,1358.8,492.75,0.6375000000000001,3.85,3.55,4.375,1.239622641509434,3,4,1,False,True,True,True,False,False,False,True,True,True,False
FLOOD+AGRI+ARCTIC+SSA,ABCC,1391.1999999999998,392.75,1290.8,495.0,0.6375000000000001,3.85,3.55,4.375,1.2603437301082114,3,4,1,False,True,True,True,False,False,False,True,True,True,False
FLOOD+AGRI+ARCTIC+SSA,ACAA,1441.3,412.5,1552.6,432.5,0.6375000000000001,3.85,3.55,4.375,1.0484848484848486,3,4,3,False,True,True,True,True,False,False,True,True,True,False
FLOOD+AGRI+ARCTIC+SSA,ACAB,1424.8,407.75,1491.3999999999999,464.5,0.6375000000000001,3.85,3.55,4.375,1.1391784181483753,3,4,2,False,True,True,True,True,False,False,True,True,True,False
FLOOD+AGRI+ARCTIC+SSA,ACAC,1418.1999999999998,403.0,1423.3999999999999,466.75,0.6375000000000001,3.85,3.55,4.375,1.1581885856079404,3,4,2,False,True,True,True,True,False,False,True,True,True,False
FLOOD+AGRI+ARCTIC+SSA,ACBA,1418.3,405.5,1468.0,476.25,0.6375000000000001,3.85,3.55,4.375,1.1744759556103577,3,4,2,False,True,True,True,True,False,False,True,True,True,False
FLOOD+AGRI+ARCTIC+SSA,ACBB,1401.8,400.75,1406.8,508.25,0.6375000000000001,3.85,3.55,4.375,1.2682470368059888,3,4,1,False,True,True,True,False,False,False,True,True,True,False
FLOOD+AGRI+ARCTIC+SSA,ACBC,1395.1999999999998,396.0,1338.8,510.5,0.6375000000000001,3.85,3.55,4.375,1.2891414141414141,3,4,1,False,True,True,True,False,False,False,True,True,True,False
FLOOD+AGRI+ARCTIC+SSA,ACCA,1409.1,398.5,1374.0,480.25,0.6375000000000001,3.85,3.55,4.375,1.2051442910915935,3,4,2,False,True,True,True,True,False,False,True,True,True,False
FLOOD+AGRI+ARCTIC+SSA,ACCB,1392.6,393.75,1312.8,512.25,0.6375000000000001,3.85,3.55,4.375,1.3009523809523809,3,4,1,False,True,True,True,False,False,False,True,True,True,False
FLOOD+AGRI+ARCTIC+SSA,ACCC,1386.0,389.0,1244.8,514.5,0.6375000000000001,3.85,3.55,4.375,1.3226221079691516,3,4,1,False,True,True,True,False,False,False,True,True,True,False
FLOOD+AGRI+ARCTIC+SSA,BAAA,1442.5,415.5,1532.0,368.25,0.6375000000000001,3.85,3.55,4.375,0.8862815884476535,3,4,3,False,True,True,True,True,False,False,True,True,True,False
FLOOD+AGRI+ARCTIC+SSA,BAAB,1426.0,410.75,1470.8,400.25,0.6375000000000001,3.85,3.55,4.375,0.9744370054777846,3,4,2,False,True,True,True,True,False,False,True,True,True,False
FLOOD+AGRI+ARCTIC+SSA,BAAC,1419.4,406.0,1402.8,402.5,0.6375000000000001,3.85,3.55,4.375,0.9913793103448276,3,4,2,False,True,True,True,True,False,False,True,True,True,False
FLOOD+AGRI+ARCTIC+SSA,BABA,1419.5,408.5,1447.3999999999999,412.0,0.6375000000000001,3.85,3.55,4.375,1.0085679314565483,3,4,2,False,True,True,True,True,False,False,True,True,True,False
FLOOD+AGRI+ARCTIC+SSA,BABB,1403.0,403.75,1386.1999999999998,444.0,0.6375000000000001,3.85,3.55,4.375,1.0996904024767802,3,4,1,False,True,True,True,False,False,False,True,True,True,False
FLOOD+AGRI+ARCTIC+SSA,BABC,1396.4,399.0,1318.1999999999998,446.25,0.6375000000000001,3.85,3.55,4.375,1.118421052631579,3,4,1,False,True,True,True,False,False,False,True,True,True,False
FLOOD+AGRI+ARCTIC+SSA,BACA,1410.3,401.5,1353.3999999999999,416.0,0.6375000000000001,3.85,3.55,4.375,1.0361145703611456,3,4,2,False,True,True,True,True,False,False,True,True,True,False
FLOOD+AGRI+ARCTIC+SSA,BACB,1393.8,396.75,1292.1999999999998,448.0,0.6375000000000001,3.85,3.55,4.375,1.129174543163201,3,4,1,False,True,True,True,False,False,False,True,True,True,False
FLOOD+AGRI+ARCTIC+SSA,BACC,1387.1999999999998,392.0,1224.1999999999998,450.25,0.6375000000000001,3.85,3.55,4.375,1.1485969387755102,3,4,1,False,True,True,True,False,False,False,True,True,True,False
FLOOD+AGRI+ARCTIC+SSA,BBAA,1429.5,411.75,1490.6,416.25,0.6375000000000001,3.85,3.55,4.375,1.010928961748634,3,4,2,False,True,True,True,True,False,False,True,True,True,False
FLOOD+AGRI+ARCTIC+SSA,BBAB,1413.0,407.0,1429.3999999999999,448.25,0.6375000000000001,3.85,3.55,4.375,1.1013513513513513,3,4,1,False,True,True,True,False,False,False,True,True,True,False
FLOOD+AGRI+ARCTIC+SSA,BBAC,1406.4,402.25,1361.3999999999999,450.5,0.6375000000000001,3.85,3.55,4.375,1.119950279676818,3,4,1,False,True,True,True,False,False,False,True,True,True,False
FLOOD+AGRI+ARCTIC+SSA,BBBA,1406.5,404.75,1406.0,460.0,0.6375000000000001,3.85,3.55,4.375,1.1365040148239653,3,4,1,False,True,True,True,False,False,False,True,True,True,False
FLOOD+AGRI+ARCTIC+SSA,BBBB,1390.0,400.0,1344.8,492.0,0.6375000000000001,3.85,3.55,4.375,1.23,3,4,0,False,True,True,True,False,False,False,True,True,True,False
FLOOD+AGRI+ARCTIC+SSA,BBBC,1383.4,395.25,1276.8,494.25,0.6375000000000001,3.85,3.55,4.375,1.2504743833017078,3,4,0,False,True,True,True,False,False,False,True,True,True,False
FLOOD+AGRI+ARCTIC+SSA,BBCA,1397.3,397.75,1312.0,464.0,0.6375000000000001,3.85,3.55,4.375,1.1665619107479572,3,4,1,False,True,True,True,False,False,False,True,True,True,False
FLOOD+AGRI+ARCTIC+SSA,BBCB,1380.8,393.0,1250.8,496.0,0.6375000000000001,3.85,3.55,4.375,1.262086513994911,3,4,0,False,True,True,True,False,False,False,True,True,True,False
FLOOD+AGRI+ARCTIC+SSA,BBCC,1374.1999999999998,388.25,1182.8,498.25,0.6375000000000001,3.85,3.55,4.375,1.283322601416613,3,4,0,False,True,True,True,False,False,False,True,True,True,False
FLOOD+AGRI+ARCTIC+SSA,BCAA,1424.3,408.0,1444.6,435.75,0.6375000000000001,3.85,3.55,4.375,1.068014705882353,3,4,2,False,True,True,True,True,False,False,True,True,True,False
FLOOD+AGRI+ARCTIC+SSA,BCAB,1407.8,403.25,1383.3999999999999,467.75,0.6375000000000001,3.85,3.55,4.375,1.1599504029758214,3,4,1,False,True,True,True,False,False,False,True,True,True,False
FLOOD+AGRI+ARCTIC+SSA,BCAC,1401.1999999999998,398.5,1315.3999999999999,470.0,0.6375000000000001,3.85,3.55,4.375,1.179422835633626,3,4,1,False,True,True,True,False,False,False,True,True,True,False
FLOOD+AGRI+ARCTIC+SSA,BCBA,1401.3,401.0,1360.0,479.5,0.6375000000000001,3.85,3.55,4.375,1.1957605985037407,3,4,1,False,True,True,True,False,False,False,True,True,True,False
FLOOD+AGRI+ARCTIC+SSA,BCBB,1384.8,396.25,1298.8,511.5,0.6375000000000001,3.85,3.55,4.375,1.2908517350157729,3,4,0,False,True,True,True,False,False,False,True,True,True,False
FLOOD+AGRI+ARCTIC+SSA,BCBC,1378.1999999999998,391.5,1230.8,513.75,0.6375000000000001,3.85,3.55,4.375,1.3122605363984674,3,4,0,False,True,True,True,False,False,False,True,True,True,False
FLOOD+AGRI+ARCTIC+SSA,BCCA,1392.1,394.0,1266.0,483.5,0.6375000000000001,3.85,3.55,4.375,1.2271573604060915,3,4,1,False,True,True,True,False,False,False,True,True,True,False
FLOOD+AGRI+ARCTIC+SSA,BCCB,1375.6,389.25,1204.8,515.5,0.6375000000000001,3.85,3.55,4.375,1.3243416827231855,3,4,0,False,True,True,True,False,False,False,True,True,True,False
FLOOD+AGRI+ARCTIC+SSA,BCCC,1369.0,384.5,1136.8,517.75,0.6375000000000001,3.85,3.55,4.375,1.346553966189857,3,4,0,False,True,True,True,False,False,False,True,True,True,False
FLOOD+AGRI+ARCTIC+SSA,CAAA,1435.7,411.0,1412.0,349.75,0.6375000000000001,3.85,3.55,4.375,0.8509732360097324,3,4,3,False,True,True,True,True,False,False,True,True,True,False
FLOOD+AGRI+ARCTIC+SSA,CAAB,1419.2,406.25,1350.8,381.75,0.6375000000000001,3.85,3.55,4.375,0.9396923076923077,3,4,2,False,True,True,True,True,False,False,True,True,True,False
FLOOD+AGRI+ARCTIC+SSA,CAAC,1412.6,401.5,1282.8,384.0,0.6375000000000001,3.85,3.55,4.375,0.9564134495641345,3,4,2,False,True,True,True,True,False,False,True,True,True,False
FLOOD+AGRI+ARCTIC+SSA,CABA,1412.7,404.0,1327.4,393.5,0.6375000000000001,3.85,3.55,4.375,0.974009900990099,3,4,2,False,True,True,True,True,False,False,True,True,True,False
FLOOD+AGRI+ARCTIC+SSA,CABB,1396.2,399.25,1266.2,425.5,0.6375000000000001,3.85,3.55,4.375,1.06574827802129,3,4,1,False,True,True,True,False,False,False,True,True,True,False
FLOOD+AGRI+ARCTIC+SSA,CABC,1389.6,394.5,1198.2,427.75,0.6375000000000001,3.85,3.55,4.375,1.0842839036755387,3,4,1,False,True,True,True,False,False,False,True,True,True,False
FLOOD+AGRI+ARCTIC+SSA,CACA,1403.5,397.0,1233.4,397.5,0.6375000000000001,3.85,3.55,4.375,1.0012594458438286,3,4,2,False,True,True,True,True,False,False,True,True,True,False
FLOOD+AGRI+ARCTIC+SSA,CACB,1387.0,392.25,1172.2,429.5,0.6375000000000001,3.85,3.55,4.375,1.0949649458253665,3,4,1,False,True,True,True,False,False,False,True,True,True,False
FLOOD+AGRI+ARCTIC+SSA,CACC,1380.4,387.5,1104.2,431.75,0.6375000000000001,3.85,3.55,4.375,1.1141935483870968,3,4,1,False,True,True,True,False,False,False,True,True,True,False
FLOOD+AGRI+ARCTIC+SSA,CBAA,1422.7,407.25,1370.6,397.75,0.6375000000000001,3.85,3.55,4.375,0.9766728054020871,3,4,2,False,True,True,True,True,False,False,True,True,True,False
FLOOD+AGRI+ARCTIC+SSA,CBAB,1406.2,402.5,1309.3999999999999,429.75,0.6375000000000001,3.85,3.55,4.375,1.0677018633540372,3,4,1,False,True,True,True,False,False,False,True,True,True,False
FLOOD+AGRI+ARCTIC+SSA,CBAC,1399.6,397.75,1241.3999999999999,432.0,0.6375000000000001,3.85,3.55,4.375,1.0861093651791327,3,4,1,False,True,True,True,False,False,False,True,True,True,False
FLOOD+AGRI+ARCTIC+SSA,CBBA,1399.7,400.25,1286.0,441.5,0.6375000000000001,3.85,3.55,4.375,1.103060587133042,3,4,1,False,True,True,True,False,False,False,True,True,True,False
FLOOD+AGRI+ARCTIC+SSA,CBBB,1383.2,395.5,1224.8,473.5,0.6375000000000001,3.85,3.55,4.375,1.1972187104930467,3,4,0,False,True,True,True,False,False,False,True,True,True,False
FLOOD+AGRI+ARCTIC+SSA,CBBC,1376.6,390.75,1156.8,475.75,0.6375000000000001,3.85,3.55,4.375,1.217530390275112,3,4,0,False,True,True,True,False,False,False,True,True,True,False
FLOOD+AGRI+ARCTIC+SSA,CBCA,1390.5,393.25,1192.0,445.5,0.6375000000000001,3.85,3.55,4.375,1.132867132867133,3,4,1,False,True,True,True,False,False,False,True,True,True,False
FLOOD+AGRI+ARCTIC+SSA,CBCB,1374.0,388.5,1130.8,477.5,0.6375000000000001,3.85,3.55,4.375,1.229086229086229,3,4,0,False,True,True,True,False,False,False,True,True,True,False
FLOOD+AGRI+ARCTIC+SSA,CBCC,1367.4,383.75,1062.8,479.75,0.6375000000000001,3.85,3.55,4.375,1.2501628664495115,3,4,0,False,True,True,True,False,False,False,True,True,True,False
FLOOD+AGRI+ARCTIC+SSA,CCAA,1417.5,403.5,1324.6,417.25,0.6375000000000001,3.85,3.55,4.375,1.034076827757125,3,4,2,False,True,True,True,True,False,False,True,True,True,False
FLOOD+AGRI+ARCTIC+SSA,CCAB,1401.0,398.75,1263.4,449.25,0.6375000000000001,3.85,3.55,4.375,1.1266457680250783,3,4,1,False,True,True,True,False,False,False,True,True,True,False
FLOOD+AGRI+ARCTIC+SSA,CCAC,1394.4,394.0,1195.4,451.5,0.6375000000000001,3.85,3.55,4.375,1.1459390862944163,3,4,1,False,True,True,True,False,False,False,True,True,True,False
FLOOD+AGRI+ARCTIC+SSA,CCBA,1394.5,396.5,1240.0,461.0,0.6375000000000001,3.85,3.55,4.375,1.1626733921815888,3,4,1,False,True,True,True,False,False,False,True,True,True,False
FLOOD+AGRI+ARCTIC+SSA,CCBB,1378.0,391.75,1178.8,493.0,0.6375000000000001,3.85,3.55,4.375,1.2584556477345246,3,4,0,False,True,True,True,False,False,False,True,True,True,False
FLOOD+AGRI+ARCTIC+SSA,CCBC,1371.4,387.0,1110.8,495.25,0.6375000000000001,3.85,3.55,4.375,1.2797157622739017,3,4,0,False,True,True,True,False,False,False,True,True,True,False
FLOOD+AGRI+ARCTIC+SSA,CCCA,1385.3,389.5,1146.0,465.0,0.6375000000000001,3.85,3.55,4.375,1.1938382541720154,3,4,1,False,True,True,True,False,False,False,True,True,True,False
FLOOD+AGRI+ARCTIC+SSA,CCCB,1368.8,384.75,1084.8,497.0,0.6375000000000001,3.85,3.55,4.375,1.2917478882391162,3,4,0,False,True,True,True,False,False,False,True,True,True,False
FLOOD+AGRI+ARCTIC+SSA,CCCC,1362.1999999999998,380.0,1016.8,499.25,0.6375000000000001,3.85,3.55,4.375,1.3138157894736842,3,4,0,False,True,True,True,False,False,False,True,True,True,False
FLOOD+AGRI+TRANS+ENV,AAAA,1186.5,325.5,1410.0,301.25,0.715,4.45,4.225,4.6,0.9254992319508448,4,2,4,True,True,True,True,True,True,True,True,True,True,False
FLOOD+AGRI+TRANS+ENV,AAAB,1172.5,321.75,1345.2,328.5,0.715,4.45,4.225,4.6,1.020979020979021,4,2,3,True,True,True,True,True,True,True,True,True,True,True
FLOOD+AGRI+TRANS+ENV,AAAC,1166.9,318.0,1273.2,330.5,0.715,4.45,4.225,4.6,1.0393081761006289,4,2,3,True,True,True,True,True,True,True,True,True,True,True
FLOOD+AGRI+TRANS+ENV,AABA,1174.0,322.0,1370.4,335.0,0.715,4.45,4.225,4.6,1.0403726708074534,4,2,3,True,True,True,True,True,True,True,True,True,True,True
FLOOD+AGRI+TRANS+ENV,AABB,1160.0,318.25,1305.6,362.25,0.715,4.45,4.225,4.6,1.138256087981147,4,2,2,True,True,True,True,True,True,True,True,True,True,True
FLOOD+AGRI+TRANS+ENV,AABC,1154.4,314.5,1233.6,364.25,0.715,4.45,4.225,4.6,1.15818759936407,4,2,2,True,True,True,True,True,True,True,True,True,True,True
FLOOD+AGRI+TRANS+ENV,AACA,1169.0,318.5,1326.4,343.0,0.715,4.45,4.225,4.6,1.0769230769230769,4,2,3,True,True,True,True,True,True,True,True,True,True,True
FLOOD+AGRI+TRANS+ENV,AACB,1155.0,314.75,1261.6000000000001,370.25,0.715,4.45,4.225,4.6,1.176330420969023,4,2,2,True,True,True,True,True,True,True,True,True,True,True
FLOOD+AGRI+TRANS+ENV,AACC,1149.4,311.0,1189.6000000000001,372.25,0.715,4.45,4.225,4.6,1.1969453376205788,4,2,2,True,True,True,True,True,True,True,True,True,True,True
FLOOD+AGRI+TRANS+ENV,ABAA,1173.5,321.75,1368.6,349.25,0.715,4.45,4.225,4.6,1.0854700854700854,4,2,3,True,True,True,True,True,True,True,True,True,True,True
FLOOD+AGRI+TRANS+ENV,ABAB,1159.5,318.0,1303.8,376.5,0.715,4.45,4.225,4.6,1.1839622641509433,4,2,2,True,True,True,True,True,True,True,True,True,True,True
FLOOD+AGRI+TRANS+ENV,ABAC,1153.9,314.25,1231.8,378.5,0.715,4.45,4.225,4.6,1.2044550517104216,4,2,2,True,True,True,True,True,True,True,True,True,True,True
FLOOD+AGRI+TRANS+ENV,ABBA,1161.0,318.25,1329.0,383.0,0.715,4.45,4.225,4.6,1.2034564021995287,4,2,2,True,True,True,True,True,True,True,True,True,True,True
FLOOD+AGRI+TRANS+ENV,ABBB,1147.0,314.5,1264.1999999999998,410.25,0.715,4.45,4.225,4.6,1.3044515103338632,4,2,1,False,True,True,True,False,True,True,True,True,True,False
FLOOD+AGRI+TRANS+ENV,ABBC,1141.4,310.75,1192.1999999999998,412.25,0.715,4.45,4.225,4.6,1.3266291230893001,4,2,1,False,True,True,True,False,True,True,True,True,True,False
FLOOD+AGRI+TRANS+ENV,ABCA,1156.0,314.75,1285.0,391.0,0.715,4.45,4.225,4.6,1.2422557585385225,4,2,2,True,True,True,True,True,True,True,True,True,True,True
FLOOD+AGRI+TRANS+ENV,ABCB,1142.0,311.0,1220.2,418.25,0.715,4.45,4.225,4.6,1.344855305466238,4,2,1,False,True,True,True,False,True,True,True,True,True,False
FLOOD+AGRI+TRANS+ENV,ABCC,1136.4,307.25,1148.2,420.25,0.715,4.45,4.225,4.6,1.3677786818551667,4,2,1,False,True,True,True,False,True,True,True,True,True,False
FLOOD+AGRI+TRANS+ENV,ACAA,1168.3,318.0,1322.6,368.75,0.715,4.45,4.225,4.6,1.1595911949685536,4,2,3,True,True,True,True,True,True,True,True,True,True,True
FLOOD+AGRI+TRANS+ENV,ACAB,1154.3,314.25,1257.8,396.0,0.715,4.45,4.225,4.6,1.260143198090692,4,2,2,True,True,True,True,True,True,True,True,True,True,True
FLOOD+AGRI+TRANS+ENV,ACAC,1148.6999999999998,310.5,1185.8,398.0,0.715,4.45,4.225,4.6,1.2818035426731078,4,2,2,True,True,True,True,True,True,True,True,True,True,True
FLOOD+AGRI+TRANS+ENV,ACBA,1155.8,314.5,1283.0,402.5,0.715,4.45,4.225,4.6,1.2798092209856915,4,2,2,True,True,True,True,True,True,True,True,True,True,True
FLOOD+AGRI+TRANS+ENV,ACBB,1141.8,310.75,1218.1999999999998,429.75,0.715,4.45,4.225,4.6,1.3829444891391793,4,2,1,False,True,True,True,False,True,True,True,True,True,False
FLOOD+AGRI+TRANS+ENV,ACBC,1136.1999999999998,307.0,1146.1999999999998,431.75,0.715,4.45,4.225,4.6,1.4063517915309447,4,2,1,False,True,True,True,False,True,True,True,True,True,False
FLOOD+AGRI+TRANS+ENV,ACCA,1150.8,311.0,1239.0,410.5,0.715,4.45,4.225,4.6,1.319935691318328,4,2,2,True,True,True,True,True,True,True,True,True,True,True
FLOOD+AGRI+TRANS+ENV,ACCB,1136.8,307.25,1174.2,437.75,0.715,4.45,4.225,4.6,1.4247355573637104,4,2,1,False,True,True,True,False,True,True,True,True,True,False
FLOOD+AGRI+TRANS+ENV,ACCC,1131.1999999999998,303.5,1102.2,439.75,0.715,4.45,4.225,4.6,1.4489291598023064,4,2,1,False,True,True,True,False,True,True,True,True,True,False
FLOOD+AGRI+TRANS+ENV,BAAA,1169.5,321.0,1302.0,304.5,0.715,4.45,4.225,4.6,0.9485981308411215,4,2,3,True,True,True,True,True,True,True,True,True,True,True
FLOOD+AGRI+TRANS+ENV,BAAB,1155.5,317.25,1237.2,331.75,0.715,4.45,4.225,4.6,1.045705279747833,4,2,2,True,True,True,True,True,True,True,True,True,True,True
FLOOD+AGRI+TRANS+ENV,BAAC,1149.9,313.5,1165.1999999999998,333.75,0.715,4.45,4.225,4.6,1.0645933014354068,4,2,2,True,True,True,True,True,True,True,True,True,True,True
FLOOD+AGRI+TRANS+ENV,BABA,1157.0,317.5,1262.4,338.25,0.715,4.45,4.225,4.6,1.0653543307086615,4,2,2,True,True,True,True,True,True,True,True,True,True,True
FLOOD+AGRI+TRANS+ENV,BABB,1143.0,313.75,1197.6,365.5,0.715,4.45,4.225,4.6,1.1649402390438246,4,2,1,False,True,True,True,False,True,True,True,True,True,False
FLOOD+AGRI+TRANS+ENV,BABC,1137.4,310.0,1125.6,367.5,0.715,4.45,4.225,4.6,1.185483870967742,4,2,1,False,True,True,True,False,True,True,True,True,True,False
FLOOD+AGRI+TRANS+ENV,BACA,1152.0,314.0,1218.4,346.25,0.715,4.45,4.225,4.6,1.1027070063694266,4,2,2,True,True,True,True,True,True,True,True,True,True,True
FLOOD+AGRI+TRANS+ENV,BACB,1138.0,310.25,1153.6000000000001,373.5,0.715,4.45,4.225,4.6,1.2038678485092666,4,2,1,False,True,True,True,False,True,True,True,True,True,False
FLOOD+AGRI+TRANS+ENV,BACC,1132.4,306.5,1081.6,375.5,0.715,4.45,4.225,4.6,1.2251223491027732,4,2,1,False,True,True,True,False,True,True,True,True,True,False
FLOOD+AGRI+TRANS+ENV,BBAA,1156.5,317.25,1260.6,352.5,0.715,4.45,4.225,4.6,1.1111111111111112,4,2,2,True,True,True,True,True,True,True,True,True,True,True
FLOOD+AGRI+TRANS+ENV,BBAB,1142.5,313.5,1195.8,379.75,0.715,4.45,4.225,4.6,1.211323763955343,4,2,1,False,True,True,True,False,True,True,True,True,True,False
FLOOD+AGRI+TRANS+ENV,BBAC,1136.9,309.75,1123.8,381.75,0.715,4.45,4.225,4.6,1.2324455205811138,4,2,1,False,True,True,True,False,True,True,True,True,True,False
FLOOD+AGRI+TRANS+ENV,BBBA,1144.0,313.75,1221.0,386.25,0.715,4.45,4.225,4.6,1.2310756972111554,4,2,1,False,True,True,True,False,True,True,True,True,True,False
FLOOD+AGRI+TRANS+ENV,BBBB,1130.0,310.0,1156.1999999999998,413.5,0.715,4.45,4.225,4.6,1.3338709677419356,4,2,0,False,True,True,True,False,True,True,True,True,True,False
FLOOD+AGRI+TRANS+ENV,BBBC,1124.4,306.25,1084.1999999999998,415.5,0.715,4.45,4.225,4.6,1.356734693877551,4,2,0,False,True,True,True,False,True,True,True,True,True,False
FLOOD+AGRI+TRANS+ENV,BBCA,1139.0,310.25,1177.0,394.25,0.715,4.45,4.225,4.6,1.2707493956486704,4,2,1,False,True,True,True,False,True,True,True,True,True,False
FLOOD+AGRI+TRANS+ENV,BBCB,1125.0,306.5,1112.2,421.5,0.715,4.45,4.225,4.6,1.3752039151712887,4,2,0,False,True,True,True,False,True,True,True,True,True,False
FLOOD+AGRI+TRANS+ENV,BBCC,1119.4,302.75,1040.2,423.5,0.715,4.45,4.225,4.6,1.3988439306358382,4,2,0,False,True,True,True,False,True,True,True,True,True,False
FLOOD+AGRI+TRANS+ENV,BCAA,1151.3,313.5,1214.6,372.0,0.715,4.45,4.225,4.6,1.186602870813397,4,2,2,True,True,True,True,True,True,True,True,True,True,True
FLOOD+AGRI+TRANS+ENV,BCAB,1137.3,309.75,1149.8,399.25,0.715,4.45,4.225,4.6,1.2889426957223566,4,2,1,False,True,True,True,False,True,True,True,True,True,False
FLOOD+AGRI+TRANS+ENV,BCAC,1131.6999999999998,306.0,1077.8,401.25,0.715,4.45,4.225,4.6,1.3112745098039216,4,2,1,False,True,True,True,False,True,True,True,True,True,False
FLOOD+AGRI+TRANS+ENV,BCBA,1138.8,310.0,1175.0,405.75,0.715,4.45,4.225,4.6,1.3088709677419355,4,2,1,False,True,True,True,False,True,True,True,True,True,False
FLOOD+AGRI+TRANS+ENV,BCBB,1124.8,306.25,1110.1999999999998,433.0,0.715,4.45,4.225,4.6,1.4138775510204082,4,2,0,False,True,True,True,False,True,True,True,True,True,False
FLOOD+AGRI+TRANS+ENV,BCBC,1119.1999999999998,302.5,1038.1999999999998,435.0,0.715,4.45,4.225,4.6,1.43801652892562,4,2,0,False,True,True,True,False,True,True,True,True,True,False
FLOOD+AGRI+TRANS+ENV,BCCA,1133.8,306.5,1131.0,413.75,0.715,4.45,4.225,4.6,1.3499184339314845,4,2,1,False,True,True,True,False,True,True,True,True,True,False
FLOOD+AGRI+TRANS+ENV,BCCB,1119.8,302.75,1066.2,441.0,0.715,4.45,4.225,4.6,1.4566473988439306,4,2,0,False,True,True,True,False,True,True,True,True,True,False
FLOOD+AGRI+TRANS+ENV,BCCC,1114.1999999999998,299.0,994.1999999999999,443.0,0.715,4.45,4.225,4.6,1.4816053511705685,4,2,0,False,True,True,True,False,True,True,False,True,True,False
FLOOD+AGRI+TRANS+ENV,CAAA,1162.7,316.5,1182.0,286.0,0.715,4.45,4.225,4.6,0.9036334913112164,4,2,3,True,True,True,True,True,True,True,True,True,True,True
FLOOD+AGRI+TRANS+ENV,CAAB,1148.7,312.75,1117.2,313.25,0.715,4.45,4.225,4.6,1.0015987210231814,4,2,2,True,True,True,True,True,True,True,True,True,True,True
FLOOD+AGRI+TRANS+ENV,CAAC,1143.1,309.0,1045.2,315.25,0.715,4.45,4.225,4.6,1.0202265372168284,4,2,2,True,True,True,True,True,True,True,True,True,True,True
FLOOD+AGRI+TRANS+ENV,CABA,1150.2,313.0,1142.4,319.75,0.715,4.45,4.225,4.6,1.0215654952076678,4,2,2,True,True,True,True,True,True,True,True,True,True,True
FLOOD+AGRI+TRANS+ENV,CABB,1136.2,309.25,1077.6,347.0,0.715,4.45,4.225,4.6,1.122069523039612,4,2,1,False,True,True,True,False,True,True,True,True,True,False
FLOOD+AGRI+TRANS+ENV,CABC,1130.6,305.5,1005.6,349.0,0.715,4.45,4.225,4.6,1.1423895253682488,4,2,1,False,True,True,True,False,True,True,True,True,True,False
FLOOD+AGRI+TRANS+ENV,CACA,1145.2,309.5,1098.4,327.75,0.715,4.45,4.225,4.6,1.0589660743134088,4,2,2,True,True,True,True,True,True,True,True,True,True,True
FLOOD+AGRI+TRANS+ENV,CACB,1131.2,305.75,1033.6000000000001,355.0,0.715,4.45,4.225,4.6,1.16107931316435,4,2,1,False,True,True,True,False,True,True,True,True,True,False
FLOOD+AGRI+TRANS+ENV,CACC,1125.6,302.0,961.6,357.0,0.715,4.45,4.225,4.6,1.1821192052980132,4,2,1,False,True,True,True,False,True,True,False,True,True,False
FLOOD+AGRI+TRANS+ENV,CBAA,1149.7,312.75,1140.6,334.0,0.715,4.45,4.225,4.6,1.067945643485212,4,2,2,True,True,True,True,True,True,True,True,True,True,True
FLOOD+AGRI+TRANS+ENV,CBAB,1135.7,309.0,1075.8,361.25,0.715,4.45,4.225,4.6,1.169093851132686,4,2,1,False,True,True,True,False,True,True,True,True,True,False
FLOOD+AGRI+TRANS+ENV,CBAC,1130.1,305.25,1003.8,363.25,0.715,4.45,4.225,4.6,1.19000819000819,4,2,1,False,True,True,True,False,True,True,True,True,True,False
FLOOD+AGRI+TRANS+ENV,CBBA,1137.2,309.25,1101.0,367.75,0.715,4.45,4.225,4.6,1.189167340339531,4,2,1,False,True,True,True,False,True,True,True,True,True,False
FLOOD+AGRI+TRANS+ENV,CBBB,1123.2,305.5,1036.1999999999998,395.0,0.715,4.45,4.225,4.6,1.292962356792144,4,2,0,False,True,True,True,False,True,True,True,True,True,False
FLOOD+AGRI+TRANS+ENV,CBBC,1117.6,301.75,964.1999999999999,397.0,0.715,4.45,4.225,4.6,1.315658657829329,4,2,0,False,True,True,True,False,True,True,False,True,True,False
FLOOD+AGRI+TRANS+ENV,CBCA,1132.2,305.75,1057.0,375.75,0.715,4.45,4.225,4.6,1.2289452166802943,4,2,1,False,True,True,True,False,True,True,True,True,True,False
FLOOD+AGRI+TRANS+ENV,CBCB,1118.2,302.0,992.1999999999999,403.0,0.715,4.45,4.225,4.6,1.3344370860927153,4,2,0,False,True,True,True,False,True,True,False,True,True,False
FLOOD+AGRI+TRANS+ENV,CBCC,1112.6,298.25,920.1999999999999,405.0,0.715,4.45,4.225,4.6,1.3579212070410729,4,2,0,False,True,True,True,False,True,True,False,True,True,False
FLOOD+AGRI+TRANS+ENV,CCAA,1144.5,309.0,1094.6,353.5,0.715,4.45,4.225,4.6,1.1440129449838188,4,2,2,True,True,True,True,True,True,True,True,True,True,True
FLOOD+AGRI+TRANS+ENV,CCAB,1130.5,305.25,1029.8,380.75,0.715,4.45,4.225,4.6,1.2473382473382473,4,2,1,False,True,True,True,False,True,True,True,True,True,False
FLOOD+AGRI+TRANS+ENV,CCAC,1124.8999999999999,301.5,957.8,382.75,0.715,4.45,4.225,4.6,1.269485903814262,4,2,1,False,True,True,True,False,True,True,False,True,True,False
FLOOD+AGRI+TRANS+ENV,CCBA,1132.0,305.5,1055.0,387.25,0.715,4.45,4.225,4.6,1.26759410801964,4,2,1,False,True,True,True,False,True,True,True,True,True,False
FLOOD+AGRI+TRANS+ENV,CCBB,1118.0,301.75,990.1999999999999,414.5,0.715,4.45,4.225,4.6,1.3736536868268434,4,2,0,False,True,True,True,False,True,True,False,True,True,False
FLOOD+AGRI+TRANS+ENV,CCBC,1112.3999999999999,298.0,918.1999999999999,416.5,0.715,4.45,4.225,4.6,1.3976510067114094,4,2,0,False,True,True,True,False,True,True,False,True,True,False
FLOOD+AGRI+TRANS+ENV,CCCA,1127.0,302.0,1011.0,395.25,0.715,4.45,4.225,4.6,1.3087748344370862,4,2,1,False,True,True,True,False,True,True,True,True,True,False
FLOOD+AGRI+TRANS+ENV,CCCB,1113.0,298.25,946.1999999999999,422.5,0.715,4.45,4.225,4.6,1.4165968147527241,4,2,0,False,True,True,True,False,True,True,False,True,True,False
FLOOD+AGRI+TRANS+ENV,CCCC,1107.3999999999999,294.5,874.1999999999999,424.5,0.715,4.45,4.225,4.6,1.4414261460101867,4,2,0,False,True,True,True,False,True,True,False,True,True,False
FLOOD+AGRI+TRANS+SSA,AAAA,1239.0,346.5,1390.0,315.0,0.6925,4.25,3.95,4.65,0.9090909090909091,3,3,4,True,True,True,True,True,True,True,True,True,True,False
FLOOD+AGRI+TRANS+SSA,AAAB,1222.5,341.75,1328.8,347.0,0.6925,4.25,3.95,4.65,1.0153621068032188,3,3,3,True,True,True,True,True,True,True,True,True,True,False
FLOOD+AGRI+TRANS+SSA,AAAC,1215.9,337.0,1260.8,349.25,0.6925,4.25,3.95,4.65,1.0363501483679525,3,3,3,True,True,True,True,True,True,True,True,True,True,False
FLOOD+AGRI+TRANS+SSA,AABA,1226.5,343.0,1350.4,348.75,0.6925,4.25,3.95,4.65,1.0167638483965014,3,3,3,True,True,True,True,True,True,True,True,True,True,False
FLOOD+AGRI+TRANS+SSA,AABB,1210.0,338.25,1289.1999999999998,380.75,0.6925,4.25,3.95,4.65,1.1256467110125647,3,3,2,True,True,True,True,True,True,True,True,True,True,False
FLOOD+AGRI+TRANS+SSA,AABC,1203.4,333.5,1221.1999999999998,383.0,0.6925,4.25,3.95,4.65,1.1484257871064467,3,3,2,True,True,True,True,True,True,True,True,True,True,False
FLOOD+AGRI+TRANS+SSA,AACA,1221.5,339.5,1306.4,356.75,0.6925,4.25,3.95,4.65,1.0508100147275405,3,3,3,True,True,True,True,True,True,True,True,True,True,False
FLOOD+AGRI+TRANS+SSA,AACB,1205.0,334.75,1245.2,388.75,0.6925,4.25,3.95,4.65,1.1613144137415983,3,3,2,True,True,True,True,True,True,True,True,True,True,False
FLOOD+AGRI+TRANS+SSA,AACC,1198.4,330.0,1177.2,391.0,0.6925,4.25,3.95,4.65,1.1848484848484848,3,3,2,True,True,True,True,True,True,True,True,True,True,False
FLOOD+AGRI+TRANS+SSA,ABAA,1226.0,342.75,1348.6,363.0,0.6925,4.25,3.95,4.65,1.0590809628008753,3,3,3,True,True,True,True,True,True,True,True,True,True,False
FLOOD+AGRI+TRANS+SSA,ABAB,1209.5,338.0,1287.4,395.0,0.6925,4.25,3.95,4.65,1.168639053254438,3,3,2,True,True,True,True,True,True,True,True,True,True,False
FLOOD+AGRI+TRANS+SSA,ABAC,1202.9,333.25,1219.4,397.25,0.6925,4.25,3.95,4.65,1.1920480120030008,3,3,2,True,True,True,True,True,True,True,True,True,True,False
FLOOD+AGRI+TRANS+SSA,ABBA,1213.5,339.25,1309.0,396.75,0.6925,4.25,3.95,4.65,1.1694915254237288,3,3,2,True,True,True,True,True,True,True,True,True,True,False
FLOOD+AGRI+TRANS+SSA,ABBB,1197.0,334.5,1247.8000000000002,428.75,0.6925,4.25,3.95,4.65,1.281763826606876,3,3,1,False,True,True,True,False,True,True,True,True,True,False
FLOOD+AGRI+TRANS+SSA,ABBC,1190.4,329.75,1179.8000000000002,431.0,0.6925,4.25,3.95,4.65,1.3070507960576194,3,3,1,False,True,True,True,False,True,True,True,True,True,False
FLOOD+AGRI+TRANS+SSA,ABCA,1208.5,335.75,1265.0,404.75,0.6925,4.25,3.95,4.65,1.2055100521221147,3,3,2,True,True,True,True,True,True,True,True,True,True,False
FLOOD+AGRI+TRANS+SSA,ABCB,1192.0,331.0,1203.8000000000002,436.75,0.6925,4.25,3.95,4.65,1.3194864048338368,3,3,1,False,True,True,True,False,True,True,True,True,True,False
FLOOD+AGRI+TRANS+SSA,ABCC,1185.4,326.25,1135.8000000000002,439.0,0.6925,4.25,3.95,4.65,1.3455938697318008,3,3,1,False,True,True,True,False,True,True,True,True,True,False
FLOOD+AGRI+TRANS+SSA,ACAA,1220.8,339.0,1302.6,382.5,0.6925,4.25,3.95,4.65,1.1283185840707965,3,3,3,True,True,True,True,True,True,True,True,True,True,False
FLOOD+AGRI+TRANS+SSA,ACAB,1204.3,334.25,1241.4,414.5,0.6925,4.25,3.95,4.65,1.2400897531787585,3,3,2,True,True,True,True,True,True,True,True,True,True,False
FLOOD+AGRI+TRANS+SSA,ACAC,1197.6999999999998,329.5,1173.4,416.75,0.6925,4.25,3.95,4.65,1.264795144157815,3,3,2,True,True,True,True,True,True,True,True,True,True,False
FLOOD+AGRI+TRANS+SSA,ACBA,1208.3,335.5,1263.0,416.25,0.6925,4.25,3.95,4.65,1.2406855439642326,3,3,2,True,True,True,True,True,True,True,True,True,True,False
FLOOD+AGRI+TRANS+SSA,ACBB,1191.8,330.75,1201.8000000000002,448.25,0.6925,4.25,3.95,4.65,1.3552532123960694,3,3,1,False,True,True,True,False,True,True,True,True,True,False
FLOOD+AGRI+TRANS+SSA,ACBC,1185.1999999999998,326.0,1133.8000000000002,450.5,0.6925,4.25,3.95,4.65,1.3819018404907975,3,3,1,False,True,True,True,False,True,True,True,True,True,False
FLOOD+AGRI+TRANS+SSA,ACCA,1203.3,332.0,1219.0,424.25,0.6925,4.25,3.95,4.65,1.2778614457831325,3,3,2,True,True,True,True,True,True,True,True,True,True,False
FLOOD+AGRI+TRANS+SSA,ACCB,1186.8,327.25,1157.8000000000002,456.25,0.6925,4.25,3.95,4.65,1.3941940412528648,3,3,1,False,True,True,True,False,True,True,True,True,True,False
FLOOD+AGRI+TRANS+SSA,ACCC,1180.1999999999998,322.5,1089.8000000000002,458.5,0.6925,4.25,3.95,4.65,1.4217054263565891,3,3,1,False,True,True,True,False,True,True,True,True,True,False
FLOOD+AGRI+TRANS+SSA,BAAA,1222.0,342.0,1282.0,318.25,0.6925,4.25,3.95,4.65,0.9305555555555556,3,3,3,True,True,True,True,True,True,True,True,True,True,False
FLOOD+AGRI+TRANS+SSA,BAAB,1205.5,337.25,1220.8,350.25,0.6925,4.25,3.95,4.65,1.0385470719051149,3,3,2,True,True,True,True,True,True,True,True,True,True,False
FLOOD+AGRI+TRANS+SSA,BAAC,1198.9,332.5,1152.8,352.5,0.6925,4.25,3.95,4.65,1.0601503759398496,3,3,2,True,True,True,True,True,True,True,True,True,True,False
FLOOD+AGRI+TRANS+SSA,BABA,1209.5,338.5,1242.4,352.0,0.6925,4.25,3.95,4.65,1.0398818316100442,3,3,2,True,True,True,True,True,True,True,True,True,True,False
FLOOD+AGRI+TRANS+SSA,BABB,1193.0,333.75,1181.1999999999998,384.0,0.6925,4.25,3.95,4.65,1.150561797752809,3,3,1,False,True,True,True,False,True,True,True,True,True,False
FLOOD+AGRI+TRANS+SSA,BABC,1186.4,329.0,1113.1999999999998,386.25,0.6925,4.25,3.95,4.65,1.1740121580547112,3,3,1,False,True,True,True,False,True,True,True,True,True,False
FLOOD+AGRI+TRANS+SSA,BACA,1204.5,335.0,1198.4,360.0,0.6925,4.25,3.95,4.65,1.0746268656716418,3,3,2,True,True,True,True,True,True,True,True,True,True,False
FLOOD+AGRI+TRANS+SSA,BACB,1188.0,330.25,1137.2,392.0,0.6925,4.25,3.95,4.65,1.1869795609386828,3,3,1,False,True,True,True,False,True,True,True,True,True,False
FLOOD+AGRI+TRANS+SSA,BACC,1181.4,325.5,1069.2,394.25,0.6925,4.25,3.95,4.65,1.2112135176651306,3,3,1,False,True,True,True,False,True,True,True,True,True,False
FLOOD+AGRI+TRANS+SSA,BBAA,1209.0,338.25,1240.6,366.25,0.6925,4.25,3.95,4.65,1.0827790096082779,3,3,2,True,True,True,True,True,True,True,True,True,True,False
FLOOD+AGRI+TRANS+SSA,BBAB,1192.5,333.5,1179.3999999999999,398.25,0.6925,4.25,3.95,4.65,1.1941529235382309,3,3,1,False,True,True,True,False,True,True,True,True,True,False
FLOOD+AGRI+TRANS+SSA,BBAC,1185.9,328.75,1111.3999999999999,400.5,0.6925,4.25,3.95,4.65,1.2182509505703423,3,3,1,False,True,True,True,False,True,True,True,True,True,False
FLOOD+AGRI+TRANS+SSA,BBBA,1196.5,334.75,1201.0,400.0,0.6925,4.25,3.95,4.65,1.1949215832710978,3,3,1,False,True,True,True,False,True,True,True,True,True,False
FLOOD+AGRI+TRANS+SSA,BBBB,1180.0,330.0,1139.7999999999997,432.0,0.6925,4.25,3.95,4.65,1.309090909090909,3,3,0,False,True,True,True,False,True,True,True,True,True,False
FLOOD+AGRI+TRANS+SSA,BBBC,1173.4,325.25,1071.7999999999997,434.25,0.6925,4.25,3.95,4.65,1.3351268255188318,3,3,0,False,True,True,True,False,True,True,True,True,True,False
FLOOD+AGRI+TRANS+SSA,BBCA,1191.5,331.25,1157.0,408.0,0.6925,4.25,3.95,4.65,1.231698113207547,3,3,1,False,True,True,True,False,True,True,True,True,True,False
FLOOD+AGRI+TRANS+SSA,BBCB,1175.0,326.5,1095.8,440.0,0.6925,4.25,3.95,4.65,1.3476263399693722,3,3,0,False,True,True,True,False,True,True,True,True,True,False
FLOOD+AGRI+TRANS+SSA,BBCC,1168.4,321.75,1027.8,442.25,0.6925,4.25,3.95,4.65,1.3745143745143744,3,3,0,False,True,True,True,False,True,True,True,True,True,False
FLOOD+AGRI+TRANS+SSA,BCAA,1203.8,334.5,1194.6,385.75,0.6925,4.25,3.95,4.65,1.1532137518684604,3,3,2,True,True,True,True,True,True,True,True,True,True,False
FLOOD+AGRI+TRANS+SSA,BCAB,1187.3,329.75,1133.3999999999999,417.75,0.6925,4.25,3.95,4.65,1.266868840030326,3,3,1,False,True,True,True,False,True,True,True,True,True,False
FLOOD+AGRI+TRANS+SSA,BCAC,1180.6999999999998,325.0,1065.3999999999999,420.0,0.6925,4.25,3.95,4.65,1.2923076923076924,3,3,1,False,True,True,True,False,True,True,True,True,True,False
FLOOD+AGRI+TRANS+SSA,BCBA,1191.3,331.0,1155.0,419.5,0.6925,4.25,3.95,4.65,1.2673716012084593,3,3,1,False,True,True,True,False,True,True,True,True,True,False
FLOOD+AGRI+TRANS+SSA,BCBB,1174.8,326.25,1093.7999999999997,451.5,0.6925,4.25,3.95,4.65,1.3839080459770114,3,3,0,False,True,True,True,False,True,True,True,True,True,False
FLOOD+AGRI+TRANS+SSA,BCBC,1168.1999999999998,321.5,1025.7999999999997,453.75,0.6925,4.25,3.95,4.65,1.411353032659409,3,3,0,False,True,True,True,False,True,True,True,True,True,False
FLOOD+AGRI+TRANS+SSA,BCCA,1186.3,327.5,1111.0,427.5,0.6925,4.25,3.95,4.65,1.3053435114503817,3,3,1,False,True,True,True,False,True,True,True,True,True,False
FLOOD+AGRI+TRANS+SSA,BCCB,1169.8,322.75,1049.8,459.5,0.6925,4.25,3.95,4.65,1.423702556158017,3,3,0,False,True,True,True,False,True,True,True,True,True,False
FLOOD+AGRI+TRANS+SSA,BCCC,1163.1999999999998,318.0,981.7999999999998,461.75,0.6925,4.25,3.95,4.65,1.4520440251572326,3,3,0,False,True,True,True,False,True,True,False,True,True,False
FLOOD+AGRI+TRANS+SSA,CAAA,1215.2,337.5,1162.0,299.75,0.6925,4.25,3.95,4.65,0.8881481481481481,3,3,3,True,True,True,True,True,True,True,True,True,True,False
FLOOD+AGRI+TRANS+SSA,CAAB,1198.7,332.75,1100.8,331.75,0.6925,4.25,3.95,4.65,0.9969947407963937,3,3,2,True,True,True,True,True,True,True,True,True,True,False
FLOOD+AGRI+TRANS+SSA,CAAC,1192.1,328.0,1032.8,334.0,0.6925,4.25,3.95,4.65,1.0182926829268293,3,3,2,True,True,True,True,True,True,True,True,True,True,False
FLOOD+AGRI+TRANS+SSA,CABA,1202.7,334.0,1122.4,333.5,0.6925,4.25,3.95,4.65,0.9985029940119761,3,3,2,True,True,True,True,True,True,True,True,True,True,False
FLOOD+AGRI+TRANS+SSA,CABB,1186.2,329.25,1061.1999999999998,365.5,0.6925,4.25,3.95,4.65,1.1100987091875474,3,3,1,False,True,True,True,False,True,True,True,True,True,False
FLOOD+AGRI+TRANS+SSA,CABC,1179.6,324.5,993.1999999999999,367.75,0.6925,4.25,3.95,4.65,1.1332819722650231,3,3,1,False,True,True,True,False,True,True,False,True,True,False
FLOOD+AGRI+TRANS+SSA,CACA,1197.7,330.5,1078.4,341.5,0.6925,4.25,3.95,4.65,1.033282904689864,3,3,2,True,True,True,True,True,True,True,True,True,True,False
FLOOD+AGRI+TRANS+SSA,CACB,1181.2,325.75,1017.1999999999999,373.5,0.6925,4.25,3.95,4.65,1.1465848042977744,3,3,1,False,True,True,True,False,True,True,True,True,True,False
FLOOD+AGRI+TRANS+SSA,CACC,1174.6,321.0,949.1999999999999,375.75,0.6925,4.25,3.95,4.65,1.1705607476635513,3,3,1,False,True,True,True,False,True,True,False,True,True,False
FLOOD+AGRI+TRANS+SSA,CBAA,1202.2,333.75,1120.6,347.75,0.6925,4.25,3.95,4.65,1.0419475655430712,3,3,2,True,True,True,True,True,True,True,True,True,True,False
FLOOD+AGRI+TRANS+SSA,CBAB,1185.7,329.0,1059.4,379.75,0.6925,4.25,3.95,4.65,1.1542553191489362,3,3,1,False,True,True,True,False,True,True,True,True,True,False
FLOOD+AGRI+TRANS+SSA,CBAC,1179.1,324.25,991.4000000000001,382.0,0.6925,4.25,3.95,4.65,1.1781033153430995,3,3,1,False,True,True,True,False,True,True,False,True,True,False
FLOOD+AGRI+TRANS+SSA,CBBA,1189.7,330.25,1081.0,381.5,0.6925,4.25,3.95,4.65,1.1551854655563967,3,3,1,False,True,True,True,False,True,True,True,True,True,False
FLOOD+AGRI+TRANS+SSA,CBBB,1173.2,325.5,1019.8000000000001,413.5,0.6925,4.25,3.95,4.65,1.2703533026113671,3,3,0,False,True,True,True,False,True,True,True,True,True,False
FLOOD+AGRI+TRANS+SSA,CBBC,1166.6,320.75,951.8000000000001,415.75,0.6925,4.25,3.95,4.65,1.2961808261886205,3,3,0,False,True,True,True,False,True,True,False,True,True,False
FLOOD+AGRI+TRANS+SSA,CBCA,1184.7,326.75,1037.0,389.5,0.6925,4.25,3.95,4.65,1.1920428462127008,3,3,1,False,True,True,True,False,True,True,True,True,True,False
FLOOD+AGRI+TRANS+SSA,CBCB,1168.2,322.0,975.8000000000001,421.5,0.6925,4.25,3.95,4.65,1.3090062111801242,3,3,0,False,True,True,True,False,True,True,False,True,True,False
FLOOD+AGRI+TRANS+SSA,CBCC,1161.6,317.25,907.8000000000001,423.75,0.6925,4.25,3.95,4.65,1.3356973995271868,3,3,0,False,True,True,True,False,True,True,False,True,True,False
FLOOD+AGRI+TRANS+SSA,CCAA,1197.0,330.0,1074.6,367.25,0.6925,4.25,3.95,4.65,1.1128787878787878,3,3,2,True,True,True,True,True,True,True,True,True,True,False
FLOOD+AGRI+TRANS+SSA,CCAB,1180.5,325.25,1013.4000000000001,399.25,0.6925,4.25,3.95,4.65,1.2275172943889316,3,3,1,False,True,True,True,False,True,True,True,True,True,False
FLOOD+AGRI+TRANS+SSA,CCAC,1173.9,320.5,945.4000000000001,401.5,0.6925,4.25,3.95,4.65,1.2527301092043681,3,3,1,False,True,True,True,False,True,True,False,True,True,False
FLOOD+AGRI+TRANS+SSA,CCBA,1184.5,326.5,1035.0,401.0,0.6925,4.25,3.95,4.65,1.228177641653905,3,3,1,False,True,True,True,False,True,True,True,True,True,False
FLOOD+AGRI+TRANS+SSA,CCBB,1168.0,321.75,973.8000000000001,433.0,0.6925,4.25,3.95,4.65,1.3457653457653458,3,3,0,False,True,True,True,False,True,True,False,True,True,False
FLOOD+AGRI+TRANS+SSA,CCBC,1161.4,317.0,905.8000000000001,435.25,0.6925,4.25,3.95,4.65,1.3730283911671923,3,3,0,False,True,True,True,False,True,True,False,True,True,False
FLOOD+AGRI+TRANS+SSA,CCCA,1179.5,323.0,991.0,409.0,0.6925,4.25,3.95,4.65,1.2662538699690402,3,3,1,False,True,True,True,False,True,True,False,True,True,False
FLOOD+AGRI+TRANS+SSA,CCCB,1163.0,318.25,929.8000000000001,441.0,0.6925,4.25,3.95,4.65,1.3857030636292222,3,3,0,False,True,True,True,False,True,True,False,True,True,False
FLOOD+AGRI+TRANS+SSA,CCCC,1156.4,313.5,861.8000000000001,443.25,0.6925,4.25,3.95,4.65,1.4138755980861244,3,3,0,False,True,True,True,False,True,True,False,True,True,False
FLOOD+AGRI+ENV+SSA,AAAA,1270.5,351.75,1530.0,322.5,0.6825,4.15,3.9,4.65,0.9168443496801706,3,3,4,True,True,True,True,True,True,True,True,True,True,False
FLOOD+AGRI+ENV+SSA,AAAB,1254.0,347.0,1468.8,354.5,0.6825,4.15,3.9,4.65,1.021613832853026,3,3,3,True,True,True,True,True,True,True,True,True,True,False
FLOOD+AGRI+ENV+SSA,AAAC,1247.4,342.25,1400.8,356.75,0.6825,4.15,3.9,4.65,1.0423666910153397,3,3,3,True,True,True,True,True,True,True,True,True,True,False
FLOOD+AGRI+ENV+SSA,AABA,1256.5,348.0,1465.2,349.75,0.6825,4.15,3.9,4.65,1.0050287356321839,3,3,3,True,True,True,True,True,True,True,True,True,True,False
FLOOD+AGRI+ENV+SSA,AABB,1240.0,343.25,1404.0,381.75,0.6825,4.15,3.9,4.65,1.112163146394756,3,3,2,True,True,True,True,True,True,True,True,True,True,False
FLOOD+AGRI+ENV+SSA,AABC,1233.4,338.5,1336.0,384.0,0.6825,4.15,3.9,4.65,1.1344165435745939,3,3,2,True,True,True,True,True,True,True,True,True,True,False
FLOOD+AGRI+ENV+SSA,AACA,1250.9,344.25,1393.2,351.75,0.6825,4.15,3.9,4.65,1.0217864923747277,3,3,3,True,True,True,True,True,True,True,True,True,True,False
FLOOD+AGRI+ENV+SSA,AACB,1234.4,339.5,1332.0,383.75,0.6825,4.15,3.9,4.65,1.130338733431517,3,3,2,True,True,True,True,True,True,True,True,True,True,False
FLOOD+AGRI+ENV+SSA,AACC,1227.8,334.75,1264.0,386.0,0.6825,4.15,3.9,4.65,1.1530993278566095,3,3,2,True,True,True,True,True,True,True,True,True,True,False
FLOOD+AGRI+ENV+SSA,ABAA,1257.5,348.0,1488.6,370.5,0.6825,4.15,3.9,4.65,1.0646551724137931,3,3,3,True,True,True,True,True,True,True,True,True,True,False
FLOOD+AGRI+ENV+SSA,ABAB,1241.0,343.25,1427.3999999999999,402.5,0.6825,4.15,3.9,4.65,1.1726147123088129,3,3,2,True,True,True,True,True,True,True,True,True,True,False
FLOOD+AGRI+ENV+SSA,ABAC,1234.4,338.5,1359.3999999999999,404.75,0.6825,4.15,3.9,4.65,1.1957163958641064,3,3,2,True,True,True,True,True,True,True,True,True,True,False
FLOOD+AGRI+ENV+SSA,ABBA,1243.5,344.25,1423.8,397.75,0.6825,4.15,3.9,4.65,1.1554103122730575,3,3,2,True,True,True,True,True,True,True,True,True,True,False
FLOOD+AGRI+ENV+SSA,ABBB,1227.0,339.5,1362.6,429.75,0.6825,4.15,3.9,4.65,1.2658321060382915,3,3,1,False,True,True,True,False,True,True,True,True,True,False
FLOOD+AGRI+ENV+SSA,ABBC,1220.4,334.75,1294.6,432.0,0.6825,4.15,3.9,4.65,1.2905153099327857,3,3,1,False,True,True,True,False,True,True,True,True,True,False
FLOOD+AGRI+ENV+SSA,ABCA,1237.9,340.5,1351.8,399.75,0.6825,4.15,3.9,4.65,1.1740088105726871,3,3,2,True,True,True,True,True,True,True,True,True,True,False
FLOOD+AGRI+ENV+SSA,ABCB,1221.4,335.75,1290.6,431.75,0.6825,4.15,3.9,4.65,1.285927029039464,3,3,1,False,True,True,True,False,True,True,True,True,True,False
FLOOD+AGRI+ENV+SSA,ABCC,1214.8,331.0,1222.6,434.0,0.6825,4.15,3.9,4.65,1.311178247734139,3,3,1,False,True,True,True,False,True,True,True,True,True,False
FLOOD+AGRI+ENV+SSA,ACAA,1252.3,344.25,1442.6,390.0,0.6825,4.15,3.9,4.65,1.1328976034858387,3,3,3,True,True,True,True,True,True,True,True,True,True,False
FLOOD+AGRI+ENV+SSA,ACAB,1235.8,339.5,1381.3999999999999,422.0,0.6825,4.15,3.9,4.65,1.2430044182621502,3,3,2,True,True,True,True,True,True,True,True,True,True,False
FLOOD+AGRI+ENV+SSA,ACAC,1229.1999999999998,334.75,1313.3999999999999,424.25,0.6825,4.15,3.9,4.65,1.2673637042569081,3,3,2,True,True,True,True,True,True,True,True,True,True,False
FLOOD+AGRI+ENV+SSA,ACBA,1238.3,340.5,1377.8,417.25,0.6825,4.15,3.9,4.65,1.2254038179148312,3,3,2,True,True,True,True,True,True,True,True,True,True,False
FLOOD+AGRI+ENV+SSA,ACBB,1221.8,335.75,1316.6,449.25,0.6825,4.15,3.9,4.65,1.3380491437081161,3,3,1,False,True,True,True,False,True,True,True,True,True,False
FLOOD+AGRI+ENV+SSA,ACBC,1215.1999999999998,331.0,1248.6,451.5,0.6825,4.15,3.9,4.65,1.36404833836858,3,3,1,False,True,True,True,False,True,True,True,True,True,False
FLOOD+AGRI+ENV+SSA,ACCA,1232.6999999999998,336.75,1305.8,419.25,0.6825,4.15,3.9,4.65,1.244988864142539,3,3,2,True,True,True,True,True,True,True,True,True,True,False
FLOOD+AGRI+ENV+SSA,ACCB,1216.1999999999998,332.0,1244.6,451.25,0.6825,4.15,3.9,4.65,1.3591867469879517,3,3,1,False,True,True,True,False,True,True,True,True,True,False
FLOOD+AGRI+ENV+SSA,ACCC,1209.6,327.25,1176.6,453.5,0.6825,4.15,3.9,4.65,1.385790679908327,3,3,1,False,True,True,True,False,True,True,True,True,True,False
FLOOD+AGRI+ENV+SSA,BAAA,1253.5,347.25,1422.0,325.75,0.6825,4.15,3.9,4.65,0.9380849532037437,3,3,3,True,True,True,True,True,True,True,True,True,True,False
FLOOD+AGRI+ENV+SSA,BAAB,1237.0,342.5,1360.8,357.75,0.6825,4.15,3.9,4.65,1.0445255474452555,3,3,2,True,True,True,True,True,True,True,True,True,True,False
FLOOD+AGRI+ENV+SSA,BAAC,1230.4,337.75,1292.8,360.0,0.6825,4.15,3.9,4.65,1.065877128053294,3,3,2,True,True,True,True,True,True,True,True,True,True,False
FLOOD+AGRI+ENV+SSA,BABA,1239.5,343.5,1357.2,353.0,0.6825,4.15,3.9,4.65,1.027656477438137,3,3,2,True,True,True,True,True,True,True,True,True,True,False
FLOOD+AGRI+ENV+SSA,BABB,1223.0,338.75,1296.0,385.0,0.6825,4.15,3.9,4.65,1.136531365313653,3,3,1,False,True,True,True,False,True,True,True,True,True,False
FLOOD+AGRI+ENV+SSA,BABC,1216.4,334.0,1228.0,387.25,0.6825,4.15,3.9,4.65,1.159431137724551,3,3,1,False,True,True,True,False,True,True,True,True,True,False
FLOOD+AGRI+ENV+SSA,BACA,1233.9,339.75,1285.1999999999998,355.0,0.6825,4.15,3.9,4.65,1.0448859455481971,3,3,2,True,True,True,True,True,True,True,True,True,True,False
FLOOD+AGRI+ENV+SSA,BACB,1217.4,335.0,1224.0,387.0,0.6825,4.15,3.9,4.65,1.155223880597015,3,3,1,False,True,True,True,False,True,True,True,True,True,False
FLOOD+AGRI+ENV+SSA,BACC,1210.8,330.25,1156.0,389.25,0.6825,4.15,3.9,4.65,1.1786525359576079,3,3,1,False,True,True,True,False,True,True,True,True,True,False
FLOOD+AGRI+ENV+SSA,BBAA,1240.5,343.5,1380.6,373.75,0.6825,4.15,3.9,4.65,1.0880640465793303,3,3,2,True,True,True,True,True,True,True,True,True,True,False
FLOOD+AGRI+ENV+SSA,BBAB,1224.0,338.75,1319.3999999999999,405.75,0.6825,4.15,3.9,4.65,1.1977859778597786,3,3,1,False,True,True,True,False,True,True,True,True,True,False
FLOOD+AGRI+ENV+SSA,BBAC,1217.4,334.0,1251.3999999999999,408.0,0.6825,4.15,3.9,4.65,1.221556886227545,3,3,1,False,True,True,True,False,True,True,True,True,True,False
FLOOD+AGRI+ENV+SSA,BBBA,1226.5,339.75,1315.8,401.0,0.6825,4.15,3.9,4.65,1.1802796173657102,3,3,1,False,True,True,True,False,True,True,True,True,True,False
FLOOD+AGRI+ENV+SSA,BBBB,1210.0,335.0,1254.6,433.0,0.6825,4.15,3.9,4.65,1.2925373134328357,3,3,0,False,True,True,True,False,True,True,True,True,True,False
FLOOD+AGRI+ENV+SSA,BBBC,1203.4,330.25,1186.6,435.25,0.6825,4.15,3.9,4.65,1.3179409538228615,3,3,0,False,True,True,True,False,True,True,True,True,True,False
FLOOD+AGRI+ENV+SSA,BBCA,1220.9,336.0,1243.8,403.0,0.6825,4.15,3.9,4.65,1.1994047619047619,3,3,1,False,True,True,True,False,True,True,True,True,True,False
FLOOD+AGRI+ENV+SSA,BBCB,1204.4,331.25,1182.6,435.0,0.6825,4.15,3.9,4.65,1.3132075471698113,3,3,0,False,True,True,True,False,True,True,True,True,True,False
FLOOD+AGRI+ENV+SSA,BBCC,1197.8,326.5,1114.6,437.25,0.6825,4.15,3.9,4.65,1.3392036753445635,3,3,0,False,True,True,True,False,True,True,True,True,True,False
FLOOD+AGRI+ENV+SSA,BCAA,1235.3,339.75,1334.6,393.25,0.6825,4.15,3.9,4.65,1.157468727005151,3,3,2,True,True,True,True,True,True,True,True,True,True,False
FLOOD+AGRI+ENV+SSA,BCAB,1218.8,335.0,1273.3999999999999,425.25,0.6825,4.15,3.9,4.65,1.269402985074627,3,3,1,False,True,True,True,False,True,True,True,True,True,False
FLOOD+AGRI+ENV+SSA,BCAC,1212.1999999999998,330.25,1205.3999999999999,427.5,0.6825,4.15,3.9,4.65,1.2944738834216503,3,3,1,False,True,True,True,False,True,True,True,True,True,False
FLOOD+AGRI+ENV+SSA,BCBA,1221.3,336.0,1269.8,420.5,0.6825,4.15,3.9,4.65,1.2514880952380953,3,3,1,False,True,True,True,False,True,True,True,True,True,False
FLOOD+AGRI+ENV+SSA,BCBB,1204.8,331.25,1208.6,452.5,0.6825,4.15,3.9,4.65,1.3660377358490565,3,3,0,False,True,True,True,False,True,True,True,True,True,False
FLOOD+AGRI+ENV+SSA,BCBC,1198.1999999999998,326.5,1140.6,454.75,0.6825,4.15,3.9,4.65,1.392802450229709,3,3,0,False,True,True,True,False,True,True,True,True,True,False
FLOOD+AGRI+ENV+SSA,BCCA,1215.6999999999998,332.25,1197.8,422.5,0.6825,4.15,3.9,4.65,1.27163280662152,3,3,1,False,True,True,True,False,True,True,True,True,True,False
FLOOD+AGRI+ENV+SSA,BCCB,1199.1999999999998,327.5,1136.6,454.5,0.6825,4.15,3.9,4.65,1.3877862595419848,3,3,0,False,True,True,True,False,True,True,True,True,True,False
FLOOD+AGRI+ENV+SSA,BCCC,1192.6,322.75,1068.6,456.75,0.6825,4.15,3.9,4.65,1.415182029434547,3,3,0,False,True,True,True,False,True,True,True,True,True,False
FLOOD+AGRI+ENV+SSA,CAAA,1246.7,342.75,1302.0,307.25,0.6825,4.15,3.9,4.65,0.8964259664478483,3,3,3,True,True,True,True,True,True,True,True,True,True,False
FLOOD+AGRI+ENV+SSA,CAAB,1230.2,338.0,1240.8,339.25,0.6825,4.15,3.9,4.65,1.003698224852071,3,3,2,True,True,True,True,True,True,True,True,True,True,False
FLOOD+AGRI+ENV+SSA,CAAC,1223.6,333.25,1172.8,341.5,0.6825,4.15,3.9,4.65,1.0247561890472618,3,3,2,True,True,True,True,True,True,True,True,True,True,False
FLOOD+AGRI+ENV+SSA,CABA,1232.7,339.0,1237.2,334.5,0.6825,4.15,3.9,4.65,0.9867256637168141,3,3,2,True,True,True,True,True,True,True,True,True,True,False
FLOOD+AGRI+ENV+SSA,CABB,1216.2,334.25,1176.0,366.5,0.6825,4.15,3.9,4.65,1.0964846671652955,3,3,1,False,True,True,True,False,True,True,True,True,True,False
FLOOD+AGRI+ENV+SSA,CABC,1209.6,329.5,1108.0,368.75,0.6825,4.15,3.9,4.65,1.1191198786039454,3,3,1,False,True,True,True,False,True,True,True,True,True,False
FLOOD+AGRI+ENV+SSA,CACA,1227.1,335.25,1165.2,336.5,0.6825,4.15,3.9,4.65,1.0037285607755406,3,3,2,True,True,True,True,True,True,True,True,True,True,False
FLOOD+AGRI+ENV+SSA,CACB,1210.6,330.5,1104.0,368.5,0.6825,4.15,3.9,4.65,1.1149773071104387,3,3,1,False,True,True,True,False,True,True,True,True,True,False
FLOOD+AGRI+ENV+SSA,CACC,1204.0,325.75,1036.0,370.75,0.6825,4.15,3.9,4.65,1.138142747505756,3,3,1,False,True,True,True,False,True,True,True,True,True,False
FLOOD+AGRI+ENV+SSA,CBAA,1233.7,339.0,1260.6,355.25,0.6825,4.15,3.9,4.65,1.0479351032448379,3,3,2,True,True,True,True,True,True,True,True,True,True,False
FLOOD+AGRI+ENV+SSA,CBAB,1217.2,334.25,1199.4,387.25,0.6825,4.15,3.9,4.65,1.1585639491398654,3,3,1,False,True,True,True,False,True,True,True,True,True,False
FLOOD+AGRI+ENV+SSA,CBAC,1210.6,329.5,1131.4,389.5,0.6825,4.15,3.9,4.65,1.182094081942337,3,3,1,False,True,True,True,False,True,True,True,True,True,False
FLOOD+AGRI+ENV+SSA,CBBA,1219.7,335.25,1195.8,382.5,0.6825,4.15,3.9,4.65,1.1409395973154361,3,3,1,False,True,True,True,False,True,True,True,True,True,False
FLOOD+AGRI+ENV+SSA,CBBB,1203.2,330.5,1134.6,414.5,0.6825,4.15,3.9,4.65,1.254160363086233,3,3,0,False,True,True,True,False,True,True,True,True,True,False
FLOOD+AGRI+ENV+SSA,CBBC,1196.6,325.75,1066.6,416.75,0.6825,4.15,3.9,4.65,1.2793553338449732,3,3,0,False,True,True,True,False,True,True,True,True,True,False
FLOOD+AGRI+ENV+SSA,CBCA,1214.1,331.5,1123.8,384.5,0.6825,4.15,3.9,4.65,1.1598793363499247,3,3,1,False,True,True,True,False,True,True,True,True,True,False
FLOOD+AGRI+ENV+SSA,CBCB,1197.6,326.75,1062.6,416.5,0.6825,4.15,3.9,4.65,1.2746748278500382,3,3,0,False,True,True,True,False,True,True,True,True,True,False
FLOOD+AGRI+ENV+SSA,CBCC,1191.0,322.0,994.5999999999999,418.75,0.6825,4.15,3.9,4.65,1.3004658385093169,3,3,0,False,True,True,True,False,True,True,False,True,True,False
FLOOD+AGRI+ENV+SSA,CCAA,1228.5,335.25,1214.6,374.75,0.6825,4.15,3.9,4.65,1.1178225205070842,3,3,2,True,True,True,True,True,True,True,True,True,True,False
FLOOD+AGRI+ENV+SSA,CCAB,1212.0,330.5,1153.4,406.75,0.6825,4.15,3.9,4.65,1.2307110438729199,3,3,1,False,True,True,True,False,True,True,True,True,True,False
FLOOD+AGRI+ENV+SSA,CCAC,1205.4,325.75,1085.4,409.0,0.6825,4.15,3.9,4.65,1.2555640828856485,3,3,1,False,True,True,True,False,True,True,True,True,True,False
FLOOD+AGRI+ENV+SSA,CCBA,1214.5,331.5,1149.8,402.0,0.6825,4.15,3.9,4.65,1.2126696832579185,3,3,1,False,True,True,True,False,True,True,True,True,True,False
FLOOD+AGRI+ENV+SSA,CCBB,1198.0,326.75,1088.6,434.0,0.6825,4.15,3.9,4.65,1.3282325937260904,3,3,0,False,True,True,True,False,True,True,True,True,True,False
FLOOD+AGRI+ENV+SSA,CCBC,1191.4,322.0,1020.5999999999999,436.25,0.6825,4.15,3.9,4.65,1.3548136645962734,3,3,0,False,True,True,True,False,True,True,True,True,True,False
FLOOD+AGRI+ENV+SSA,CCCA,1208.8999999999999,327.75,1077.8,404.0,0.6825,4.15,3.9,4.65,1.2326468344774981,3,3,1,False,True,True,True,False,True,True,True,True,True,False
FLOOD+AGRI+ENV+SSA,CCCB,1192.3999999999999,323.0,1016.5999999999999,436.0,0.6825,4.15,3.9,4.65,1.3498452012383901,3,3,0,False,True,True,True,False,True,True,True,True,True,False
FLOOD+AGRI+ENV+SSA,CCCC,1185.7999999999997,318.25,948.5999999999999,438.25,0.6825,4.15,3.9,4.65,1.3770620581304007,3,3,0,False,True,True,True,False,True,True,False,True,True,False
FLOOD+INFRA+ARCTIC+TRANS,AAAA,1428.0,399.0,1590.0,365.0,0.6625,4.025,3.85,4.275,0.9147869674185464,4,3,4,False,True,True,True,True,False,False,True,True,True,False
FLOOD+INFRA+ARCTIC+TRANS,AAAB,1415.5,395.5,1550.4,398.75,0.6625,4.025,3.85,4.275,1.0082174462705435,4,3,3,False,True,True,True,True,False,False,True,True,True,False
FLOOD+INFRA+ARCTIC+TRANS,AAAC,1410.5,392.0,1506.4,406.75,0.6625,4.025,3.85,4.275,1.0376275510204083,4,3,3,False,True,True,True,True,False,False,True,True,True,False
FLOOD+INFRA+ARCTIC+TRANS,AABA,1405.0,392.0,1505.4,408.75,0.6625,4.025,3.85,4.275,1.0427295918367347,4,3,3,False,True,True,True,True,False,False,True,True,True,False
FLOOD+INFRA+ARCTIC+TRANS,AABB,1392.5,388.5,1465.8000000000002,442.5,0.6625,4.025,3.85,4.275,1.138996138996139,4,3,2,False,True,True,True,True,False,False,True,True,True,False
FLOOD+INFRA+ARCTIC+TRANS,AABC,1387.5,385.0,1421.8000000000002,450.5,0.6625,4.025,3.85,4.275,1.1701298701298701,4,3,2,False,True,True,True,True,False,False,True,True,True,False
FLOOD+INFRA+ARCTIC+TRANS,AACA,1395.8,385.0,1411.4,412.75,0.6625,4.025,3.85,4.275,1.0720779220779222,4,3,3,False,True,True,True,True,False,False,True,True,True,False
FLOOD+INFRA+ARCTIC+TRANS,AACB,1383.3,381.5,1371.8000000000002,446.5,0.6625,4.025,3.85,4.275,1.1703800786369594,4,3,2,False,True,True,True,True,False,False,True,True,True,False
FLOOD+INFRA+ARCTIC+TRANS,AACC,1378.3,378.0,1327.8000000000002,454.5,0.6625,4.025,3.85,4.275,1.2023809523809523,4,3,2,False,True,True,True,True,False,False,True,True,True,False
FLOOD+INFRA+ARCTIC+TRANS,ABAA,1412.5,395.0,1536.0,401.25,0.6625,4.025,3.85,4.275,1.0158227848101267,4,3,3,False,True,True,True,True,False,False,True,True,True,False
FLOOD+INFRA+ARCTIC+TRANS,ABAB,1400.0,391.5,1496.4,435.0,0.6625,4.025,3.85,4.275,1.1111111111111112,4,3,2,False,True,True,True,True,False,False,True,True,True,False
FLOOD+INFRA+ARCTIC+TRANS,ABAC,1395.0,388.0,1452.4,443.0,0.6625,4.025,3.85,4.275,1.1417525773195876,4,3,2,False,True,True,True,True,False,False,True,True,True,False
FLOOD+INFRA+ARCTIC+TRANS,ABBA,1389.5,388.0,1451.3999999999999,445.0,0.6625,4.025,3.85,4.275,1.1469072164948453,4,3,2,False,True,True,True,True,False,False,True,True,True,False
FLOOD+INFRA+ARCTIC+TRANS,ABBB,1377.0,384.5,1411.7999999999997,478.75,0.6625,4.025,3.85,4.275,1.2451235370611184,4,3,1,False,True,True,True,False,False,False,True,True,True,False
FLOOD+INFRA+ARCTIC+TRANS,ABBC,1372.0,381.0,1367.8,486.75,0.6625,4.025,3.85,4.275,1.2775590551181102,4,3,1,False,True,True,True,False,False,False,True,True,True,False
FLOOD+INFRA+ARCTIC+TRANS,ABCA,1380.3,381.0,1357.3999999999999,449.0,0.6625,4.025,3.85,4.275,1.178477690288714,4,3,2,False,True,True,True,True,False,False,True,True,True,False
FLOOD+INFRA+ARCTIC+TRANS,ABCB,1367.8,377.5,1317.7999999999997,482.75,0.6625,4.025,3.85,4.275,1.2788079470198674,4,3,1,False,True,True,True,False,False,False,True,True,True,False
FLOOD+INFRA+ARCTIC+TRANS,ABCC,1362.8,374.0,1273.8,490.75,0.6625,4.025,3.85,4.275,1.3121657754010696,4,3,1,False,True,True,True,False,False,False,True,True,True,False
FLOOD+INFRA+ARCTIC+TRANS,ACAA,1406.3,391.0,1476.0,408.25,0.6625,4.025,3.85,4.275,1.0441176470588236,4,3,3,False,True,True,True,True,False,False,True,True,True,False
FLOOD+INFRA+ARCTIC+TRANS,ACAB,1393.8,387.5,1436.4,442.0,0.6625,4.025,3.85,4.275,1.1406451612903226,4,3,2,False,True,True,True,True,False,False,True,True,True,False
FLOOD+INFRA+ARCTIC+TRANS,ACAC,1388.8,384.0,1392.4,450.0,0.6625,4.025,3.85,4.275,1.171875,4,3,2,False,True,True,True,True,False,False,True,True,True,False
FLOOD+INFRA+ARCTIC+TRANS,ACBA,1383.3,384.0,1391.4,452.0,0.6625,4.025,3.85,4.275,1.1770833333333333,4,3,2,False,True,True,True,True,False,False,True,True,True,False
FLOOD+INFRA+ARCTIC+TRANS,ACBB,1370.8,380.5,1351.8000000000002,485.75,0.6625,4.025,3.85,4.275,1.2766097240473062,4,3,1,False,True,True,True,False,False,False,True,True,True,False
FLOOD+INFRA+ARCTIC+TRANS,ACBC,1365.8,377.0,1307.8000000000002,493.75,0.6625,4.025,3.85,4.275,1.3096816976127321,4,3,1,False,True,True,True,False,False,False,True,True,True,False
FLOOD+INFRA+ARCTIC+TRANS,ACCA,1374.1,377.0,1297.4,456.0,0.6625,4.025,3.85,4.275,1.209549071618037,4,3,2,False,True,True,True,True,False,False,True,True,True,False
FLOOD+INFRA+ARCTIC+TRANS,ACCB,1361.6,373.5,1257.8000000000002,489.75,0.6625,4.025,3.85,4.275,1.3112449799196788,4,3,1,False,True,True,True,False,False,False,True,True,True,False
FLOOD+INFRA+ARCTIC+TRANS,ACCC,1356.6,370.0,1213.8000000000002,497.75,0.6625,4.025,3.85,4.275,1.3452702702702704,4,3,1,False,True,True,True,False,False,False,True,True,True,False
FLOOD+INFRA+ARCTIC+TRANS,BAAA,1411.0,394.5,1482.0,368.25,0.6625,4.025,3.85,4.275,0.9334600760456274,4,3,3,False,True,True,True,True,False,False,True,True,True,False
FLOOD+INFRA+ARCTIC+TRANS,BAAB,1398.5,391.0,1442.4,402.0,0.6625,4.025,3.85,4.275,1.0281329923273657,4,3,2,False,True,True,True,True,False,False,True,True,True,False
FLOOD+INFRA+ARCTIC+TRANS,BAAC,1393.5,387.5,1398.4,410.0,0.6625,4.025,3.85,4.275,1.0580645161290323,4,3,2,False,True,True,True,True,False,False,True,True,True,False
FLOOD+INFRA+ARCTIC+TRANS,BABA,1388.0,387.5,1397.3999999999999,412.0,0.6625,4.025,3.85,4.275,1.063225806451613,4,3,2,False,True,True,True,True,False,False,True,True,True,False
FLOOD+INFRA+ARCTIC+TRANS,BABB,1375.5,384.0,1357.7999999999997,445.75,0.6625,4.025,3.85,4.275,1.1608072916666667,4,3,1,False,True,True,True,False,False,False,True,True,True,False
FLOOD+INFRA+ARCTIC+TRANS,BABC,1370.5,380.5,1313.8,453.75,0.6625,4.025,3.85,4.275,1.1925098554533509,4,3,1,False,True,True,True,False,False,False,True,True,True,False
FLOOD+INFRA+ARCTIC+TRANS,BACA,1378.8,380.5,1303.3999999999999,416.0,0.6625,4.025,3.85,4.275,1.0932982917214191,4,3,2,False,True,True,True,True,False,False,True,True,True,False
FLOOD+INFRA+ARCTIC+TRANS,BACB,1366.3,377.0,1263.7999999999997,449.75,0.6625,4.025,3.85,4.275,1.192970822281167,4,3,1,False,True,True,True,False,False,False,True,True,True,False
FLOOD+INFRA+ARCTIC+TRANS,BACC,1361.3,373.5,1219.8,457.75,0.6625,4.025,3.85,4.275,1.2255689424364122,4,3,1,False,True,True,True,False,False,False,True,True,True,False
FLOOD+INFRA+ARCTIC+TRANS,BBAA,1395.5,390.5,1428.0,404.5,0.6625,4.025,3.85,4.275,1.0358514724711907,4,3,2,False,True,True,True,True,False,False,True,True,True,False
FLOOD+INFRA+ARCTIC+TRANS,BBAB,1383.0,387.0,1388.4,438.25,0.6625,4.025,3.85,4.275,1.1324289405684755,4,3,1,False,True,True,True,False,False,False,True,True,True,False
FLOOD+INFRA+ARCTIC+TRANS,BBAC,1378.0,383.5,1344.4,446.25,0.6625,4.025,3.85,4.275,1.1636245110821382,4,3,1,False,True,True,True,False,False,False,True,True,True,False
FLOOD+INFRA+ARCTIC+TRANS,BBBA,1372.5,383.5,1343.3999999999999,448.25,0.6625,4.025,3.85,4.275,1.16883963494133,4,3,1,False,True,True,True,False,False,False,True,True,True,False
FLOOD+INFRA+ARCTIC+TRANS,BBBB,1360.0,380.0,1303.7999999999997,482.0,0.6625,4.025,3.85,4.275,1.268421052631579,4,3,0,False,True,True,True,False,False,False,True,True,True,False
FLOOD+INFRA+ARCTIC+TRANS,BBBC,1355.0,376.5,1259.8,490.0,0.6625,4.025,3.85,4.275,1.301460823373174,4,3,0,False,True,True,True,False,False,False,True,True,True,False
FLOOD+INFRA+ARCTIC+TRANS,BBCA,1363.3,376.5,1249.3999999999999,452.25,0.6625,4.025,3.85,4.275,1.201195219123506,4,3,1,False,True,True,True,False,False,False,True,True,True,False
FLOOD+INFRA+ARCTIC+TRANS,BBCB,1350.8,373.0,1209.7999999999997,486.0,0.6625,4.025,3.85,4.275,1.3029490616621984,4,3,0,False,True,True,True,False,False,False,True,True,True,False
FLOOD+INFRA+ARCTIC+TRANS,BBCC,1345.8,369.5,1165.8,494.0,0.6625,4.025,3.85,4.275,1.3369418132611637,4,3,0,False,True,True,True,False,False,False,True,True,True,False
FLOOD+INFRA+ARCTIC+TRANS,BCAA,1389.3,386.5,1368.0,411.5,0.6625,4.025,3.85,4.275,1.0646830530401035,4,3,2,False,True,True,True,True,False,False,True,True,True,False
FLOOD+INFRA+ARCTIC+TRANS,BCAB,1376.8,383.0,1328.4,445.25,0.6625,4.025,3.85,4.275,1.162532637075718,4,3,1,False,True,True,True,False,False,False,True,True,True,False
FLOOD+INFRA+ARCTIC+TRANS,BCAC,1371.8,379.5,1284.4,453.25,0.6625,4.025,3.85,4.275,1.19433465085639,4,3,1,False,True,True,True,False,False,False,True,True,True,False
FLOOD+INFRA+ARCTIC+TRANS,BCBA,1366.3,379.5,1283.3999999999999,455.25,0.6625,4.025,3.85,4.275,1.199604743083004,4,3,1,False,True,True,True,False,False,False,True,True,True,False
FLOOD+INFRA+ARCTIC+TRANS,BCBB,1353.8,376.0,1243.7999999999997,489.0,0.6625,4.025,3.85,4.275,1.300531914893617,4,3,0,False,True,True,True,False,False,False,True,True,True,False
FLOOD+INFRA+ARCTIC+TRANS,BCBC,1348.8,372.5,1199.8,497.0,0.6625,4.025,3.85,4.275,1.334228187919463,4,3,0,False,True,True,True,False,False,False,True,True,True,False
FLOOD+INFRA+ARCTIC+TRANS,BCCA,1357.1,372.5,1189.3999999999999,459.25,0.6625,4.025,3.85,4.275,1.2328859060402684,4,3,1,False,True,True,True,False,False,False,True,True,True,False
FLOOD+INFRA+ARCTIC+TRANS,BCCB,1344.6,369.0,1149.7999999999997,493.0,0.6625,4.025,3.85,4.275,1.3360433604336044,4,3,0,False,True,True,True,False,False,False,True,True,True,False
FLOOD+INFRA+ARCTIC+TRANS,BCCC,1339.6,365.5,1105.8,501.0,0.6625,4.025,3.85,4.275,1.3707250341997264,4,3,0,False,True,True,True,False,False,False,True,True,True,False
FLOOD+INFRA+ARCTIC+TRANS,CAAA,1404.2,390.0,1362.0,349.75,0.6625,4.025,3.85,4.275,0.8967948717948718,4,3,3,False,True,True,True,True,False,False,True,True,True,False
FLOOD+INFRA+ARCTIC+TRANS,CAAB,1391.7,386.5,1322.4,383.5,0.6625,4.025,3.85,4.275,0.9922380336351876,4,3,2,False,True,True,True,True,False,False,True,True,True,False
FLOOD+INFRA+ARCTIC+TRANS,CAAC,1386.7,383.0,1278.4,391.5,0.6625,4.025,3.85,4.275,1.0221932114882506,4,3,2,False,True,True,True,True,False,False,True,True,True,False
FLOOD+INFRA+ARCTIC+TRANS,CABA,1381.2,383.0,1277.4,393.5,0.6625,4.025,3.85,4.275,1.0274151436031331,4,3,2,False,True,True,True,True,False,False,True,True,True,False
FLOOD+INFRA+ARCTIC+TRANS,CABB,1368.7,379.5,1237.8000000000002,427.25,0.6625,4.025,3.85,4.275,1.1258234519104084,4,3,1,False,True,True,True,False,False,False,True,True,True,False
FLOOD+INFRA+ARCTIC+TRANS,CABC,1363.7,376.0,1193.8000000000002,435.25,0.6625,4.025,3.85,4.275,1.1575797872340425,4,3,1,False,True,True,True,False,False,False,True,True,True,False
FLOOD+INFRA+ARCTIC+TRANS,CACA,1372.0,376.0,1183.4,397.5,0.6625,4.025,3.85,4.275,1.0571808510638299,4,3,2,False,True,True,True,True,False,False,True,True,True,False
FLOOD+INFRA+ARCTIC+TRANS,CACB,1359.5,372.5,1143.8,431.25,0.6625,4.025,3.85,4.275,1.157718120805369,4,3,1,False,True,True,True,False,False,False,True,True,True,False
FLOOD+INFRA+ARCTIC+TRANS,CACC,1354.5,369.0,1099.8,439.25,0.6625,4.025,3.85,4.275,1.1903794037940378,4,3,1,False,True,True,True,False,False,False,True,True,True,False
FLOOD+INFRA+ARCTIC+TRANS,CBAA,1388.7,386.0,1308.0,386.0,0.6625,4.025,3.85,4.275,1.0,4,3,2,False,True,True,True,True,False,False,True,True,True,False
FLOOD+INFRA+ARCTIC+TRANS,CBAB,1376.2,382.5,1268.4,419.75,0.6625,4.025,3.85,4.275,1.0973856209150328,4,3,1,False,True,True,True,False,False,False,True,True,True,False
FLOOD+INFRA+ARCTIC+TRANS,CBAC,1371.2,379.0,1224.4,427.75,0.6625,4.025,3.85,4.275,1.128627968337731,4,3,1,False,True,True,True,False,False,False,True,True,True,False
FLOOD+INFRA+ARCTIC+TRANS,CBBA,1365.7,379.0,1223.4,429.75,0.6625,4.025,3.85,4.275,1.133905013192612,4,3,1,False,True,True,True,False,False,False,True,True,True,False
FLOOD+INFRA+ARCTIC+TRANS,CBBB,1353.2,375.5,1183.8,463.5,0.6625,4.025,3.85,4.275,1.2343541944074568,4,3,0,False,True,True,True,False,False,False,True,True,True,False
FLOOD+INFRA+ARCTIC+TRANS,CBBC,1348.2,372.0,1139.8,471.5,0.6625,4.025,3.85,4.275,1.26747311827957,4,3,0,False,True,True,True,False,False,False,True,True,True,False
FLOOD+INFRA+ARCTIC+TRANS,CBCA,1356.5,372.0,1129.4,433.75,0.6625,4.025,3.85,4.275,1.165994623655914,4,3,1,False,True,True,True,False,False,False,True,True,True,False
FLOOD+INFRA+ARCTIC+TRANS,CBCB,1344.0,368.5,1089.8,467.5,0.6625,4.025,3.85,4.275,1.2686567164179106,4,3,0,False,True,True,True,False,False,False,True,True,True,False
FLOOD+INFRA+ARCTIC+TRANS,CBCC,1339.0,365.0,1045.8,475.5,0.6625,4.025,3.85,4.275,1.3027397260273972,4,3,0,False,True,True,True,False,False,False,True,True,True,False
FLOOD+INFRA+ARCTIC+TRANS,CCAA,1382.5,382.0,1248.0,393.0,0.6625,4.025,3.85,4.275,1.0287958115183247,4,3,2,False,True,True,True,True,False,False,True,True,True,False
FLOOD+INFRA+ARCTIC+TRANS,CCAB,1370.0,378.5,1208.4,426.75,0.6625,4.025,3.85,4.275,1.1274768824306474,4,3,1,False,True,True,True,False,False,False,True,True,True,False
FLOOD+INFRA+ARCTIC+TRANS,CCAC,1365.0,375.0,1164.4,434.75,0.6625,4.025,3.85,4.275,1.1593333333333333,4,3,1,False,True,True,True,False,False,False,True,True,True,False
FLOOD+INFRA+ARCTIC+TRANS,CCBA,1359.5,375.0,1163.4,436.75,0.6625,4.025,3.85,4.275,1.1646666666666667,4,3,1,False,True,True,True,False,False,False,True,True,True,False
FLOOD+INFRA+ARCTIC+TRANS,CCBB,1347.0,371.5,1123.8,470.5,0.6625,4.025,3.85,4.275,1.2664872139973082,4,3,0,False,True,True,True,False,False,False,True,True,True,False
FLOOD+INFRA+ARCTIC+TRANS,CCBC,1342.0,368.0,1079.8,478.5,0.6625,4.025,3.85,4.275,1.3002717391304348,4,3,0,False,True,True,True,False,False,False,True,True,True,False
FLOOD+INFRA+ARCTIC+TRANS,CCCA,1350.3,368.0,1069.4,440.75,0.6625,4.025,3.85,4.275,1.1976902173913044,4,3,1,False,True,True,True,False,False,False,True,True,True,False
FLOOD+INFRA+ARCTIC+TRANS,CCCB,1337.8,364.5,1029.8,474.5,0.6625,4.025,3.85,4.275,1.3017832647462277,4,3,0,False,True,True,True,False,False,False,True,True,True,False
FLOOD+INFRA+ARCTIC+TRANS,CCCC,1332.8,361.0,985.8,482.5,0.6625,4.025,3.85,4.275,1.3365650969529086,4,3,0,False,True,True,True,False,False,False,False,True,True,False
FLOOD+INFRA+ARCTIC+ENV,AAAA,1459.5,404.25,1730.0,372.5,0.6525,3.9250000000000003,3.8,4.275,0.9214594928880643,4,3,4,False,True,True,True,True,False,False,True,True,True,False
FLOOD+INFRA+ARCTIC+ENV,AAAB,1445.5,400.5,1665.2,399.75,0.6525,3.9250000000000003,3.8,4.275,0.99812734082397,4,3,3,False,True,True,True,True,False,False,True,True,True,False
FLOOD+INFRA+ARCTIC+ENV,AAAC,1439.9,396.75,1593.2,401.75,0.6525,3.9250000000000003,3.8,4.275,1.0126023944549465,4,3,3,False,True,True,True,True,False,False,True,True,True,False
FLOOD+INFRA+ARCTIC+ENV,AABA,1436.5,397.25,1645.4,416.25,0.6525,3.9250000000000003,3.8,4.275,1.0478288231592197,4,3,3,False,True,True,True,True,False,False,True,True,True,False
FLOOD+INFRA+ARCTIC+ENV,AABB,1422.5,393.5,1580.6,443.5,0.6525,3.9250000000000003,3.8,4.275,1.1270648030495554,4,3,2,False,True,True,True,True,False,False,True,True,True,False
FLOOD+INFRA+ARCTIC+ENV,AABC,1416.9,389.75,1508.6,445.5,0.6525,3.9250000000000003,3.8,4.275,1.1430404105195637,4,3,2,False,True,True,True,True,False,False,True,True,True,False
FLOOD+INFRA+ARCTIC+ENV,AACA,1427.3,390.25,1551.4,420.25,0.6525,3.9250000000000003,3.8,4.275,1.076873798846893,4,3,3,False,True,True,True,True,False,False,True,True,True,False
FLOOD+INFRA+ARCTIC+ENV,AACB,1413.3,386.5,1486.6,447.5,0.6525,3.9250000000000003,3.8,4.275,1.1578266494178526,4,3,2,False,True,True,True,True,False,False,True,True,True,False
FLOOD+INFRA+ARCTIC+ENV,AACC,1407.7,382.75,1414.6,449.5,0.6525,3.9250000000000003,3.8,4.275,1.1743958197256694,4,3,2,False,True,True,True,True,False,False,True,True,True,False
FLOOD+INFRA+ARCTIC+ENV,ABAA,1444.0,400.25,1676.0,408.75,0.6525,3.9250000000000003,3.8,4.275,1.0212367270455964,4,3,3,False,True,True,True,True,False,False,True,True,True,False
FLOOD+INFRA+ARCTIC+ENV,ABAB,1430.0,396.5,1611.2,436.0,0.6525,3.9250000000000003,3.8,4.275,1.0996216897856241,4,3,2,False,True,True,True,True,False,False,True,True,True,False
FLOOD+INFRA+ARCTIC+ENV,ABAC,1424.4,392.75,1539.2,438.0,0.6525,3.9250000000000003,3.8,4.275,1.1152132399745385,4,3,2,False,True,True,True,True,False,False,True,True,True,False
FLOOD+INFRA+ARCTIC+ENV,ABBA,1421.0,393.25,1591.4,452.5,0.6525,3.9250000000000003,3.8,4.275,1.150667514303878,4,3,2,False,True,True,True,True,False,False,True,True,True,False
FLOOD+INFRA+ARCTIC+ENV,ABBB,1407.0,389.5,1526.6,479.75,0.6525,3.9250000000000003,3.8,4.275,1.2317073170731707,4,3,1,False,True,True,True,False,False,False,True,True,True,False
FLOOD+INFRA+ARCTIC+ENV,ABBC,1401.4,385.75,1454.6,481.75,0.6525,3.9250000000000003,3.8,4.275,1.2488658457550226,4,3,1,False,True,True,True,False,False,False,True,True,True,False
FLOOD+INFRA+ARCTIC+ENV,ABCA,1411.8,386.25,1497.4,456.5,0.6525,3.9250000000000003,3.8,4.275,1.1818770226537216,4,3,2,False,True,True,True,True,False,False,True,True,True,False
FLOOD+INFRA+ARCTIC+ENV,ABCB,1397.8,382.5,1432.6,483.75,0.6525,3.9250000000000003,3.8,4.275,1.2647058823529411,4,3,1,False,True,True,True,False,False,False,True,True,True,False
FLOOD+INFRA+ARCTIC+ENV,ABCC,1392.2,378.75,1360.6,485.75,0.6525,3.9250000000000003,3.8,4.275,1.2825082508250825,4,3,1,False,True,True,True,False,False,False,True,True,True,False
FLOOD+INFRA+ARCTIC+ENV,ACAA,1437.8,396.25,1616.0,415.75,0.6525,3.9250000000000003,3.8,4.275,1.049211356466877,4,3,3,False,True,True,True,True,False,False,True,True,True,False
FLOOD+INFRA+ARCTIC+ENV,ACAB,1423.8,392.5,1551.2,443.0,0.6525,3.9250000000000003,3.8,4.275,1.1286624203821656,4,3,2,False,True,True,True,True,False,False,True,True,True,False
FLOOD+INFRA+ARCTIC+ENV,ACAC,1418.2,388.75,1479.2,445.0,0.6525,3.9250000000000003,3.8,4.275,1.144694533762058,4,3,2,False,True,True,True,True,False,False,True,True,True,False
FLOOD+INFRA+ARCTIC+ENV,ACBA,1414.8,389.25,1531.4,459.5,0.6525,3.9250000000000003,3.8,4.275,1.180475272960822,4,3,2,False,True,True,True,True,False,False,True,True,True,False
FLOOD+INFRA+ARCTIC+ENV,ACBB,1400.8,385.5,1466.6,486.75,0.6525,3.9250000000000003,3.8,4.275,1.2626459143968871,4,3,1,False,True,True,True,False,False,False,True,True,True,False
FLOOD+INFRA+ARCTIC+ENV,ACBC,1395.2,381.75,1394.6,488.75,0.6525,3.9250000000000003,3.8,4.275,1.2802881466928617,4,3,1,False,True,True,True,False,False,False,True,True,True,False
FLOOD+INFRA+ARCTIC+ENV,ACCA,1405.6,382.25,1437.4,463.5,0.6525,3.9250000000000003,3.8,4.275,1.212557226945716,4,3,2,False,True,True,True,True,False,False,True,True,True,False
FLOOD+INFRA+ARCTIC+ENV,ACCB,1391.6,378.5,1372.6,490.75,0.6525,3.9250000000000003,3.8,4.275,1.296565389696169,4,3,1,False,True,True,True,False,False,False,True,True,True,False
FLOOD+INFRA+ARCTIC+ENV,ACCC,1386.0,374.75,1300.6,492.75,0.6525,3.9250000000000003,3.8,4.275,1.314876584389593,4,3,1,False,True,True,True,False,False,False,True,True,True,False
FLOOD+INFRA+ARCTIC+ENV,BAAA,1442.5,399.75,1622.0,375.75,0.6525,3.9250000000000003,3.8,4.275,0.9399624765478424,4,3,3,False,True,True,True,True,False,False,True,True,True,False
FLOOD+INFRA+ARCTIC+ENV,BAAB,1428.5,396.0,1557.2,403.0,0.6525,3.9250000000000003,3.8,4.275,1.0176767676767677,4,3,2,False,True,True,True,True,False,False,True,True,True,False
FLOOD+INFRA+ARCTIC+ENV,BAAC,1422.9,392.25,1485.2,405.0,0.6525,3.9250000000000003,3.8,4.275,1.0325047801147227,4,3,2,False,True,True,True,True,False,False,True,True,True,False
FLOOD+INFRA+ARCTIC+ENV,BABA,1419.5,392.75,1537.3999999999999,419.5,0.6525,3.9250000000000003,3.8,4.275,1.0681094844048378,4,3,2,False,True,True,True,True,False,False,True,True,True,False
FLOOD+INFRA+ARCTIC+ENV,BABB,1405.5,389.0,1472.6,446.75,0.6525,3.9250000000000003,3.8,4.275,1.148457583547558,4,3,1,False,True,True,True,False,False,False,True,True,True,False
FLOOD+INFRA+ARCTIC+ENV,BABC,1399.9,385.25,1400.6,448.75,0.6525,3.9250000000000003,3.8,4.275,1.164828033744322,4,3,1,False,True,True,True,False,False,False,True,True,True,False
FLOOD+INFRA+ARCTIC+ENV,BACA,1410.3,385.75,1443.3999999999999,423.5,0.6525,3.9250000000000003,3.8,4.275,1.0978613091380427,4,3,2,False,True,True,True,True,False,False,True,True,True,False
FLOOD+INFRA+ARCTIC+ENV,BACB,1396.3,382.0,1378.6,450.75,0.6525,3.9250000000000003,3.8,4.275,1.1799738219895288,4,3,1,False,True,True,True,False,False,False,True,True,True,False
FLOOD+INFRA+ARCTIC+ENV,BACC,1390.7,378.25,1306.6,452.75,0.6525,3.9250000000000003,3.8,4.275,1.1969596827495044,4,3,1,False,True,True,True,False,False,False,True,True,True,False
FLOOD+INFRA+ARCTIC+ENV,BBAA,1427.0,395.75,1568.0,412.0,0.6525,3.9250000000000003,3.8,4.275,1.0410612760581175,4,3,2,False,True,True,True,True,False,False,True,True,True,False
FLOOD+INFRA+ARCTIC+ENV,BBAB,1413.0,392.0,1503.2,439.25,0.6525,3.9250000000000003,3.8,4.275,1.1205357142857142,4,3,1,False,True,True,True,False,False,False,True,True,True,False
FLOOD+INFRA+ARCTIC+ENV,BBAC,1407.4,388.25,1431.2,441.25,0.6525,3.9250000000000003,3.8,4.275,1.1365099806825498,4,3,1,False,True,True,True,False,False,False,True,True,True,False
FLOOD+INFRA+ARCTIC+ENV,BBBA,1404.0,388.75,1483.3999999999999,455.75,0.6525,3.9250000000000003,3.8,4.275,1.1723472668810289,4,3,1,False,True,True,True,False,False,False,True,True,True,False
FLOOD+INFRA+ARCTIC+ENV,BBBB,1390.0,385.0,1418.6,483.0,0.6525,3.9250000000000003,3.8,4.275,1.2545454545454546,4,3,0,False,True,True,True,False,False,False,True,True,True,False
FLOOD+INFRA+ARCTIC+ENV,BBBC,1384.4,381.25,1346.6,485.0,0.6525,3.9250000000000003,3.8,4.275,1.2721311475409836,4,3,0,False,True,True,True,False,False,False,True,True,True,False
FLOOD+INFRA+ARCTIC+ENV,BBCA,1394.8,381.75,1389.3999999999999,459.75,0.6525,3.9250000000000003,3.8,4.275,1.2043222003929273,4,3,1,False,True,True,True,False,False,False,True,True,True,False
FLOOD+INFRA+ARCTIC+ENV,BBCB,1380.8,378.0,1324.6,487.0,0.6525,3.9250000000000003,3.8,4.275,1.2883597883597884,4,3,0,False,True,True,True,False,False,False,True,True,True,False
FLOOD+INFRA+ARCTIC+ENV,BBCC,1375.2,374.25,1252.6,489.0,0.6525,3.9250000000000003,3.8,4.275,1.3066132264529058,4,3,0,False,True,True,True,False,False,False,True,True,True,False
FLOOD+INFRA+ARCTIC+ENV,BCAA,1420.8,391.75,1508.0,419.0,0.6525,3.9250000000000003,3.8,4.275,1.0695596681557116,4,3,2,False,True,True,True,True,False,False,True,True,True,False
FLOOD+INFRA+ARCTIC+ENV,BCAB,1406.8,388.0,1443.2,446.25,0.6525,3.9250000000000003,3.8,4.275,1.1501288659793814,4,3,1,False,True,True,True,False,False,False,True,True,True,False
FLOOD+INFRA+ARCTIC+ENV,BCAC,1401.2,384.25,1371.2,448.25,0.6525,3.9250000000000003,3.8,4.275,1.166558230318803,4,3,1,False,True,True,True,False,False,False,True,True,True,False
FLOOD+INFRA+ARCTIC+ENV,BCBA,1397.8,384.75,1423.3999999999999,462.75,0.6525,3.9250000000000003,3.8,4.275,1.202729044834308,4,3,1,False,True,True,True,False,False,False,True,True,True,False
FLOOD+INFRA+ARCTIC+ENV,BCBB,1383.8,381.0,1358.6,490.0,0.6525,3.9250000000000003,3.8,4.275,1.2860892388451444,4,3,0,False,True,True,True,False,False,False,True,True,True,False
FLOOD+INFRA+ARCTIC+ENV,BCBC,1378.2,377.25,1286.6,492.0,0.6525,3.9250000000000003,3.8,4.275,1.3041749502982107,4,3,0,False,True,True,True,False,False,False,True,True,True,False
FLOOD+INFRA+ARCTIC+ENV,BCCA,1388.6,377.75,1329.3999999999999,466.75,0.6525,3.9250000000000003,3.8,4.275,1.2356055592322965,4,3,1,False,True,True,True,False,False,False,True,True,True,False
FLOOD+INFRA+ARCTIC+ENV,BCCB,1374.6,374.0,1264.6,494.0,0.6525,3.9250000000000003,3.8,4.275,1.320855614973262,4,3,0,False,True,True,True,False,False,False,True,True,True,False
FLOOD+INFRA+ARCTIC+ENV,BCCC,1369.0,370.25,1192.6,496.0,0.6525,3.9250000000000003,3.8,4.275,1.3396353814989872,4,3,0,False,True,True,True,False,False,False,True,True,True,False
FLOOD+INFRA+ARCTIC+ENV,CAAA,1435.7,395.25,1502.0,357.25,0.6525,3.9250000000000003,3.8,4.275,0.9038583175205566,4,3,3,False,True,True,True,True,False,False,True,True,True,False
FLOOD+INFRA+ARCTIC+ENV,CAAB,1421.7,391.5,1437.2,384.5,0.6525,3.9250000000000003,3.8,4.275,0.9821200510855683,4,3,2,False,True,True,True,True,False,False,True,True,True,False
FLOOD+INFRA+ARCTIC+ENV,CAAC,1416.1,387.75,1365.2,386.5,0.6525,3.9250000000000003,3.8,4.275,0.996776273372018,4,3,2,False,True,True,True,True,False,False,True,True,True,False
FLOOD+INFRA+ARCTIC+ENV,CABA,1412.7,388.25,1417.4,401.0,0.6525,3.9250000000000003,3.8,4.275,1.0328396651641982,4,3,2,False,True,True,True,True,False,False,True,True,True,False
FLOOD+INFRA+ARCTIC+ENV,CABB,1398.7,384.5,1352.6,428.25,0.6525,3.9250000000000003,3.8,4.275,1.1137841352405722,4,3,1,False,True,True,True,False,False,False,True,True,True,False
FLOOD+INFRA+ARCTIC+ENV,CABC,1393.1,380.75,1280.6,430.25,0.6525,3.9250000000000003,3.8,4.275,1.1300065659881813,4,3,1,False,True,True,True,False,False,False,True,True,True,False
FLOOD+INFRA+ARCTIC+ENV,CACA,1403.5,381.25,1323.4,405.0,0.6525,3.9250000000000003,3.8,4.275,1.062295081967213,4,3,2,False,True,True,True,True,False,False,True,True,True,False
FLOOD+INFRA+ARCTIC+ENV,CACB,1389.5,377.5,1258.6,432.25,0.6525,3.9250000000000003,3.8,4.275,1.1450331125827815,4,3,1,False,True,True,True,False,False,False,True,True,True,False
FLOOD+INFRA+ARCTIC+ENV,CACC,1383.9,373.75,1186.6,434.25,0.6525,3.9250000000000003,3.8,4.275,1.1618729096989966,4,3,1,False,True,True,True,False,False,False,True,True,True,False
FLOOD+INFRA+ARCTIC+ENV,CBAA,1420.2,391.25,1448.0,393.5,0.6525,3.9250000000000003,3.8,4.275,1.0057507987220446,4,3,2,False,True,True,True,True,False,False,True,True,True,False
FLOOD+INFRA+ARCTIC+ENV,CBAB,1406.2,387.5,1383.2,420.75,0.6525,3.9250000000000003,3.8,4.275,1.0858064516129031,4,3,1,False,True,True,True,False,False,False,True,True,True,False
FLOOD+INFRA+ARCTIC+ENV,CBAC,1400.6,383.75,1311.2,422.75,0.6525,3.9250000000000003,3.8,4.275,1.101628664495114,4,3,1,False,True,True,True,False,False,False,True,True,True,False
FLOOD+INFRA+ARCTIC+ENV,CBBA,1397.2,384.25,1363.4,437.25,0.6525,3.9250000000000003,3.8,4.275,1.1379310344827587,4,3,1,False,True,True,True,False,False,False,True,True,True,False
FLOOD+INFRA+ARCTIC+ENV,CBBB,1383.2,380.5,1298.6,464.5,0.6525,3.9250000000000003,3.8,4.275,1.2207621550591328,4,3,0,False,True,True,True,False,False,False,True,True,True,False
FLOOD+INFRA+ARCTIC+ENV,CBBC,1377.6,376.75,1226.6,466.5,0.6525,3.9250000000000003,3.8,4.275,1.2382216323822164,4,3,0,False,True,True,True,False,False,False,True,True,True,False
FLOOD+INFRA+ARCTIC+ENV,CBCA,1388.0,377.25,1269.3999999999999,441.25,0.6525,3.9250000000000003,3.8,4.275,1.1696487740225314,4,3,1,False,True,True,True,False,False,False,True,True,True,False
FLOOD+INFRA+ARCTIC+ENV,CBCB,1374.0,373.5,1204.6,468.5,0.6525,3.9250000000000003,3.8,4.275,1.2543507362784472,4,3,0,False,True,True,True,False,False,False,True,True,True,False
FLOOD+INFRA+ARCTIC+ENV,CBCC,1368.4,369.75,1132.6,470.5,0.6525,3.9250000000000003,3.8,4.275,1.2724814063556458,4,3,0,False,True,True,True,False,False,False,True,True,True,False
FLOOD+INFRA+ARCTIC+ENV,CCAA,1414.0,387.25,1388.0,400.5,0.6525,3.9250000000000003,3.8,4.275,1.0342156229825694,4,3,2,False,True,True,True,True,False,False,True,True,True,False
FLOOD+INFRA+ARCTIC+ENV,CCAB,1400.0,383.5,1323.2,427.75,0.6525,3.9250000000000003,3.8,4.275,1.1153846153846154,4,3,1,False,True,True,True,False,False,False,True,True,True,False
FLOOD+INFRA+ARCTIC+ENV,CCAC,1394.3999999999999,379.75,1251.2,429.75,0.6525,3.9250000000000003,3.8,4.275,1.131665569453588,4,3,1,False,True,True,True,False,False,False,True,True,True,False
FLOOD+INFRA+ARCTIC+ENV,CCBA,1391.0,380.25,1303.4,444.25,0.6525,3.9250000000000003,3.8,4.275,1.168310322156476,4,3,1,False,True,True,True,False,False,False,True,True,True,False
FLOOD+INFRA+ARCTIC+ENV,CCBB,1377.0,376.5,1238.6,471.5,0.6525,3.9250000000000003,3.8,4.275,1.252324037184595,4,3,0,False,True,True,True,False,False,False,True,True,True,False
FLOOD+INFRA+ARCTIC+ENV,CCBC,1371.3999999999999,372.75,1166.6,473.5,0.6525,3.9250000000000003,3.8,4.275,1.2702883970489605,4,3,0,False,True,True,True,False,False,False,True,True,True,False
FLOOD+INFRA+ARCTIC+ENV,CCCA,1381.8,373.25,1209.4,448.25,0.6525,3.9250000000000003,3.8,4.275,1.200937709310114,4,3,1,False,True,True,True,False,False,False,True,True,True,False
FLOOD+INFRA+ARCTIC+ENV,CCCB,1367.8,369.5,1144.6,475.5,0.6525,3.9250000000000003,3.8,4.275,1.2868741542625168,4,3,0,False,True,True,True,False,False,False,True,True,True,False
FLOOD+INFRA+ARCTIC+ENV,CCCC,1362.2,365.75,1072.6,477.5,0.6525,3.9250000000000003,3.8,4.275,1.3055365686944633,4,3,0,False,True,True,True,False,False,False,True,True,True,False
FLOOD+INFRA+ARCTIC+SSA,AAAA,1512.0,425.25,1710.0,386.25,0.63,3.725,3.525,4.325,0.908289241622575,3,4,4,False,True,True,True,True,False,False,True,True,True,False
FLOOD+INFRA+ARCTIC+SSA,AAAB,1495.5,420.5,1648.8,418.25,0.63,3.725,3.525,4.325,0.9946492271105827,3,4,3,False,True,True,True,True,False,False,True,True,True,False
FLOOD+INFRA+ARCTIC+SSA,AAAC,1488.9,415.75,1580.8,420.5,0.63,3.725,3.525,4.325,1.0114251352976549,3,4,3,False,True,True,True,True,False,False,True,True,True,False
FLOOD+INFRA+ARCTIC+SSA,AABA,1489.0,418.25,1625.4,430.0,0.63,3.725,3.525,4.325,1.0280932456664673,3,4,3,False,True,True,True,True,False,False,True,True,True,False
FLOOD+INFRA+ARCTIC+SSA,AABB,1472.5,413.5,1564.2,462.0,0.63,3.725,3.525,4.325,1.117291414752116,3,4,2,False,True,True,True,True,False,False,True,True,True,False
FLOOD+INFRA+ARCTIC+SSA,AABC,1465.9,408.75,1496.2,464.25,0.63,3.725,3.525,4.325,1.1357798165137614,3,4,2,False,True,True,True,True,False,False,True,True,True,False
FLOOD+INFRA+ARCTIC+SSA,AACA,1479.8,411.25,1531.4,434.0,0.63,3.725,3.525,4.325,1.0553191489361702,3,4,3,False,True,True,True,True,False,False,True,True,True,False
FLOOD+INFRA+ARCTIC+SSA,AACB,1463.3,406.5,1470.2,466.0,0.63,3.725,3.525,4.325,1.1463714637146372,3,4,2,False,True,True,True,True,False,False,True,True,True,False
FLOOD+INFRA+ARCTIC+SSA,AACC,1456.6999999999998,401.75,1402.2,468.25,0.63,3.725,3.525,4.325,1.165525824517735,3,4,2,False,True,True,True,True,False,False,True,True,True,False
FLOOD+INFRA+ARCTIC+SSA,ABAA,1496.5,421.25,1656.0,422.5,0.63,3.725,3.525,4.325,1.002967359050445,3,4,3,False,True,True,True,True,False,False,True,True,True,False
FLOOD+INFRA+ARCTIC+SSA,ABAB,1480.0,416.5,1594.8,454.5,0.63,3.725,3.525,4.325,1.0912364945978392,3,4,2,False,True,True,True,True,False,False,True,True,True,False
FLOOD+INFRA+ARCTIC+SSA,ABAC,1473.4,411.75,1526.8,456.75,0.63,3.725,3.525,4.325,1.1092896174863387,3,4,2,False,True,True,True,True,False,False,True,True,True,False
FLOOD+INFRA+ARCTIC+SSA,ABBA,1473.5,414.25,1571.3999999999999,466.25,0.63,3.725,3.525,4.325,1.1255280627640314,3,4,2,False,True,True,True,True,False,False,True,True,True,False
FLOOD+INFRA+ARCTIC+SSA,ABBB,1457.0,409.5,1510.1999999999998,498.25,0.63,3.725,3.525,4.325,1.2167277167277166,3,4,1,False,True,True,True,False,False,False,True,True,True,False
FLOOD+INFRA+ARCTIC+SSA,ABBC,1450.4,404.75,1442.1999999999998,500.5,0.63,3.725,3.525,4.325,1.2365657813465103,3,4,1,False,True,True,True,False,False,False,True,True,True,False
FLOOD+INFRA+ARCTIC+SSA,ABCA,1464.3,407.25,1477.3999999999999,470.25,0.63,3.725,3.525,4.325,1.1546961325966851,3,4,2,False,True,True,True,True,False,False,True,True,True,False
FLOOD+INFRA+ARCTIC+SSA,ABCB,1447.8,402.5,1416.1999999999998,502.25,0.63,3.725,3.525,4.325,1.2478260869565216,3,4,1,False,True,True,True,False,False,False,True,True,True,False
FLOOD+INFRA+ARCTIC+SSA,ABCC,1441.1999999999998,397.75,1348.1999999999998,504.5,0.63,3.725,3.525,4.325,1.268384663733501,3,4,1,False,True,True,True,False,False,False,True,True,True,False
FLOOD+INFRA+ARCTIC+SSA,ACAA,1490.3,417.25,1596.0,429.5,0.63,3.725,3.525,4.325,1.0293588975434391,3,4,3,False,True,True,True,True,False,False,True,True,True,False
FLOOD+INFRA+ARCTIC+SSA,ACAB,1473.8,412.5,1534.8,461.5,0.63,3.725,3.525,4.325,1.1187878787878789,3,4,2,False,True,True,True,True,False,False,True,True,True,False
FLOOD+INFRA+ARCTIC+SSA,ACAC,1467.1999999999998,407.75,1466.8,463.75,0.63,3.725,3.525,4.325,1.1373390557939915,3,4,2,False,True,True,True,True,False,False,True,True,True,False
FLOOD+INFRA+ARCTIC+SSA,ACBA,1467.3,410.25,1511.4,473.25,0.63,3.725,3.525,4.325,1.153564899451554,3,4,2,False,True,True,True,True,False,False,True,True,True,False
FLOOD+INFRA+ARCTIC+SSA,ACBB,1450.8,405.5,1450.2,505.25,0.63,3.725,3.525,4.325,1.245992601726264,3,4,1,False,True,True,True,False,False,False,True,True,True,False
FLOOD+INFRA+ARCTIC+SSA,ACBC,1444.1999999999998,400.75,1382.2,507.5,0.63,3.725,3.525,4.325,1.2663755458515285,3,4,1,False,True,True,True,False,False,False,True,True,True,False
FLOOD+INFRA+ARCTIC+SSA,ACCA,1458.1,403.25,1417.4,477.25,0.63,3.725,3.525,4.325,1.1835089894606323,3,4,2,False,True,True,True,True,False,False,True,True,True,False
FLOOD+INFRA+ARCTIC+SSA,ACCB,1441.6,398.5,1356.2,509.25,0.63,3.725,3.525,4.325,1.2779171894604768,3,4,1,False,True,True,True,False,False,False,True,True,True,False
FLOOD+INFRA+ARCTIC+SSA,ACCC,1435.0,393.75,1288.2,511.5,0.63,3.725,3.525,4.325,1.299047619047619,3,4,1,False,True,True,True,False,False,False,True,True,True,False
FLOOD+INFRA+ARCTIC+SSA,BAAA,1495.0,420.75,1602.0,389.5,0.63,3.725,3.525,4.325,0.9257278669043375,3,4,3,False,True,True,True,True,False,False,True,True,True,False
FLOOD+INFRA+ARCTIC+SSA,BAAB,1478.5,416.0,1540.8,421.5,0.63,3.725,3.525,4.325,1.0132211538461537,3,4,2,False,True,True,True,True,False,False,True,True,True,False
FLOOD+INFRA+ARCTIC+SSA,BAAC,1471.9,411.25,1472.8,423.75,0.63,3.725,3.525,4.325,1.0303951367781155,3,4,2,False,True,True,True,True,False,False,True,True,True,False
FLOOD+INFRA+ARCTIC+SSA,BABA,1472.0,413.75,1517.3999999999999,433.25,0.63,3.725,3.525,4.325,1.0471299093655588,3,4,2,False,True,True,True,True,False,False,True,True,True,False
FLOOD+INFRA+ARCTIC+SSA,BABB,1455.5,409.0,1456.1999999999998,465.25,0.63,3.725,3.525,4.325,1.1375305623471883,3,4,1,False,True,True,True,False,False,False,True,True,True,False
FLOOD+INFRA+ARCTIC+SSA,BABC,1448.9,404.25,1388.1999999999998,467.5,0.63,3.725,3.525,4.325,1.1564625850340136,3,4,1,False,True,True,True,False,False,False,True,True,True,False
FLOOD+INFRA+ARCTIC+SSA,BACA,1462.8,406.75,1423.3999999999999,437.25,0.63,3.725,3.525,4.325,1.0749846342962508,3,4,2,False,True,True,True,True,False,False,True,True,True,False
FLOOD+INFRA+ARCTIC+SSA,BACB,1446.3,402.0,1362.1999999999998,469.25,0.63,3.725,3.525,4.325,1.1672885572139304,3,4,1,False,True,True,True,False,False,False,True,True,True,False
FLOOD+INFRA+ARCTIC+SSA,BACC,1439.6999999999998,397.25,1294.1999999999998,471.5,0.63,3.725,3.525,4.325,1.1869100062932663,3,4,1,False,True,True,True,False,False,False,True,True,True,False
FLOOD+INFRA+ARCTIC+SSA,BBAA,1479.5,416.75,1548.0,425.75,0.63,3.725,3.525,4.325,1.0215956808638271,3,4,2,False,True,True,True,True,False,False,True,True,True,False
FLOOD+INFRA+ARCTIC+SSA,BBAB,1463.0,412.0,1486.8,457.75,0.63,3.725,3.525,4.325,1.1110436893203883,3,4,1,False,True,True,True,False,False,False,True,True,True,False
FLOOD+INFRA+ARCTIC+SSA,BBAC,1456.4,407.25,1418.8,460.0,0.63,3.725,3.525,4.325,1.1295273173726212,3,4,1,False,True,True,True,False,False,False,True,True,True,False
FLOOD+INFRA+ARCTIC+SSA,BBBA,1456.5,409.75,1463.3999999999999,469.5,0.63,3.725,3.525,4.325,1.1458206223306895,3,4,1,False,True,True,True,False,False,False,True,True,True,False
FLOOD+INFRA+ARCTIC+SSA,BBBB,1440.0,405.0,1402.1999999999998,501.5,0.63,3.725,3.525,4.325,1.2382716049382716,3,4,0,False,True,True,True,False,False,False,True,True,True,False
FLOOD+INFRA+ARCTIC+SSA,BBBC,1433.4,400.25,1334.1999999999998,503.75,0.63,3.725,3.525,4.325,1.2585883822610868,3,4,0,False,True,True,True,False,False,False,True,True,True,False
FLOOD+INFRA+ARCTIC+SSA,BBCA,1447.3,402.75,1369.3999999999999,473.5,0.63,3.725,3.525,4.325,1.175667287399131,3,4,1,False,True,True,True,False,False,False,True,True,True,False
FLOOD+INFRA+ARCTIC+SSA,BBCB,1430.8,398.0,1308.1999999999998,505.5,0.63,3.725,3.525,4.325,1.270100502512563,3,4,0,False,True,True,True,False,False,False,True,True,True,False
FLOOD+INFRA+ARCTIC+SSA,BBCC,1424.1999999999998,393.25,1240.1999999999998,507.75,0.63,3.725,3.525,4.325,1.291163382072473,3,4,0,False,True,True,True,False,False,False,True,True,True,False
FLOOD+INFRA+ARCTIC+SSA,BCAA,1473.3,412.75,1488.0,432.75,0.63,3.725,3.525,4.325,1.0484554815263476,3,4,2,False,True,True,True,True,False,False,True,True,True,False
FLOOD+INFRA+ARCTIC+SSA,BCAB,1456.8,408.0,1426.8,464.75,0.63,3.725,3.525,4.325,1.139093137254902,3,4,1,False,True,True,True,False,False,False,True,True,True,False
FLOOD+INFRA+ARCTIC+SSA,BCAC,1450.1999999999998,403.25,1358.8,467.0,0.63,3.725,3.525,4.325,1.1580905145691258,3,4,1,False,True,True,True,False,False,False,True,True,True,False
FLOOD+INFRA+ARCTIC+SSA,BCBA,1450.3,405.75,1403.3999999999999,476.5,0.63,3.725,3.525,4.325,1.1743684534812076,3,4,1,False,True,True,True,False,False,False,True,True,True,False
FLOOD+INFRA+ARCTIC+SSA,BCBB,1433.8,401.0,1342.1999999999998,508.5,0.63,3.725,3.525,4.325,1.268079800498753,3,4,0,False,True,True,True,False,False,False,True,True,True,False
FLOOD+INFRA+ARCTIC+SSA,BCBC,1427.1999999999998,396.25,1274.1999999999998,510.75,0.63,3.725,3.525,4.325,1.2889589905362775,3,4,0,False,True,True,True,False,False,False,True,True,True,False
FLOOD+INFRA+ARCTIC+SSA,BCCA,1441.1,398.75,1309.3999999999999,480.5,0.63,3.725,3.525,4.325,1.2050156739811912,3,4,1,False,True,True,True,False,False,False,True,True,True,False
FLOOD+INFRA+ARCTIC+SSA,BCCB,1424.6,394.0,1248.1999999999998,512.5,0.63,3.725,3.525,4.325,1.3007614213197969,3,4,0,False,True,True,True,False,False,False,True,True,True,False
FLOOD+INFRA+ARCTIC+SSA,BCCC,1418.0,389.25,1180.1999999999998,514.75,0.63,3.725,3.525,4.325,1.3224149004495824,3,4,0,False,True,True,True,False,False,False,True,True,True,False
FLOOD+INFRA+ARCTIC+SSA,CAAA,1488.2,416.25,1482.0,371.0,0.63,3.725,3.525,4.325,0.8912912912912913,3,4,3,False,True,True,True,True,False,False,True,True,True,False
FLOOD+INFRA+ARCTIC+SSA,CAAB,1471.7,411.5,1420.8,403.0,0.63,3.725,3.525,4.325,0.9793438639125152,3,4,2,False,True,True,True,True,False,False,True,True,True,False
FLOOD+INFRA+ARCTIC+SSA,CAAC,1465.1,406.75,1352.8,405.25,0.63,3.725,3.525,4.325,0.9963122311001844,3,4,2,False,True,True,True,True,False,False,True,True,True,False
FLOOD+INFRA+ARCTIC+SSA,CABA,1465.2,409.25,1397.4,414.75,0.63,3.725,3.525,4.325,1.013439218081857,3,4,2,False,True,True,True,True,False,False,True,True,True,False
FLOOD+INFRA+ARCTIC+SSA,CABB,1448.7,404.5,1336.2,446.75,0.63,3.725,3.525,4.325,1.1044499381953028,3,4,1,False,True,True,True,False,False,False,True,True,True,False
FLOOD+INFRA+ARCTIC+SSA,CABC,1442.1,399.75,1268.2,449.0,0.63,3.725,3.525,4.325,1.1232020012507817,3,4,1,False,True,True,True,False,False,False,True,True,True,False
FLOOD+INFRA+ARCTIC+SSA,CACA,1456.0,402.25,1303.4,418.75,0.63,3.725,3.525,4.325,1.0410192666252331,3,4,2,False,True,True,True,True,False,False,True,True,True,False
FLOOD+INFRA+ARCTIC+SSA,CACB,1439.5,397.5,1242.2,450.75,0.63,3.725,3.525,4.325,1.1339622641509435,3,4,1,False,True,True,True,False,False,False,True,True,True,False
FLOOD+INFRA+ARCTIC+SSA,CACC,1432.9,392.75,1174.2,453.0,0.63,3.725,3.525,4.325,1.153405474220242,3,4,1,False,True,True,True,False,False,False,True,True,True,False
FLOOD+INFRA+ARCTIC+SSA,CBAA,1472.7,412.25,1428.0,407.25,0.63,3.725,3.525,4.325,0.9878714372346877,3,4,2,False,True,True,True,True,False,False,True,True,True,False
FLOOD+INFRA+ARCTIC+SSA,CBAB,1456.2,407.5,1366.8,439.25,0.63,3.725,3.525,4.325,1.0779141104294478,3,4,1,False,True,True,True,False,False,False,True,True,True,False
FLOOD+INFRA+ARCTIC+SSA,CBAC,1449.6,402.75,1298.8,441.5,0.63,3.725,3.525,4.325,1.096213531967722,3,4,1,False,True,True,True,False,False,False,True,True,True,False
FLOOD+INFRA+ARCTIC+SSA,CBBA,1449.7,405.25,1343.4,451.0,0.63,3.725,3.525,4.325,1.1128932757557064,3,4,1,False,True,True,True,False,False,False,True,True,True,False
FLOOD+INFRA+ARCTIC+SSA,CBBB,1433.2,400.5,1282.2,483.0,0.63,3.725,3.525,4.325,1.205992509363296,3,4,0,False,True,True,True,False,False,False,True,True,True,False
FLOOD+INFRA+ARCTIC+SSA,CBBC,1426.6,395.75,1214.2,485.25,0.63,3.725,3.525,4.325,1.226152874289324,3,4,0,False,True,True,True,False,False,False,True,True,True,False
FLOOD+INFRA+ARCTIC+SSA,CBCA,1440.5,398.25,1249.4,455.0,0.63,3.725,3.525,4.325,1.1424984306340238,3,4,1,False,True,True,True,False,False,False,True,True,True,False
FLOOD+INFRA+ARCTIC+SSA,CBCB,1424.0,393.5,1188.2,487.0,0.63,3.725,3.525,4.325,1.2376111817026683,3,4,0,False,True,True,True,False,False,False,True,True,True,False
FLOOD+INFRA+ARCTIC+SSA,CBCC,1417.4,388.75,1120.2,489.25,0.63,3.725,3.525,4.325,1.2585209003215434,3,4,0,False,True,True,True,False,False,False,True,True,True,False
FLOOD+INFRA+ARCTIC+SSA,CCAA,1466.5,408.25,1368.0,414.25,0.63,3.725,3.525,4.325,1.014696876913656,3,4,2,False,True,True,True,True,False,False,True,True,True,False
FLOOD+INFRA+ARCTIC+SSA,CCAB,1450.0,403.5,1306.8,446.25,0.63,3.725,3.525,4.325,1.1059479553903346,3,4,1,False,True,True,True,False,False,False,True,True,True,False
FLOOD+INFRA+ARCTIC+SSA,CCAC,1443.4,398.75,1238.8,448.5,0.63,3.725,3.525,4.325,1.1247648902821317,3,4,1,False,True,True,True,False,False,False,True,True,True,False
FLOOD+INFRA+ARCTIC+SSA,CCBA,1443.5,401.25,1283.4,458.0,0.63,3.725,3.525,4.325,1.1414330218068536,3,4,1,False,True,True,True,False,False,False,True,True,True,False
FLOOD+INFRA+ARCTIC+SSA,CCBB,1427.0,396.5,1222.2,490.0,0.63,3.725,3.525,4.325,1.235813366960908,3,4,0,False,True,True,True,False,False,False,True,True,True,False
FLOOD+INFRA+ARCTIC+SSA,CCBC,1420.4,391.75,1154.2,492.25,0.63,3.725,3.525,4.325,1.2565411614550095,3,4,0,False,True,True,True,False,False,False,True,True,True,False
FLOOD+INFRA+ARCTIC+SSA,CCCA,1434.3,394.25,1189.4,462.0,0.63,3.725,3.525,4.325,1.171845275840203,3,4,1,False,True,True,True,False,False,False,True,True,True,False
FLOOD+INFRA+ARCTIC+SSA,CCCB,1417.8,389.5,1128.2,494.0,0.63,3.725,3.525,4.325,1.2682926829268293,3,4,0,False,True,True,True,False,False,False,True,True,True,False
FLOOD+INFRA+ARCTIC+SSA,CCCC,1411.1999999999998,384.75,1060.2,496.25,0.63,3.725,3.525,4.325,1.289798570500325,3,4,0,False,True,True,True,False,False,False,True,True,True,False
FLOOD+INFRA+TRANS+ENV,AAAA,1239.0,330.75,1480.0,322.5,0.7075,4.325,4.2,4.55,0.9750566893424036,4,2,4,True,True,True,True,True,True,True,True,True,True,False
FLOOD+INFRA+TRANS+ENV,AAAB,1225.0,327.0,1415.2,349.75,0.7075,4.325,4.2,4.55,1.069571865443425,4,2,3,True,True,True,True,True,True,True,True,True,True,False
FLOOD+INFRA+TRANS+ENV,AAAC,1219.4,323.25,1343.2,351.75,0.7075,4.325,4.2,4.55,1.088167053364269,4,2,3,True,True,True,True,True,True,True,True,True,True,False
FLOOD+INFRA+TRANS+ENV,AABA,1226.5,327.25,1440.4,356.25,0.7075,4.325,4.2,4.55,1.0886172650878534,4,2,3,True,True,True,True,True,True,True,True,True,True,False
FLOOD+INFRA+TRANS+ENV,AABB,1212.5,323.5,1375.6,383.5,0.7075,4.325,4.2,4.55,1.1854714064914993,4,2,2,True,True,True,True,True,True,True,True,True,True,False
FLOOD+INFRA+TRANS+ENV,AABC,1206.9,319.75,1303.6,385.5,0.7075,4.325,4.2,4.55,1.205629397967162,4,2,2,True,True,True,True,True,True,True,True,True,True,False
FLOOD+INFRA+TRANS+ENV,AACA,1221.5,323.75,1396.4,364.25,0.7075,4.325,4.2,4.55,1.125096525096525,4,2,3,True,True,True,True,True,True,True,True,True,True,False
FLOOD+INFRA+TRANS+ENV,AACB,1207.5,320.0,1331.6000000000001,391.5,0.7075,4.325,4.2,4.55,1.2234375,4,2,2,True,True,True,True,True,True,True,True,True,True,False
FLOOD+INFRA+TRANS+ENV,AACC,1201.9,316.25,1259.6000000000001,393.5,0.7075,4.325,4.2,4.55,1.2442687747035572,4,2,2,True,True,True,True,True,True,True,True,True,True,False
FLOOD+INFRA+TRANS+ENV,ABAA,1223.5,326.75,1426.0,358.75,0.7075,4.325,4.2,4.55,1.0979342004590666,4,2,3,True,True,True,True,True,True,True,True,True,True,False
FLOOD+INFRA+TRANS+ENV,ABAB,1209.5,323.0,1361.2,386.0,0.7075,4.325,4.2,4.55,1.195046439628483,4,2,2,True,True,True,True,True,True,True,True,True,True,False
FLOOD+INFRA+TRANS+ENV,ABAC,1203.9,319.25,1289.2,388.0,0.7075,4.325,4.2,4.55,1.2153484729835553,4,2,2,True,True,True,True,True,True,True,True,True,True,False
FLOOD+INFRA+TRANS+ENV,ABBA,1211.0,323.25,1386.4,392.5,0.7075,4.325,4.2,4.55,1.214230471771075,4,2,2,True,True,True,True,True,True,True,True,True,True,False
FLOOD+INFRA+TRANS+ENV,ABBB,1197.0,319.5,1321.6,419.75,0.7075,4.325,4.2,4.55,1.31377151799687,4,2,1,False,True,True,True,False,True,True,True,True,True,False
FLOOD+INFRA+TRANS+ENV,ABBC,1191.4,315.75,1249.6,421.75,0.7075,4.325,4.2,4.55,1.3357086302454473,4,2,1,False,True,True,True,False,True,True,True,True,True,False
FLOOD+INFRA+TRANS+ENV,ABCA,1206.0,319.75,1342.4,400.5,0.7075,4.325,4.2,4.55,1.2525410476935106,4,2,2,True,True,True,True,True,True,True,True,True,True,False
FLOOD+INFRA+TRANS+ENV,ABCB,1192.0,316.0,1277.6000000000001,427.75,0.7075,4.325,4.2,4.55,1.3536392405063291,4,2,1,False,True,True,True,False,True,True,True,True,True,False
FLOOD+INFRA+TRANS+ENV,ABCC,1186.4,312.25,1205.6000000000001,429.75,0.7075,4.325,4.2,4.55,1.3763010408326661,4,2,1,False,True,True,True,False,True,True,True,True,True,False
FLOOD+INFRA+TRANS+ENV,ACAA,1217.3,322.75,1366.0,365.75,0.7075,4.325,4.2,4.55,1.1332300542215337,4,2,3,True,True,True,True,True,True,True,True,True,True,False
FLOOD+INFRA+TRANS+ENV,ACAB,1203.3,319.0,1301.2,393.0,0.7075,4.325,4.2,4.55,1.2319749216300941,4,2,2,True,True,True,True,True,True,True,True,True,True,False
FLOOD+INFRA+TRANS+ENV,ACAC,1197.7,315.25,1229.2,395.0,0.7075,4.325,4.2,4.55,1.252973830293418,4,2,2,True,True,True,True,True,True,True,True,True,True,False
FLOOD+INFRA+TRANS+ENV,ACBA,1204.8,319.25,1326.4,399.5,0.7075,4.325,4.2,4.55,1.2513703993735317,4,2,2,True,True,True,True,True,True,True,True,True,True,False
FLOOD+INFRA+TRANS+ENV,ACBB,1190.8,315.5,1261.6,426.75,0.7075,4.325,4.2,4.55,1.3526148969889065,4,2,1,False,True,True,True,False,True,True,True,True,True,False
FLOOD+INFRA+TRANS+ENV,ACBC,1185.2,311.75,1189.6,428.75,0.7075,4.325,4.2,4.55,1.3753007217321571,4,2,1,False,True,True,True,False,True,True,True,True,True,False
FLOOD+INFRA+TRANS+ENV,ACCA,1199.8,315.75,1282.4,407.5,0.7075,4.325,4.2,4.55,1.290577988915281,4,2,2,True,True,True,True,True,True,True,True,True,True,False
FLOOD+INFRA+TRANS+ENV,ACCB,1185.8,312.0,1217.6000000000001,434.75,0.7075,4.325,4.2,4.55,1.3934294871794872,4,2,1,False,True,True,True,False,True,True,True,True,True,False
FLOOD+INFRA+TRANS+ENV,ACCC,1180.2,308.25,1145.6000000000001,436.75,0.7075,4.325,4.2,4.55,1.4168694241686943,4,2,1,False,True,True,True,False,True,True,True,True,True,False
FLOOD+INFRA+TRANS+ENV,BAAA,1222.0,326.25,1372.0,325.75,0.7075,4.325,4.2,4.55,0.9984674329501916,4,2,3,True,True,True,True,True,True,True,True,True,True,False
FLOOD+INFRA+TRANS+ENV,BAAB,1208.0,322.5,1307.1999999999998,353.0,0.7075,4.325,4.2,4.55,1.0945736434108526,4,2,2,True,True,True,True,True,True,True,True,True,True,False
FLOOD+INFRA+TRANS+ENV,BAAC,1202.4,318.75,1235.1999999999998,355.0,0.7075,4.325,4.2,4.55,1.1137254901960785,4,2,2,True,True,True,True,True,True,True,True,True,True,False
FLOOD+INFRA+TRANS+ENV,BABA,1209.5,322.75,1332.4,359.5,0.7075,4.325,4.2,4.55,1.1138652207591015,4,2,2,True,True,True,True,True,True,True,True,True,True,False
FLOOD+INFRA+TRANS+ENV,BABB,1195.5,319.0,1267.6,386.75,0.7075,4.325,4.2,4.55,1.2123824451410659,4,2,1,False,True,True,True,False,True,True,True,True,True,False
FLOOD+INFRA+TRANS+ENV,BABC,1189.9,315.25,1195.6,388.75,0.7075,4.325,4.2,4.55,1.2331482950039652,4,2,1,False,True,True,True,False,True,True,True,True,True,False
FLOOD+INFRA+TRANS+ENV,BACA,1204.5,319.25,1288.4,367.5,0.7075,4.325,4.2,4.55,1.1511354737666406,4,2,2,True,True,True,True,True,True,True,True,True,True,False
FLOOD+INFRA+TRANS+ENV,BACB,1190.5,315.5,1223.6,394.75,0.7075,4.325,4.2,4.55,1.251188589540412,4,2,1,False,True,True,True,False,True,True,True,True,True,False
FLOOD+INFRA+TRANS+ENV,BACC,1184.9,311.75,1151.6,396.75,0.7075,4.325,4.2,4.55,1.272654370489174,4,2,1,False,True,True,True,False,True,True,True,True,True,False
FLOOD+INFRA+TRANS+ENV,BBAA,1206.5,322.25,1318.0,362.0,0.7075,4.325,4.2,4.55,1.1233514352211016,4,2,2,True,True,True,True,True,True,True,True,True,True,False
FLOOD+INFRA+TRANS+ENV,BBAB,1192.5,318.5,1253.1999999999998,389.25,0.7075,4.325,4.2,4.55,1.2221350078492936,4,2,1,False,True,True,True,False,True,True,True,True,True,False
FLOOD+INFRA+TRANS+ENV,BBAC,1186.9,314.75,1181.1999999999998,391.25,0.7075,4.325,4.2,4.55,1.2430500397140587,4,2,1,False,True,True,True,False,True,True,True,True,True,False
FLOOD+INFRA+TRANS+ENV,BBBA,1194.0,318.75,1278.4,395.75,0.7075,4.325,4.2,4.55,1.2415686274509803,4,2,1,False,True,True,True,False,True,True,True,True,True,False
FLOOD+INFRA+TRANS+ENV,BBBB,1180.0,315.0,1213.6,423.0,0.7075,4.325,4.2,4.55,1.3428571428571427,4,2,0,False,True,True,True,False,True,True,True,True,True,False
FLOOD+INFRA+TRANS+ENV,BBBC,1174.4,311.25,1141.6,425.0,0.7075,4.325,4.2,4.55,1.3654618473895583,4,2,0,False,True,True,True,False,True,True,True,True,True,False
FLOOD+INFRA+TRANS+ENV,BBCA,1189.0,315.25,1234.4,403.75,0.7075,4.325,4.2,4.55,1.2807295796986518,4,2,1,False,True,True,True,False,True,True,True,True,True,False
FLOOD+INFRA+TRANS+ENV,BBCB,1175.0,311.5,1169.6,431.0,0.7075,4.325,4.2,4.55,1.3836276083467094,4,2,0,False,True,True,True,False,True,True,True,True,True,False
FLOOD+INFRA+TRANS+ENV,BBCC,1169.4,307.75,1097.6,433.0,0.7075,4.325,4.2,4.55,1.4069861900893583,4,2,0,False,True,True,True,False,True,True,True,True,True,False
FLOOD+INFRA+TRANS+ENV,BCAA,1200.3,318.25,1258.0,369.0,0.7075,4.325,4.2,4.55,1.159465828750982,4,2,2,True,True,True,True,True,True,True,True,True,True,False
FLOOD+INFRA+TRANS+ENV,BCAB,1186.3,314.5,1193.1999999999998,396.25,0.7075,4.325,4.2,4.55,1.2599364069952306,4,2,1,False,True,True,True,False,True,True,True,True,True,False
FLOOD+INFRA+TRANS+ENV,BCAC,1180.7,310.75,1121.1999999999998,398.25,0.7075,4.325,4.2,4.55,1.2815768302493966,4,2,1,False,True,True,True,False,True,True,True,True,True,False
FLOOD+INFRA+TRANS+ENV,BCBA,1187.8,314.75,1218.4,402.75,0.7075,4.325,4.2,4.55,1.279586973788721,4,2,1,False,True,True,True,False,True,True,True,True,True,False
FLOOD+INFRA+TRANS+ENV,BCBB,1173.8,311.0,1153.6,430.0,0.7075,4.325,4.2,4.55,1.382636655948553,4,2,0,False,True,True,True,False,True,True,True,True,True,False
FLOOD+INFRA+TRANS+ENV,BCBC,1168.2,307.25,1081.6,432.0,0.7075,4.325,4.2,4.55,1.4060211554109032,4,2,0,False,True,True,True,False,True,True,True,True,True,False
FLOOD+INFRA+TRANS+ENV,BCCA,1182.8,311.25,1174.4,410.75,0.7075,4.325,4.2,4.55,1.3196787148594378,4,2,1,False,True,True,True,False,True,True,True,True,True,False
FLOOD+INFRA+TRANS+ENV,BCCB,1168.8,307.5,1109.6,438.0,0.7075,4.325,4.2,4.55,1.424390243902439,4,2,0,False,True,True,True,False,True,True,True,True,True,False
FLOOD+INFRA+TRANS+ENV,BCCC,1163.2,303.75,1037.6,440.0,0.7075,4.325,4.2,4.55,1.448559670781893,4,2,0,False,True,True,True,False,True,True,True,True,True,False
FLOOD+INFRA+TRANS+ENV,CAAA,1215.2,321.75,1252.0,307.25,0.7075,4.325,4.2,4.55,0.9549339549339549,4,2,3,True,True,True,True,True,True,True,True,True,True,False
FLOOD+INFRA+TRANS+ENV,CAAB,1201.2,318.0,1187.2,334.5,0.7075,4.325,4.2,4.55,1.0518867924528301,4,2,2,True,True,True,True,True,True,True,True,True,True,False
FLOOD+INFRA+TRANS+ENV,CAAC,1195.6,314.25,1115.2,336.5,0.7075,4.325,4.2,4.55,1.0708035003977725,4,2,2,True,True,True,True,True,True,True,True,True,True,False
FLOOD+INFRA+TRANS+ENV,CABA,1202.7,318.25,1212.4,341.0,0.7075,4.325,4.2,4.55,1.0714846818538883,4,2,2,True,True,True,True,True,True,True,True,True,True,False
FLOOD+INFRA+TRANS+ENV,CABB,1188.7,314.5,1147.6,368.25,0.7075,4.325,4.2,4.55,1.170906200317965,4,2,1,False,True,True,True,False,True,True,True,True,True,False
FLOOD+INFRA+TRANS+ENV,CABC,1183.1,310.75,1075.6,370.25,0.7075,4.325,4.2,4.55,1.1914722445695898,4,2,1,False,True,True,True,False,True,True,True,True,True,False
FLOOD+INFRA+TRANS+ENV,CACA,1197.7,314.75,1168.4,349.0,0.7075,4.325,4.2,4.55,1.108816521048451,4,2,2,True,True,True,True,True,True,True,True,True,True,False
FLOOD+INFRA+TRANS+ENV,CACB,1183.7,311.0,1103.6000000000001,376.25,0.7075,4.325,4.2,4.55,1.209807073954984,4,2,1,False,True,True,True,False,True,True,True,True,True,False
FLOOD+INFRA+TRANS+ENV,CACC,1178.1,307.25,1031.6000000000001,378.25,0.7075,4.325,4.2,4.55,1.2310821806346623,4,2,1,False,True,True,True,False,True,True,True,True,True,False
FLOOD+INFRA+TRANS+ENV,CBAA,1199.7,317.75,1198.0,343.5,0.7075,4.325,4.2,4.55,1.081038552321007,4,2,2,True,True,True,True,True,True,True,True,True,True,False
FLOOD+INFRA+TRANS+ENV,CBAB,1185.7,314.0,1133.2,370.75,0.7075,4.325,4.2,4.55,1.180732484076433,4,2,1,False,True,True,True,False,True,True,True,True,True,False
FLOOD+INFRA+TRANS+ENV,CBAC,1180.1,310.25,1061.2,372.75,0.7075,4.325,4.2,4.55,1.201450443190975,4,2,1,False,True,True,True,False,True,True,True,True,True,False
FLOOD+INFRA+TRANS+ENV,CBBA,1187.2,314.25,1158.4,377.25,0.7075,4.325,4.2,4.55,1.2004773269689737,4,2,1,False,True,True,True,False,True,True,True,True,True,False
FLOOD+INFRA+TRANS+ENV,CBBB,1173.2,310.5,1093.6,404.5,0.7075,4.325,4.2,4.55,1.3027375201288245,4,2,0,False,True,True,True,False,True,True,True,True,True,False
FLOOD+INFRA+TRANS+ENV,CBBC,1167.6,306.75,1021.6,406.5,0.7075,4.325,4.2,4.55,1.3251833740831296,4,2,0,False,True,True,True,False,True,True,True,True,True,False
FLOOD+INFRA+TRANS+ENV,CBCA,1182.2,310.75,1114.4,385.25,0.7075,4.325,4.2,4.55,1.239742558326629,4,2,1,False,True,True,True,False,True,True,True,True,True,False
FLOOD+INFRA+TRANS+ENV,CBCB,1168.2,307.0,1049.6000000000001,412.5,0.7075,4.325,4.2,4.55,1.3436482084690553,4,2,0,False,True,True,True,False,True,True,True,True,True,False
FLOOD+INFRA+TRANS+ENV,CBCC,1162.6,303.25,977.6,414.5,0.7075,4.325,4.2,4.55,1.366859027205276,4,2,0,False,True,True,True,False,True,True,False,True,True,False
FLOOD+INFRA+TRANS+ENV,CCAA,1193.5,313.75,1138.0,350.5,0.7075,4.325,4.2,4.55,1.1171314741035856,4,2,2,True,True,True,True,True,True,True,True,True,True,False
FLOOD+INFRA+TRANS+ENV,CCAB,1179.5,310.0,1073.2,377.75,0.7075,4.325,4.2,4.55,1.2185483870967742,4,2,1,False,True,True,True,False,True,True,True,True,True,False
FLOOD+INFRA+TRANS+ENV,CCAC,1173.8999999999999,306.25,1001.2,379.75,0.7075,4.325,4.2,4.55,1.24,4,2,1,False,True,True,True,False,True,True,True,True,True,False
FLOOD+INFRA+TRANS+ENV,CCBA,1181.0,310.25,1098.4,384.25,0.7075,4.325,4.2,4.55,1.2385173247381145,4,2,1,False,True,True,True,False,True,True,True,True,True,False
FLOOD+INFRA+TRANS+ENV,CCBB,1167.0,306.5,1033.6,411.5,0.7075,4.325,4.2,4.55,1.3425774877650898,4,2,0,False,True,True,True,False,True,True,True,True,True,False
FLOOD+INFRA+TRANS+ENV,CCBC,1161.3999999999999,302.75,961.6,413.5,0.7075,4.325,4.2,4.55,1.365813377374071,4,2,0,False,True,True,True,False,True,True,False,True,True,False
FLOOD+INFRA+TRANS+ENV,CCCA,1176.0,306.75,1054.4,392.25,0.7075,4.325,4.2,4.55,1.2787286063569683,4,2,1,False,True,True,True,False,True,True,True,True,True,False
FLOOD+INFRA+TRANS+ENV,CCCB,1162.0,303.0,989.6,419.5,0.7075,4.325,4.2,4.55,1.3844884488448845,4,2,0,False,True,True,True,False,True,True,False,True,True,False
FLOOD+INFRA+TRANS+ENV,CCCC,1156.3999999999999,299.25,917.6,421.5,0.7075,4.325,4.2,4.55,1.4085213032581454,4,2,0,False,True,True,True,False,True,True,False,True,True,False
FLOOD+INFRA+TRANS+SSA,AAAA,1291.5,351.75,1460.0,336.25,0.685,4.125,3.925,4.6000000000000005,0.9559346126510305,3,3,4,True,True,True,True,True,True,True,True,True,True,False
FLOOD+INFRA+TRANS+SSA,AAAB,1275.0,347.0,1398.8,368.25,0.685,4.125,3.925,4.6000000000000005,1.0612391930835734,3,3,3,True,True,True,True,True,True,True,True,True,True,False
FLOOD+INFRA+TRANS+SSA,AAAC,1268.4,342.25,1330.8,370.5,0.685,4.125,3.925,4.6000000000000005,1.0825420014609204,3,3,3,True,True,True,True,True,True,True,True,True,True,False
FLOOD+INFRA+TRANS+SSA,AABA,1279.0,348.25,1420.4,370.0,0.685,4.125,3.925,4.6000000000000005,1.0624551328068916,3,3,3,True,True,True,True,True,True,True,True,True,True,False
FLOOD+INFRA+TRANS+SSA,AABB,1262.5,343.5,1359.1999999999998,402.0,0.685,4.125,3.925,4.6000000000000005,1.1703056768558953,3,3,2,True,True,True,True,True,True,True,True,True,True,False
FLOOD+INFRA+TRANS+SSA,AABC,1255.9,338.75,1291.1999999999998,404.25,0.685,4.125,3.925,4.6000000000000005,1.1933579335793358,3,3,2,True,True,True,True,True,True,True,True,True,True,False
FLOOD+INFRA+TRANS+SSA,AACA,1274.0,344.75,1376.4,378.0,0.685,4.125,3.925,4.6000000000000005,1.0964467005076142,3,3,3,True,True,True,True,True,True,True,True,True,True,False
FLOOD+INFRA+TRANS+SSA,AACB,1257.5,340.0,1315.2,410.0,0.685,4.125,3.925,4.6000000000000005,1.2058823529411764,3,3,2,True,True,True,True,True,True,True,True,True,True,False
FLOOD+INFRA+TRANS+SSA,AACC,1250.9,335.25,1247.2,412.25,0.685,4.125,3.925,4.6000000000000005,1.2296793437733036,3,3,2,True,True,True,True,True,True,True,True,True,True,False
FLOOD+INFRA+TRANS+SSA,ABAA,1276.0,347.75,1406.0,372.5,0.685,4.125,3.925,4.6000000000000005,1.0711718188353703,3,3,3,True,True,True,True,True,True,True,True,True,True,False
FLOOD+INFRA+TRANS+SSA,ABAB,1259.5,343.0,1344.8,404.5,0.685,4.125,3.925,4.6000000000000005,1.1793002915451896,3,3,2,True,True,True,True,True,True,True,True,True,True,False
FLOOD+INFRA+TRANS+SSA,ABAC,1252.9,338.25,1276.8,406.75,0.685,4.125,3.925,4.6000000000000005,1.2025129342202512,3,3,2,True,True,True,True,True,True,True,True,True,True,False
FLOOD+INFRA+TRANS+SSA,ABBA,1263.5,344.25,1366.4,406.25,0.685,4.125,3.925,4.6000000000000005,1.1801016702977487,3,3,2,True,True,True,True,True,True,True,True,True,True,False
FLOOD+INFRA+TRANS+SSA,ABBB,1247.0,339.5,1305.1999999999998,438.25,0.685,4.125,3.925,4.6000000000000005,1.2908689248895435,3,3,1,False,True,True,True,False,True,True,True,True,True,False
FLOOD+INFRA+TRANS+SSA,ABBC,1240.4,334.75,1237.1999999999998,440.5,0.685,4.125,3.925,4.6000000000000005,1.3159073935772965,3,3,1,False,True,True,True,False,True,True,True,True,True,False
FLOOD+INFRA+TRANS+SSA,ABCA,1258.5,340.75,1322.4,414.25,0.685,4.125,3.925,4.6000000000000005,1.2157006603081437,3,3,2,True,True,True,True,True,True,True,True,True,True,False
FLOOD+INFRA+TRANS+SSA,ABCB,1242.0,336.0,1261.2,446.25,0.685,4.125,3.925,4.6000000000000005,1.328125,3,3,1,False,True,True,True,False,True,True,True,True,True,False
FLOOD+INFRA+TRANS+SSA,ABCC,1235.4,331.25,1193.2,448.5,0.685,4.125,3.925,4.6000000000000005,1.3539622641509435,3,3,1,False,True,True,True,False,True,True,True,True,True,False
FLOOD+INFRA+TRANS+SSA,ACAA,1269.8,343.75,1346.0,379.5,0.685,4.125,3.925,4.6000000000000005,1.104,3,3,3,True,True,True,True,True,True,True,True,True,True,False
FLOOD+INFRA+TRANS+SSA,ACAB,1253.3,339.0,1284.8,411.5,0.685,4.125,3.925,4.6000000000000005,1.2138643067846608,3,3,2,True,True,True,True,True,True,True,True,True,True,False
FLOOD+INFRA+TRANS+SSA,ACAC,1246.6999999999998,334.25,1216.8,413.75,0.685,4.125,3.925,4.6000000000000005,1.237845923709798,3,3,2,True,True,True,True,True,True,True,True,True,True,False
FLOOD+INFRA+TRANS+SSA,ACBA,1257.3,340.25,1306.4,413.25,0.685,4.125,3.925,4.6000000000000005,1.2145481263776634,3,3,2,True,True,True,True,True,True,True,True,True,True,False
FLOOD+INFRA+TRANS+SSA,ACBB,1240.8,335.5,1245.1999999999998,445.25,0.685,4.125,3.925,4.6000000000000005,1.327123695976155,3,3,1,False,True,True,True,False,True,True,True,True,True,False
FLOOD+INFRA+TRANS+SSA,ACBC,1234.1999999999998,330.75,1177.1999999999998,447.5,0.685,4.125,3.925,4.6000000000000005,1.3529856386999244,3,3,1,False,True,True,True,False,True,True,True,True,True,False
FLOOD+INFRA+TRANS+SSA,ACCA,1252.3,336.75,1262.4,421.25,0.685,4.125,3.925,4.6000000000000005,1.250927988121752,3,3,2,True,True,True,True,True,True,True,True,True,True,False
FLOOD+INFRA+TRANS+SSA,ACCB,1235.8,332.0,1201.2,453.25,0.685,4.125,3.925,4.6000000000000005,1.365210843373494,3,3,1,False,True,True,True,False,True,True,True,True,True,False
FLOOD+INFRA+TRANS+SSA,ACCC,1229.1999999999998,327.25,1133.2,455.5,0.685,4.125,3.925,4.6000000000000005,1.3919022154316272,3,3,1,False,True,True,True,False,True,True,True,True,True,False
FLOOD+INFRA+TRANS+SSA,BAAA,1274.5,347.25,1352.0,339.5,0.685,4.125,3.925,4.6000000000000005,0.9776817854571634,3,3,3,True,True,True,True,True,True,True,True,True,True,False
FLOOD+INFRA+TRANS+SSA,BAAB,1258.0,342.5,1290.8,371.5,0.685,4.125,3.925,4.6000000000000005,1.0846715328467154,3,3,2,True,True,True,True,True,True,True,True,True,True,False
FLOOD+INFRA+TRANS+SSA,BAAC,1251.4,337.75,1222.8,373.75,0.685,4.125,3.925,4.6000000000000005,1.1065877128053294,3,3,2,True,True,True,True,True,True,True,True,True,True,False
FLOOD+INFRA+TRANS+SSA,BABA,1262.0,343.75,1312.4,373.25,0.685,4.125,3.925,4.6000000000000005,1.0858181818181818,3,3,2,True,True,True,True,True,True,True,True,True,True,False
FLOOD+INFRA+TRANS+SSA,BABB,1245.5,339.0,1251.1999999999998,405.25,0.685,4.125,3.925,4.6000000000000005,1.1954277286135693,3,3,1,False,True,True,True,False,True,True,True,True,True,False
FLOOD+INFRA+TRANS+SSA,BABC,1238.9,334.25,1183.1999999999998,407.5,0.685,4.125,3.925,4.6000000000000005,1.219147344801795,3,3,1,False,True,True,True,False,True,True,True,True,True,False
FLOOD+INFRA+TRANS+SSA,BACA,1257.0,340.25,1268.4,381.25,0.685,4.125,3.925,4.6000000000000005,1.1204996326230712,3,3,2,True,True,True,True,True,True,True,True,True,True,False
FLOOD+INFRA+TRANS+SSA,BACB,1240.5,335.5,1207.2,413.25,0.685,4.125,3.925,4.6000000000000005,1.2317436661698957,3,3,1,False,True,True,True,False,True,True,True,True,True,False
FLOOD+INFRA+TRANS+SSA,BACC,1233.9,330.75,1139.2,415.5,0.685,4.125,3.925,4.6000000000000005,1.256235827664399,3,3,1,False,True,True,True,False,True,True,True,True,True,False
FLOOD+INFRA+TRANS+SSA,BBAA,1259.0,343.25,1298.0,375.75,0.685,4.125,3.925,4.6000000000000005,1.0946831755280408,3,3,2,True,True,True,True,True,True,True,True,True,True,False
FLOOD+INFRA+TRANS+SSA,BBAB,1242.5,338.5,1236.8,407.75,0.685,4.125,3.925,4.6000000000000005,1.2045790251107829,3,3,1,False,True,True,True,False,True,True,True,True,True,False
FLOOD+INFRA+TRANS+SSA,BBAC,1235.9,333.75,1168.8,410.0,0.685,4.125,3.925,4.6000000000000005,1.2284644194756553,3,3,1,False,True,True,True,False,True,True,True,True,True,False
FLOOD+INFRA+TRANS+SSA,BBBA,1246.5,339.75,1258.4,409.5,0.685,4.125,3.925,4.6000000000000005,1.205298013245033,3,3,1,False,True,True,True,False,True,True,True,True,True,False
FLOOD+INFRA+TRANS+SSA,BBBB,1230.0,335.0,1197.1999999999998,441.5,0.685,4.125,3.925,4.6000000000000005,1.317910447761194,3,3,0,False,True,True,True,False,True,True,True,True,True,False
FLOOD+INFRA+TRANS+SSA,BBBC,1223.4,330.25,1129.1999999999998,443.75,0.685,4.125,3.925,4.6000000000000005,1.3436790310370932,3,3,0,False,True,True,True,False,True,True,True,True,True,False
FLOOD+INFRA+TRANS+SSA,BBCA,1241.5,336.25,1214.4,417.5,0.685,4.125,3.925,4.6000000000000005,1.241635687732342,3,3,1,False,True,True,True,False,True,True,True,True,True,False
FLOOD+INFRA+TRANS+SSA,BBCB,1225.0,331.5,1153.2,449.5,0.685,4.125,3.925,4.6000000000000005,1.3559577677224737,3,3,0,False,True,True,True,False,True,True,True,True,True,False
FLOOD+INFRA+TRANS+SSA,BBCC,1218.4,326.75,1085.2,451.75,0.685,4.125,3.925,4.6000000000000005,1.3825554705432288,3,3,0,False,True,True,True,False,True,True,True,True,True,False
FLOOD+INFRA+TRANS+SSA,BCAA,1252.8,339.25,1238.0,382.75,0.685,4.125,3.925,4.6000000000000005,1.1282240235814296,3,3,2,True,True,True,True,True,True,True,True,True,True,False
FLOOD+INFRA+TRANS+SSA,BCAB,1236.3,334.5,1176.8,414.75,0.685,4.125,3.925,4.6000000000000005,1.2399103139013452,3,3,1,False,True,True,True,False,True,True,True,True,True,False
FLOOD+INFRA+TRANS+SSA,BCAC,1229.6999999999998,329.75,1108.8,417.0,0.685,4.125,3.925,4.6000000000000005,1.2645943896891585,3,3,1,False,True,True,True,False,True,True,True,True,True,False
FLOOD+INFRA+TRANS+SSA,BCBA,1240.3,335.75,1198.4,416.5,0.685,4.125,3.925,4.6000000000000005,1.240506329113924,3,3,1,False,True,True,True,False,True,True,True,True,True,False
FLOOD+INFRA+TRANS+SSA,BCBB,1223.8,331.0,1137.1999999999998,448.5,0.685,4.125,3.925,4.6000000000000005,1.3549848942598188,3,3,0,False,True,True,True,False,True,True,True,True,True,False
FLOOD+INFRA+TRANS+SSA,BCBC,1217.1999999999998,326.25,1069.1999999999998,450.75,0.685,4.125,3.925,4.6000000000000005,1.3816091954022989,3,3,0,False,True,True,True,False,True,True,True,True,True,False
FLOOD+INFRA+TRANS+SSA,BCCA,1235.3,332.25,1154.4,424.5,0.685,4.125,3.925,4.6000000000000005,1.2776523702031604,3,3,1,False,True,True,True,False,True,True,True,True,True,False
FLOOD+INFRA+TRANS+SSA,BCCB,1218.8,327.5,1093.2,456.5,0.685,4.125,3.925,4.6000000000000005,1.3938931297709924,3,3,0,False,True,True,True,False,True,True,True,True,True,False
FLOOD+INFRA+TRANS+SSA,BCCC,1212.1999999999998,322.75,1025.2,458.75,0.685,4.125,3.925,4.6000000000000005,1.4213787761425252,3,3,0,False,True,True,True,False,True,True,True,True,True,False
FLOOD+INFRA+TRANS+SSA,CAAA,1267.7,342.75,1232.0,321.0,0.685,4.125,3.925,4.6000000000000005,0.936542669584245,3,3,3,True,True,True,True,True,True,True,True,True,True,False
FLOOD+INFRA+TRANS+SSA,CAAB,1251.2,338.0,1170.8,353.0,0.685,4.125,3.925,4.6000000000000005,1.044378698224852,3,3,2,True,True,True,True,True,True,True,True,True,True,False
FLOOD+INFRA+TRANS+SSA,CAAC,1244.6,333.25,1102.8,355.25,0.685,4.125,3.925,4.6000000000000005,1.0660165041260314,3,3,2,True,True,True,True,True,True,True,True,True,True,False
FLOOD+INFRA+TRANS+SSA,CABA,1255.2,339.25,1192.4,354.75,0.685,4.125,3.925,4.6000000000000005,1.0456890198968312,3,3,2,True,True,True,True,True,True,True,True,True,True,False
FLOOD+INFRA+TRANS+SSA,CABB,1238.7,334.5,1131.1999999999998,386.75,0.685,4.125,3.925,4.6000000000000005,1.156203288490284,3,3,1,False,True,True,True,False,True,True,True,True,True,False
FLOOD+INFRA+TRANS+SSA,CABC,1232.1,329.75,1063.1999999999998,389.0,0.685,4.125,3.925,4.6000000000000005,1.1796815769522366,3,3,1,False,True,True,True,False,True,True,True,True,True,False
FLOOD+INFRA+TRANS+SSA,CACA,1250.2,335.75,1148.4,362.75,0.685,4.125,3.925,4.6000000000000005,1.0804169769173493,3,3,2,True,True,True,True,True,True,True,True,True,True,False
FLOOD+INFRA+TRANS+SSA,CACB,1233.7,331.0,1087.2,394.75,0.685,4.125,3.925,4.6000000000000005,1.1925981873111782,3,3,1,False,True,True,True,False,True,True,True,True,True,False
FLOOD+INFRA+TRANS+SSA,CACC,1227.1,326.25,1019.1999999999999,397.0,0.685,4.125,3.925,4.6000000000000005,1.2168582375478927,3,3,1,False,True,True,True,False,True,True,True,True,True,False
FLOOD+INFRA+TRANS+SSA,CBAA,1252.2,338.75,1178.0,357.25,0.685,4.125,3.925,4.6000000000000005,1.0546125461254612,3,3,2,True,True,True,True,True,True,True,True,True,True,False
FLOOD+INFRA+TRANS+SSA,CBAB,1235.7,334.0,1116.8,389.25,0.685,4.125,3.925,4.6000000000000005,1.1654191616766467,3,3,1,False,True,True,True,False,True,True,True,True,True,False
FLOOD+INFRA+TRANS+SSA,CBAC,1229.1,329.25,1048.8,391.5,0.685,4.125,3.925,4.6000000000000005,1.1890660592255125,3,3,1,False,True,True,True,False,True,True,True,True,True,False
FLOOD+INFRA+TRANS+SSA,CBBA,1239.7,335.25,1138.4,391.0,0.685,4.125,3.925,4.6000000000000005,1.1662938105891125,3,3,1,False,True,True,True,False,True,True,True,True,True,False
FLOOD+INFRA+TRANS+SSA,CBBB,1223.2,330.5,1077.1999999999998,423.0,0.685,4.125,3.925,4.6000000000000005,1.2798789712556733,3,3,0,False,True,True,True,False,True,True,True,True,True,False
FLOOD+INFRA+TRANS+SSA,CBBC,1216.6,325.75,1009.1999999999999,425.25,0.685,4.125,3.925,4.6000000000000005,1.3054489639293938,3,3,0,False,True,True,True,False,True,True,True,True,True,False
FLOOD+INFRA+TRANS+SSA,CBCA,1234.7,331.75,1094.4,399.0,0.685,4.125,3.925,4.6000000000000005,1.2027128862094951,3,3,1,False,True,True,True,False,True,True,True,True,True,False
FLOOD+INFRA+TRANS+SSA,CBCB,1218.2,327.0,1033.2,431.0,0.685,4.125,3.925,4.6000000000000005,1.3180428134556574,3,3,0,False,True,True,True,False,True,True,True,True,True,False
FLOOD+INFRA+TRANS+SSA,CBCC,1211.6,322.25,965.1999999999999,433.25,0.685,4.125,3.925,4.6000000000000005,1.3444530643910009,3,3,0,False,True,True,True,False,True,True,False,True,True,False
FLOOD+INFRA+TRANS+SSA,CCAA,1246.0,334.75,1118.0,364.25,0.685,4.125,3.925,4.6000000000000005,1.0881254667662434,3,3,2,True,True,True,True,True,True,True,True,True,True,False
FLOOD+INFRA+TRANS+SSA,CCAB,1229.5,330.0,1056.8,396.25,0.685,4.125,3.925,4.6000000000000005,1.2007575757575757,3,3,1,False,True,True,True,False,True,True,True,True,True,False
FLOOD+INFRA+TRANS+SSA,CCAC,1222.9,325.25,988.8,398.5,0.685,4.125,3.925,4.6000000000000005,1.2252113758647194,3,3,1,False,True,True,True,False,True,True,False,True,True,False
FLOOD+INFRA+TRANS+SSA,CCBA,1233.5,331.25,1078.4,398.0,0.685,4.125,3.925,4.6000000000000005,1.201509433962264,3,3,1,False,True,True,True,False,True,True,True,True,True,False
FLOOD+INFRA+TRANS+SSA,CCBB,1217.0,326.5,1017.1999999999999,430.0,0.685,4.125,3.925,4.6000000000000005,1.3169984686064318,3,3,0,False,True,True,True,False,True,True,True,True,True,False
FLOOD+INFRA+TRANS+SSA,CCBC,1210.4,321.75,949.1999999999999,432.25,0.685,4.125,3.925,4.6000000000000005,1.3434343434343434,3,3,0,False,True,True,True,False,True,True,False,True,True,False
FLOOD+INFRA+TRANS+SSA,CCCA,1228.5,327.75,1034.4,406.0,0.685,4.125,3.925,4.6000000000000005,1.238749046529367,3,3,1,False,True,True,True,False,True,True,True,True,True,False
FLOOD+INFRA+TRANS+SSA,CCCB,1212.0,323.0,973.1999999999999,438.0,0.685,4.125,3.925,4.6000000000000005,1.3560371517027863,3,3,0,False,True,True,True,False,True,True,False,True,True,False
FLOOD+INFRA+TRANS+SSA,CCCC,1205.4,318.25,905.1999999999999,440.25,0.685,4.125,3.925,4.6000000000000005,1.3833464257659074,3,3,0,False,True,True,True,False,True,True,False,True,True,False
FLOOD+INFRA+ENV+SSA,AAAA,1323.0,357.0,1600.0,343.75,0.675,4.025,3.875,4.6,0.9628851540616247,3,3,4,False,True,True,True,True,False,True,True,True,True,False
FLOOD+INFRA+ENV+SSA,AAAB,1306.5,352.25,1538.8,375.75,0.675,4.025,3.875,4.6,1.0667139815471967,3,3,3,False,True,True,True,True,False,True,True,True,True,False
FLOOD+INFRA+ENV+SSA,AAAC,1299.9,347.5,1470.8,378.0,0.675,4.025,3.875,4.6,1.087769784172662,3,3,3,True,True,True,True,True,True,True,True,True,True,False
FLOOD+INFRA+ENV+SSA,AABA,1309.0,353.25,1535.2,371.0,0.675,4.025,3.875,4.6,1.0502476999292285,3,3,3,False,True,True,True,True,False,True,True,True,True,False
FLOOD+INFRA+ENV+SSA,AABB,1292.5,348.5,1474.0,403.0,0.675,4.025,3.875,4.6,1.156384505021521,3,3,2,True,True,True,True,True,True,True,True,True,True,False
FLOOD+INFRA+ENV+SSA,AABC,1285.9,343.75,1406.0,405.25,0.675,4.025,3.875,4.6,1.178909090909091,3,3,2,True,True,True,True,True,True,True,True,True,True,False
FLOOD+INFRA+ENV+SSA,AACA,1303.4,349.5,1463.2,373.0,0.675,4.025,3.875,4.6,1.067238912732475,3,3,3,False,True,True,True,True,False,True,True,True,True,False
FLOOD+INFRA+ENV+SSA,AACB,1286.9,344.75,1402.0,405.0,0.675,4.025,3.875,4.6,1.1747643219724437,3,3,2,True,True,True,True,True,True,True,True,True,True,False
FLOOD+INFRA+ENV+SSA,AACC,1280.3,340.0,1334.0,407.25,0.675,4.025,3.875,4.6,1.1977941176470588,3,3,2,True,True,True,True,True,True,True,True,True,True,False
FLOOD+INFRA+ENV+SSA,ABAA,1307.5,353.0,1546.0,380.0,0.675,4.025,3.875,4.6,1.0764872521246458,3,3,3,False,True,True,True,True,False,True,True,True,True,False
FLOOD+INFRA+ENV+SSA,ABAB,1291.0,348.25,1484.8,412.0,0.675,4.025,3.875,4.6,1.1830581478822686,3,3,2,True,True,True,True,True,True,True,True,True,True,False
FLOOD+INFRA+ENV+SSA,ABAC,1284.4,343.5,1416.8,414.25,0.675,4.025,3.875,4.6,1.2059679767103348,3,3,2,True,True,True,True,True,True,True,True,True,True,False
FLOOD+INFRA+ENV+SSA,ABBA,1293.5,349.25,1481.2,407.25,0.675,4.025,3.875,4.6,1.166070150322119,3,3,2,True,True,True,True,True,True,True,True,True,True,False
FLOOD+INFRA+ENV+SSA,ABBB,1277.0,344.5,1420.0,439.25,0.675,4.025,3.875,4.6,1.2750362844702468,3,3,1,False,True,True,True,False,True,True,True,True,True,False
FLOOD+INFRA+ENV+SSA,ABBC,1270.4,339.75,1352.0,441.5,0.675,4.025,3.875,4.6,1.2994849153789552,3,3,1,False,True,True,True,False,True,True,True,True,True,False
FLOOD+INFRA+ENV+SSA,ABCA,1287.9,345.5,1409.2,409.25,0.675,4.025,3.875,4.6,1.1845151953690305,3,3,2,True,True,True,True,True,True,True,True,True,True,False
FLOOD+INFRA+ENV+SSA,ABCB,1271.4,340.75,1348.0,441.25,0.675,4.025,3.875,4.6,1.2949376375641966,3,3,1,False,True,True,True,False,True,True,True,True,True,False
FLOOD+INFRA+ENV+SSA,ABCC,1264.8,336.0,1280.0,443.5,0.675,4.025,3.875,4.6,1.3199404761904763,3,3,1,False,True,True,True,False,True,True,True,True,True,False
FLOOD+INFRA+ENV+SSA,ACAA,1301.3,349.0,1486.0,387.0,0.675,4.025,3.875,4.6,1.1088825214899714,3,3,3,False,True,True,True,True,False,True,True,True,True,False
FLOOD+INFRA+ENV+SSA,ACAB,1284.8,344.25,1424.8,419.0,0.675,4.025,3.875,4.6,1.2171387073347857,3,3,2,True,True,True,True,True,True,True,True,True,True,False
FLOOD+INFRA+ENV+SSA,ACAC,1278.1999999999998,339.5,1356.8,421.25,0.675,4.025,3.875,4.6,1.2407952871870398,3,3,2,True,True,True,True,True,True,True,True,True,True,False
FLOOD+INFRA+ENV+SSA,ACBA,1287.3,345.25,1421.2,414.25,0.675,4.025,3.875,4.6,1.1998551774076756,3,3,2,True,True,True,True,True,True,True,True,True,True,False
FLOOD+INFRA+ENV+SSA,ACBB,1270.8,340.5,1360.0,446.25,0.675,4.025,3.875,4.6,1.3105726872246697,3,3,1,False,True,True,True,False,True,True,True,True,True,False
FLOOD+INFRA+ENV+SSA,ACBC,1264.1999999999998,335.75,1292.0,448.5,0.675,4.025,3.875,4.6,1.3358153387937453,3,3,1,False,True,True,True,False,True,True,True,True,True,False
FLOOD+INFRA+ENV+SSA,ACCA,1281.7,341.5,1349.2,416.25,0.675,4.025,3.875,4.6,1.218887262079063,3,3,2,True,True,True,True,True,True,True,True,True,True,False
FLOOD+INFRA+ENV+SSA,ACCB,1265.2,336.75,1288.0,448.25,0.675,4.025,3.875,4.6,1.3311061618411284,3,3,1,False,True,True,True,False,True,True,True,True,True,False
FLOOD+INFRA+ENV+SSA,ACCC,1258.6,332.0,1220.0,450.5,0.675,4.025,3.875,4.6,1.3569277108433735,3,3,1,False,True,True,True,False,True,True,True,True,True,False
FLOOD+INFRA+ENV+SSA,BAAA,1306.0,352.5,1492.0,347.0,0.675,4.025,3.875,4.6,0.9843971631205674,3,3,3,False,True,True,True,True,False,True,True,True,True,False
FLOOD+INFRA+ENV+SSA,BAAB,1289.5,347.75,1430.8,379.0,0.675,4.025,3.875,4.6,1.089863407620417,3,3,2,True,True,True,True,True,True,True,True,True,True,False
FLOOD+INFRA+ENV+SSA,BAAC,1282.9,343.0,1362.8,381.25,0.675,4.025,3.875,4.6,1.1115160349854227,3,3,2,True,True,True,True,True,True,True,True,True,True,False
FLOOD+INFRA+ENV+SSA,BABA,1292.0,348.75,1427.1999999999998,374.25,0.675,4.025,3.875,4.6,1.0731182795698924,3,3,2,True,True,True,True,True,True,True,True,True,True,False
FLOOD+INFRA+ENV+SSA,BABB,1275.5,344.0,1365.9999999999998,406.25,0.675,4.025,3.875,4.6,1.1809593023255813,3,3,1,False,True,True,True,False,True,True,True,True,True,False
FLOOD+INFRA+ENV+SSA,BABC,1268.9,339.25,1297.9999999999998,408.5,0.675,4.025,3.875,4.6,1.2041267501842299,3,3,1,False,True,True,True,False,True,True,True,True,True,False
FLOOD+INFRA+ENV+SSA,BACA,1286.4,345.0,1355.1999999999998,376.25,0.675,4.025,3.875,4.6,1.0905797101449275,3,3,2,True,True,True,True,True,True,True,True,True,True,False
FLOOD+INFRA+ENV+SSA,BACB,1269.9,340.25,1294.0,408.25,0.675,4.025,3.875,4.6,1.1998530492285084,3,3,1,False,True,True,True,False,True,True,True,True,True,False
FLOOD+INFRA+ENV+SSA,BACC,1263.3,335.5,1226.0,410.5,0.675,4.025,3.875,4.6,1.2235469448584202,3,3,1,False,True,True,True,False,True,True,True,True,True,False
FLOOD+INFRA+ENV+SSA,BBAA,1290.5,348.5,1438.0,383.25,0.675,4.025,3.875,4.6,1.0997130559540889,3,3,2,True,True,True,True,True,True,True,True,True,True,False
FLOOD+INFRA+ENV+SSA,BBAB,1274.0,343.75,1376.8,415.25,0.675,4.025,3.875,4.6,1.208,3,3,1,False,True,True,True,False,True,True,True,True,True,False
FLOOD+INFRA+ENV+SSA,BBAC,1267.4,339.0,1308.8,417.5,0.675,4.025,3.875,4.6,1.2315634218289087,3,3,1,False,True,True,True,False,True,True,True,True,True,False
FLOOD+INFRA+ENV+SSA,BBBA,1276.5,344.75,1373.1999999999998,410.5,0.675,4.025,3.875,4.6,1.1907179115300943,3,3,1,False,True,True,True,False,True,True,True,True,True,False
FLOOD+INFRA+ENV+SSA,BBBB,1260.0,340.0,1311.9999999999998,442.5,0.675,4.025,3.875,4.6,1.3014705882352942,3,3,0,False,True,True,True,False,True,True,True,True,True,False
FLOOD+INFRA+ENV+SSA,BBBC,1253.4,335.25,1243.9999999999998,444.75,0.675,4.025,3.875,4.6,1.3266219239373602,3,3,0,False,True,True,True,False,True,True,True,True,True,False
FLOOD+INFRA+ENV+SSA,BBCA,1270.9,341.0,1301.1999999999998,412.5,0.675,4.025,3.875,4.6,1.2096774193548387,3,3,1,False,True,True,True,False,True,True,True,True,True,False
FLOOD+INFRA+ENV+SSA,BBCB,1254.4,336.25,1240.0,444.5,0.675,4.025,3.875,4.6,1.3219330855018587,3,3,0,False,True,True,True,False,True,True,True,True,True,False
FLOOD+INFRA+ENV+SSA,BBCC,1247.8,331.5,1172.0,446.75,0.675,4.025,3.875,4.6,1.347662141779789,3,3,0,False,True,True,True,False,True,True,True,True,True,False
FLOOD+INFRA+ENV+SSA,BCAA,1284.3,344.5,1378.0,390.25,0.675,4.025,3.875,4.6,1.132801161103048,3,3,2,True,True,True,True,True,True,True,True,True,True,False
FLOOD+INFRA+ENV+SSA,BCAB,1267.8,339.75,1316.8,422.25,0.675,4.025,3.875,4.6,1.2428256070640176,3,3,1,False,True,True,True,False,True,True,True,True,True,False
FLOOD+INFRA+ENV+SSA,BCAC,1261.1999999999998,335.0,1248.8,424.5,0.675,4.025,3.875,4.6,1.2671641791044777,3,3,1,False,True,True,True,False,True,True,True,True,True,False
FLOOD+INFRA+ENV+SSA,BCBA,1270.3,340.75,1313.1999999999998,417.5,0.675,4.025,3.875,4.6,1.2252384446074835,3,3,1,False,True,True,True,False,True,True,True,True,True,False
FLOOD+INFRA+ENV+SSA,BCBB,1253.8,336.0,1252.0,449.5,0.675,4.025,3.875,4.6,1.337797619047619,3,3,0,False,True,True,True,False,True,True,True,True,True,False
FLOOD+INFRA+ENV+SSA,BCBC,1247.1999999999998,331.25,1184.0,451.75,0.675,4.025,3.875,4.6,1.3637735849056605,3,3,0,False,True,True,True,False,True,True,True,True,True,False
FLOOD+INFRA+ENV+SSA,BCCA,1264.7,337.0,1241.1999999999998,419.5,0.675,4.025,3.875,4.6,1.2448071216617211,3,3,1,False,True,True,True,False,True,True,True,True,True,False
FLOOD+INFRA+ENV+SSA,BCCB,1248.2,332.25,1180.0,451.5,0.675,4.025,3.875,4.6,1.3589164785553047,3,3,0,False,True,True,True,False,True,True,True,True,True,False
FLOOD+INFRA+ENV+SSA,BCCC,1241.6,327.5,1112.0,453.75,0.675,4.025,3.875,4.6,1.3854961832061068,3,3,0,False,True,True,True,False,True,True,True,True,True,False
FLOOD+INFRA+ENV+SSA,CAAA,1299.2,348.0,1372.0,328.5,0.675,4.025,3.875,4.6,0.9439655172413793,3,3,3,True,True,True,True,True,True,True,True,True,True,False
FLOOD+INFRA+ENV+SSA,CAAB,1282.7,343.25,1310.8,360.5,0.675,4.025,3.875,4.6,1.0502549162418062,3,3,2,True,True,True,True,True,True,True,True,True,True,False
FLOOD+INFRA+ENV+SSA,CAAC,1276.1,338.5,1242.8,362.75,0.675,4.025,3.875,4.6,1.0716395864106352,3,3,2,True,True,True,True,True,True,True,True,True,True,False
FLOOD+INFRA+ENV+SSA,CABA,1285.2,344.25,1307.2,355.75,0.675,4.025,3.875,4.6,1.0334059549745824,3,3,2,True,True,True,True,True,True,True,True,True,True,False
FLOOD+INFRA+ENV+SSA,CABB,1268.7,339.5,1246.0,387.75,0.675,4.025,3.875,4.6,1.142120765832106,3,3,1,False,True,True,True,False,True,True,True,True,True,False
FLOOD+INFRA+ENV+SSA,CABC,1262.1,334.75,1178.0,390.0,0.675,4.025,3.875,4.6,1.1650485436893203,3,3,1,False,True,True,True,False,True,True,True,True,True,False
FLOOD+INFRA+ENV+SSA,CACA,1279.6,340.5,1235.2,357.75,0.675,4.025,3.875,4.6,1.050660792951542,3,3,2,True,True,True,True,True,True,True,True,True,True,False
FLOOD+INFRA+ENV+SSA,CACB,1263.1,335.75,1174.0,389.75,0.675,4.025,3.875,4.6,1.1608339538346983,3,3,1,False,True,True,True,False,True,True,True,True,True,False
FLOOD+INFRA+ENV+SSA,CACC,1256.5,331.0,1106.0,392.0,0.675,4.025,3.875,4.6,1.1842900302114803,3,3,1,False,True,True,True,False,True,True,True,True,True,False
FLOOD+INFRA+ENV+SSA,CBAA,1283.7,344.0,1318.0,364.75,0.675,4.025,3.875,4.6,1.0603197674418605,3,3,2,True,True,True,True,True,True,True,True,True,True,False
FLOOD+INFRA+ENV+SSA,CBAB,1267.2,339.25,1256.8,396.75,0.675,4.025,3.875,4.6,1.1694915254237288,3,3,1,False,True,True,True,False,True,True,True,True,True,False
FLOOD+INFRA+ENV+SSA,CBAC,1260.6,334.5,1188.8,399.0,0.675,4.025,3.875,4.6,1.1928251121076232,3,3,1,False,True,True,True,False,True,True,True,True,True,False
FLOOD+INFRA+ENV+SSA,CBBA,1269.7,340.25,1253.2,392.0,0.675,4.025,3.875,4.6,1.1520940484937545,3,3,1,False,True,True,True,False,True,True,True,True,True,False
FLOOD+INFRA+ENV+SSA,CBBB,1253.2,335.5,1192.0,424.0,0.675,4.025,3.875,4.6,1.2637853949329358,3,3,0,False,True,True,True,False,True,True,True,True,True,False
FLOOD+INFRA+ENV+SSA,CBBC,1246.6,330.75,1124.0,426.25,0.675,4.025,3.875,4.6,1.2887377173091459,3,3,0,False,True,True,True,False,True,True,True,True,True,False
FLOOD+INFRA+ENV+SSA,CBCA,1264.1,336.5,1181.2,394.0,0.675,4.025,3.875,4.6,1.1708766716196137,3,3,1,False,True,True,True,False,True,True,True,True,True,False
FLOOD+INFRA+ENV+SSA,CBCB,1247.6,331.75,1120.0,426.0,0.675,4.025,3.875,4.6,1.2840994724943482,3,3,0,False,True,True,True,False,True,True,True,True,True,False
FLOOD+INFRA+ENV+SSA,CBCC,1241.0,327.0,1052.0,428.25,0.675,4.025,3.875,4.6,1.3096330275229358,3,3,0,False,True,True,True,False,True,True,True,True,True,False
FLOOD+INFRA+ENV+SSA,CCAA,1277.5,340.0,1258.0,371.75,0.675,4.025,3.875,4.6,1.0933823529411764,3,3,2,True,True,True,True,True,True,True,True,True,True,False
FLOOD+INFRA+ENV+SSA,CCAB,1261.0,335.25,1196.8,403.75,0.675,4.025,3.875,4.6,1.2043251304996272,3,3,1,False,True,True,True,False,True,True,True,True,True,False
FLOOD+INFRA+ENV+SSA,CCAC,1254.4,330.5,1128.8,406.0,0.675,4.025,3.875,4.6,1.2284417549167927,3,3,1,False,True,True,True,False,True,True,True,True,True,False
FLOOD+INFRA+ENV+SSA,CCBA,1263.5,336.25,1193.2,399.0,0.675,4.025,3.875,4.6,1.1866171003717472,3,3,1,False,True,True,True,False,True,True,True,True,True,False
FLOOD+INFRA+ENV+SSA,CCBB,1247.0,331.5,1132.0,431.0,0.675,4.025,3.875,4.6,1.3001508295625943,3,3,0,False,True,True,True,False,True,True,True,True,True,False
FLOOD+INFRA+ENV+SSA,CCBC,1240.4,326.75,1064.0,433.25,0.675,4.025,3.875,4.6,1.3259372609028308,3,3,0,False,True,True,True,False,True,True,True,True,True,False
FLOOD+INFRA+ENV+SSA,CCCA,1257.8999999999999,332.5,1121.2,401.0,0.675,4.025,3.875,4.6,1.2060150375939849,3,3,1,False,True,True,True,False,True,True,True,True,True,False
FLOOD+INFRA+ENV+SSA,CCCB,1241.3999999999999,327.75,1060.0,433.0,0.675,4.025,3.875,4.6,1.3211289092295957,3,3,0,False,True,True,True,False,True,True,True,True,True,False
FLOOD+INFRA+ENV+SSA,CCCC,1234.7999999999997,323.0,992.0,435.25,0.675,4.025,3.875,4.6,1.3475232198142415,3,3,0,False,True,True,True,False,True,True,False,True,True,False
FLOOD+ARCTIC+TRANS+ENV,AAAA,1396.5,393.75,1650.0,360.0,0.6675,4.1000000000000005,3.9,4.3,0.9142857142857143,4,3,4,False,True,True,True,True,False,False,True,True,True,False
FLOOD+ARCTIC+TRANS+ENV,AAAB,1382.5,390.0,1585.2,387.25,0.6675,4.1000000000000005,3.9,4.3,0.992948717948718,4,3,3,False,True,True,True,True,False,False,True,True,True,False
FLOOD+ARCTIC+TRANS+ENV,AAAC,1376.9,386.25,1513.2,389.25,0.6675,4.1000000000000005,3.9,4.3,1.007766990291262,4,3,3,False,True,True,True,True,False,False,True,True,True,False
FLOOD+ARCTIC+TRANS+ENV,AABA,1384.0,390.25,1610.4,393.75,0.6675,4.1000000000000005,3.9,4.3,1.0089686098654709,4,3,3,False,True,True,True,True,False,False,True,True,True,False
FLOOD+ARCTIC+TRANS+ENV,AABB,1370.0,386.5,1545.6,421.0,0.6675,4.1000000000000005,3.9,4.3,1.089262613195343,4,3,2,False,True,True,True,True,False,False,True,True,True,False
FLOOD+ARCTIC+TRANS+ENV,AABC,1364.4,382.75,1473.6,423.0,0.6675,4.1000000000000005,3.9,4.3,1.1051600261267145,4,3,2,False,True,True,True,True,False,False,True,True,True,False
FLOOD+ARCTIC+TRANS+ENV,AACA,1379.0,386.75,1566.4,401.75,0.6675,4.1000000000000005,3.9,4.3,1.0387847446670977,4,3,3,False,True,True,True,True,False,False,True,True,True,False
FLOOD+ARCTIC+TRANS+ENV,AACB,1365.0,383.0,1501.6000000000001,429.0,0.6675,4.1000000000000005,3.9,4.3,1.1201044386422976,4,3,2,False,True,True,True,True,False,False,True,True,True,False
FLOOD+ARCTIC+TRANS+ENV,AACC,1359.4,379.25,1429.6000000000001,431.0,0.6675,4.1000000000000005,3.9,4.3,1.1364535266974292,4,3,2,False,True,True,True,True,False,False,True,True,True,False
FLOOD+ARCTIC+TRANS+ENV,ABAA,1373.5,386.75,1565.4,403.75,0.6675,4.1000000000000005,3.9,4.3,1.043956043956044,4,3,3,False,True,True,True,True,False,False,True,True,True,False
FLOOD+ARCTIC+TRANS+ENV,ABAB,1359.5,383.0,1500.6,431.0,0.6675,4.1000000000000005,3.9,4.3,1.1253263707571801,4,3,2,False,True,True,True,True,False,False,True,True,True,False
FLOOD+ARCTIC+TRANS+ENV,ABAC,1353.9,379.25,1428.6,433.0,0.6675,4.1000000000000005,3.9,4.3,1.1417270929466052,4,3,2,False,True,True,True,True,False,False,True,True,True,False
FLOOD+ARCTIC+TRANS+ENV,ABBA,1361.0,383.25,1525.8000000000002,437.5,0.6675,4.1000000000000005,3.9,4.3,1.1415525114155252,4,3,2,False,True,True,True,True,False,False,True,True,True,False
FLOOD+ARCTIC+TRANS+ENV,ABBB,1347.0,379.5,1461.0,464.75,0.6675,4.1000000000000005,3.9,4.3,1.2246376811594204,4,3,1,False,True,True,True,False,False,False,True,True,True,False
FLOOD+ARCTIC+TRANS+ENV,ABBC,1341.4,375.75,1389.0,466.75,0.6675,4.1000000000000005,3.9,4.3,1.2421823020625415,4,3,1,False,True,True,True,False,False,False,True,True,True,False
FLOOD+ARCTIC+TRANS+ENV,ABCA,1356.0,379.75,1481.8000000000002,445.5,0.6675,4.1000000000000005,3.9,4.3,1.173140223831468,4,3,2,False,True,True,True,True,False,False,True,True,True,False
FLOOD+ARCTIC+TRANS+ENV,ABCB,1342.0,376.0,1417.0,472.75,0.6675,4.1000000000000005,3.9,4.3,1.257313829787234,4,3,1,False,True,True,True,False,False,False,True,True,True,False
FLOOD+ARCTIC+TRANS+ENV,ABCC,1336.4,372.25,1345.0,474.75,0.6675,4.1000000000000005,3.9,4.3,1.2753525856279382,4,3,1,False,True,True,True,False,False,False,True,True,True,False
FLOOD+ARCTIC+TRANS+ENV,ACAA,1364.3,379.75,1471.4,407.75,0.6675,4.1000000000000005,3.9,4.3,1.0737327188940091,4,3,3,False,True,True,True,True,False,False,True,True,True,False
FLOOD+ARCTIC+TRANS+ENV,ACAB,1350.3,376.0,1406.6,435.0,0.6675,4.1000000000000005,3.9,4.3,1.1569148936170213,4,3,2,False,True,True,True,True,False,False,True,True,True,False
FLOOD+ARCTIC+TRANS+ENV,ACAC,1344.7,372.25,1334.6,437.0,0.6675,4.1000000000000005,3.9,4.3,1.1739422431161854,4,3,2,False,True,True,True,True,False,False,True,True,True,False
FLOOD+ARCTIC+TRANS+ENV,ACBA,1351.8,376.25,1431.8000000000002,441.5,0.6675,4.1000000000000005,3.9,4.3,1.173421926910299,4,3,2,False,True,True,True,True,False,False,True,True,True,False
FLOOD+ARCTIC+TRANS+ENV,ACBB,1337.8,372.5,1367.0,468.75,0.6675,4.1000000000000005,3.9,4.3,1.2583892617449663,4,3,1,False,True,True,True,False,False,False,True,True,True,False
FLOOD+ARCTIC+TRANS+ENV,ACBC,1332.2,368.75,1295.0,470.75,0.6675,4.1000000000000005,3.9,4.3,1.2766101694915255,4,3,1,False,True,True,True,False,False,False,True,True,True,False
FLOOD+ARCTIC+TRANS+ENV,ACCA,1346.8,372.75,1387.8000000000002,449.5,0.6675,4.1000000000000005,3.9,4.3,1.2059020791415158,4,3,2,False,True,True,True,True,False,False,True,True,True,False
FLOOD+ARCTIC+TRANS+ENV,ACCB,1332.8,369.0,1323.0,476.75,0.6675,4.1000000000000005,3.9,4.3,1.2920054200542006,4,3,1,False,True,True,True,False,False,False,True,True,True,False
FLOOD+ARCTIC+TRANS+ENV,ACCC,1327.2,365.25,1251.0,478.75,0.6675,4.1000000000000005,3.9,4.3,1.3107460643394935,4,3,1,False,True,True,True,False,False,False,True,True,True,False
FLOOD+ARCTIC+TRANS+ENV,BAAA,1379.5,389.25,1542.0,363.25,0.6675,4.1000000000000005,3.9,4.3,0.9332048811817598,4,3,3,False,True,True,True,True,False,False,True,True,True,False
FLOOD+ARCTIC+TRANS+ENV,BAAB,1365.5,385.5,1477.2,390.5,0.6675,4.1000000000000005,3.9,4.3,1.012970168612192,4,3,2,False,True,True,True,True,False,False,True,True,True,False
FLOOD+ARCTIC+TRANS+ENV,BAAC,1359.9,381.75,1405.2,392.5,0.6675,4.1000000000000005,3.9,4.3,1.028159790438769,4,3,2,False,True,True,True,True,False,False,True,True,True,False
FLOOD+ARCTIC+TRANS+ENV,BABA,1367.0,385.75,1502.4,397.0,0.6675,4.1000000000000005,3.9,4.3,1.0291639662994168,4,3,2,False,True,True,True,True,False,False,True,True,True,False
FLOOD+ARCTIC+TRANS+ENV,BABB,1353.0,382.0,1437.6,424.25,0.6675,4.1000000000000005,3.9,4.3,1.1106020942408377,4,3,1,False,True,True,True,False,False,False,True,True,True,False
FLOOD+ARCTIC+TRANS+ENV,BABC,1347.4,378.25,1365.6,426.25,0.6675,4.1000000000000005,3.9,4.3,1.1269001982815599,4,3,1,False,True,True,True,False,False,False,True,True,True,False
FLOOD+ARCTIC+TRANS+ENV,BACA,1362.0,382.25,1458.4,405.0,0.6675,4.1000000000000005,3.9,4.3,1.0595160235448005,4,3,2,False,True,True,True,True,False,False,True,True,True,False
FLOOD+ARCTIC+TRANS+ENV,BACB,1348.0,378.5,1393.6000000000001,432.25,0.6675,4.1000000000000005,3.9,4.3,1.142007926023778,4,3,1,False,True,True,True,False,False,False,True,True,True,False
FLOOD+ARCTIC+TRANS+ENV,BACC,1342.4,374.75,1321.6000000000001,434.25,0.6675,4.1000000000000005,3.9,4.3,1.1587725150100068,4,3,1,False,True,True,True,False,False,False,True,True,True,False
FLOOD+ARCTIC+TRANS+ENV,BBAA,1356.5,382.25,1457.3999999999999,407.0,0.6675,4.1000000000000005,3.9,4.3,1.064748201438849,4,3,2,False,True,True,True,True,False,False,True,True,True,False
FLOOD+ARCTIC+TRANS+ENV,BBAB,1342.5,378.5,1392.6,434.25,0.6675,4.1000000000000005,3.9,4.3,1.1472919418758256,4,3,1,False,True,True,True,False,False,False,True,True,True,False
FLOOD+ARCTIC+TRANS+ENV,BBAC,1336.9,374.75,1320.6,436.25,0.6675,4.1000000000000005,3.9,4.3,1.1641094062708472,4,3,1,False,True,True,True,False,False,False,True,True,True,False
FLOOD+ARCTIC+TRANS+ENV,BBBA,1344.0,378.75,1417.7999999999997,440.75,0.6675,4.1000000000000005,3.9,4.3,1.1636963696369638,4,3,1,False,True,True,True,False,False,False,True,True,True,False
FLOOD+ARCTIC+TRANS+ENV,BBBB,1330.0,375.0,1353.0,468.0,0.6675,4.1000000000000005,3.9,4.3,1.248,4,3,0,False,True,True,True,False,False,False,True,True,True,False
FLOOD+ARCTIC+TRANS+ENV,BBBC,1324.4,371.25,1281.0,470.0,0.6675,4.1000000000000005,3.9,4.3,1.265993265993266,4,3,0,False,True,True,True,False,False,False,True,True,True,False
FLOOD+ARCTIC+TRANS+ENV,BBCA,1339.0,375.25,1373.8,448.75,0.6675,4.1000000000000005,3.9,4.3,1.195869420386409,4,3,1,False,True,True,True,False,False,False,True,True,True,False
FLOOD+ARCTIC+TRANS+ENV,BBCB,1325.0,371.5,1309.0,476.0,0.6675,4.1000000000000005,3.9,4.3,1.2812920592193808,4,3,0,False,True,True,True,False,False,False,True,True,True,False
FLOOD+ARCTIC+TRANS+ENV,BBCC,1319.4,367.75,1237.0,478.0,0.6675,4.1000000000000005,3.9,4.3,1.2997960571040108,4,3,0,False,True,True,True,False,False,False,True,True,True,False
FLOOD+ARCTIC+TRANS+ENV,BCAA,1347.3,375.25,1363.3999999999999,411.0,0.6675,4.1000000000000005,3.9,4.3,1.09526982011992,4,3,2,False,True,True,True,True,False,False,True,True,True,False
FLOOD+ARCTIC+TRANS+ENV,BCAB,1333.3,371.5,1298.6,438.25,0.6675,4.1000000000000005,3.9,4.3,1.1796769851951547,4,3,1,False,True,True,True,False,False,False,True,True,True,False
FLOOD+ARCTIC+TRANS+ENV,BCAC,1327.7,367.75,1226.6,440.25,0.6675,4.1000000000000005,3.9,4.3,1.1971447994561524,4,3,1,False,True,True,True,False,False,False,True,True,True,False
FLOOD+ARCTIC+TRANS+ENV,BCBA,1334.8,371.75,1323.7999999999997,444.75,0.6675,4.1000000000000005,3.9,4.3,1.1963685272360458,4,3,1,False,True,True,True,False,False,False,True,True,True,False
FLOOD+ARCTIC+TRANS+ENV,BCBB,1320.8,368.0,1259.0,472.0,0.6675,4.1000000000000005,3.9,4.3,1.2826086956521738,4,3,0,False,True,True,True,False,False,False,True,True,True,False
FLOOD+ARCTIC+TRANS+ENV,BCBC,1315.2,364.25,1187.0,474.0,0.6675,4.1000000000000005,3.9,4.3,1.3013040494166095,4,3,0,False,True,True,True,False,False,False,True,True,True,False
FLOOD+ARCTIC+TRANS+ENV,BCCA,1329.8,368.25,1279.8,452.75,0.6675,4.1000000000000005,3.9,4.3,1.2294636795655125,4,3,1,False,True,True,True,False,False,False,True,True,True,False
FLOOD+ARCTIC+TRANS+ENV,BCCB,1315.8,364.5,1215.0,480.0,0.6675,4.1000000000000005,3.9,4.3,1.316872427983539,4,3,0,False,True,True,True,False,False,False,True,True,True,False
FLOOD+ARCTIC+TRANS+ENV,BCCC,1310.2,360.75,1143.0,482.0,0.6675,4.1000000000000005,3.9,4.3,1.336105336105336,4,3,0,False,True,True,True,False,False,False,True,True,True,False
FLOOD+ARCTIC+TRANS+ENV,CAAA,1372.7,384.75,1422.0,344.75,0.6675,4.1000000000000005,3.9,4.3,0.8960363872644574,4,3,3,False,True,True,True,True,False,False,True,True,True,False
FLOOD+ARCTIC+TRANS+ENV,CAAB,1358.7,381.0,1357.2,372.0,0.6675,4.1000000000000005,3.9,4.3,0.9763779527559056,4,3,2,False,True,True,True,True,False,False,True,True,True,False
FLOOD+ARCTIC+TRANS+ENV,CAAC,1353.1,377.25,1285.2,374.0,0.6675,4.1000000000000005,3.9,4.3,0.9913850231941683,4,3,2,False,True,True,True,True,False,False,True,True,True,False
FLOOD+ARCTIC+TRANS+ENV,CABA,1360.2,381.25,1382.4,378.5,0.6675,4.1000000000000005,3.9,4.3,0.9927868852459016,4,3,2,False,True,True,True,True,False,False,True,True,True,False
FLOOD+ARCTIC+TRANS+ENV,CABB,1346.2,377.5,1317.6,405.75,0.6675,4.1000000000000005,3.9,4.3,1.0748344370860927,4,3,1,False,True,True,True,False,False,False,True,True,True,False
FLOOD+ARCTIC+TRANS+ENV,CABC,1340.6,373.75,1245.6,407.75,0.6675,4.1000000000000005,3.9,4.3,1.090969899665552,4,3,1,False,True,True,True,False,False,False,True,True,True,False
FLOOD+ARCTIC+TRANS+ENV,CACA,1355.2,377.75,1338.4,386.5,0.6675,4.1000000000000005,3.9,4.3,1.0231634679020516,4,3,2,False,True,True,True,True,False,False,True,True,True,False
FLOOD+ARCTIC+TRANS+ENV,CACB,1341.2,374.0,1273.6000000000001,413.75,0.6675,4.1000000000000005,3.9,4.3,1.106283422459893,4,3,1,False,True,True,True,False,False,False,True,True,True,False
FLOOD+ARCTIC+TRANS+ENV,CACC,1335.6,370.25,1201.6000000000001,415.75,0.6675,4.1000000000000005,3.9,4.3,1.1228899392302498,4,3,1,False,True,True,True,False,False,False,True,True,True,False
FLOOD+ARCTIC+TRANS+ENV,CBAA,1349.7,377.75,1337.4,388.5,0.6675,4.1000000000000005,3.9,4.3,1.028457974851092,4,3,2,False,True,True,True,True,False,False,True,True,True,False
FLOOD+ARCTIC+TRANS+ENV,CBAB,1335.7,374.0,1272.6,415.75,0.6675,4.1000000000000005,3.9,4.3,1.1116310160427807,4,3,1,False,True,True,True,False,False,False,True,True,True,False
FLOOD+ARCTIC+TRANS+ENV,CBAC,1330.1,370.25,1200.6,417.75,0.6675,4.1000000000000005,3.9,4.3,1.1282916948008104,4,3,1,False,True,True,True,False,False,False,True,True,True,False
FLOOD+ARCTIC+TRANS+ENV,CBBA,1337.2,374.25,1297.8000000000002,422.25,0.6675,4.1000000000000005,3.9,4.3,1.128256513026052,4,3,1,False,True,True,True,False,False,False,True,True,True,False
FLOOD+ARCTIC+TRANS+ENV,CBBB,1323.2,370.5,1233.0,449.5,0.6675,4.1000000000000005,3.9,4.3,1.213225371120108,4,3,0,False,True,True,True,False,False,False,True,True,True,False
FLOOD+ARCTIC+TRANS+ENV,CBBC,1317.6,366.75,1161.0,451.5,0.6675,4.1000000000000005,3.9,4.3,1.231083844580777,4,3,0,False,True,True,True,False,False,False,True,True,True,False
FLOOD+ARCTIC+TRANS+ENV,CBCA,1332.2,370.75,1253.8000000000002,430.25,0.6675,4.1000000000000005,3.9,4.3,1.1604855023600809,4,3,1,False,True,True,True,False,False,False,True,True,True,False
FLOOD+ARCTIC+TRANS+ENV,CBCB,1318.2,367.0,1189.0,457.5,0.6675,4.1000000000000005,3.9,4.3,1.2465940054495912,4,3,0,False,True,True,True,False,False,False,True,True,True,False
FLOOD+ARCTIC+TRANS+ENV,CBCC,1312.6,363.25,1117.0,459.5,0.6675,4.1000000000000005,3.9,4.3,1.2649690295939435,4,3,0,False,True,True,True,False,False,False,True,True,True,False
FLOOD+ARCTIC+TRANS+ENV,CCAA,1340.5,370.75,1243.4,392.5,0.6675,4.1000000000000005,3.9,4.3,1.0586648685097775,4,3,2,False,True,True,True,True,False,False,True,True,True,False
FLOOD+ARCTIC+TRANS+ENV,CCAB,1326.5,367.0,1178.6,419.75,0.6675,4.1000000000000005,3.9,4.3,1.143732970027248,4,3,1,False,True,True,True,False,False,False,True,True,True,False
FLOOD+ARCTIC+TRANS+ENV,CCAC,1320.9,363.25,1106.6,421.75,0.6675,4.1000000000000005,3.9,4.3,1.1610461114934618,4,3,1,False,True,True,True,False,False,False,True,True,True,False
FLOOD+ARCTIC+TRANS+ENV,CCBA,1328.0,367.25,1203.8,426.25,0.6675,4.1000000000000005,3.9,4.3,1.160653505786249,4,3,1,False,True,True,True,False,False,False,True,True,True,False
FLOOD+ARCTIC+TRANS+ENV,CCBB,1314.0,363.5,1139.0,453.5,0.6675,4.1000000000000005,3.9,4.3,1.2475928473177442,4,3,0,False,True,True,True,False,False,False,True,True,True,False
FLOOD+ARCTIC+TRANS+ENV,CCBC,1308.4,359.75,1067.0,455.5,0.6675,4.1000000000000005,3.9,4.3,1.2661570535093816,4,3,0,False,True,True,True,False,False,True,True,True,True,False
FLOOD+ARCTIC+TRANS+ENV,CCCA,1323.0,363.75,1159.8,434.25,0.6675,4.1000000000000005,3.9,4.3,1.1938144329896907,4,3,1,False,True,True,True,False,False,False,True,True,True,False
FLOOD+ARCTIC+TRANS+ENV,CCCB,1309.0,360.0,1095.0,461.5,0.6675,4.1000000000000005,3.9,4.3,1.2819444444444446,4,3,0,False,True,True,True,False,False,True,True,True,True,False
FLOOD+ARCTIC+TRANS+ENV,CCCC,1303.4,356.25,1022.9999999999999,463.5,0.6675,4.1000000000000005,3.9,4.3,1.3010526315789475,4,3,0,False,True,True,True,False,False,True,True,True,True,False
FLOOD+ARCTIC+TRANS+SSA,AAAA,1449.0,414.75,1630.0,373.75,0.645,3.9000000000000004,3.625,4.3500000000000005,0.9011452682338759,3,4,4,False,True,True,True,True,False,False,True,True,True,False
FLOOD+ARCTIC+TRANS+SSA,AAAB,1432.5,410.0,1568.8,405.75,0.645,3.9000000000000004,3.625,4.3500000000000005,0.9896341463414634,3,4,3,False,True,True,True,True,False,False,True,True,True,False
FLOOD+ARCTIC+TRANS+SSA,AAAC,1425.9,405.25,1500.8,408.0,0.645,3.9000000000000004,3.625,4.3500000000000005,1.0067859346082666,3,4,3,False,True,True,True,True,False,False,True,True,True,False
FLOOD+ARCTIC+TRANS+SSA,AABA,1436.5,411.25,1590.4,407.5,0.645,3.9000000000000004,3.625,4.3500000000000005,0.9908814589665653,3,4,3,False,True,True,True,True,False,False,True,True,True,False
FLOOD+ARCTIC+TRANS+SSA,AABB,1420.0,406.5,1529.1999999999998,439.5,0.645,3.9000000000000004,3.625,4.3500000000000005,1.081180811808118,3,4,2,False,True,True,True,True,False,False,True,True,True,False
FLOOD+ARCTIC+TRANS+SSA,AABC,1413.4,401.75,1461.1999999999998,441.75,0.645,3.9000000000000004,3.625,4.3500000000000005,1.0995644057249534,3,4,2,False,True,True,True,True,False,False,True,True,True,False
FLOOD+ARCTIC+TRANS+SSA,AACA,1431.5,407.75,1546.4,415.5,0.645,3.9000000000000004,3.625,4.3500000000000005,1.0190067443286328,3,4,3,False,True,True,True,True,False,False,True,True,True,False
FLOOD+ARCTIC+TRANS+SSA,AACB,1415.0,403.0,1485.2,447.5,0.645,3.9000000000000004,3.625,4.3500000000000005,1.1104218362282878,3,4,2,False,True,True,True,True,False,False,True,True,True,False
FLOOD+ARCTIC+TRANS+SSA,AACC,1408.4,398.25,1417.2,449.75,0.645,3.9000000000000004,3.625,4.3500000000000005,1.1293157564344005,3,4,2,False,True,True,True,True,False,False,True,True,True,False
FLOOD+ARCTIC+TRANS+SSA,ABAA,1426.0,407.75,1545.4,417.5,0.645,3.9000000000000004,3.625,4.3500000000000005,1.0239117106069895,3,4,3,False,True,True,True,True,False,False,True,True,True,False
FLOOD+ARCTIC+TRANS+SSA,ABAB,1409.5,403.0,1484.2,449.5,0.645,3.9000000000000004,3.625,4.3500000000000005,1.1153846153846154,3,4,2,False,True,True,True,True,False,False,True,True,True,False
FLOOD+ARCTIC+TRANS+SSA,ABAC,1402.9,398.25,1416.2,451.75,0.645,3.9000000000000004,3.625,4.3500000000000005,1.1343377275580666,3,4,2,False,True,True,True,True,False,False,True,True,True,False
FLOOD+ARCTIC+TRANS+SSA,ABBA,1413.5,404.25,1505.8000000000002,451.25,0.645,3.9000000000000004,3.625,4.3500000000000005,1.1162646876932591,3,4,2,False,True,True,True,True,False,False,True,True,True,False
FLOOD+ARCTIC+TRANS+SSA,ABBB,1397.0,399.5,1444.6,483.25,0.645,3.9000000000000004,3.625,4.3500000000000005,1.209637046307885,3,4,1,False,True,True,True,False,False,False,True,True,True,False
FLOOD+ARCTIC+TRANS+SSA,ABBC,1390.4,394.75,1376.6,485.5,0.645,3.9000000000000004,3.625,4.3500000000000005,1.2298923369221026,3,4,1,False,True,True,True,False,False,False,True,True,True,False
FLOOD+ARCTIC+TRANS+SSA,ABCA,1408.5,400.75,1461.8000000000002,459.25,0.645,3.9000000000000004,3.625,4.3500000000000005,1.1459762944479102,3,4,2,False,True,True,True,True,False,False,True,True,True,False
FLOOD+ARCTIC+TRANS+SSA,ABCB,1392.0,396.0,1400.6000000000001,491.25,0.645,3.9000000000000004,3.625,4.3500000000000005,1.240530303030303,3,4,1,False,True,True,True,False,False,False,True,True,True,False
FLOOD+ARCTIC+TRANS+SSA,ABCC,1385.4,391.25,1332.6000000000001,493.5,0.645,3.9000000000000004,3.625,4.3500000000000005,1.2613418530351437,3,4,1,False,True,True,True,False,False,False,True,True,True,False
FLOOD+ARCTIC+TRANS+SSA,ACAA,1416.8,400.75,1451.4,421.5,0.645,3.9000000000000004,3.625,4.3500000000000005,1.0517779164067373,3,4,3,False,True,True,True,True,False,False,True,True,True,False
FLOOD+ARCTIC+TRANS+SSA,ACAB,1400.3,396.0,1390.2,453.5,0.645,3.9000000000000004,3.625,4.3500000000000005,1.14520202020202,3,4,2,False,True,True,True,True,False,False,True,True,True,False
FLOOD+ARCTIC+TRANS+SSA,ACAC,1393.6999999999998,391.25,1322.2,455.75,0.645,3.9000000000000004,3.625,4.3500000000000005,1.164856230031949,3,4,2,False,True,True,True,True,False,False,True,True,True,False
FLOOD+ARCTIC+TRANS+SSA,ACBA,1404.3,397.25,1411.8000000000002,455.25,0.645,3.9000000000000004,3.625,4.3500000000000005,1.146003775959723,3,4,2,False,True,True,True,True,False,False,True,True,True,False
FLOOD+ARCTIC+TRANS+SSA,ACBB,1387.8,392.5,1350.6,487.25,0.645,3.9000000000000004,3.625,4.3500000000000005,1.2414012738853504,3,4,1,False,True,True,True,False,False,False,True,True,True,False
FLOOD+ARCTIC+TRANS+SSA,ACBC,1381.1999999999998,387.75,1282.6,489.5,0.645,3.9000000000000004,3.625,4.3500000000000005,1.2624113475177305,3,4,1,False,True,True,True,False,False,False,True,True,True,False
FLOOD+ARCTIC+TRANS+SSA,ACCA,1399.3,393.75,1367.8000000000002,463.25,0.645,3.9000000000000004,3.625,4.3500000000000005,1.1765079365079365,3,4,2,False,True,True,True,True,False,False,True,True,True,False
FLOOD+ARCTIC+TRANS+SSA,ACCB,1382.8,389.0,1306.6000000000001,495.25,0.645,3.9000000000000004,3.625,4.3500000000000005,1.2731362467866323,3,4,1,False,True,True,True,False,False,False,True,True,True,False
FLOOD+ARCTIC+TRANS+SSA,ACCC,1376.1999999999998,384.25,1238.6000000000001,497.5,0.645,3.9000000000000004,3.625,4.3500000000000005,1.2947299934938192,3,4,1,False,True,True,True,False,False,False,True,True,True,False
FLOOD+ARCTIC+TRANS+SSA,BAAA,1432.0,410.25,1522.0,377.0,0.645,3.9000000000000004,3.625,4.3500000000000005,0.9189518586227909,3,4,3,False,True,True,True,True,False,False,True,True,True,False
FLOOD+ARCTIC+TRANS+SSA,BAAB,1415.5,405.5,1460.8,409.0,0.645,3.9000000000000004,3.625,4.3500000000000005,1.0086313193588163,3,4,2,False,True,True,True,True,False,False,True,True,True,False
FLOOD+ARCTIC+TRANS+SSA,BAAC,1408.9,400.75,1392.8,411.25,0.645,3.9000000000000004,3.625,4.3500000000000005,1.0262008733624455,3,4,2,False,True,True,True,True,False,False,True,True,True,False
FLOOD+ARCTIC+TRANS+SSA,BABA,1419.5,406.75,1482.4,410.75,0.645,3.9000000000000004,3.625,4.3500000000000005,1.0098340503995082,3,4,2,False,True,True,True,True,False,False,True,True,True,False
FLOOD+ARCTIC+TRANS+SSA,BABB,1403.0,402.0,1421.1999999999998,442.75,0.645,3.9000000000000004,3.625,4.3500000000000005,1.1013681592039801,3,4,1,False,True,True,True,False,False,False,True,True,True,False
FLOOD+ARCTIC+TRANS+SSA,BABC,1396.4,397.25,1353.1999999999998,445.0,0.645,3.9000000000000004,3.625,4.3500000000000005,1.1202013845185652,3,4,1,False,True,True,True,False,False,False,True,True,True,False
FLOOD+ARCTIC+TRANS+SSA,BACA,1414.5,403.25,1438.4,418.75,0.645,3.9000000000000004,3.625,4.3500000000000005,1.0384376937383757,3,4,2,False,True,True,True,True,False,False,True,True,True,False
FLOOD+ARCTIC+TRANS+SSA,BACB,1398.0,398.5,1377.2,450.75,0.645,3.9000000000000004,3.625,4.3500000000000005,1.131116687578419,3,4,1,False,True,True,True,False,False,False,True,True,True,False
FLOOD+ARCTIC+TRANS+SSA,BACC,1391.4,393.75,1309.2,453.0,0.645,3.9000000000000004,3.625,4.3500000000000005,1.1504761904761904,3,4,1,False,True,True,True,False,False,False,True,True,True,False
FLOOD+ARCTIC+TRANS+SSA,BBAA,1409.0,403.25,1437.3999999999999,420.75,0.645,3.9000000000000004,3.625,4.3500000000000005,1.0433973961562306,3,4,2,False,True,True,True,True,False,False,True,True,True,False
FLOOD+ARCTIC+TRANS+SSA,BBAB,1392.5,398.5,1376.1999999999998,452.75,0.645,3.9000000000000004,3.625,4.3500000000000005,1.1361355081555835,3,4,1,False,True,True,True,False,False,False,True,True,True,False
FLOOD+ARCTIC+TRANS+SSA,BBAC,1385.9,393.75,1308.1999999999998,455.0,0.645,3.9000000000000004,3.625,4.3500000000000005,1.1555555555555554,3,4,1,False,True,True,True,False,False,False,True,True,True,False
FLOOD+ARCTIC+TRANS+SSA,BBBA,1396.5,399.75,1397.7999999999997,454.5,0.645,3.9000000000000004,3.625,4.3500000000000005,1.1369606003752346,3,4,1,False,True,True,True,False,False,False,True,True,True,False
FLOOD+ARCTIC+TRANS+SSA,BBBB,1380.0,395.0,1336.6,486.5,0.645,3.9000000000000004,3.625,4.3500000000000005,1.231645569620253,3,4,0,False,True,True,True,False,False,False,True,True,True,False
FLOOD+ARCTIC+TRANS+SSA,BBBC,1373.4,390.25,1268.6,488.75,0.645,3.9000000000000004,3.625,4.3500000000000005,1.2524023062139653,3,4,0,False,True,True,True,False,False,False,True,True,True,False
FLOOD+ARCTIC+TRANS+SSA,BBCA,1391.5,396.25,1353.8,462.5,0.645,3.9000000000000004,3.625,4.3500000000000005,1.167192429022082,3,4,1,False,True,True,True,False,False,False,True,True,True,False
FLOOD+ARCTIC+TRANS+SSA,BBCB,1375.0,391.5,1292.6,494.5,0.645,3.9000000000000004,3.625,4.3500000000000005,1.2630906768837804,3,4,0,False,True,True,True,False,False,False,True,True,True,False
FLOOD+ARCTIC+TRANS+SSA,BBCC,1368.4,386.75,1224.6,496.75,0.645,3.9000000000000004,3.625,4.3500000000000005,1.2844214608920492,3,4,0,False,True,True,True,False,False,False,True,True,True,False
FLOOD+ARCTIC+TRANS+SSA,BCAA,1399.8,396.25,1343.3999999999999,424.75,0.645,3.9000000000000004,3.625,4.3500000000000005,1.0719242902208201,3,4,2,False,True,True,True,True,False,False,True,True,True,False
FLOOD+ARCTIC+TRANS+SSA,BCAB,1383.3,391.5,1282.1999999999998,456.75,0.645,3.9000000000000004,3.625,4.3500000000000005,1.1666666666666667,3,4,1,False,True,True,True,False,False,False,True,True,True,False
FLOOD+ARCTIC+TRANS+SSA,BCAC,1376.6999999999998,386.75,1214.1999999999998,459.0,0.645,3.9000000000000004,3.625,4.3500000000000005,1.1868131868131868,3,4,1,False,True,True,True,False,False,False,True,True,True,False
FLOOD+ARCTIC+TRANS+SSA,BCBA,1387.3,392.75,1303.7999999999997,458.5,0.645,3.9000000000000004,3.625,4.3500000000000005,1.1674092934436664,3,4,1,False,True,True,True,False,False,False,True,True,True,False
FLOOD+ARCTIC+TRANS+SSA,BCBB,1370.8,388.0,1242.6,490.5,0.645,3.9000000000000004,3.625,4.3500000000000005,1.2641752577319587,3,4,0,False,True,True,True,False,False,False,True,True,True,False
FLOOD+ARCTIC+TRANS+SSA,BCBC,1364.1999999999998,383.25,1174.6,492.75,0.645,3.9000000000000004,3.625,4.3500000000000005,1.2857142857142858,3,4,0,False,True,True,True,False,False,False,True,True,True,False
FLOOD+ARCTIC+TRANS+SSA,BCCA,1382.3,389.25,1259.8,466.5,0.645,3.9000000000000004,3.625,4.3500000000000005,1.1984585741811176,3,4,1,False,True,True,True,False,False,False,True,True,True,False
FLOOD+ARCTIC+TRANS+SSA,BCCB,1365.8,384.5,1198.6,498.5,0.645,3.9000000000000004,3.625,4.3500000000000005,1.2964889466840053,3,4,0,False,True,True,True,False,False,False,True,True,True,False
FLOOD+ARCTIC+TRANS+SSA,BCCC,1359.1999999999998,379.75,1130.6,500.75,0.645,3.9000000000000004,3.625,4.3500000000000005,1.3186306780776826,3,4,0,False,True,True,True,False,False,False,True,True,True,False
FLOOD+ARCTIC+TRANS+SSA,CAAA,1425.2,405.75,1402.0,358.5,0.645,3.9000000000000004,3.625,4.3500000000000005,0.8835489833641405,3,4,3,False,True,True,True,True,False,False,True,True,True,False
FLOOD+ARCTIC+TRANS+SSA,CAAB,1408.7,401.0,1340.8,390.5,0.645,3.9000000000000004,3.625,4.3500000000000005,0.9738154613466334,3,4,2,False,True,True,True,True,False,False,True,True,True,False
FLOOD+ARCTIC+TRANS+SSA,CAAC,1402.1,396.25,1272.8,392.75,0.645,3.9000000000000004,3.625,4.3500000000000005,0.9911671924290221,3,4,2,False,True,True,True,True,False,False,True,True,True,False
FLOOD+ARCTIC+TRANS+SSA,CABA,1412.7,402.25,1362.4,392.25,0.645,3.9000000000000004,3.625,4.3500000000000005,0.9751398384089497,3,4,2,False,True,True,True,True,False,False,True,True,True,False
FLOOD+ARCTIC+TRANS+SSA,CABB,1396.2,397.5,1301.1999999999998,424.25,0.645,3.9000000000000004,3.625,4.3500000000000005,1.0672955974842768,3,4,1,False,True,True,True,False,False,False,True,True,True,False
FLOOD+ARCTIC+TRANS+SSA,CABC,1389.6,392.75,1233.1999999999998,426.5,0.645,3.9000000000000004,3.625,4.3500000000000005,1.0859325270528326,3,4,1,False,True,True,True,False,False,False,True,True,True,False
FLOOD+ARCTIC+TRANS+SSA,CACA,1407.7,398.75,1318.4,400.25,0.645,3.9000000000000004,3.625,4.3500000000000005,1.0037617554858935,3,4,2,False,True,True,True,True,False,False,True,True,True,False
FLOOD+ARCTIC+TRANS+SSA,CACB,1391.2,394.0,1257.2,432.25,0.645,3.9000000000000004,3.625,4.3500000000000005,1.0970812182741116,3,4,1,False,True,True,True,False,False,False,True,True,True,False
FLOOD+ARCTIC+TRANS+SSA,CACC,1384.6,389.25,1189.2,434.5,0.645,3.9000000000000004,3.625,4.3500000000000005,1.1162491971740527,3,4,1,False,True,True,True,False,False,False,True,True,True,False
FLOOD+ARCTIC+TRANS+SSA,CBAA,1402.2,398.75,1317.4,402.25,0.645,3.9000000000000004,3.625,4.3500000000000005,1.0087774294670846,3,4,2,False,True,True,True,True,False,False,True,True,True,False
FLOOD+ARCTIC+TRANS+SSA,CBAB,1385.7,394.0,1256.2,434.25,0.645,3.9000000000000004,3.625,4.3500000000000005,1.1021573604060915,3,4,1,False,True,True,True,False,False,False,True,True,True,False
FLOOD+ARCTIC+TRANS+SSA,CBAC,1379.1,389.25,1188.2,436.5,0.645,3.9000000000000004,3.625,4.3500000000000005,1.1213872832369942,3,4,1,False,True,True,True,False,False,False,True,True,True,False
FLOOD+ARCTIC+TRANS+SSA,CBBA,1389.7,395.25,1277.8000000000002,436.0,0.645,3.9000000000000004,3.625,4.3500000000000005,1.103099304237824,3,4,1,False,True,True,True,False,False,False,True,True,True,False
FLOOD+ARCTIC+TRANS+SSA,CBBB,1373.2,390.5,1216.6,468.0,0.645,3.9000000000000004,3.625,4.3500000000000005,1.1984635083226634,3,4,0,False,True,True,True,False,False,False,True,True,True,False
FLOOD+ARCTIC+TRANS+SSA,CBBC,1366.6,385.75,1148.6,470.25,0.645,3.9000000000000004,3.625,4.3500000000000005,1.219053791315619,3,4,0,False,True,True,True,False,False,False,True,True,True,False
FLOOD+ARCTIC+TRANS+SSA,CBCA,1384.7,391.75,1233.8000000000002,444.0,0.645,3.9000000000000004,3.625,4.3500000000000005,1.1333758774728782,3,4,1,False,True,True,True,False,False,False,True,True,True,False
FLOOD+ARCTIC+TRANS+SSA,CBCB,1368.2,387.0,1172.6000000000001,476.0,0.645,3.9000000000000004,3.625,4.3500000000000005,1.2299741602067182,3,4,0,False,True,True,True,False,False,False,True,True,True,False
FLOOD+ARCTIC+TRANS+SSA,CBCC,1361.6,382.25,1104.6000000000001,478.25,0.645,3.9000000000000004,3.625,4.3500000000000005,1.251144538914323,3,4,0,False,True,True,True,False,False,False,True,True,True,False
FLOOD+ARCTIC+TRANS+SSA,CCAA,1393.0,391.75,1223.4,406.25,0.645,3.9000000000000004,3.625,4.3500000000000005,1.0370134014039567,3,4,2,False,True,True,True,True,False,False,True,True,True,False
FLOOD+ARCTIC+TRANS+SSA,CCAB,1376.5,387.0,1162.2,438.25,0.645,3.9000000000000004,3.625,4.3500000000000005,1.1324289405684755,3,4,1,False,True,True,True,False,False,False,True,True,True,False
FLOOD+ARCTIC+TRANS+SSA,CCAC,1369.9,382.25,1094.2,440.5,0.645,3.9000000000000004,3.625,4.3500000000000005,1.1523871811641595,3,4,1,False,True,True,True,False,False,False,True,True,True,False
FLOOD+ARCTIC+TRANS+SSA,CCBA,1380.5,388.25,1183.8,440.0,0.645,3.9000000000000004,3.625,4.3500000000000005,1.1332904056664521,3,4,1,False,True,True,True,False,False,False,True,True,True,False
FLOOD+ARCTIC+TRANS+SSA,CCBB,1364.0,383.5,1122.6,472.0,0.645,3.9000000000000004,3.625,4.3500000000000005,1.2307692307692308,3,4,0,False,True,True,True,False,False,False,True,True,True,False
FLOOD+ARCTIC+TRANS+SSA,CCBC,1357.4,378.75,1054.6,474.25,0.645,3.9000000000000004,3.625,4.3500000000000005,1.2521452145214522,3,4,0,False,True,True,True,False,False,False,True,True,True,False
FLOOD+ARCTIC+TRANS+SSA,CCCA,1375.5,384.75,1139.8,448.0,0.645,3.9000000000000004,3.625,4.3500000000000005,1.1643924626380766,3,4,1,False,True,True,True,False,False,False,True,True,True,False
FLOOD+ARCTIC+TRANS+SSA,CCCB,1359.0,380.0,1078.6000000000001,480.0,0.645,3.9000000000000004,3.625,4.3500000000000005,1.263157894736842,3,4,0,False,True,True,True,False,False,False,True,True,True,False
FLOOD+ARCTIC+TRANS+SSA,CCCC,1352.4,375.25,1010.6,482.25,0.645,3.9000000000000004,3.625,4.3500000000000005,1.2851432378414391,3,4,0,False,True,True,True,False,False,False,True,True,True,False
FLOOD+ARCTIC+ENV+SSA,AAAA,1480.5,420.0,1770.0,381.25,0.635,3.8000000000000003,3.5749999999999997,4.35,0.9077380952380952,3,4,4,False,True,True,True,True,False,False,True,True,True,False
FLOOD+ARCTIC+ENV+SSA,AAAB,1464.0,415.25,1708.8,413.25,0.635,3.8000000000000003,3.5749999999999997,4.35,0.9951836243226971,3,4,3,False,True,True,True,True,False,False,True,True,True,False
FLOOD+ARCTIC+ENV+SSA,AAAC,1457.4,410.5,1640.8,415.5,0.635,3.8000000000000003,3.5749999999999997,4.35,1.0121802679658953,3,4,3,False,True,True,True,True,False,False,True,True,True,False
FLOOD+ARCTIC+ENV+SSA,AABA,1466.5,416.25,1705.2,408.5,0.635,3.8000000000000003,3.5749999999999997,4.35,0.9813813813813814,3,4,3,False,True,True,True,True,False,False,True,True,True,False
FLOOD+ARCTIC+ENV+SSA,AABB,1450.0,411.5,1644.0,440.5,0.635,3.8000000000000003,3.5749999999999997,4.35,1.0704738760631836,3,4,2,False,True,True,True,True,False,False,True,True,True,False
FLOOD+ARCTIC+ENV+SSA,AABC,1443.4,406.75,1576.0,442.75,0.635,3.8000000000000003,3.5749999999999997,4.35,1.0885064535955746,3,4,2,False,True,True,True,True,False,False,True,True,True,False
FLOOD+ARCTIC+ENV+SSA,AACA,1460.9,412.5,1633.2,410.5,0.635,3.8000000000000003,3.5749999999999997,4.35,0.9951515151515151,3,4,3,False,True,True,True,True,False,False,True,True,True,False
FLOOD+ARCTIC+ENV+SSA,AACB,1444.4,407.75,1572.0,442.5,0.635,3.8000000000000003,3.5749999999999997,4.35,1.08522378908645,3,4,2,False,True,True,True,True,False,False,True,True,True,False
FLOOD+ARCTIC+ENV+SSA,AACC,1437.8000000000002,403.0,1504.0,444.75,0.635,3.8000000000000003,3.5749999999999997,4.35,1.1035980148883375,3,4,2,False,True,True,True,True,False,False,True,True,True,False
FLOOD+ARCTIC+ENV+SSA,ABAA,1457.5,413.0,1685.4,425.0,0.635,3.8000000000000003,3.5749999999999997,4.35,1.0290556900726393,3,4,3,False,True,True,True,True,False,False,True,True,True,False
FLOOD+ARCTIC+ENV+SSA,ABAB,1441.0,408.25,1624.2,457.0,0.635,3.8000000000000003,3.5749999999999997,4.35,1.1194121249234537,3,4,2,False,True,True,True,True,False,False,True,True,True,False
FLOOD+ARCTIC+ENV+SSA,ABAC,1434.4,403.5,1556.2,459.25,0.635,3.8000000000000003,3.5749999999999997,4.35,1.1381660470879802,3,4,2,False,True,True,True,True,False,False,True,True,True,False
FLOOD+ARCTIC+ENV+SSA,ABBA,1443.5,409.25,1620.6,452.25,0.635,3.8000000000000003,3.5749999999999997,4.35,1.105070250458155,3,4,2,False,True,True,True,True,False,False,True,True,True,False
FLOOD+ARCTIC+ENV+SSA,ABBB,1427.0,404.5,1559.3999999999999,484.25,0.635,3.8000000000000003,3.5749999999999997,4.35,1.1971569839307787,3,4,1,False,True,True,True,False,False,False,True,True,True,False
FLOOD+ARCTIC+ENV+SSA,ABBC,1420.4,399.75,1491.3999999999999,486.5,0.635,3.8000000000000003,3.5749999999999997,4.35,1.217010631644778,3,4,1,False,True,True,True,False,False,False,True,True,True,False
FLOOD+ARCTIC+ENV+SSA,ABCA,1437.9,405.5,1548.6,454.25,0.635,3.8000000000000003,3.5749999999999997,4.35,1.1202219482120839,3,4,2,False,True,True,True,True,False,False,True,True,True,False
FLOOD+ARCTIC+ENV+SSA,ABCB,1421.4,400.75,1487.3999999999999,486.25,0.635,3.8000000000000003,3.5749999999999997,4.35,1.2133499688084841,3,4,1,False,True,True,True,False,False,False,True,True,True,False
FLOOD+ARCTIC+ENV+SSA,ABCC,1414.8000000000002,396.0,1419.3999999999999,488.5,0.635,3.8000000000000003,3.5749999999999997,4.35,1.2335858585858586,3,4,1,False,True,True,True,False,False,False,True,True,True,False
FLOOD+ARCTIC+ENV+SSA,ACAA,1448.3,406.0,1591.4,429.0,0.635,3.8000000000000003,3.5749999999999997,4.35,1.0566502463054188,3,4,3,False,True,True,True,True,False,False,True,True,True,False
FLOOD+ARCTIC+ENV+SSA,ACAB,1431.8,401.25,1530.2,461.0,0.635,3.8000000000000003,3.5749999999999997,4.35,1.1489096573208724,3,4,2,False,True,True,True,True,False,False,True,True,True,False
FLOOD+ARCTIC+ENV+SSA,ACAC,1425.1999999999998,396.5,1462.2,463.25,0.635,3.8000000000000003,3.5749999999999997,4.35,1.1683480453972257,3,4,2,False,True,True,True,True,False,False,True,True,True,False
FLOOD+ARCTIC+ENV+SSA,ACBA,1434.3,402.25,1526.6,456.25,0.635,3.8000000000000003,3.5749999999999997,4.35,1.1342448725916718,3,4,2,False,True,True,True,True,False,False,True,True,True,False
FLOOD+ARCTIC+ENV+SSA,ACBB,1417.8,397.5,1465.3999999999999,488.25,0.635,3.8000000000000003,3.5749999999999997,4.35,1.228301886792453,3,4,1,False,True,True,True,False,False,False,True,True,True,False
FLOOD+ARCTIC+ENV+SSA,ACBC,1411.1999999999998,392.75,1397.3999999999999,490.5,0.635,3.8000000000000003,3.5749999999999997,4.35,1.2488860598345004,3,4,1,False,True,True,True,False,False,False,True,True,True,False
FLOOD+ARCTIC+ENV+SSA,ACCA,1428.7,398.5,1454.6,458.25,0.635,3.8000000000000003,3.5749999999999997,4.35,1.1499372647427855,3,4,2,False,True,True,True,True,False,False,True,True,True,False
FLOOD+ARCTIC+ENV+SSA,ACCB,1412.2,393.75,1393.3999999999999,490.25,0.635,3.8000000000000003,3.5749999999999997,4.35,1.245079365079365,3,4,1,False,True,True,True,False,False,False,True,True,True,False
FLOOD+ARCTIC+ENV+SSA,ACCC,1405.6,389.0,1325.3999999999999,492.5,0.635,3.8000000000000003,3.5749999999999997,4.35,1.2660668380462725,3,4,1,False,True,True,True,False,False,False,True,True,True,False
FLOOD+ARCTIC+ENV+SSA,BAAA,1463.5,415.5,1662.0,384.5,0.635,3.8000000000000003,3.5749999999999997,4.35,0.9253910950661853,3,4,3,False,True,True,True,True,False,False,True,True,True,False
FLOOD+ARCTIC+ENV+SSA,BAAB,1447.0,410.75,1600.8,416.5,0.635,3.8000000000000003,3.5749999999999997,4.35,1.0139987827145465,3,4,2,False,True,True,True,True,False,False,True,True,True,False
FLOOD+ARCTIC+ENV+SSA,BAAC,1440.4,406.0,1532.8,418.75,0.635,3.8000000000000003,3.5749999999999997,4.35,1.0314039408866995,3,4,2,False,True,True,True,True,False,False,True,True,True,False
FLOOD+ARCTIC+ENV+SSA,BABA,1449.5,411.75,1597.2,411.75,0.635,3.8000000000000003,3.5749999999999997,4.35,1.0,3,4,2,False,True,True,True,True,False,False,True,True,True,False
FLOOD+ARCTIC+ENV+SSA,BABB,1433.0,407.0,1536.0,443.75,0.635,3.8000000000000003,3.5749999999999997,4.35,1.0902948402948403,3,4,1,False,True,True,True,False,False,False,True,True,True,False
FLOOD+ARCTIC+ENV+SSA,BABC,1426.4,402.25,1468.0,446.0,0.635,3.8000000000000003,3.5749999999999997,4.35,1.1087632069608453,3,4,1,False,True,True,True,False,False,False,True,True,True,False
FLOOD+ARCTIC+ENV+SSA,BACA,1443.9,408.0,1525.2,413.75,0.635,3.8000000000000003,3.5749999999999997,4.35,1.014093137254902,3,4,2,False,True,True,True,True,False,False,True,True,True,False
FLOOD+ARCTIC+ENV+SSA,BACB,1427.4,403.25,1464.0,445.75,0.635,3.8000000000000003,3.5749999999999997,4.35,1.1053936763794172,3,4,1,False,True,True,True,False,False,False,True,True,True,False
FLOOD+ARCTIC+ENV+SSA,BACC,1420.8000000000002,398.5,1396.0,448.0,0.635,3.8000000000000003,3.5749999999999997,4.35,1.124215809284818,3,4,1,False,True,True,True,False,False,False,True,True,True,False
FLOOD+ARCTIC+ENV+SSA,BBAA,1440.5,408.5,1577.3999999999999,428.25,0.635,3.8000000000000003,3.5749999999999997,4.35,1.0483476132190943,3,4,2,False,True,True,True,True,False,False,True,True,True,False
FLOOD+ARCTIC+ENV+SSA,BBAB,1424.0,403.75,1516.1999999999998,460.25,0.635,3.8000000000000003,3.5749999999999997,4.35,1.139938080495356,3,4,1,False,True,True,True,False,False,False,True,True,True,False
FLOOD+ARCTIC+ENV+SSA,BBAC,1417.4,399.0,1448.1999999999998,462.5,0.635,3.8000000000000003,3.5749999999999997,4.35,1.1591478696741855,3,4,1,False,True,True,True,False,False,False,True,True,True,False
FLOOD+ARCTIC+ENV+SSA,BBBA,1426.5,404.75,1512.6,455.5,0.635,3.8000000000000003,3.5749999999999997,4.35,1.1253860407659049,3,4,1,False,True,True,True,False,False,False,True,True,True,False
FLOOD+ARCTIC+ENV+SSA,BBBB,1410.0,400.0,1451.3999999999999,487.5,0.635,3.8000000000000003,3.5749999999999997,4.35,1.21875,3,4,0,False,True,True,True,False,False,False,True,True,True,False
FLOOD+ARCTIC+ENV+SSA,BBBC,1403.4,395.25,1383.3999999999999,489.75,0.635,3.8000000000000003,3.5749999999999997,4.35,1.239089184060721,3,4,0,False,True,True,True,False,False,False,True,True,True,False
FLOOD+ARCTIC+ENV+SSA,BBCA,1420.9,401.0,1440.6,457.5,0.635,3.8000000000000003,3.5749999999999997,4.35,1.1408977556109725,3,4,1,False,True,True,True,False,False,False,True,True,True,False
FLOOD+ARCTIC+ENV+SSA,BBCB,1404.4,396.25,1379.3999999999999,489.5,0.635,3.8000000000000003,3.5749999999999997,4.35,1.2353312302839117,3,4,0,False,True,True,True,False,False,False,True,True,True,False
FLOOD+ARCTIC+ENV+SSA,BBCC,1397.8000000000002,391.5,1311.3999999999999,491.75,0.635,3.8000000000000003,3.5749999999999997,4.35,1.2560664112388251,3,4,0,False,True,True,True,False,False,False,True,True,True,False
FLOOD+ARCTIC+ENV+SSA,BCAA,1431.3,401.5,1483.3999999999999,432.25,0.635,3.8000000000000003,3.5749999999999997,4.35,1.076587795765878,3,4,2,False,True,True,True,True,False,False,True,True,True,False
FLOOD+ARCTIC+ENV+SSA,BCAB,1414.8,396.75,1422.1999999999998,464.25,0.635,3.8000000000000003,3.5749999999999997,4.35,1.170132325141777,3,4,1,False,True,True,True,False,False,False,True,True,True,False
FLOOD+ARCTIC+ENV+SSA,BCAC,1408.1999999999998,392.0,1354.1999999999998,466.5,0.635,3.8000000000000003,3.5749999999999997,4.35,1.1900510204081634,3,4,1,False,True,True,True,False,False,False,True,True,True,False
FLOOD+ARCTIC+ENV+SSA,BCBA,1417.3,397.75,1418.6,459.5,0.635,3.8000000000000003,3.5749999999999997,4.35,1.1552482715273413,3,4,1,False,True,True,True,False,False,False,True,True,True,False
FLOOD+ARCTIC+ENV+SSA,BCBB,1400.8,393.0,1357.3999999999999,491.5,0.635,3.8000000000000003,3.5749999999999997,4.35,1.2506361323155217,3,4,0,False,True,True,True,False,False,False,True,True,True,False
FLOOD+ARCTIC+ENV+SSA,BCBC,1394.1999999999998,388.25,1289.3999999999999,493.75,0.635,3.8000000000000003,3.5749999999999997,4.35,1.2717321313586607,3,4,0,False,True,True,True,False,False,False,True,True,True,False
FLOOD+ARCTIC+ENV+SSA,BCCA,1411.7,394.0,1346.6,461.5,0.635,3.8000000000000003,3.5749999999999997,4.35,1.1713197969543148,3,4,1,False,True,True,True,False,False,False,True,True,True,False
FLOOD+ARCTIC+ENV+SSA,BCCB,1395.2,389.25,1285.3999999999999,493.5,0.635,3.8000000000000003,3.5749999999999997,4.35,1.2678227360308285,3,4,0,False,True,True,True,False,False,False,True,True,True,False
FLOOD+ARCTIC+ENV+SSA,BCCC,1388.6,384.5,1217.3999999999999,495.75,0.635,3.8000000000000003,3.5749999999999997,4.35,1.2893368010403121,3,4,0,False,True,True,True,False,False,False,True,True,True,False
FLOOD+ARCTIC+ENV+SSA,CAAA,1456.7,411.0,1542.0,366.0,0.635,3.8000000000000003,3.5749999999999997,4.35,0.8905109489051095,3,4,3,False,True,True,True,True,False,False,True,True,True,False
FLOOD+ARCTIC+ENV+SSA,CAAB,1440.2,406.25,1480.8,398.0,0.635,3.8000000000000003,3.5749999999999997,4.35,0.9796923076923076,3,4,2,False,True,True,True,True,False,False,True,True,True,False
FLOOD+ARCTIC+ENV+SSA,CAAC,1433.6,401.5,1412.8,400.25,0.635,3.8000000000000003,3.5749999999999997,4.35,0.9968866749688667,3,4,2,False,True,True,True,True,False,False,True,True,True,False
FLOOD+ARCTIC+ENV+SSA,CABA,1442.7,407.25,1477.2,393.25,0.635,3.8000000000000003,3.5749999999999997,4.35,0.9656230816451811,3,4,2,False,True,True,True,True,False,False,True,True,True,False
FLOOD+ARCTIC+ENV+SSA,CABB,1426.2,402.5,1416.0,425.25,0.635,3.8000000000000003,3.5749999999999997,4.35,1.0565217391304347,3,4,1,False,True,True,True,False,False,False,True,True,True,False
FLOOD+ARCTIC+ENV+SSA,CABC,1419.6,397.75,1348.0,427.5,0.635,3.8000000000000003,3.5749999999999997,4.35,1.0747957259585166,3,4,1,False,True,True,True,False,False,False,True,True,True,False
FLOOD+ARCTIC+ENV+SSA,CACA,1437.1,403.5,1405.2,395.25,0.635,3.8000000000000003,3.5749999999999997,4.35,0.9795539033457249,3,4,2,False,True,True,True,True,False,False,True,True,True,False
FLOOD+ARCTIC+ENV+SSA,CACB,1420.6,398.75,1344.0,427.25,0.635,3.8000000000000003,3.5749999999999997,4.35,1.071473354231975,3,4,1,False,True,True,True,False,False,False,True,True,True,False
FLOOD+ARCTIC+ENV+SSA,CACC,1414.0,394.0,1276.0,429.5,0.635,3.8000000000000003,3.5749999999999997,4.35,1.0901015228426396,3,4,1,False,True,True,True,False,False,False,True,True,True,False
FLOOD+ARCTIC+ENV+SSA,CBAA,1433.7,404.0,1457.4,409.75,0.635,3.8000000000000003,3.5749999999999997,4.35,1.0142326732673268,3,4,2,False,True,True,True,True,False,False,True,True,True,False
FLOOD+ARCTIC+ENV+SSA,CBAB,1417.2,399.25,1396.2,441.75,0.635,3.8000000000000003,3.5749999999999997,4.35,1.1064495929868503,3,4,1,False,True,True,True,False,False,False,True,True,True,False
FLOOD+ARCTIC+ENV+SSA,CBAC,1410.6,394.5,1328.2,444.0,0.635,3.8000000000000003,3.5749999999999997,4.35,1.1254752851711027,3,4,1,False,True,True,True,False,False,False,True,True,True,False
FLOOD+ARCTIC+ENV+SSA,CBBA,1419.7,400.25,1392.6,437.0,0.635,3.8000000000000003,3.5749999999999997,4.35,1.0918176139912554,3,4,1,False,True,True,True,False,False,False,True,True,True,False
FLOOD+ARCTIC+ENV+SSA,CBBB,1403.2,395.5,1331.3999999999999,469.0,0.635,3.8000000000000003,3.5749999999999997,4.35,1.1858407079646018,3,4,0,False,True,True,True,False,False,False,True,True,True,False
FLOOD+ARCTIC+ENV+SSA,CBBC,1396.6,390.75,1263.3999999999999,471.25,0.635,3.8000000000000003,3.5749999999999997,4.35,1.2060140754958413,3,4,0,False,True,True,True,False,False,False,True,True,True,False
FLOOD+ARCTIC+ENV+SSA,CBCA,1414.1,396.5,1320.6,439.0,0.635,3.8000000000000003,3.5749999999999997,4.35,1.1071878940731399,3,4,1,False,True,True,True,False,False,False,True,True,True,False
FLOOD+ARCTIC+ENV+SSA,CBCB,1397.6,391.75,1259.3999999999999,471.0,0.635,3.8000000000000003,3.5749999999999997,4.35,1.202297383535418,3,4,0,False,True,True,True,False,False,False,True,True,True,False
FLOOD+ARCTIC+ENV+SSA,CBCC,1391.0,387.0,1191.3999999999999,473.25,0.635,3.8000000000000003,3.5749999999999997,4.35,1.2228682170542635,3,4,0,False,True,True,True,False,False,False,True,True,True,False
FLOOD+ARCTIC+ENV+SSA,CCAA,1424.5,397.0,1363.4,413.75,0.635,3.8000000000000003,3.5749999999999997,4.35,1.042191435768262,3,4,2,False,True,True,True,True,False,False,True,True,True,False
FLOOD+ARCTIC+ENV+SSA,CCAB,1408.0,392.25,1302.2,445.75,0.635,3.8000000000000003,3.5749999999999997,4.35,1.1363926067558954,3,4,1,False,True,True,True,False,False,False,True,True,True,False
FLOOD+ARCTIC+ENV+SSA,CCAC,1401.4,387.5,1234.2,448.0,0.635,3.8000000000000003,3.5749999999999997,4.35,1.1561290322580646,3,4,1,False,True,True,True,False,False,False,True,True,True,False
FLOOD+ARCTIC+ENV+SSA,CCBA,1410.5,393.25,1298.6,441.0,0.635,3.8000000000000003,3.5749999999999997,4.35,1.1214240305149397,3,4,1,False,True,True,True,False,False,False,True,True,True,False
FLOOD+ARCTIC+ENV+SSA,CCBB,1394.0,388.5,1237.3999999999999,473.0,0.635,3.8000000000000003,3.5749999999999997,4.35,1.2175032175032174,3,4,0,False,True,True,True,False,False,False,True,True,True,False
FLOOD+ARCTIC+ENV+SSA,CCBC,1387.4,383.75,1169.3999999999999,475.25,0.635,3.8000000000000003,3.5749999999999997,4.35,1.2384364820846905,3,4,0,False,True,True,True,False,False,False,True,True,True,False
FLOOD+ARCTIC+ENV+SSA,CCCA,1404.9,389.5,1226.6,443.0,0.635,3.8000000000000003,3.5749999999999997,4.35,1.1373555840821565,3,4,1,False,True,True,True,False,False,False,True,True,True,False
FLOOD+ARCTIC+ENV+SSA,CCCB,1388.4,384.75,1165.3999999999999,475.0,0.635,3.8000000000000003,3.5749999999999997,4.35,1.2345679012345678,3,4,0,False,True,True,True,False,False,False,True,True,True,False
FLOOD+ARCTIC+ENV+SSA,CCCC,1381.8000000000002,380.0,1097.3999999999999,477.25,0.635,3.8000000000000003,3.5749999999999997,4.35,1.255921052631579,3,4,0,False,True,True,True,False,False,False,True,True,True,False
FLOOD+TRANS+ENV+SSA,AAAA,1260.0,346.5,1520.0,331.25,0.6900000000000001,4.2,3.975,4.625,0.9559884559884559,3,3,4,True,True,True,True,True,True,True,True,True,True,False
FLOOD+TRANS+ENV+SSA,AAAB,1243.5,341.75,1458.8,363.25,0.6900000000000001,4.2,3.975,4.625,1.0629114850036576,3,3,3,True,True,True,True,True,True,True,True,True,True,False
FLOOD+TRANS+ENV+SSA,AAAC,1236.9,337.0,1390.8,365.5,0.6900000000000001,4.2,3.975,4.625,1.0845697329376855,3,3,3,True,True,True,True,True,True,True,True,True,True,False
FLOOD+TRANS+ENV+SSA,AABA,1246.0,342.75,1455.2,358.5,0.6900000000000001,4.2,3.975,4.625,1.0459518599562363,3,3,3,True,True,True,True,True,True,True,True,True,True,False
FLOOD+TRANS+ENV+SSA,AABB,1229.5,338.0,1394.0,390.5,0.6900000000000001,4.2,3.975,4.625,1.1553254437869822,3,3,2,True,True,True,True,True,True,True,True,True,True,False
FLOOD+TRANS+ENV+SSA,AABC,1222.9,333.25,1326.0,392.75,0.6900000000000001,4.2,3.975,4.625,1.1785446361590397,3,3,2,True,True,True,True,True,True,True,True,True,True,False
FLOOD+TRANS+ENV+SSA,AACA,1240.4,339.0,1383.2,360.5,0.6900000000000001,4.2,3.975,4.625,1.0634218289085546,3,3,3,True,True,True,True,True,True,True,True,True,True,False
FLOOD+TRANS+ENV+SSA,AACB,1223.9,334.25,1322.0,392.5,0.6900000000000001,4.2,3.975,4.625,1.174270755422588,3,3,2,True,True,True,True,True,True,True,True,True,True,False
FLOOD+TRANS+ENV+SSA,AACC,1217.3,329.5,1254.0,394.75,0.6900000000000001,4.2,3.975,4.625,1.1980273141122912,3,3,2,True,True,True,True,True,True,True,True,True,True,False
FLOOD+TRANS+ENV+SSA,ABAA,1247.5,343.0,1480.4,365.0,0.6900000000000001,4.2,3.975,4.625,1.064139941690962,3,3,3,True,True,True,True,True,True,True,True,True,True,False
FLOOD+TRANS+ENV+SSA,ABAB,1231.0,338.25,1419.1999999999998,397.0,0.6900000000000001,4.2,3.975,4.625,1.1736881005173687,3,3,2,True,True,True,True,True,True,True,True,True,True,False
FLOOD+TRANS+ENV+SSA,ABAC,1224.4,333.5,1351.1999999999998,399.25,0.6900000000000001,4.2,3.975,4.625,1.197151424287856,3,3,2,True,True,True,True,True,True,True,True,True,True,False
FLOOD+TRANS+ENV+SSA,ABBA,1233.5,339.25,1415.6,392.25,0.6900000000000001,4.2,3.975,4.625,1.1562269712601327,3,3,2,True,True,True,True,True,True,True,True,True,True,False
FLOOD+TRANS+ENV+SSA,ABBB,1217.0,334.5,1354.4,424.25,0.6900000000000001,4.2,3.975,4.625,1.2683109118086697,3,3,1,False,True,True,True,False,True,True,True,True,True,False
FLOOD+TRANS+ENV+SSA,ABBC,1210.4,329.75,1286.4,426.5,0.6900000000000001,4.2,3.975,4.625,1.2934040940106142,3,3,1,False,True,True,True,False,True,True,True,True,True,False
FLOOD+TRANS+ENV+SSA,ABCA,1227.9,335.5,1343.6,394.25,0.6900000000000001,4.2,3.975,4.625,1.1751117734724292,3,3,2,True,True,True,True,True,True,True,True,True,True,False
FLOOD+TRANS+ENV+SSA,ABCB,1211.4,330.75,1282.4,426.25,0.6900000000000001,4.2,3.975,4.625,1.2887377173091459,3,3,1,False,True,True,True,False,True,True,True,True,True,False
FLOOD+TRANS+ENV+SSA,ABCC,1204.8,326.0,1214.4,428.5,0.6900000000000001,4.2,3.975,4.625,1.3144171779141105,3,3,1,False,True,True,True,False,True,True,True,True,True,False
FLOOD+TRANS+ENV+SSA,ACAA,1242.5,339.5,1436.4,373.0,0.6900000000000001,4.2,3.975,4.625,1.0986745213549338,3,3,3,True,True,True,True,True,True,True,True,True,True,False
FLOOD+TRANS+ENV+SSA,ACAB,1226.0,334.75,1375.2,405.0,0.6900000000000001,4.2,3.975,4.625,1.2098581030619866,3,3,2,True,True,True,True,True,True,True,True,True,True,False
FLOOD+TRANS+ENV+SSA,ACAC,1219.4,330.0,1307.2,407.25,0.6900000000000001,4.2,3.975,4.625,1.2340909090909091,3,3,2,True,True,True,True,True,True,True,True,True,True,False
FLOOD+TRANS+ENV+SSA,ACBA,1228.5,335.75,1371.6000000000001,400.25,0.6900000000000001,4.2,3.975,4.625,1.1921072226358898,3,3,2,True,True,True,True,True,True,True,True,True,True,False
FLOOD+TRANS+ENV+SSA,ACBB,1212.0,331.0,1310.4,432.25,0.6900000000000001,4.2,3.975,4.625,1.305891238670695,3,3,1,False,True,True,True,False,True,True,True,True,True,False
FLOOD+TRANS+ENV+SSA,ACBC,1205.4,326.25,1242.4,434.5,0.6900000000000001,4.2,3.975,4.625,1.331800766283525,3,3,1,False,True,True,True,False,True,True,True,True,True,False
FLOOD+TRANS+ENV+SSA,ACCA,1222.9,332.0,1299.6000000000001,402.25,0.6900000000000001,4.2,3.975,4.625,1.2115963855421688,3,3,2,True,True,True,True,True,True,True,True,True,True,False
FLOOD+TRANS+ENV+SSA,ACCB,1206.4,327.25,1238.4,434.25,0.6900000000000001,4.2,3.975,4.625,1.3269671504965623,3,3,1,False,True,True,True,False,True,True,True,True,True,False
FLOOD+TRANS+ENV+SSA,ACCC,1199.8,322.5,1170.4,436.5,0.6900000000000001,4.2,3.975,4.625,1.3534883720930233,3,3,1,False,True,True,True,False,True,True,True,True,True,False
FLOOD+TRANS+ENV+SSA,BAAA,1243.0,342.0,1412.0,334.5,0.6900000000000001,4.2,3.975,4.625,0.9780701754385965,3,3,3,True,True,True,True,True,True,True,True,True,True,False
FLOOD+TRANS+ENV+SSA,BAAB,1226.5,337.25,1350.8,366.5,0.6900000000000001,4.2,3.975,4.625,1.0867309117865085,3,3,2,True,True,True,True,True,True,True,True,True,True,False
FLOOD+TRANS+ENV+SSA,BAAC,1219.9,332.5,1282.8,368.75,0.6900000000000001,4.2,3.975,4.625,1.1090225563909775,3,3,2,True,True,True,True,True,True,True,True,True,True,False
FLOOD+TRANS+ENV+SSA,BABA,1229.0,338.25,1347.1999999999998,361.75,0.6900000000000001,4.2,3.975,4.625,1.0694752402069476,3,3,2,True,True,True,True,True,True,True,True,True,True,False
FLOOD+TRANS+ENV+SSA,BABB,1212.5,333.5,1286.0,393.75,0.6900000000000001,4.2,3.975,4.625,1.1806596701649175,3,3,1,False,True,True,True,False,True,True,True,True,True,False
FLOOD+TRANS+ENV+SSA,BABC,1205.9,328.75,1218.0,396.0,0.6900000000000001,4.2,3.975,4.625,1.2045627376425856,3,3,1,False,True,True,True,False,True,True,True,True,True,False
FLOOD+TRANS+ENV+SSA,BACA,1223.4,334.5,1275.1999999999998,363.75,0.6900000000000001,4.2,3.975,4.625,1.0874439461883407,3,3,2,True,True,True,True,True,True,True,True,True,True,False
FLOOD+TRANS+ENV+SSA,BACB,1206.9,329.75,1214.0,395.75,0.6900000000000001,4.2,3.975,4.625,1.2001516300227446,3,3,1,False,True,True,True,False,True,True,True,True,True,False
FLOOD+TRANS+ENV+SSA,BACC,1200.3,325.0,1146.0,398.0,0.6900000000000001,4.2,3.975,4.625,1.2246153846153847,3,3,1,False,True,True,True,False,True,True,True,True,True,False
FLOOD+TRANS+ENV+SSA,BBAA,1230.5,338.5,1372.4,368.25,0.6900000000000001,4.2,3.975,4.625,1.0878877400295421,3,3,2,True,True,True,True,True,True,True,True,True,True,False
FLOOD+TRANS+ENV+SSA,BBAB,1214.0,333.75,1311.1999999999998,400.25,0.6900000000000001,4.2,3.975,4.625,1.199250936329588,3,3,1,False,True,True,True,False,True,True,True,True,True,False
FLOOD+TRANS+ENV+SSA,BBAC,1207.4,329.0,1243.1999999999998,402.5,0.6900000000000001,4.2,3.975,4.625,1.2234042553191489,3,3,1,False,True,True,True,False,True,True,True,True,True,False
FLOOD+TRANS+ENV+SSA,BBBA,1216.5,334.75,1307.6,395.5,0.6900000000000001,4.2,3.975,4.625,1.181478715459298,3,3,1,False,True,True,True,False,True,True,True,True,True,False
FLOOD+TRANS+ENV+SSA,BBBB,1200.0,330.0,1246.4,427.5,0.6900000000000001,4.2,3.975,4.625,1.2954545454545454,3,3,0,False,True,True,True,False,True,True,True,True,True,False
FLOOD+TRANS+ENV+SSA,BBBC,1193.4,325.25,1178.4,429.75,0.6900000000000001,4.2,3.975,4.625,1.3212913143735587,3,3,0,False,True,True,True,False,True,True,True,True,True,False
FLOOD+TRANS+ENV+SSA,BBCA,1210.9,331.0,1235.6,397.5,0.6900000000000001,4.2,3.975,4.625,1.200906344410876,3,3,1,False,True,True,True,False,True,True,True,True,True,False
FLOOD+TRANS+ENV+SSA,BBCB,1194.4,326.25,1174.4,429.5,0.6900000000000001,4.2,3.975,4.625,1.3164750957854405,3,3,0,False,True,True,True,False,True,True,True,True,True,False
FLOOD+TRANS+ENV+SSA,BBCC,1187.8,321.5,1106.4,431.75,0.6900000000000001,4.2,3.975,4.625,1.342923794712286,3,3,0,False,True,True,True,False,True,True,True,True,True,False
FLOOD+TRANS+ENV+SSA,BCAA,1225.5,335.0,1328.4,376.25,0.6900000000000001,4.2,3.975,4.625,1.123134328358209,3,3,2,True,True,True,True,True,True,True,True,True,True,False
FLOOD+TRANS+ENV+SSA,BCAB,1209.0,330.25,1267.2,408.25,0.6900000000000001,4.2,3.975,4.625,1.2361847085541258,3,3,1,False,True,True,True,False,True,True,True,True,True,False
FLOOD+TRANS+ENV+SSA,BCAC,1202.4,325.5,1199.2,410.5,0.6900000000000001,4.2,3.975,4.625,1.261136712749616,3,3,1,False,True,True,True,False,True,True,True,True,True,False
FLOOD+TRANS+ENV+SSA,BCBA,1211.5,331.25,1263.6,403.5,0.6900000000000001,4.2,3.975,4.625,1.21811320754717,3,3,1,False,True,True,True,False,True,True,True,True,True,False
FLOOD+TRANS+ENV+SSA,BCBB,1195.0,326.5,1202.4,435.5,0.6900000000000001,4.2,3.975,4.625,1.333843797856049,3,3,0,False,True,True,True,False,True,True,True,True,True,False
FLOOD+TRANS+ENV+SSA,BCBC,1188.4,321.75,1134.4,437.75,0.6900000000000001,4.2,3.975,4.625,1.3605283605283605,3,3,0,False,True,True,True,False,True,True,True,True,True,False
FLOOD+TRANS+ENV+SSA,BCCA,1205.9,327.5,1191.6,405.5,0.6900000000000001,4.2,3.975,4.625,1.2381679389312976,3,3,1,False,True,True,True,False,True,True,True,True,True,False
FLOOD+TRANS+ENV+SSA,BCCB,1189.4,322.75,1130.4,437.5,0.6900000000000001,4.2,3.975,4.625,1.3555383423702556,3,3,0,False,True,True,True,False,True,True,True,True,True,False
FLOOD+TRANS+ENV+SSA,BCCC,1182.8,318.0,1062.4,439.75,0.6900000000000001,4.2,3.975,4.625,1.3828616352201257,3,3,0,False,True,True,True,False,True,True,True,True,True,False
FLOOD+TRANS+ENV+SSA,CAAA,1236.2,337.5,1292.0,316.0,0.6900000000000001,4.2,3.975,4.625,0.9362962962962963,3,3,3,True,True,True,True,True,True,True,True,True,True,False
FLOOD+TRANS+ENV+SSA,CAAB,1219.7,332.75,1230.8,348.0,0.6900000000000001,4.2,3.975,4.625,1.0458302028549962,3,3,2,True,True,True,True,True,True,True,True,True,True,False
FLOOD+TRANS+ENV+SSA,CAAC,1213.1,328.0,1162.8,350.25,0.6900000000000001,4.2,3.975,4.625,1.0678353658536586,3,3,2,True,True,True,True,True,True,True,True,True,True,False
FLOOD+TRANS+ENV+SSA,CABA,1222.2,333.75,1227.2,343.25,0.6900000000000001,4.2,3.975,4.625,1.0284644194756554,3,3,2,True,True,True,True,True,True,True,True,True,True,False
FLOOD+TRANS+ENV+SSA,CABB,1205.7,329.0,1166.0,375.25,0.6900000000000001,4.2,3.975,4.625,1.1405775075987843,3,3,1,False,True,True,True,False,True,True,True,True,True,False
FLOOD+TRANS+ENV+SSA,CABC,1199.1,324.25,1098.0,377.5,0.6900000000000001,4.2,3.975,4.625,1.164225134926754,3,3,1,False,True,True,True,False,True,True,True,True,True,False
FLOOD+TRANS+ENV+SSA,CACA,1216.6,330.0,1155.2,345.25,0.6900000000000001,4.2,3.975,4.625,1.0462121212121211,3,3,2,True,True,True,True,True,True,True,True,True,True,False
FLOOD+TRANS+ENV+SSA,CACB,1200.1,325.25,1094.0,377.25,0.6900000000000001,4.2,3.975,4.625,1.1598770176787088,3,3,1,False,True,True,True,False,True,True,True,True,True,False
FLOOD+TRANS+ENV+SSA,CACC,1193.5,320.5,1026.0,379.5,0.6900000000000001,4.2,3.975,4.625,1.1840873634945397,3,3,1,False,True,True,True,False,True,True,True,True,True,False
FLOOD+TRANS+ENV+SSA,CBAA,1223.7,334.0,1252.4,349.75,0.6900000000000001,4.2,3.975,4.625,1.0471556886227544,3,3,2,True,True,True,True,True,True,True,True,True,True,False
FLOOD+TRANS+ENV+SSA,CBAB,1207.2,329.25,1191.1999999999998,381.75,0.6900000000000001,4.2,3.975,4.625,1.1594533029612757,3,3,1,False,True,True,True,False,True,True,True,True,True,False
FLOOD+TRANS+ENV+SSA,CBAC,1200.6,324.5,1123.1999999999998,384.0,0.6900000000000001,4.2,3.975,4.625,1.1833590138674885,3,3,1,False,True,True,True,False,True,True,True,True,True,False
FLOOD+TRANS+ENV+SSA,CBBA,1209.7,330.25,1187.6,377.0,0.6900000000000001,4.2,3.975,4.625,1.141559424678274,3,3,1,False,True,True,True,False,True,True,True,True,True,False
FLOOD+TRANS+ENV+SSA,CBBB,1193.2,325.5,1126.4,409.0,0.6900000000000001,4.2,3.975,4.625,1.2565284178187404,3,3,0,False,True,True,True,False,True,True,True,True,True,False
FLOOD+TRANS+ENV+SSA,CBBC,1186.6,320.75,1058.4,411.25,0.6900000000000001,4.2,3.975,4.625,1.2821512081060016,3,3,0,False,True,True,True,False,True,True,True,True,True,False
FLOOD+TRANS+ENV+SSA,CBCA,1204.1,326.5,1115.6,379.0,0.6900000000000001,4.2,3.975,4.625,1.1607963246554365,3,3,1,False,True,True,True,False,True,True,True,True,True,False
FLOOD+TRANS+ENV+SSA,CBCB,1187.6,321.75,1054.4,411.0,0.6900000000000001,4.2,3.975,4.625,1.2773892773892774,3,3,0,False,True,True,True,False,True,True,True,True,True,False
FLOOD+TRANS+ENV+SSA,CBCC,1181.0,317.0,986.4,413.25,0.6900000000000001,4.2,3.975,4.625,1.303627760252366,3,3,0,False,True,True,True,False,True,True,False,True,True,False
FLOOD+TRANS+ENV+SSA,CCAA,1218.7,330.5,1208.4,357.75,0.6900000000000001,4.2,3.975,4.625,1.0824508320726172,3,3,2,True,True,True,True,True,True,True,True,True,True,False
FLOOD+TRANS+ENV+SSA,CCAB,1202.2,325.75,1147.2,389.75,0.6900000000000001,4.2,3.975,4.625,1.1964696853415195,3,3,1,False,True,True,True,False,True,True,True,True,True,False
FLOOD+TRANS+ENV+SSA,CCAC,1195.6,321.0,1079.2,392.0,0.6900000000000001,4.2,3.975,4.625,1.2211838006230529,3,3,1,False,True,True,True,False,True,True,True,True,True,False
FLOOD+TRANS+ENV+SSA,CCBA,1204.7,326.75,1143.6000000000001,385.0,0.6900000000000001,4.2,3.975,4.625,1.1782708492731446,3,3,1,False,True,True,True,False,True,True,True,True,True,False
FLOOD+TRANS+ENV+SSA,CCBB,1188.2,322.0,1082.4,417.0,0.6900000000000001,4.2,3.975,4.625,1.295031055900621,3,3,0,False,True,True,True,False,True,True,True,True,True,False
FLOOD+TRANS+ENV+SSA,CCBC,1181.6,317.25,1014.4,419.25,0.6900000000000001,4.2,3.975,4.625,1.3215130023640662,3,3,0,False,True,True,True,False,True,True,True,True,True,False
FLOOD+TRANS+ENV+SSA,CCCA,1199.1,323.0,1071.6000000000001,387.0,0.6900000000000001,4.2,3.975,4.625,1.1981424148606812,3,3,1,False,True,True,True,False,True,True,True,True,True,False
FLOOD+TRANS+ENV+SSA,CCCB,1182.6,318.25,1010.4,419.0,0.6900000000000001,4.2,3.975,4.625,1.3165750196386488,3,3,0,False,True,True,True,False,True,True,True,True,True,False
FLOOD+TRANS+ENV+SSA,CCCC,1176.0,313.5,942.4,421.25,0.6900000000000001,4.2,3.975,4.625,1.3437001594896332,3,3,0,False,True,True,True,False,True,True,False,True,True,False
AGRI+INFRA+ARCTIC+TRANS,AAAA,1344.0,383.25,1220.0,328.75,0.6925,4.175,3.8249999999999997,4.425,0.857795172863666,4,3,4,False,True,True,True,True,False,False,True,True,True,False
AGRI+INFRA+ARCTIC+TRANS,AAAB,1331.5,379.75,1180.4,362.5,0.6925,4.175,3.8249999999999997,4.425,0.9545753785385122,4,3,3,False,True,True,True,True,False,False,True,True,True,False
AGRI+INFRA+ARCTIC+TRANS,AAAC,1326.5,376.25,1136.4,370.5,0.6925,4.175,3.8249999999999997,4.425,0.9847176079734219,4,3,3,False,True,True,True,True,False,False,True,True,True,False
AGRI+INFRA+ARCTIC+TRANS,AABA,1321.0,376.25,1135.4,372.5,0.6925,4.175,3.8249999999999997,4.425,0.9900332225913622,4,3,3,False,True,True,True,True,False,False,True,True,True,False
AGRI+INFRA+ARCTIC+TRANS,AABB,1308.5,372.75,1095.8,406.25,0.6925,4.175,3.8249999999999997,4.425,1.0898725687458082,4,3,2,False,True,True,True,True,False,False,True,True,True,False
AGRI+INFRA+ARCTIC+TRANS,AABC,1303.5,369.25,1051.8,414.25,0.6925,4.175,3.8249999999999997,4.425,1.1218686526743398,4,3,2,False,True,True,True,True,False,False,True,True,True,False
AGRI+INFRA+ARCTIC+TRANS,AACA,1311.8,369.25,1041.4,376.5,0.6925,4.175,3.8249999999999997,4.425,1.019634394041977,4,3,3,False,True,True,True,True,False,False,True,True,True,False
AGRI+INFRA+ARCTIC+TRANS,AACB,1299.3,365.75,1001.8,410.25,0.6925,4.175,3.8249999999999997,4.425,1.1216678058783323,4,3,2,False,True,True,True,True,True,False,True,True,True,False
AGRI+INFRA+ARCTIC+TRANS,AACC,1294.3,362.25,957.8,418.25,0.6925,4.175,3.8249999999999997,4.425,1.1545893719806763,4,3,2,False,True,True,True,True,True,False,False,True,True,False
AGRI+INFRA+ARCTIC+TRANS,ABAA,1328.5,379.25,1166.0,365.0,0.6925,4.175,3.8249999999999997,4.425,0.962425840474621,4,3,3,False,True,True,True,True,False,False,True,True,True,False
AGRI+INFRA+ARCTIC+TRANS,ABAB,1316.0,375.75,1126.4,398.75,0.6925,4.175,3.8249999999999997,4.425,1.0612109115103128,4,3,2,False,True,True,True,True,False,False,True,True,True,False
AGRI+INFRA+ARCTIC+TRANS,ABAC,1311.0,372.25,1082.4,406.75,0.6925,4.175,3.8249999999999997,4.425,1.0926796507723304,4,3,2,False,True,True,True,True,False,False,True,True,True,False
AGRI+INFRA+ARCTIC+TRANS,ABBA,1305.5,372.25,1081.4,408.75,0.6925,4.175,3.8249999999999997,4.425,1.0980523841504366,4,3,2,False,True,True,True,True,False,False,True,True,True,False
AGRI+INFRA+ARCTIC+TRANS,ABBB,1293.0,368.75,1041.8,442.5,0.6925,4.175,3.8249999999999997,4.425,1.2,4,3,1,False,True,True,True,False,True,False,True,True,True,False
AGRI+INFRA+ARCTIC+TRANS,ABBC,1288.0,365.25,997.8,450.5,0.6925,4.175,3.8249999999999997,4.425,1.2334017796030117,4,3,1,False,True,True,True,False,True,False,False,True,True,False
AGRI+INFRA+ARCTIC+TRANS,ABCA,1296.3,365.25,987.4,412.75,0.6925,4.175,3.8249999999999997,4.425,1.1300479123887748,4,3,2,False,True,True,True,True,True,False,False,True,True,False
AGRI+INFRA+ARCTIC+TRANS,ABCB,1283.8,361.75,947.8,446.5,0.6925,4.175,3.8249999999999997,4.425,1.234277816171389,4,3,1,False,True,True,True,False,True,False,False,True,True,False
AGRI+INFRA+ARCTIC+TRANS,ABCC,1278.8,358.25,903.8,454.5,0.6925,4.175,3.8249999999999997,4.425,1.2686671318911376,4,3,1,False,True,True,True,False,True,True,False,True,True,False
AGRI+INFRA+ARCTIC+TRANS,ACAA,1322.3,375.25,1106.0,372.0,0.6925,4.175,3.8249999999999997,4.425,0.9913391072618255,4,3,3,False,True,True,True,True,False,False,True,True,True,False
AGRI+INFRA+ARCTIC+TRANS,ACAB,1309.8,371.75,1066.4,405.75,0.6925,4.175,3.8249999999999997,4.425,1.0914593140551445,4,3,2,False,True,True,True,True,False,False,True,True,True,False
AGRI+INFRA+ARCTIC+TRANS,ACAC,1304.8,368.25,1022.4,413.75,0.6925,4.175,3.8249999999999997,4.425,1.1235573659198914,4,3,2,False,True,True,True,True,False,False,True,True,True,False
AGRI+INFRA+ARCTIC+TRANS,ACBA,1299.3,368.25,1021.4,415.75,0.6925,4.175,3.8249999999999997,4.425,1.128988458927359,4,3,2,False,True,True,True,True,True,False,True,True,True,False
AGRI+INFRA+ARCTIC+TRANS,ACBB,1286.8,364.75,981.8,449.5,0.6925,4.175,3.8249999999999997,4.425,1.2323509252912954,4,3,1,False,True,True,True,False,True,False,False,True,True,False
AGRI+INFRA+ARCTIC+TRANS,ACBC,1281.8,361.25,937.8,457.5,0.6925,4.175,3.8249999999999997,4.425,1.2664359861591696,4,3,1,False,True,True,True,False,True,False,False,True,True,False
AGRI+INFRA+ARCTIC+TRANS,ACCA,1290.1,361.25,927.4,419.75,0.6925,4.175,3.8249999999999997,4.425,1.1619377162629758,4,3,2,False,True,True,True,True,True,False,False,True,True,False
AGRI+INFRA+ARCTIC+TRANS,ACCB,1277.6,357.75,887.8,453.5,0.6925,4.175,3.8249999999999997,4.425,1.26764500349406,4,3,1,False,True,True,True,False,True,True,False,True,True,False
AGRI+INFRA+ARCTIC+TRANS,ACCC,1272.6,354.25,843.8,461.5,0.6925,4.175,3.8249999999999997,4.425,1.3027522935779816,4,3,1,False,True,True,True,False,True,True,False,True,True,False
AGRI+INFRA+ARCTIC+TRANS,BAAA,1331.0,379.5,1178.6,376.75,0.6925,4.175,3.8249999999999997,4.425,0.9927536231884058,4,3,3,False,True,True,True,True,False,False,True,True,True,False
AGRI+INFRA+ARCTIC+TRANS,BAAB,1318.5,376.0,1139.0,410.5,0.6925,4.175,3.8249999999999997,4.425,1.0917553191489362,4,3,2,False,True,True,True,True,False,False,True,True,True,False
AGRI+INFRA+ARCTIC+TRANS,BAAC,1313.5,372.5,1095.0,418.5,0.6925,4.175,3.8249999999999997,4.425,1.123489932885906,4,3,2,False,True,True,True,True,False,False,True,True,True,False
AGRI+INFRA+ARCTIC+TRANS,BABA,1308.0,372.5,1094.0,420.5,0.6925,4.175,3.8249999999999997,4.425,1.1288590604026845,4,3,2,False,True,True,True,True,False,False,True,True,True,False
AGRI+INFRA+ARCTIC+TRANS,BABB,1295.5,369.0,1054.4,454.25,0.6925,4.175,3.8249999999999997,4.425,1.231029810298103,4,3,1,False,True,True,True,False,True,False,True,True,True,False
AGRI+INFRA+ARCTIC+TRANS,BABC,1290.5,365.5,1010.4,462.25,0.6925,4.175,3.8249999999999997,4.425,1.2647058823529411,4,3,1,False,True,True,True,False,True,False,True,True,True,False
AGRI+INFRA+ARCTIC+TRANS,BACA,1298.8,365.5,1000.0,424.5,0.6925,4.175,3.8249999999999997,4.425,1.161422708618331,4,3,2,False,True,True,True,True,True,False,True,True,True,False
AGRI+INFRA+ARCTIC+TRANS,BACB,1286.3,362.0,960.4,458.25,0.6925,4.175,3.8249999999999997,4.425,1.2658839779005524,4,3,1,False,True,True,True,False,True,False,False,True,True,False
AGRI+INFRA+ARCTIC+TRANS,BACC,1281.3,358.5,916.4,466.25,0.6925,4.175,3.8249999999999997,4.425,1.300557880055788,4,3,1,False,True,True,True,False,True,True,False,True,True,False
AGRI+INFRA+ARCTIC+TRANS,BBAA,1315.5,375.5,1124.6,413.0,0.6925,4.175,3.8249999999999997,4.425,1.099866844207723,4,3,2,False,True,True,True,True,False,False,True,True,True,False
AGRI+INFRA+ARCTIC+TRANS,BBAB,1303.0,372.0,1085.0,446.75,0.6925,4.175,3.8249999999999997,4.425,1.2009408602150538,4,3,1,False,True,True,True,False,False,False,True,True,True,False
AGRI+INFRA+ARCTIC+TRANS,BBAC,1298.0,368.5,1041.0,454.75,0.6925,4.175,3.8249999999999997,4.425,1.2340569877883312,4,3,1,False,True,True,True,False,True,False,True,True,True,False
AGRI+INFRA+ARCTIC+TRANS,BBBA,1292.5,368.5,1040.0,456.75,0.6925,4.175,3.8249999999999997,4.425,1.2394843962008142,4,3,1,False,True,True,True,False,True,False,True,True,True,False
AGRI+INFRA+ARCTIC+TRANS,BBBB,1280.0,365.0,1000.4,490.5,0.6925,4.175,3.8249999999999997,4.425,1.3438356164383563,4,3,0,False,True,True,True,False,True,False,True,True,True,False
AGRI+INFRA+ARCTIC+TRANS,BBBC,1275.0,361.5,956.4,498.5,0.6925,4.175,3.8249999999999997,4.425,1.3789764868603043,4,3,0,False,True,True,True,False,True,False,False,True,True,False
AGRI+INFRA+ARCTIC+TRANS,BBCA,1283.3,361.5,946.0,460.75,0.6925,4.175,3.8249999999999997,4.425,1.2745504840940525,4,3,1,False,True,True,True,False,True,False,False,True,True,False
AGRI+INFRA+ARCTIC+TRANS,BBCB,1270.8,358.0,906.4,494.5,0.6925,4.175,3.8249999999999997,4.425,1.3812849162011174,4,3,0,False,True,True,True,False,True,True,False,True,True,False
AGRI+INFRA+ARCTIC+TRANS,BBCC,1265.8,354.5,862.4,502.5,0.6925,4.175,3.8249999999999997,4.425,1.4174894217207334,4,3,0,False,True,True,True,False,True,True,False,True,True,False
AGRI+INFRA+ARCTIC+TRANS,BCAA,1309.3,371.5,1064.6,420.0,0.6925,4.175,3.8249999999999997,4.425,1.1305518169582773,4,3,2,False,True,True,True,True,False,False,True,True,True,False
AGRI+INFRA+ARCTIC+TRANS,BCAB,1296.8,368.0,1025.0,453.75,0.6925,4.175,3.8249999999999997,4.425,1.2330163043478262,4,3,1,False,True,True,True,False,True,False,True,True,True,False
AGRI+INFRA+ARCTIC+TRANS,BCAC,1291.8,364.5,981.0,461.75,0.6925,4.175,3.8249999999999997,4.425,1.266803840877915,4,3,1,False,True,True,True,False,True,False,False,True,True,False
AGRI+INFRA+ARCTIC+TRANS,BCBA,1286.3,364.5,980.0,463.75,0.6925,4.175,3.8249999999999997,4.425,1.2722908093278464,4,3,1,False,True,True,True,False,True,False,False,True,True,False
AGRI+INFRA+ARCTIC+TRANS,BCBB,1273.8,361.0,940.4,497.5,0.6925,4.175,3.8249999999999997,4.425,1.3781163434903048,4,3,0,False,True,True,True,False,True,False,False,True,True,False
AGRI+INFRA+ARCTIC+TRANS,BCBC,1268.8,357.5,896.4,505.5,0.6925,4.175,3.8249999999999997,4.425,1.413986013986014,4,3,0,False,True,True,True,False,True,True,False,True,True,False
AGRI+INFRA+ARCTIC+TRANS,BCCA,1277.1,357.5,886.0,467.75,0.6925,4.175,3.8249999999999997,4.425,1.3083916083916083,4,3,1,False,True,True,True,False,True,True,False,True,True,False
AGRI+INFRA+ARCTIC+TRANS,BCCB,1264.6,354.0,846.4,501.5,0.6925,4.175,3.8249999999999997,4.425,1.4166666666666667,4,3,0,False,True,True,True,False,True,True,False,True,True,False
AGRI+INFRA+ARCTIC+TRANS,BCCC,1259.6,350.5,802.4,509.5,0.6925,4.175,3.8249999999999997,4.425,1.4536376604850214,4,3,0,False,True,True,True,False,True,True,False,True,True,False
AGRI+INFRA+ARCTIC+TRANS,CAAA,1325.8,375.75,1132.6,396.25,0.6925,4.175,3.8249999999999997,4.425,1.0545575515635397,4,3,3,False,True,True,True,True,False,False,True,True,True,False
AGRI+INFRA+ARCTIC+TRANS,CAAB,1313.3,372.25,1093.0,430.0,0.6925,4.175,3.8249999999999997,4.425,1.155137676292814,4,3,2,False,True,True,True,True,False,False,True,True,True,False
AGRI+INFRA+ARCTIC+TRANS,CAAC,1308.3,368.75,1049.0,438.0,0.6925,4.175,3.8249999999999997,4.425,1.1877966101694915,4,3,2,False,True,True,True,True,False,False,True,True,True,False
AGRI+INFRA+ARCTIC+TRANS,CABA,1302.8,368.75,1048.0,440.0,0.6925,4.175,3.8249999999999997,4.425,1.193220338983051,4,3,2,False,True,True,True,True,False,False,True,True,True,False
AGRI+INFRA+ARCTIC+TRANS,CABB,1290.3,365.25,1008.4,473.75,0.6925,4.175,3.8249999999999997,4.425,1.297056810403833,4,3,1,False,True,True,True,False,True,False,True,True,True,False
AGRI+INFRA+ARCTIC+TRANS,CABC,1285.3,361.75,964.4,481.75,0.6925,4.175,3.8249999999999997,4.425,1.331720801658604,4,3,1,False,True,True,True,False,True,False,False,True,True,False
AGRI+INFRA+ARCTIC+TRANS,CACA,1293.6,361.75,954.0,444.0,0.6925,4.175,3.8249999999999997,4.425,1.227366966136835,4,3,2,False,True,True,True,True,True,False,False,True,True,False
AGRI+INFRA+ARCTIC+TRANS,CACB,1281.1,358.25,914.4,477.75,0.6925,4.175,3.8249999999999997,4.425,1.333565945568737,4,3,1,False,True,True,True,False,True,True,False,True,True,False
AGRI+INFRA+ARCTIC+TRANS,CACC,1276.1,354.75,870.4,485.75,0.6925,4.175,3.8249999999999997,4.425,1.3692741367159973,4,3,1,False,True,True,True,False,True,True,False,True,True,False
AGRI+INFRA+ARCTIC+TRANS,CBAA,1310.3,371.75,1078.6,432.5,0.6925,4.175,3.8249999999999997,4.425,1.1634162743779422,4,3,2,False,True,True,True,True,False,False,True,True,True,False
AGRI+INFRA+ARCTIC+TRANS,CBAB,1297.8,368.25,1039.0,466.25,0.6925,4.175,3.8249999999999997,4.425,1.26612355736592,4,3,1,False,True,True,True,False,True,False,True,True,True,False
AGRI+INFRA+ARCTIC+TRANS,CBAC,1292.8,364.75,995.0,474.25,0.6925,4.175,3.8249999999999997,4.425,1.3002056202878685,4,3,1,False,True,True,True,False,True,False,False,True,True,False
AGRI+INFRA+ARCTIC+TRANS,CBBA,1287.3,364.75,994.0,476.25,0.6925,4.175,3.8249999999999997,4.425,1.3056888279643593,4,3,1,False,True,True,True,False,True,False,False,True,True,False
AGRI+INFRA+ARCTIC+TRANS,CBBB,1274.8,361.25,954.4,510.0,0.6925,4.175,3.8249999999999997,4.425,1.411764705882353,4,3,0,False,True,True,True,False,True,False,False,True,True,False
AGRI+INFRA+ARCTIC+TRANS,CBBC,1269.8,357.75,910.4,518.0,0.6925,4.175,3.8249999999999997,4.425,1.4479385045422781,4,3,0,False,True,True,True,False,True,True,False,True,True,False
AGRI+INFRA+ARCTIC+TRANS,CBCA,1278.1,357.75,900.0,480.25,0.6925,4.175,3.8249999999999997,4.425,1.3424178895877008,4,3,1,False,True,True,True,False,True,True,False,True,True,False
AGRI+INFRA+ARCTIC+TRANS,CBCB,1265.6,354.25,860.4,514.0,0.6925,4.175,3.8249999999999997,4.425,1.450952717007763,4,3,0,False,True,True,True,False,True,True,False,True,True,False
AGRI+INFRA+ARCTIC+TRANS,CBCC,1260.6,350.75,816.4,522.0,0.6925,4.175,3.8249999999999997,4.425,1.4882394868139701,4,3,0,False,True,True,True,False,True,True,False,True,True,False
AGRI+INFRA+ARCTIC+TRANS,CCAA,1304.1,367.75,1018.6,439.5,0.6925,4.175,3.8249999999999997,4.425,1.195105370496261,4,3,2,False,True,True,True,True,False,False,True,True,True,False
AGRI+INFRA+ARCTIC+TRANS,CCAB,1291.6,364.25,979.0,473.25,0.6925,4.175,3.8249999999999997,4.425,1.2992450240219628,4,3,1,False,True,True,True,False,True,False,False,True,True,False
AGRI+INFRA+ARCTIC+TRANS,CCAC,1286.6,360.75,935.0,481.25,0.6925,4.175,3.8249999999999997,4.425,1.334026334026334,4,3,1,False,True,True,True,False,True,False,False,True,True,False
AGRI+INFRA+ARCTIC+TRANS,CCBA,1281.1,360.75,934.0,483.25,0.6925,4.175,3.8249999999999997,4.425,1.3395703395703396,4,3,1,False,True,True,True,False,True,False,False,True,True,False
AGRI+INFRA+ARCTIC+TRANS,CCBB,1268.6,357.25,894.4,517.0,0.6925,4.175,3.8249999999999997,4.425,1.4471658502449265,4,3,0,False,True,True,True,False,True,True,False,True,True,False
AGRI+INFRA+ARCTIC+TRANS,CCBC,1263.6,353.75,850.4,525.0,0.6925,4.175,3.8249999999999997,4.425,1.4840989399293287,4,3,0,False,True,True,True,False,True,True,False,True,True,False
AGRI+INFRA+ARCTIC+TRANS,CCCA,1271.9,353.75,840.0,487.25,0.6925,4.175,3.8249999999999997,4.425,1.3773851590106008,4,3,1,False,True,True,True,False,True,True,False,True,True,False
AGRI+INFRA+ARCTIC+TRANS,CCCB,1259.4,350.25,800.4,521.0,0.6925,4.175,3.8249999999999997,4.425,1.4875089221984297,4,3,0,False,True,True,True,False,True,True,False,True,True,False
AGRI+INFRA+ARCTIC+TRANS,CCCC,1254.4,346.75,756.4,529.0,0.6925,4.175,3.8249999999999997,4.425,1.5255948089401585,4,3,0,False,True,True,True,False,True,True,False,True,True,False
AGRI+INFRA+ARCTIC+ENV,AAAA,1375.5,388.5,1360.0,336.25,0.6825,4.074999999999999,3.775,4.425000000000001,0.8655083655083655,4,3,4,False,True,True,True,True,False,False,True,True,True,False
AGRI+INFRA+ARCTIC+ENV,AAAB,1361.5,384.75,1295.2,363.5,0.6825,4.074999999999999,3.775,4.425000000000001,0.944769330734243,4,3,3,False,True,True,True,True,False,False,True,True,True,False
AGRI+INFRA+ARCTIC+ENV,AAAC,1355.9,381.0,1223.2,365.5,0.6825,4.074999999999999,3.775,4.425000000000001,0.9593175853018373,4,3,3,False,True,True,True,True,False,False,True,True,True,False
AGRI+INFRA+ARCTIC+ENV,AABA,1352.5,381.5,1275.4,380.0,0.6825,4.074999999999999,3.775,4.425000000000001,0.9960681520314548,4,3,3,False,True,True,True,True,False,False,True,True,True,False
AGRI+INFRA+ARCTIC+ENV,AABB,1338.5,377.75,1210.6,407.25,0.6825,4.074999999999999,3.775,4.425000000000001,1.0780939774983456,4,3,2,False,True,True,True,True,False,False,True,True,True,False
AGRI+INFRA+ARCTIC+ENV,AABC,1332.9,374.0,1138.6,409.25,0.6825,4.074999999999999,3.775,4.425000000000001,1.0942513368983957,4,3,2,False,True,True,True,True,False,False,True,True,True,False
AGRI+INFRA+ARCTIC+ENV,AACA,1343.3,374.5,1181.4,384.0,0.6825,4.074999999999999,3.775,4.425000000000001,1.0253671562082778,4,3,3,False,True,True,True,True,False,False,True,True,True,False
AGRI+INFRA+ARCTIC+ENV,AACB,1329.3,370.75,1116.6,411.25,0.6825,4.074999999999999,3.775,4.425000000000001,1.1092380310182064,4,3,2,False,True,True,True,True,False,False,True,True,True,False
AGRI+INFRA+ARCTIC+ENV,AACC,1323.6999999999998,367.0,1044.6,413.25,0.6825,4.074999999999999,3.775,4.425000000000001,1.1260217983651226,4,3,2,False,True,True,True,True,False,False,True,True,True,False
AGRI+INFRA+ARCTIC+ENV,ABAA,1360.0,384.5,1306.0,372.5,0.6825,4.074999999999999,3.775,4.425000000000001,0.9687906371911573,4,3,3,False,True,True,True,True,False,False,True,True,True,False
AGRI+INFRA+ARCTIC+ENV,ABAB,1346.0,380.75,1241.2,399.75,0.6825,4.074999999999999,3.775,4.425000000000001,1.0499015101772817,4,3,2,False,True,True,True,True,False,False,True,True,True,False
AGRI+INFRA+ARCTIC+ENV,ABAC,1340.4,377.0,1169.2,401.75,0.6825,4.074999999999999,3.775,4.425000000000001,1.0656498673740054,4,3,2,False,True,True,True,True,False,False,True,True,True,False
AGRI+INFRA+ARCTIC+ENV,ABBA,1337.0,377.5,1221.3999999999999,416.25,0.6825,4.074999999999999,3.775,4.425000000000001,1.1026490066225165,4,3,2,False,True,True,True,True,False,False,True,True,True,False
AGRI+INFRA+ARCTIC+ENV,ABBB,1323.0,373.75,1156.6,443.5,0.6825,4.074999999999999,3.775,4.425000000000001,1.1866220735785953,4,3,1,False,True,True,True,False,False,False,True,True,True,False
AGRI+INFRA+ARCTIC+ENV,ABBC,1317.4,370.0,1084.6,445.5,0.6825,4.074999999999999,3.775,4.425000000000001,1.204054054054054,4,3,1,False,True,True,True,False,False,False,True,True,True,False
AGRI+INFRA+ARCTIC+ENV,ABCA,1327.8,370.5,1127.3999999999999,420.25,0.6825,4.074999999999999,3.775,4.425000000000001,1.1342780026990553,4,3,2,False,True,True,True,True,False,False,True,True,True,False
AGRI+INFRA+ARCTIC+ENV,ABCB,1313.8,366.75,1062.6,447.5,0.6825,4.074999999999999,3.775,4.425000000000001,1.2201772324471711,4,3,1,False,True,True,True,False,False,False,True,True,True,False
AGRI+INFRA+ARCTIC+ENV,ABCC,1308.1999999999998,363.0,990.5999999999999,449.5,0.6825,4.074999999999999,3.775,4.425000000000001,1.2382920110192837,4,3,1,False,True,True,True,False,False,False,False,True,True,False
AGRI+INFRA+ARCTIC+ENV,ACAA,1353.8,380.5,1246.0,379.5,0.6825,4.074999999999999,3.775,4.425000000000001,0.9973718791064389,4,3,3,False,True,True,True,True,False,False,True,True,True,False
AGRI+INFRA+ARCTIC+ENV,ACAB,1339.8,376.75,1181.2,406.75,0.6825,4.074999999999999,3.775,4.425000000000001,1.079628400796284,4,3,2,False,True,True,True,True,False,False,True,True,True,False
AGRI+INFRA+ARCTIC+ENV,ACAC,1334.2,373.0,1109.2,408.75,0.6825,4.074999999999999,3.775,4.425000000000001,1.0958445040214477,4,3,2,False,True,True,True,True,False,False,True,True,True,False
AGRI+INFRA+ARCTIC+ENV,ACBA,1330.8,373.5,1161.4,423.25,0.6825,4.074999999999999,3.775,4.425000000000001,1.1331994645247658,4,3,2,False,True,True,True,True,False,False,True,True,True,False
AGRI+INFRA+ARCTIC+ENV,ACBB,1316.8,369.75,1096.6,450.5,0.6825,4.074999999999999,3.775,4.425000000000001,1.2183908045977012,4,3,1,False,True,True,True,False,False,False,True,True,True,False
AGRI+INFRA+ARCTIC+ENV,ACBC,1311.2,366.0,1024.6,452.5,0.6825,4.074999999999999,3.775,4.425000000000001,1.2363387978142077,4,3,1,False,True,True,True,False,False,False,True,True,True,False
AGRI+INFRA+ARCTIC+ENV,ACCA,1321.6,366.5,1067.4,427.25,0.6825,4.074999999999999,3.775,4.425000000000001,1.165757162346521,4,3,2,False,True,True,True,True,False,False,True,True,True,False
AGRI+INFRA+ARCTIC+ENV,ACCB,1307.6,362.75,1002.5999999999999,454.5,0.6825,4.074999999999999,3.775,4.425000000000001,1.2529290144727774,4,3,1,False,True,True,True,False,False,False,True,True,True,False
AGRI+INFRA+ARCTIC+ENV,ACCC,1302.0,359.0,930.5999999999999,456.5,0.6825,4.074999999999999,3.775,4.425000000000001,1.2715877437325904,4,3,1,False,True,True,True,False,False,True,False,True,True,False
AGRI+INFRA+ARCTIC+ENV,BAAA,1362.5,384.75,1318.6,384.25,0.6825,4.074999999999999,3.775,4.425000000000001,0.9987004548408057,4,3,3,False,True,True,True,True,False,False,True,True,True,False
AGRI+INFRA+ARCTIC+ENV,BAAB,1348.5,381.0,1253.8,411.5,0.6825,4.074999999999999,3.775,4.425000000000001,1.0800524934383202,4,3,2,False,True,True,True,True,False,False,True,True,True,False
AGRI+INFRA+ARCTIC+ENV,BAAC,1342.9,377.25,1181.8,413.5,0.6825,4.074999999999999,3.775,4.425000000000001,1.0960901259111995,4,3,2,False,True,True,True,True,False,False,True,True,True,False
AGRI+INFRA+ARCTIC+ENV,BABA,1339.5,377.75,1234.0,428.0,0.6825,4.074999999999999,3.775,4.425000000000001,1.1330244870946393,4,3,2,False,True,True,True,True,False,False,True,True,True,False
AGRI+INFRA+ARCTIC+ENV,BABB,1325.5,374.0,1169.2,455.25,0.6825,4.074999999999999,3.775,4.425000000000001,1.2172459893048129,4,3,1,False,True,True,True,False,False,False,True,True,True,False
AGRI+INFRA+ARCTIC+ENV,BABC,1319.9,370.25,1097.2,457.25,0.6825,4.074999999999999,3.775,4.425000000000001,1.2349763673193788,4,3,1,False,True,True,True,False,False,False,True,True,True,False
AGRI+INFRA+ARCTIC+ENV,BACA,1330.3,370.75,1140.0,432.0,0.6825,4.074999999999999,3.775,4.425000000000001,1.165205664194201,4,3,2,False,True,True,True,True,False,False,True,True,True,False
AGRI+INFRA+ARCTIC+ENV,BACB,1316.3,367.0,1075.2,459.25,0.6825,4.074999999999999,3.775,4.425000000000001,1.2513623978201636,4,3,1,False,True,True,True,False,False,False,True,True,True,False
AGRI+INFRA+ARCTIC+ENV,BACC,1310.6999999999998,363.25,1003.2,461.25,0.6825,4.074999999999999,3.775,4.425000000000001,1.2697866483138334,4,3,1,False,True,True,True,False,False,False,True,True,True,False
AGRI+INFRA+ARCTIC+ENV,BBAA,1347.0,380.75,1264.6,420.5,0.6825,4.074999999999999,3.775,4.425000000000001,1.1043992120814183,4,3,2,False,True,True,True,True,False,False,True,True,True,False
AGRI+INFRA+ARCTIC+ENV,BBAB,1333.0,377.0,1199.8,447.75,0.6825,4.074999999999999,3.775,4.425000000000001,1.1876657824933687,4,3,1,False,True,True,True,False,False,False,True,True,True,False
AGRI+INFRA+ARCTIC+ENV,BBAC,1327.4,373.25,1127.8,449.75,0.6825,4.074999999999999,3.775,4.425000000000001,1.2049564634963161,4,3,1,False,True,True,True,False,False,False,True,True,True,False
AGRI+INFRA+ARCTIC+ENV,BBBA,1324.0,373.75,1180.0,464.25,0.6825,4.074999999999999,3.775,4.425000000000001,1.2421404682274249,4,3,1,False,True,True,True,False,False,False,True,True,True,False
AGRI+INFRA+ARCTIC+ENV,BBBB,1310.0,370.0,1115.2,491.5,0.6825,4.074999999999999,3.775,4.425000000000001,1.3283783783783785,4,3,0,False,True,True,True,False,False,False,True,True,True,False
AGRI+INFRA+ARCTIC+ENV,BBBC,1304.4,366.25,1043.2,493.5,0.6825,4.074999999999999,3.775,4.425000000000001,1.3474402730375428,4,3,0,False,True,True,True,False,False,False,True,True,True,False
AGRI+INFRA+ARCTIC+ENV,BBCA,1314.8,366.75,1086.0,468.25,0.6825,4.074999999999999,3.775,4.425000000000001,1.2767552828902522,4,3,1,False,True,True,True,False,False,False,True,True,True,False
AGRI+INFRA+ARCTIC+ENV,BBCB,1300.8,363.0,1021.2,495.5,0.6825,4.074999999999999,3.775,4.425000000000001,1.3650137741046833,4,3,0,False,True,True,True,False,False,False,True,True,True,False
AGRI+INFRA+ARCTIC+ENV,BBCC,1295.1999999999998,359.25,949.2,497.5,0.6825,4.074999999999999,3.775,4.425000000000001,1.384829505915101,4,3,0,False,True,True,True,False,True,True,False,True,True,False
AGRI+INFRA+ARCTIC+ENV,BCAA,1340.8,376.75,1204.6,427.5,0.6825,4.074999999999999,3.775,4.425000000000001,1.1347047113470472,4,3,2,False,True,True,True,True,False,False,True,True,True,False
AGRI+INFRA+ARCTIC+ENV,BCAB,1326.8,373.0,1139.8,454.75,0.6825,4.074999999999999,3.775,4.425000000000001,1.2191689008042896,4,3,1,False,True,True,True,False,False,False,True,True,True,False
AGRI+INFRA+ARCTIC+ENV,BCAC,1321.2,369.25,1067.8,456.75,0.6825,4.074999999999999,3.775,4.425000000000001,1.2369668246445498,4,3,1,False,True,True,True,False,False,False,True,True,True,False
AGRI+INFRA+ARCTIC+ENV,BCBA,1317.8,369.75,1120.0,471.25,0.6825,4.074999999999999,3.775,4.425000000000001,1.2745098039215685,4,3,1,False,True,True,True,False,False,False,True,True,True,False
AGRI+INFRA+ARCTIC+ENV,BCBB,1303.8,366.0,1055.2,498.5,0.6825,4.074999999999999,3.775,4.425000000000001,1.3620218579234973,4,3,0,False,True,True,True,False,False,False,True,True,True,False
AGRI+INFRA+ARCTIC+ENV,BCBC,1298.2,362.25,983.2,500.5,0.6825,4.074999999999999,3.775,4.425000000000001,1.3816425120772946,4,3,0,False,True,True,True,False,True,False,False,True,True,False
AGRI+INFRA+ARCTIC+ENV,BCCA,1308.6,362.75,1026.0,475.25,0.6825,4.074999999999999,3.775,4.425000000000001,1.31013094417643,4,3,1,False,True,True,True,False,False,False,True,True,True,False
AGRI+INFRA+ARCTIC+ENV,BCCB,1294.6,359.0,961.2,502.5,0.6825,4.074999999999999,3.775,4.425000000000001,1.3997214484679665,4,3,0,False,True,True,True,False,True,True,False,True,True,False
AGRI+INFRA+ARCTIC+ENV,BCCC,1289.0,355.25,889.2,504.5,0.6825,4.074999999999999,3.775,4.425000000000001,1.4201266713581984,4,3,0,False,True,True,True,False,True,True,False,True,True,False
AGRI+INFRA+ARCTIC+ENV,CAAA,1357.3,381.0,1272.6,403.75,0.6825,4.074999999999999,3.775,4.425000000000001,1.0597112860892388,4,3,3,False,True,True,True,True,False,False,True,True,True,False
AGRI+INFRA+ARCTIC+ENV,CAAB,1343.3,377.25,1207.8,431.0,0.6825,4.074999999999999,3.775,4.425000000000001,1.1424784625579854,4,3,2,False,True,True,True,True,False,False,True,True,True,False
AGRI+INFRA+ARCTIC+ENV,CAAC,1337.6999999999998,373.5,1135.8,433.0,0.6825,4.074999999999999,3.775,4.425000000000001,1.1593038821954484,4,3,2,False,True,True,True,True,False,False,True,True,True,False
AGRI+INFRA+ARCTIC+ENV,CABA,1334.3,374.0,1188.0,447.5,0.6825,4.074999999999999,3.775,4.425000000000001,1.196524064171123,4,3,2,False,True,True,True,True,False,False,True,True,True,False
AGRI+INFRA+ARCTIC+ENV,CABB,1320.3,370.25,1123.2,474.75,0.6825,4.074999999999999,3.775,4.425000000000001,1.2822417285617826,4,3,1,False,True,True,True,False,False,False,True,True,True,False
AGRI+INFRA+ARCTIC+ENV,CABC,1314.6999999999998,366.5,1051.2,476.75,0.6825,4.074999999999999,3.775,4.425000000000001,1.300818553888131,4,3,1,False,True,True,True,False,False,False,True,True,True,False
AGRI+INFRA+ARCTIC+ENV,CACA,1325.1,367.0,1094.0,451.5,0.6825,4.074999999999999,3.775,4.425000000000001,1.2302452316076293,4,3,2,False,True,True,True,True,False,False,True,True,True,False
AGRI+INFRA+ARCTIC+ENV,CACB,1311.1,363.25,1029.2,478.75,0.6825,4.074999999999999,3.775,4.425000000000001,1.3179628355127322,4,3,1,False,True,True,True,False,False,False,True,True,True,False
AGRI+INFRA+ARCTIC+ENV,CACC,1305.5,359.5,957.2,480.75,0.6825,4.074999999999999,3.775,4.425000000000001,1.3372739916550764,4,3,1,False,True,True,True,False,False,True,False,True,True,False
AGRI+INFRA+ARCTIC+ENV,CBAA,1341.8,377.0,1218.6,440.0,0.6825,4.074999999999999,3.775,4.425000000000001,1.16710875331565,4,3,2,False,True,True,True,True,False,False,True,True,True,False
AGRI+INFRA+ARCTIC+ENV,CBAB,1327.8,373.25,1153.8,467.25,0.6825,4.074999999999999,3.775,4.425000000000001,1.2518419290020093,4,3,1,False,True,True,True,False,False,False,True,True,True,False
AGRI+INFRA+ARCTIC+ENV,CBAC,1322.1999999999998,369.5,1081.8,469.25,0.6825,4.074999999999999,3.775,4.425000000000001,1.2699594046008118,4,3,1,False,True,True,True,False,False,False,True,True,True,False
AGRI+INFRA+ARCTIC+ENV,CBBA,1318.8,370.0,1134.0,483.75,0.6825,4.074999999999999,3.775,4.425000000000001,1.3074324324324325,4,3,1,False,True,True,True,False,False,False,True,True,True,False
AGRI+INFRA+ARCTIC+ENV,CBBB,1304.8,366.25,1069.2,511.0,0.6825,4.074999999999999,3.775,4.425000000000001,1.395221843003413,4,3,0,False,True,True,True,False,False,False,True,True,True,False
AGRI+INFRA+ARCTIC+ENV,CBBC,1299.1999999999998,362.5,997.2,513.0,0.6825,4.074999999999999,3.775,4.425000000000001,1.4151724137931034,4,3,0,False,True,True,True,False,True,False,False,True,True,False
AGRI+INFRA+ARCTIC+ENV,CBCA,1309.6,363.0,1040.0,487.75,0.6825,4.074999999999999,3.775,4.425000000000001,1.34366391184573,4,3,1,False,True,True,True,False,False,False,True,True,True,False
AGRI+INFRA+ARCTIC+ENV,CBCB,1295.6,359.25,975.2,515.0,0.6825,4.074999999999999,3.775,4.425000000000001,1.4335421016005567,4,3,0,False,True,True,True,False,True,True,False,True,True,False
AGRI+INFRA+ARCTIC+ENV,CBCC,1290.0,355.5,903.2,517.0,0.6825,4.074999999999999,3.775,4.425000000000001,1.4542897327707454,4,3,0,False,True,True,True,False,True,True,False,True,True,False
AGRI+INFRA+ARCTIC+ENV,CCAA,1335.6,373.0,1158.6,447.0,0.6825,4.074999999999999,3.775,4.425000000000001,1.198391420911528,4,3,2,False,True,True,True,True,False,False,True,True,True,False
AGRI+INFRA+ARCTIC+ENV,CCAB,1321.6,369.25,1093.8,474.25,0.6825,4.074999999999999,3.775,4.425000000000001,1.2843601895734598,4,3,1,False,True,True,True,False,False,False,True,True,True,False
AGRI+INFRA+ARCTIC+ENV,CCAC,1316.0,365.5,1021.8,476.25,0.6825,4.074999999999999,3.775,4.425000000000001,1.3030095759233926,4,3,1,False,True,True,True,False,False,False,True,True,True,False
AGRI+INFRA+ARCTIC+ENV,CCBA,1312.6,366.0,1074.0,490.75,0.6825,4.074999999999999,3.775,4.425000000000001,1.340846994535519,4,3,1,False,True,True,True,False,False,False,True,True,True,False
AGRI+INFRA+ARCTIC+ENV,CCBB,1298.6,362.25,1009.2,518.0,0.6825,4.074999999999999,3.775,4.425000000000001,1.429951690821256,4,3,0,False,True,True,True,False,True,False,True,True,True,False
AGRI+INFRA+ARCTIC+ENV,CCBC,1293.0,358.5,937.2,520.0,0.6825,4.074999999999999,3.775,4.425000000000001,1.4504881450488145,4,3,0,False,True,True,True,False,True,True,False,True,True,False
AGRI+INFRA+ARCTIC+ENV,CCCA,1303.4,359.0,980.0,494.75,0.6825,4.074999999999999,3.775,4.425000000000001,1.378133704735376,4,3,1,False,True,True,True,False,False,True,False,True,True,False
AGRI+INFRA+ARCTIC+ENV,CCCB,1289.4,355.25,915.2,522.0,0.6825,4.074999999999999,3.775,4.425000000000001,1.469387755102041,4,3,0,False,True,True,True,False,True,True,False,True,True,False
AGRI+INFRA+ARCTIC+ENV,CCCC,1283.8,351.5,843.2,524.0,0.6825,4.074999999999999,3.775,4.425000000000001,1.4907539118065434,4,3,0,False,True,True,True,False,True,True,False,True,True,False
AGRI+INFRA+ARCTIC+SSA,AAAA,1428.0,409.5,1340.0,350.0,0.66,3.8749999999999996,3.4999999999999996,4.475,0.8547008547008547,3,4,4,False,True,True,True,True,False,False,True,True,True,False
AGRI+INFRA+ARCTIC+SSA,AAAB,1411.5,404.75,1278.8,382.0,0.66,3.8749999999999996,3.4999999999999996,4.475,0.9437924644842496,3,4,3,False,True,True,True,True,False,False,True,True,True,False
AGRI+INFRA+ARCTIC+SSA,AAAC,1404.9,400.0,1210.8,384.25,0.66,3.8749999999999996,3.4999999999999996,4.475,0.960625,3,4,3,False,True,True,True,True,False,False,True,True,True,False
AGRI+INFRA+ARCTIC+SSA,AABA,1405.0,402.5,1255.4,393.75,0.66,3.8749999999999996,3.4999999999999996,4.475,0.9782608695652174,3,4,3,False,True,True,True,True,False,False,True,True,True,False
AGRI+INFRA+ARCTIC+SSA,AABB,1388.5,397.75,1194.2,425.75,0.66,3.8749999999999996,3.4999999999999996,4.475,1.0703959773727216,3,4,2,False,True,True,True,True,False,False,True,True,True,False
AGRI+INFRA+ARCTIC+SSA,AABC,1381.9,393.0,1126.2,428.0,0.66,3.8749999999999996,3.4999999999999996,4.475,1.089058524173028,3,4,2,False,True,True,True,True,False,False,True,True,True,False
AGRI+INFRA+ARCTIC+SSA,AACA,1395.8,395.5,1161.4,397.75,0.66,3.8749999999999996,3.4999999999999996,4.475,1.0056890012642226,3,4,3,False,True,True,True,True,False,False,True,True,True,False
AGRI+INFRA+ARCTIC+SSA,AACB,1379.3,390.75,1100.2,429.75,0.66,3.8749999999999996,3.4999999999999996,4.475,1.0998080614203456,3,4,2,False,True,True,True,True,False,False,True,True,True,False
AGRI+INFRA+ARCTIC+SSA,AACC,1372.6999999999998,386.0,1032.2,432.0,0.66,3.8749999999999996,3.4999999999999996,4.475,1.1191709844559585,3,4,2,False,True,True,True,True,False,False,True,True,True,False
AGRI+INFRA+ARCTIC+SSA,ABAA,1412.5,405.5,1286.0,386.25,0.66,3.8749999999999996,3.4999999999999996,4.475,0.9525277435265105,3,4,3,False,True,True,True,True,False,False,True,True,True,False
AGRI+INFRA+ARCTIC+SSA,ABAB,1396.0,400.75,1224.8,418.25,0.66,3.8749999999999996,3.4999999999999996,4.475,1.0436681222707425,3,4,2,False,True,True,True,True,False,False,True,True,True,False
AGRI+INFRA+ARCTIC+SSA,ABAC,1389.4,396.0,1156.8,420.5,0.66,3.8749999999999996,3.4999999999999996,4.475,1.0618686868686869,3,4,2,False,True,True,True,True,False,False,True,True,True,False
AGRI+INFRA+ARCTIC+SSA,ABBA,1389.5,398.5,1201.4,430.0,0.66,3.8749999999999996,3.4999999999999996,4.475,1.0790464240903388,3,4,2,False,True,True,True,True,False,False,True,True,True,False
AGRI+INFRA+ARCTIC+SSA,ABBB,1373.0,393.75,1140.2,462.0,0.66,3.8749999999999996,3.4999999999999996,4.475,1.1733333333333333,3,4,1,False,True,True,True,False,False,False,True,True,True,False
AGRI+INFRA+ARCTIC+SSA,ABBC,1366.4,389.0,1072.2,464.25,0.66,3.8749999999999996,3.4999999999999996,4.475,1.193444730077121,3,4,1,False,True,True,True,False,False,False,True,True,True,False
AGRI+INFRA+ARCTIC+SSA,ABCA,1380.3,391.5,1107.4,434.0,0.66,3.8749999999999996,3.4999999999999996,4.475,1.1085568326947637,3,4,2,False,True,True,True,True,False,False,True,True,True,False
AGRI+INFRA+ARCTIC+SSA,ABCB,1363.8,386.75,1046.2,466.0,0.66,3.8749999999999996,3.4999999999999996,4.475,1.204912734324499,3,4,1,False,True,True,True,False,False,False,True,True,True,False
AGRI+INFRA+ARCTIC+SSA,ABCC,1357.1999999999998,382.0,978.2,468.25,0.66,3.8749999999999996,3.4999999999999996,4.475,1.225785340314136,3,4,1,False,True,True,True,False,False,False,False,True,True,False
AGRI+INFRA+ARCTIC+SSA,ACAA,1406.3,401.5,1226.0,393.25,0.66,3.8749999999999996,3.4999999999999996,4.475,0.9794520547945206,3,4,3,False,True,True,True,True,False,False,True,True,True,False
AGRI+INFRA+ARCTIC+SSA,ACAB,1389.8,396.75,1164.8,425.25,0.66,3.8749999999999996,3.4999999999999996,4.475,1.0718336483931947,3,4,2,False,True,True,True,True,False,False,True,True,True,False
AGRI+INFRA+ARCTIC+SSA,ACAC,1383.1999999999998,392.0,1096.8,427.5,0.66,3.8749999999999996,3.4999999999999996,4.475,1.090561224489796,3,4,2,False,True,True,True,True,False,False,True,True,True,False
AGRI+INFRA+ARCTIC+SSA,ACBA,1383.3,394.5,1141.4,437.0,0.66,3.8749999999999996,3.4999999999999996,4.475,1.1077313054499367,3,4,2,False,True,True,True,True,False,False,True,True,True,False
AGRI+INFRA+ARCTIC+SSA,ACBB,1366.8,389.75,1080.2,469.0,0.66,3.8749999999999996,3.4999999999999996,4.475,1.2033354714560616,3,4,1,False,True,True,True,False,False,False,True,True,True,False
AGRI+INFRA+ARCTIC+SSA,ACBC,1360.1999999999998,385.0,1012.2,471.25,0.66,3.8749999999999996,3.4999999999999996,4.475,1.224025974025974,3,4,1,False,True,True,True,False,False,False,True,True,True,False
AGRI+INFRA+ARCTIC+SSA,ACCA,1374.1,387.5,1047.4,441.0,0.66,3.8749999999999996,3.4999999999999996,4.475,1.1380645161290324,3,4,2,False,True,True,True,True,False,False,True,True,True,False
AGRI+INFRA+ARCTIC+SSA,ACCB,1357.6,382.75,986.2,473.0,0.66,3.8749999999999996,3.4999999999999996,4.475,1.2357935989549313,3,4,1,False,True,True,True,False,False,False,False,True,True,False
AGRI+INFRA+ARCTIC+SSA,ACCC,1351.0,378.0,918.2,475.25,0.66,3.8749999999999996,3.4999999999999996,4.475,1.2572751322751323,3,4,1,False,True,True,True,False,False,False,False,True,True,False
AGRI+INFRA+ARCTIC+SSA,BAAA,1415.0,405.75,1298.6,398.0,0.66,3.8749999999999996,3.4999999999999996,4.475,0.9808995686999384,3,4,3,False,True,True,True,True,False,False,True,True,True,False
AGRI+INFRA+ARCTIC+SSA,BAAB,1398.5,401.0,1237.4,430.0,0.66,3.8749999999999996,3.4999999999999996,4.475,1.0723192019950125,3,4,2,False,True,True,True,True,False,False,True,True,True,False
AGRI+INFRA+ARCTIC+SSA,BAAC,1391.9,396.25,1169.4,432.25,0.66,3.8749999999999996,3.4999999999999996,4.475,1.090851735015773,3,4,2,False,True,True,True,True,False,False,True,True,True,False
AGRI+INFRA+ARCTIC+SSA,BABA,1392.0,398.75,1214.0,441.75,0.66,3.8749999999999996,3.4999999999999996,4.475,1.1078369905956114,3,4,2,False,True,True,True,True,False,False,True,True,True,False
AGRI+INFRA+ARCTIC+SSA,BABB,1375.5,394.0,1152.8,473.75,0.66,3.8749999999999996,3.4999999999999996,4.475,1.2024111675126903,3,4,1,False,True,True,True,False,False,False,True,True,True,False
AGRI+INFRA+ARCTIC+SSA,BABC,1368.9,389.25,1084.8,476.0,0.66,3.8749999999999996,3.4999999999999996,4.475,1.2228644829800899,3,4,1,False,True,True,True,False,False,False,True,True,True,False
AGRI+INFRA+ARCTIC+SSA,BACA,1382.8,391.75,1120.0,445.75,0.66,3.8749999999999996,3.4999999999999996,4.475,1.1378430121250798,3,4,2,False,True,True,True,True,False,False,True,True,True,False
AGRI+INFRA+ARCTIC+SSA,BACB,1366.3,387.0,1058.8,477.75,0.66,3.8749999999999996,3.4999999999999996,4.475,1.2344961240310077,3,4,1,False,True,True,True,False,False,False,True,True,True,False
AGRI+INFRA+ARCTIC+SSA,BACC,1359.6999999999998,382.25,990.8,480.0,0.66,3.8749999999999996,3.4999999999999996,4.475,1.2557226945716153,3,4,1,False,True,True,True,False,False,False,False,True,True,False
AGRI+INFRA+ARCTIC+SSA,BBAA,1399.5,401.75,1244.6,434.25,0.66,3.8749999999999996,3.4999999999999996,4.475,1.0808960796515246,3,4,2,False,True,True,True,True,False,False,True,True,True,False
AGRI+INFRA+ARCTIC+SSA,BBAB,1383.0,397.0,1183.4,466.25,0.66,3.8749999999999996,3.4999999999999996,4.475,1.1744332493702772,3,4,1,False,True,True,True,False,False,False,True,True,True,False
AGRI+INFRA+ARCTIC+SSA,BBAC,1376.4,392.25,1115.4,468.5,0.66,3.8749999999999996,3.4999999999999996,4.475,1.1943913320586361,3,4,1,False,True,True,True,False,False,False,True,True,True,False
AGRI+INFRA+ARCTIC+SSA,BBBA,1376.5,394.75,1160.0,478.0,0.66,3.8749999999999996,3.4999999999999996,4.475,1.2108929702343256,3,4,1,False,True,True,True,False,False,False,True,True,True,False
AGRI+INFRA+ARCTIC+SSA,BBBB,1360.0,390.0,1098.8,510.0,0.66,3.8749999999999996,3.4999999999999996,4.475,1.3076923076923077,3,4,0,False,True,True,True,False,False,False,True,True,True,False
AGRI+INFRA+ARCTIC+SSA,BBBC,1353.4,385.25,1030.8,512.25,0.66,3.8749999999999996,3.4999999999999996,4.475,1.3296560674886437,3,4,0,False,True,True,True,False,False,False,True,True,True,False
AGRI+INFRA+ARCTIC+SSA,BBCA,1367.3,387.75,1066.0,482.0,0.66,3.8749999999999996,3.4999999999999996,4.475,1.2430689877498389,3,4,1,False,True,True,True,False,False,False,True,True,True,False
AGRI+INFRA+ARCTIC+SSA,BBCB,1350.8,383.0,1004.8,514.0,0.66,3.8749999999999996,3.4999999999999996,4.475,1.3420365535248042,3,4,0,False,True,True,True,False,False,False,True,True,True,False
AGRI+INFRA+ARCTIC+SSA,BBCC,1344.1999999999998,378.25,936.8,516.25,0.66,3.8749999999999996,3.4999999999999996,4.475,1.3648380700594844,3,4,0,False,True,True,True,False,False,False,False,True,True,False
AGRI+INFRA+ARCTIC+SSA,BCAA,1393.3,397.75,1184.6,441.25,0.66,3.8749999999999996,3.4999999999999996,4.475,1.109365179132621,3,4,2,False,True,True,True,True,False,False,True,True,True,False
AGRI+INFRA+ARCTIC+SSA,BCAB,1376.8,393.0,1123.4,473.25,0.66,3.8749999999999996,3.4999999999999996,4.475,1.2041984732824427,3,4,1,False,True,True,True,False,False,False,True,True,True,False
AGRI+INFRA+ARCTIC+SSA,BCAC,1370.1999999999998,388.25,1055.4,475.5,0.66,3.8749999999999996,3.4999999999999996,4.475,1.2247263361236316,3,4,1,False,True,True,True,False,False,False,True,True,True,False
AGRI+INFRA+ARCTIC+SSA,BCBA,1370.3,390.75,1100.0,485.0,0.66,3.8749999999999996,3.4999999999999996,4.475,1.2412028150991683,3,4,1,False,True,True,True,False,False,False,True,True,True,False
AGRI+INFRA+ARCTIC+SSA,BCBB,1353.8,386.0,1038.8,517.0,0.66,3.8749999999999996,3.4999999999999996,4.475,1.339378238341969,3,4,0,False,True,True,True,False,False,False,True,True,True,False
AGRI+INFRA+ARCTIC+SSA,BCBC,1347.1999999999998,381.25,970.8,519.25,0.66,3.8749999999999996,3.4999999999999996,4.475,1.361967213114754,3,4,0,False,True,True,True,False,False,False,False,True,True,False
AGRI+INFRA+ARCTIC+SSA,BCCA,1361.1,383.75,1006.0,489.0,0.66,3.8749999999999996,3.4999999999999996,4.475,1.2742671009771986,3,4,1,False,True,True,True,False,False,False,True,True,True,False
AGRI+INFRA+ARCTIC+SSA,BCCB,1344.6,379.0,944.8,521.0,0.66,3.8749999999999996,3.4999999999999996,4.475,1.3746701846965699,3,4,0,False,True,True,True,False,False,False,False,True,True,False
AGRI+INFRA+ARCTIC+SSA,BCCC,1338.0,374.25,876.8,523.25,0.66,3.8749999999999996,3.4999999999999996,4.475,1.39812959251837,3,4,0,False,True,True,True,False,False,False,False,True,True,False
AGRI+INFRA+ARCTIC+SSA,CAAA,1409.8,402.0,1252.6,417.5,0.66,3.8749999999999996,3.4999999999999996,4.475,1.0385572139303483,3,4,3,False,True,True,True,True,False,False,True,True,True,False
AGRI+INFRA+ARCTIC+SSA,CAAB,1393.3,397.25,1191.4,449.5,0.66,3.8749999999999996,3.4999999999999996,4.475,1.131529263687854,3,4,2,False,True,True,True,True,False,False,True,True,True,False
AGRI+INFRA+ARCTIC+SSA,CAAC,1386.6999999999998,392.5,1123.4,451.75,0.66,3.8749999999999996,3.4999999999999996,4.475,1.150955414012739,3,4,2,False,True,True,True,True,False,False,True,True,True,False
AGRI+INFRA+ARCTIC+SSA,CABA,1386.8,395.0,1168.0,461.25,0.66,3.8749999999999996,3.4999999999999996,4.475,1.1677215189873418,3,4,2,False,True,True,True,True,False,False,True,True,True,False
AGRI+INFRA+ARCTIC+SSA,CABB,1370.3,390.25,1106.8,493.25,0.66,3.8749999999999996,3.4999999999999996,4.475,1.2639333760409994,3,4,1,False,True,True,True,False,False,False,True,True,True,False
AGRI+INFRA+ARCTIC+SSA,CABC,1363.6999999999998,385.5,1038.8,495.5,0.66,3.8749999999999996,3.4999999999999996,4.475,1.2853437094682232,3,4,1,False,True,True,True,False,False,False,True,True,True,False
AGRI+INFRA+ARCTIC+SSA,CACA,1377.6,388.0,1074.0,465.25,0.66,3.8749999999999996,3.4999999999999996,4.475,1.1990979381443299,3,4,2,False,True,True,True,True,False,False,True,True,True,False
AGRI+INFRA+ARCTIC+SSA,CACB,1361.1,383.25,1012.8,497.25,0.66,3.8749999999999996,3.4999999999999996,4.475,1.2974559686888454,3,4,1,False,True,True,True,False,False,False,True,True,True,False
AGRI+INFRA+ARCTIC+SSA,CACC,1354.5,378.5,944.8,499.5,0.66,3.8749999999999996,3.4999999999999996,4.475,1.3196829590488772,3,4,1,False,True,True,True,False,False,False,False,True,True,False
AGRI+INFRA+ARCTIC+SSA,CBAA,1394.3,398.0,1198.6,453.75,0.66,3.8749999999999996,3.4999999999999996,4.475,1.140075376884422,3,4,2,False,True,True,True,True,False,False,True,True,True,False
AGRI+INFRA+ARCTIC+SSA,CBAB,1377.8,393.25,1137.4,485.75,0.66,3.8749999999999996,3.4999999999999996,4.475,1.235219326128417,3,4,1,False,True,True,True,False,False,False,True,True,True,False
AGRI+INFRA+ARCTIC+SSA,CBAC,1371.1999999999998,388.5,1069.4,488.0,0.66,3.8749999999999996,3.4999999999999996,4.475,1.2561132561132562,3,4,1,False,True,True,True,False,False,False,True,True,True,False
AGRI+INFRA+ARCTIC+SSA,CBBA,1371.3,391.0,1114.0,497.5,0.66,3.8749999999999996,3.4999999999999996,4.475,1.272378516624041,3,4,1,False,True,True,True,False,False,False,True,True,True,False
AGRI+INFRA+ARCTIC+SSA,CBBB,1354.8,386.25,1052.8,529.5,0.66,3.8749999999999996,3.4999999999999996,4.475,1.370873786407767,3,4,0,False,True,True,True,False,False,False,True,True,True,False
AGRI+INFRA+ARCTIC+SSA,CBBC,1348.1999999999998,381.5,984.8,531.75,0.66,3.8749999999999996,3.4999999999999996,4.475,1.3938401048492792,3,4,0,False,True,True,True,False,False,False,False,True,True,False
AGRI+INFRA+ARCTIC+SSA,CBCA,1362.1,384.0,1020.0,501.5,0.66,3.8749999999999996,3.4999999999999996,4.475,1.3059895833333333,3,4,1,False,True,True,True,False,False,False,True,True,True,False
AGRI+INFRA+ARCTIC+SSA,CBCB,1345.6,379.25,958.8,533.5,0.66,3.8749999999999996,3.4999999999999996,4.475,1.4067237969676993,3,4,0,False,True,True,True,False,False,False,False,True,True,False
AGRI+INFRA+ARCTIC+SSA,CBCC,1339.0,374.5,890.8,535.75,0.66,3.8749999999999996,3.4999999999999996,4.475,1.430574098798398,3,4,0,False,True,True,True,False,False,False,False,True,True,False
AGRI+INFRA+ARCTIC+SSA,CCAA,1388.1,394.0,1138.6,460.75,0.66,3.8749999999999996,3.4999999999999996,4.475,1.1694162436548223,3,4,2,False,True,True,True,True,False,False,True,True,True,False
AGRI+INFRA+ARCTIC+SSA,CCAB,1371.6,389.25,1077.4,492.75,0.66,3.8749999999999996,3.4999999999999996,4.475,1.2658959537572254,3,4,1,False,True,True,True,False,False,False,True,True,True,False
AGRI+INFRA+ARCTIC+SSA,CCAC,1365.0,384.5,1009.4000000000001,495.0,0.66,3.8749999999999996,3.4999999999999996,4.475,1.2873862158647593,3,4,1,False,True,True,True,False,False,False,True,True,True,False
AGRI+INFRA+ARCTIC+SSA,CCBA,1365.1,387.0,1054.0,504.5,0.66,3.8749999999999996,3.4999999999999996,4.475,1.3036175710594315,3,4,1,False,True,True,True,False,False,False,True,True,True,False
AGRI+INFRA+ARCTIC+SSA,CCBB,1348.6,382.25,992.8,536.5,0.66,3.8749999999999996,3.4999999999999996,4.475,1.4035317200784827,3,4,0,False,True,True,True,False,False,False,False,True,True,False
AGRI+INFRA+ARCTIC+SSA,CCBC,1342.0,377.5,924.8,538.75,0.66,3.8749999999999996,3.4999999999999996,4.475,1.4271523178807948,3,4,0,False,True,True,True,False,False,False,False,True,True,False
AGRI+INFRA+ARCTIC+SSA,CCCA,1355.9,380.0,960.0,508.5,0.66,3.8749999999999996,3.4999999999999996,4.475,1.3381578947368422,3,4,1,False,True,True,True,False,False,False,False,True,True,False
AGRI+INFRA+ARCTIC+SSA,CCCB,1339.4,375.25,898.8,540.5,0.66,3.8749999999999996,3.4999999999999996,4.475,1.4403730846102598,3,4,0,False,True,True,True,False,False,False,False,True,True,False
AGRI+INFRA+ARCTIC+SSA,CCCC,1332.8000000000002,370.5,830.8,542.75,0.66,3.8749999999999996,3.4999999999999996,4.475,1.4649122807017543,3,4,0,False,True,True,True,False,False,False,False,True,True,False
AGRI+INFRA+TRANS+ENV,AAAA,1155.0,315.0,1110.0,286.25,0.7374999999999999,4.475,4.175000000000001,4.7,0.9087301587301587,4,2,4,True,True,True,True,True,True,True,True,True,True,True
AGRI+INFRA+TRANS+ENV,AAAB,1141.0,311.25,1045.2,313.5,0.7374999999999999,4.475,4.175000000000001,4.7,1.0072289156626506,4,2,3,True,True,True,True,True,True,True,True,True,True,True
AGRI+INFRA+TRANS+ENV,AAAC,1135.4,307.5,973.2,315.5,0.7374999999999999,4.475,4.175000000000001,4.7,1.0260162601626017,4,2,3,False,True,True,True,True,True,True,False,True,True,False
AGRI+INFRA+TRANS+ENV,AABA,1142.5,311.5,1070.4,320.0,0.7374999999999999,4.475,4.175000000000001,4.7,1.0272873194221508,4,2,3,True,True,True,True,True,True,True,True,True,True,True
AGRI+INFRA+TRANS+ENV,AABB,1128.5,307.75,1005.6,347.25,0.7374999999999999,4.475,4.175000000000001,4.7,1.1283509341998375,4,2,2,True,True,True,True,True,True,True,True,True,True,True
AGRI+INFRA+TRANS+ENV,AABC,1122.9,304.0,933.6,349.25,0.7374999999999999,4.475,4.175000000000001,4.7,1.1488486842105263,4,2,2,False,True,True,True,True,True,True,False,True,True,False
AGRI+INFRA+TRANS+ENV,AACA,1137.5,308.0,1026.4,328.0,0.7374999999999999,4.475,4.175000000000001,4.7,1.0649350649350648,4,2,3,True,True,True,True,True,True,True,True,True,True,True
AGRI+INFRA+TRANS+ENV,AACB,1123.5,304.25,961.6,355.25,0.7374999999999999,4.475,4.175000000000001,4.7,1.1676253081347576,4,2,2,False,True,True,True,True,True,True,False,True,True,False
AGRI+INFRA+TRANS+ENV,AACC,1117.9,300.5,889.6,357.25,0.7374999999999999,4.475,4.175000000000001,4.7,1.1888519134775375,4,2,2,False,True,True,True,True,True,True,False,True,True,False
AGRI+INFRA+TRANS+ENV,ABAA,1139.5,311.0,1056.0,322.5,0.7374999999999999,4.475,4.175000000000001,4.7,1.0369774919614148,4,2,3,True,True,True,True,True,True,True,True,True,True,True
AGRI+INFRA+TRANS+ENV,ABAB,1125.5,307.25,991.2,349.75,0.7374999999999999,4.475,4.175000000000001,4.7,1.1383238405207485,4,2,2,False,True,True,True,True,True,True,False,True,True,False
AGRI+INFRA+TRANS+ENV,ABAC,1119.9,303.5,919.1999999999999,351.75,0.7374999999999999,4.475,4.175000000000001,4.7,1.1589785831960462,4,2,2,False,True,True,True,True,True,True,False,True,True,False
AGRI+INFRA+TRANS+ENV,ABBA,1127.0,307.5,1016.4,356.25,0.7374999999999999,4.475,4.175000000000001,4.7,1.1585365853658536,4,2,2,True,True,True,True,True,True,True,True,True,True,True
AGRI+INFRA+TRANS+ENV,ABBB,1113.0,303.75,951.6,383.5,0.7374999999999999,4.475,4.175000000000001,4.7,1.2625514403292182,4,2,1,False,True,True,True,False,True,True,False,True,True,False
AGRI+INFRA+TRANS+ENV,ABBC,1107.4,300.0,879.5999999999999,385.5,0.7374999999999999,4.475,4.175000000000001,4.7,1.285,4,2,1,False,True,True,True,False,True,True,False,True,True,False
AGRI+INFRA+TRANS+ENV,ABCA,1122.0,304.0,972.4,364.25,0.7374999999999999,4.475,4.175000000000001,4.7,1.1981907894736843,4,2,2,False,True,True,True,True,True,True,False,True,True,False
AGRI+INFRA+TRANS+ENV,ABCB,1108.0,300.25,907.6,391.5,0.7374999999999999,4.475,4.175000000000001,4.7,1.3039134054954205,4,2,1,False,True,True,True,False,True,True,False,True,True,False
AGRI+INFRA+TRANS+ENV,ABCC,1102.4,296.5,835.5999999999999,393.5,0.7374999999999999,4.475,4.175000000000001,4.7,1.327150084317032,4,2,1,False,True,True,True,False,True,True,False,True,True,False
AGRI+INFRA+TRANS+ENV,ACAA,1133.3,307.0,996.0,329.5,0.7374999999999999,4.475,4.175000000000001,4.7,1.0732899022801303,4,2,3,False,True,True,True,True,True,True,False,True,True,False
AGRI+INFRA+TRANS+ENV,ACAB,1119.3,303.25,931.2,356.75,0.7374999999999999,4.475,4.175000000000001,4.7,1.1764220939818633,4,2,2,False,True,True,True,True,True,True,False,True,True,False
AGRI+INFRA+TRANS+ENV,ACAC,1113.7,299.5,859.2,358.75,0.7374999999999999,4.475,4.175000000000001,4.7,1.1978297161936562,4,2,2,False,True,True,True,True,True,True,False,True,True,False
AGRI+INFRA+TRANS+ENV,ACBA,1120.8,303.5,956.4,363.25,0.7374999999999999,4.475,4.175000000000001,4.7,1.1968698517298189,4,2,2,False,True,True,True,True,True,True,False,True,True,False
AGRI+INFRA+TRANS+ENV,ACBB,1106.8,299.75,891.6,390.5,0.7374999999999999,4.475,4.175000000000001,4.7,1.3027522935779816,4,2,1,False,True,True,True,False,True,True,False,True,True,False
AGRI+INFRA+TRANS+ENV,ACBC,1101.2,296.0,819.6,392.5,0.7374999999999999,4.475,4.175000000000001,4.7,1.3260135135135136,4,2,1,False,True,True,True,False,True,True,False,True,True,False
AGRI+INFRA+TRANS+ENV,ACCA,1115.8,300.0,912.4,371.25,0.7374999999999999,4.475,4.175000000000001,4.7,1.2375,4,2,2,False,True,True,True,True,True,True,False,True,True,False
AGRI+INFRA+TRANS+ENV,ACCB,1101.8,296.25,847.6,398.5,0.7374999999999999,4.475,4.175000000000001,4.7,1.3451476793248944,4,2,1,False,True,True,True,False,True,True,False,True,True,False
AGRI+INFRA+TRANS+ENV,ACCC,1096.2,292.5,775.6,400.5,0.7374999999999999,4.475,4.175000000000001,4.7,1.3692307692307693,4,2,1,False,True,True,True,False,True,True,False,True,True,False
AGRI+INFRA+TRANS+ENV,BAAA,1142.0,311.25,1068.6,334.25,0.7374999999999999,4.475,4.175000000000001,4.7,1.0738955823293173,4,2,3,True,True,True,True,True,True,True,True,True,True,True
AGRI+INFRA+TRANS+ENV,BAAB,1128.0,307.5,1003.8,361.5,0.7374999999999999,4.475,4.175000000000001,4.7,1.175609756097561,4,2,2,True,True,True,True,True,True,True,True,True,True,True
AGRI+INFRA+TRANS+ENV,BAAC,1122.4,303.75,931.8,363.5,0.7374999999999999,4.475,4.175000000000001,4.7,1.196707818930041,4,2,2,False,True,True,True,True,True,True,False,True,True,False
AGRI+INFRA+TRANS+ENV,BABA,1129.5,307.75,1029.0,368.0,0.7374999999999999,4.475,4.175000000000001,4.7,1.1957757920389926,4,2,2,True,True,True,True,True,True,True,True,True,True,True
AGRI+INFRA+TRANS+ENV,BABB,1115.5,304.0,964.1999999999999,395.25,0.7374999999999999,4.475,4.175000000000001,4.7,1.3001644736842106,4,2,1,False,True,True,True,False,True,True,False,True,True,False
AGRI+INFRA+TRANS+ENV,BABC,1109.9,300.25,892.1999999999999,397.25,0.7374999999999999,4.475,4.175000000000001,4.7,1.3230641132389676,4,2,1,False,True,True,True,False,True,True,False,True,True,False
AGRI+INFRA+TRANS+ENV,BACA,1124.5,304.25,985.0,376.0,0.7374999999999999,4.475,4.175000000000001,4.7,1.2358258011503698,4,2,2,False,True,True,True,True,True,True,False,True,True,False
AGRI+INFRA+TRANS+ENV,BACB,1110.5,300.5,920.1999999999999,403.25,0.7374999999999999,4.475,4.175000000000001,4.7,1.3419301164725457,4,2,1,False,True,True,True,False,True,True,False,True,True,False
AGRI+INFRA+TRANS+ENV,BACC,1104.9,296.75,848.1999999999999,405.25,0.7374999999999999,4.475,4.175000000000001,4.7,1.3656276326874472,4,2,1,False,True,True,True,False,True,True,False,True,True,False
AGRI+INFRA+TRANS+ENV,BBAA,1126.5,307.25,1014.6,370.5,0.7374999999999999,4.475,4.175000000000001,4.7,1.2058584214808787,4,2,2,True,True,True,True,True,True,True,True,True,True,True
AGRI+INFRA+TRANS+ENV,BBAB,1112.5,303.5,949.8,397.75,0.7374999999999999,4.475,4.175000000000001,4.7,1.3105436573311366,4,2,1,False,True,True,True,False,True,True,False,True,True,False
AGRI+INFRA+TRANS+ENV,BBAC,1106.9,299.75,877.8,399.75,0.7374999999999999,4.475,4.175000000000001,4.7,1.3336113427856546,4,2,1,False,True,True,True,False,True,True,False,True,True,False
AGRI+INFRA+TRANS+ENV,BBBA,1114.0,303.75,975.0,404.25,0.7374999999999999,4.475,4.175000000000001,4.7,1.3308641975308642,4,2,1,False,True,True,True,False,True,True,False,True,True,False
AGRI+INFRA+TRANS+ENV,BBBB,1100.0,300.0,910.1999999999999,431.5,0.7374999999999999,4.475,4.175000000000001,4.7,1.4383333333333332,4,2,0,False,True,True,True,False,True,True,False,True,True,False
AGRI+INFRA+TRANS+ENV,BBBC,1094.4,296.25,838.1999999999999,433.5,0.7374999999999999,4.475,4.175000000000001,4.7,1.4632911392405064,4,2,0,False,True,True,True,False,True,True,False,True,True,False
AGRI+INFRA+TRANS+ENV,BBCA,1109.0,300.25,931.0,412.25,0.7374999999999999,4.475,4.175000000000001,4.7,1.373022481265612,4,2,1,False,True,True,True,False,True,True,False,True,True,False
AGRI+INFRA+TRANS+ENV,BBCB,1095.0,296.5,866.1999999999999,439.5,0.7374999999999999,4.475,4.175000000000001,4.7,1.4822934232715008,4,2,0,False,True,True,True,False,True,True,False,True,True,False
AGRI+INFRA+TRANS+ENV,BBCC,1089.4,292.75,794.1999999999999,441.5,0.7374999999999999,4.475,4.175000000000001,4.7,1.5081127241673784,4,2,0,False,True,True,True,False,True,True,False,True,True,False
AGRI+INFRA+TRANS+ENV,BCAA,1120.3,303.25,954.6,377.5,0.7374999999999999,4.475,4.175000000000001,4.7,1.2448474855729597,4,2,2,False,True,True,True,True,True,True,False,True,True,False
AGRI+INFRA+TRANS+ENV,BCAB,1106.3,299.5,889.8,404.75,0.7374999999999999,4.475,4.175000000000001,4.7,1.3514190317195325,4,2,1,False,True,True,True,False,True,True,False,True,True,False
AGRI+INFRA+TRANS+ENV,BCAC,1100.7,295.75,817.8,406.75,0.7374999999999999,4.475,4.175000000000001,4.7,1.375316990701606,4,2,1,False,True,True,True,False,True,True,False,True,True,False
AGRI+INFRA+TRANS+ENV,BCBA,1107.8,299.75,915.0,411.25,0.7374999999999999,4.475,4.175000000000001,4.7,1.371976647206005,4,2,1,False,True,True,True,False,True,True,False,True,True,False
AGRI+INFRA+TRANS+ENV,BCBB,1093.8,296.0,850.1999999999999,438.5,0.7374999999999999,4.475,4.175000000000001,4.7,1.4814189189189189,4,2,0,False,True,True,True,False,True,True,False,True,True,False
AGRI+INFRA+TRANS+ENV,BCBC,1088.2,292.25,778.1999999999999,440.5,0.7374999999999999,4.475,4.175000000000001,4.7,1.5072711719418306,4,2,0,False,True,True,True,False,True,True,False,True,True,False
AGRI+INFRA+TRANS+ENV,BCCA,1102.8,296.25,871.0,419.25,0.7374999999999999,4.475,4.175000000000001,4.7,1.4151898734177215,4,2,1,False,True,True,True,False,True,True,False,True,True,False
AGRI+INFRA+TRANS+ENV,BCCB,1088.8,292.5,806.1999999999999,446.5,0.7374999999999999,4.475,4.175000000000001,4.7,1.5264957264957264,4,2,0,False,True,True,True,False,True,True,False,True,True,False
AGRI+INFRA+TRANS+ENV,BCCC,1083.2,288.75,734.1999999999999,448.5,0.7374999999999999,4.475,4.175000000000001,4.7,1.5532467532467533,4,2,0,False,True,True,True,False,True,True,False,True,True,False
AGRI+INFRA+TRANS+ENV,CAAA,1136.8,307.5,1022.6,353.75,0.7374999999999999,4.475,4.175000000000001,4.7,1.1504065040650406,4,2,3,True,True,True,True,True,True,True,True,True,True,True
AGRI+INFRA+TRANS+ENV,CAAB,1122.8,303.75,957.8,381.0,0.7374999999999999,4.475,4.175000000000001,4.7,1.254320987654321,4,2,2,False,True,True,True,True,True,True,False,True,True,False
AGRI+INFRA+TRANS+ENV,CAAC,1117.1999999999998,300.0,885.8,383.0,0.7374999999999999,4.475,4.175000000000001,4.7,1.2766666666666666,4,2,2,False,True,True,True,True,True,True,False,True,True,False
AGRI+INFRA+TRANS+ENV,CABA,1124.3,304.0,983.0,387.5,0.7374999999999999,4.475,4.175000000000001,4.7,1.274671052631579,4,2,2,False,True,True,True,True,True,True,False,True,True,False
AGRI+INFRA+TRANS+ENV,CABB,1110.3,300.25,918.1999999999999,414.75,0.7374999999999999,4.475,4.175000000000001,4.7,1.3813488759367194,4,2,1,False,True,True,True,False,True,True,False,True,True,False
AGRI+INFRA+TRANS+ENV,CABC,1104.6999999999998,296.5,846.1999999999999,416.75,0.7374999999999999,4.475,4.175000000000001,4.7,1.4055649241146713,4,2,1,False,True,True,True,False,True,True,False,True,True,False
AGRI+INFRA+TRANS+ENV,CACA,1119.3,300.5,939.0,395.5,0.7374999999999999,4.475,4.175000000000001,4.7,1.3161397670549084,4,2,2,False,True,True,True,True,True,True,False,True,True,False
AGRI+INFRA+TRANS+ENV,CACB,1105.3,296.75,874.1999999999999,422.75,0.7374999999999999,4.475,4.175000000000001,4.7,1.4245998315080033,4,2,1,False,True,True,True,False,True,True,False,True,True,False
AGRI+INFRA+TRANS+ENV,CACC,1099.6999999999998,293.0,802.1999999999999,424.75,0.7374999999999999,4.475,4.175000000000001,4.7,1.4496587030716723,4,2,1,False,True,True,True,False,True,True,False,True,True,False
AGRI+INFRA+TRANS+ENV,CBAA,1121.3,303.5,968.6,390.0,0.7374999999999999,4.475,4.175000000000001,4.7,1.28500823723229,4,2,2,False,True,True,True,True,True,True,False,True,True,False
AGRI+INFRA+TRANS+ENV,CBAB,1107.3,299.75,903.8,417.25,0.7374999999999999,4.475,4.175000000000001,4.7,1.3919933277731442,4,2,1,False,True,True,True,False,True,True,False,True,True,False
AGRI+INFRA+TRANS+ENV,CBAC,1101.6999999999998,296.0,831.8,419.25,0.7374999999999999,4.475,4.175000000000001,4.7,1.416385135135135,4,2,1,False,True,True,True,False,True,True,False,True,True,False
AGRI+INFRA+TRANS+ENV,CBBA,1108.8,300.0,929.0,423.75,0.7374999999999999,4.475,4.175000000000001,4.7,1.4125,4,2,1,False,True,True,True,False,True,True,False,True,True,False
AGRI+INFRA+TRANS+ENV,CBBB,1094.8,296.25,864.1999999999999,451.0,0.7374999999999999,4.475,4.175000000000001,4.7,1.5223628691983122,4,2,0,False,True,True,True,False,True,True,False,True,True,False
AGRI+INFRA+TRANS+ENV,CBBC,1089.1999999999998,292.5,792.1999999999999,453.0,0.7374999999999999,4.475,4.175000000000001,4.7,1.5487179487179488,4,2,0,False,True,True,True,False,True,True,False,True,True,False
AGRI+INFRA+TRANS+ENV,CBCA,1103.8,296.5,885.0,431.75,0.7374999999999999,4.475,4.175000000000001,4.7,1.4561551433389546,4,2,1,False,True,True,True,False,True,True,False,True,True,False
AGRI+INFRA+TRANS+ENV,CBCB,1089.8,292.75,820.1999999999999,459.0,0.7374999999999999,4.475,4.175000000000001,4.7,1.5678906917164817,4,2,0,False,True,True,True,False,True,True,False,True,True,False
AGRI+INFRA+TRANS+ENV,CBCC,1084.1999999999998,289.0,748.1999999999999,461.0,0.7374999999999999,4.475,4.175000000000001,4.7,1.5951557093425606,4,2,0,False,True,True,True,False,True,True,False,True,True,False
AGRI+INFRA+TRANS+ENV,CCAA,1115.1,299.5,908.6,397.0,0.7374999999999999,4.475,4.175000000000001,4.7,1.325542570951586,4,2,2,False,True,True,True,True,True,True,False,True,True,False
AGRI+INFRA+TRANS+ENV,CCAB,1101.1,295.75,843.8,424.25,0.7374999999999999,4.475,4.175000000000001,4.7,1.4344885883347422,4,2,1,False,True,True,True,False,True,True,False,True,True,False
AGRI+INFRA+TRANS+ENV,CCAC,1095.5,292.0,771.8,426.25,0.7374999999999999,4.475,4.175000000000001,4.7,1.4597602739726028,4,2,1,False,True,True,True,False,True,True,False,True,True,False
AGRI+INFRA+TRANS+ENV,CCBA,1102.6,296.0,869.0,430.75,0.7374999999999999,4.475,4.175000000000001,4.7,1.4552364864864864,4,2,1,False,True,True,True,False,True,True,False,True,True,False
AGRI+INFRA+TRANS+ENV,CCBB,1088.6,292.25,804.1999999999999,458.0,0.7374999999999999,4.475,4.175000000000001,4.7,1.5671514114627887,4,2,0,False,True,True,True,False,True,True,False,True,True,False
AGRI+INFRA+TRANS+ENV,CCBC,1083.0,288.5,732.1999999999999,460.0,0.7374999999999999,4.475,4.175000000000001,4.7,1.5944540727902947,4,2,0,False,True,True,True,False,True,True,False,True,True,False
AGRI+INFRA+TRANS+ENV,CCCA,1097.6,292.5,825.0,438.75,0.7374999999999999,4.475,4.175000000000001,4.7,1.5,4,2,1,False,True,True,True,False,True,True,False,True,True,False
AGRI+INFRA+TRANS+ENV,CCCB,1083.6,288.75,760.1999999999999,466.0,0.7374999999999999,4.475,4.175000000000001,4.7,1.6138528138528139,4,2,0,False,True,True,True,False,True,True,False,True,True,False
AGRI+INFRA+TRANS+ENV,CCCC,1078.0,285.0,688.1999999999999,468.0,0.7374999999999999,4.475,4.175000000000001,4.7,1.6421052631578947,4,2,0,False,True,True,True,False,True,True,False,True,True,False
AGRI+INFRA+TRANS+SSA,AAAA,1207.5,336.0,1090.0,300.0,0.715,4.2749999999999995,3.9,4.75,0.8928571428571429,3,3,4,True,True,True,True,True,True,True,True,True,True,False
AGRI+INFRA+TRANS+SSA,AAAB,1191.0,331.25,1028.8,332.0,0.715,4.2749999999999995,3.9,4.75,1.0022641509433963,3,3,3,True,True,True,True,True,True,True,True,True,True,False
AGRI+INFRA+TRANS+SSA,AAAC,1184.4,326.5,960.8,334.25,0.715,4.2749999999999995,3.9,4.75,1.0237366003062787,3,3,3,False,True,True,True,True,True,True,False,True,True,False
AGRI+INFRA+TRANS+SSA,AABA,1195.0,332.5,1050.4,333.75,0.715,4.2749999999999995,3.9,4.75,1.0037593984962405,3,3,3,True,True,True,True,True,True,True,True,True,True,False
AGRI+INFRA+TRANS+SSA,AABB,1178.5,327.75,989.1999999999999,365.75,0.715,4.2749999999999995,3.9,4.75,1.1159420289855073,3,3,2,False,True,True,True,True,True,True,False,True,True,False
AGRI+INFRA+TRANS+SSA,AABC,1171.9,323.0,921.1999999999999,368.0,0.715,4.2749999999999995,3.9,4.75,1.1393188854489165,3,3,2,False,True,True,True,True,True,True,False,True,True,False
AGRI+INFRA+TRANS+SSA,AACA,1190.0,329.0,1006.4,341.75,0.715,4.2749999999999995,3.9,4.75,1.0387537993920972,3,3,3,True,True,True,True,True,True,True,True,True,True,False
AGRI+INFRA+TRANS+SSA,AACB,1173.5,324.25,945.1999999999999,373.75,0.715,4.2749999999999995,3.9,4.75,1.1526599845797996,3,3,2,False,True,True,True,True,True,True,False,True,True,False
AGRI+INFRA+TRANS+SSA,AACC,1166.9,319.5,877.1999999999999,376.0,0.715,4.2749999999999995,3.9,4.75,1.1768388106416277,3,3,2,False,True,True,True,True,True,True,False,True,True,False
AGRI+INFRA+TRANS+SSA,ABAA,1192.0,332.0,1036.0,336.25,0.715,4.2749999999999995,3.9,4.75,1.0128012048192772,3,3,3,True,True,True,True,True,True,True,True,True,True,False
AGRI+INFRA+TRANS+SSA,ABAB,1175.5,327.25,974.8,368.25,0.715,4.2749999999999995,3.9,4.75,1.1252864782276546,3,3,2,False,True,True,True,True,True,True,False,True,True,False
AGRI+INFRA+TRANS+SSA,ABAC,1168.9,322.5,906.8,370.5,0.715,4.2749999999999995,3.9,4.75,1.1488372093023256,3,3,2,False,True,True,True,True,True,True,False,True,True,False
AGRI+INFRA+TRANS+SSA,ABBA,1179.5,328.5,996.4,370.0,0.715,4.2749999999999995,3.9,4.75,1.126331811263318,3,3,2,False,True,True,True,True,True,True,False,True,True,False
AGRI+INFRA+TRANS+SSA,ABBB,1163.0,323.75,935.1999999999999,402.0,0.715,4.2749999999999995,3.9,4.75,1.2416988416988417,3,3,1,False,True,True,True,False,True,True,False,True,True,False
AGRI+INFRA+TRANS+SSA,ABBC,1156.4,319.0,867.1999999999999,404.25,0.715,4.2749999999999995,3.9,4.75,1.2672413793103448,3,3,1,False,True,True,True,False,True,True,False,True,True,False
AGRI+INFRA+TRANS+SSA,ABCA,1174.5,325.0,952.4,378.0,0.715,4.2749999999999995,3.9,4.75,1.1630769230769231,3,3,2,False,True,True,True,True,True,True,False,True,True,False
AGRI+INFRA+TRANS+SSA,ABCB,1158.0,320.25,891.1999999999999,410.0,0.715,4.2749999999999995,3.9,4.75,1.2802498048399689,3,3,1,False,True,True,True,False,True,True,False,True,True,False
AGRI+INFRA+TRANS+SSA,ABCC,1151.4,315.5,823.1999999999999,412.25,0.715,4.2749999999999995,3.9,4.75,1.3066561014263074,3,3,1,False,True,True,True,False,True,True,False,True,True,False
AGRI+INFRA+TRANS+SSA,ACAA,1185.8,328.0,976.0,343.25,0.715,4.2749999999999995,3.9,4.75,1.0464939024390243,3,3,3,False,True,True,True,True,True,True,False,True,True,False
AGRI+INFRA+TRANS+SSA,ACAB,1169.3,323.25,914.8,375.25,0.715,4.2749999999999995,3.9,4.75,1.1608662026295438,3,3,2,False,True,True,True,True,True,True,False,True,True,False
AGRI+INFRA+TRANS+SSA,ACAC,1162.6999999999998,318.5,846.8,377.5,0.715,4.2749999999999995,3.9,4.75,1.185243328100471,3,3,2,False,True,True,True,True,True,True,False,True,True,False
AGRI+INFRA+TRANS+SSA,ACBA,1173.3,324.5,936.4,377.0,0.715,4.2749999999999995,3.9,4.75,1.1617873651771957,3,3,2,False,True,True,True,True,True,True,False,True,True,False
AGRI+INFRA+TRANS+SSA,ACBB,1156.8,319.75,875.1999999999999,409.0,0.715,4.2749999999999995,3.9,4.75,1.2791243158717749,3,3,1,False,True,True,True,False,True,True,False,True,True,False
AGRI+INFRA+TRANS+SSA,ACBC,1150.1999999999998,315.0,807.1999999999999,411.25,0.715,4.2749999999999995,3.9,4.75,1.3055555555555556,3,3,1,False,True,True,True,False,True,True,False,True,True,False
AGRI+INFRA+TRANS+SSA,ACCA,1168.3,321.0,892.4,385.0,0.715,4.2749999999999995,3.9,4.75,1.1993769470404985,3,3,2,False,True,True,True,True,True,True,False,True,True,False
AGRI+INFRA+TRANS+SSA,ACCB,1151.8,316.25,831.1999999999999,417.0,0.715,4.2749999999999995,3.9,4.75,1.3185770750988142,3,3,1,False,True,True,True,False,True,True,False,True,True,False
AGRI+INFRA+TRANS+SSA,ACCC,1145.1999999999998,311.5,763.1999999999999,419.25,0.715,4.2749999999999995,3.9,4.75,1.3459069020866774,3,3,1,False,True,True,True,False,True,True,False,True,True,False
AGRI+INFRA+TRANS+SSA,BAAA,1194.5,332.25,1048.6,348.0,0.715,4.2749999999999995,3.9,4.75,1.0474040632054176,3,3,3,True,True,True,True,True,True,True,True,True,True,False
AGRI+INFRA+TRANS+SSA,BAAB,1178.0,327.5,987.4000000000001,380.0,0.715,4.2749999999999995,3.9,4.75,1.1603053435114503,3,3,2,False,True,True,True,True,True,True,False,True,True,False
AGRI+INFRA+TRANS+SSA,BAAC,1171.4,322.75,919.4000000000001,382.25,0.715,4.2749999999999995,3.9,4.75,1.1843532145623548,3,3,2,False,True,True,True,True,True,True,False,True,True,False
AGRI+INFRA+TRANS+SSA,BABA,1182.0,328.75,1009.0,381.75,0.715,4.2749999999999995,3.9,4.75,1.1612167300380227,3,3,2,True,True,True,True,True,True,True,True,True,True,False
AGRI+INFRA+TRANS+SSA,BABB,1165.5,324.0,947.8000000000001,413.75,0.715,4.2749999999999995,3.9,4.75,1.2770061728395061,3,3,1,False,True,True,True,False,True,True,False,True,True,False
AGRI+INFRA+TRANS+SSA,BABC,1158.9,319.25,879.8000000000001,416.0,0.715,4.2749999999999995,3.9,4.75,1.303054032889585,3,3,1,False,True,True,True,False,True,True,False,True,True,False
AGRI+INFRA+TRANS+SSA,BACA,1177.0,325.25,965.0,389.75,0.715,4.2749999999999995,3.9,4.75,1.1983089930822444,3,3,2,False,True,True,True,True,True,True,False,True,True,False
AGRI+INFRA+TRANS+SSA,BACB,1160.5,320.5,903.8000000000001,421.75,0.715,4.2749999999999995,3.9,4.75,1.3159126365054603,3,3,1,False,True,True,True,False,True,True,False,True,True,False
AGRI+INFRA+TRANS+SSA,BACC,1153.9,315.75,835.8000000000001,424.0,0.715,4.2749999999999995,3.9,4.75,1.3428345209817893,3,3,1,False,True,True,True,False,True,True,False,True,True,False
AGRI+INFRA+TRANS+SSA,BBAA,1179.0,328.25,994.5999999999999,384.25,0.715,4.2749999999999995,3.9,4.75,1.1706016755521707,3,3,2,False,True,True,True,True,True,True,False,True,True,False
AGRI+INFRA+TRANS+SSA,BBAB,1162.5,323.5,933.4,416.25,0.715,4.2749999999999995,3.9,4.75,1.286707882534776,3,3,1,False,True,True,True,False,True,True,False,True,True,False
AGRI+INFRA+TRANS+SSA,BBAC,1155.9,318.75,865.4,418.5,0.715,4.2749999999999995,3.9,4.75,1.3129411764705883,3,3,1,False,True,True,True,False,True,True,False,True,True,False
AGRI+INFRA+TRANS+SSA,BBBA,1166.5,324.75,954.9999999999999,418.0,0.715,4.2749999999999995,3.9,4.75,1.2871439568899152,3,3,1,False,True,True,True,False,True,True,False,True,True,False
AGRI+INFRA+TRANS+SSA,BBBB,1150.0,320.0,893.8,450.0,0.715,4.2749999999999995,3.9,4.75,1.40625,3,3,0,False,True,True,True,False,True,True,False,True,True,False
AGRI+INFRA+TRANS+SSA,BBBC,1143.4,315.25,825.8,452.25,0.715,4.2749999999999995,3.9,4.75,1.4345757335448057,3,3,0,False,True,True,True,False,True,True,False,True,True,False
AGRI+INFRA+TRANS+SSA,BBCA,1161.5,321.25,910.9999999999999,426.0,0.715,4.2749999999999995,3.9,4.75,1.3260700389105058,3,3,1,False,True,True,True,False,True,True,False,True,True,False
AGRI+INFRA+TRANS+SSA,BBCB,1145.0,316.5,849.8,458.0,0.715,4.2749999999999995,3.9,4.75,1.4470774091627172,3,3,0,False,True,True,True,False,True,True,False,True,True,False
AGRI+INFRA+TRANS+SSA,BBCC,1138.4,311.75,781.8,460.25,0.715,4.2749999999999995,3.9,4.75,1.4763432237369687,3,3,0,False,True,True,True,False,True,True,False,True,True,False
AGRI+INFRA+TRANS+SSA,BCAA,1172.8,324.25,934.6,391.25,0.715,4.2749999999999995,3.9,4.75,1.2066306861989207,3,3,2,False,True,True,True,True,True,True,False,True,True,False
AGRI+INFRA+TRANS+SSA,BCAB,1156.3,319.5,873.4000000000001,423.25,0.715,4.2749999999999995,3.9,4.75,1.3247261345852894,3,3,1,False,True,True,True,False,True,True,False,True,True,False
AGRI+INFRA+TRANS+SSA,BCAC,1149.6999999999998,314.75,805.4000000000001,425.5,0.715,4.2749999999999995,3.9,4.75,1.35186656076251,3,3,1,False,True,True,True,False,True,True,False,True,True,False
AGRI+INFRA+TRANS+SSA,BCBA,1160.3,320.75,895.0,425.0,0.715,4.2749999999999995,3.9,4.75,1.3250194855806703,3,3,1,False,True,True,True,False,True,True,False,True,True,False
AGRI+INFRA+TRANS+SSA,BCBB,1143.8,316.0,833.8000000000001,457.0,0.715,4.2749999999999995,3.9,4.75,1.4462025316455696,3,3,0,False,True,True,True,False,True,True,False,True,True,False
AGRI+INFRA+TRANS+SSA,BCBC,1137.1999999999998,311.25,765.8000000000001,459.25,0.715,4.2749999999999995,3.9,4.75,1.4755020080321286,3,3,0,False,True,True,True,False,True,True,False,True,True,False
AGRI+INFRA+TRANS+SSA,BCCA,1155.3,317.25,851.0,433.0,0.715,4.2749999999999995,3.9,4.75,1.3648542159180457,3,3,1,False,True,True,True,False,True,True,False,True,True,False
AGRI+INFRA+TRANS+SSA,BCCB,1138.8,312.5,789.8000000000001,465.0,0.715,4.2749999999999995,3.9,4.75,1.488,3,3,0,False,True,True,True,False,True,True,False,True,True,False
AGRI+INFRA+TRANS+SSA,BCCC,1132.1999999999998,307.75,721.8000000000001,467.25,0.715,4.2749999999999995,3.9,4.75,1.5182778229082048,3,3,0,False,True,True,True,False,True,True,False,True,True,False
AGRI+INFRA+TRANS+SSA,CAAA,1189.3,328.5,1002.6,367.5,0.715,4.2749999999999995,3.9,4.75,1.1187214611872147,3,3,3,True,True,True,True,True,True,True,True,True,True,False
AGRI+INFRA+TRANS+SSA,CAAB,1172.8,323.75,941.4000000000001,399.5,0.715,4.2749999999999995,3.9,4.75,1.233976833976834,3,3,2,False,True,True,True,True,True,True,False,True,True,False
AGRI+INFRA+TRANS+SSA,CAAC,1166.1999999999998,319.0,873.4000000000001,401.75,0.715,4.2749999999999995,3.9,4.75,1.2594043887147335,3,3,2,False,True,True,True,True,True,True,False,True,True,False
AGRI+INFRA+TRANS+SSA,CABA,1176.8,325.0,963.0,401.25,0.715,4.2749999999999995,3.9,4.75,1.2346153846153847,3,3,2,False,True,True,True,True,True,True,False,True,True,False
AGRI+INFRA+TRANS+SSA,CABB,1160.3,320.25,901.8000000000001,433.25,0.715,4.2749999999999995,3.9,4.75,1.3528493364558938,3,3,1,False,True,True,True,False,True,True,False,True,True,False
AGRI+INFRA+TRANS+SSA,CABC,1153.6999999999998,315.5,833.8000000000001,435.5,0.715,4.2749999999999995,3.9,4.75,1.3803486529318543,3,3,1,False,True,True,True,False,True,True,False,True,True,False
AGRI+INFRA+TRANS+SSA,CACA,1171.8,321.5,919.0,409.25,0.715,4.2749999999999995,3.9,4.75,1.2729393468118195,3,3,2,False,True,True,True,True,True,True,False,True,True,False
AGRI+INFRA+TRANS+SSA,CACB,1155.3,316.75,857.8000000000001,441.25,0.715,4.2749999999999995,3.9,4.75,1.3930544593528018,3,3,1,False,True,True,True,False,True,True,False,True,True,False
AGRI+INFRA+TRANS+SSA,CACC,1148.6999999999998,312.0,789.8000000000001,443.5,0.715,4.2749999999999995,3.9,4.75,1.421474358974359,3,3,1,False,True,True,True,False,True,True,False,True,True,False
AGRI+INFRA+TRANS+SSA,CBAA,1173.8,324.5,948.5999999999999,403.75,0.715,4.2749999999999995,3.9,4.75,1.2442218798151001,3,3,2,False,True,True,True,True,True,True,False,True,True,False
AGRI+INFRA+TRANS+SSA,CBAB,1157.3,319.75,887.4,435.75,0.715,4.2749999999999995,3.9,4.75,1.36278342455043,3,3,1,False,True,True,True,False,True,True,False,True,True,False
AGRI+INFRA+TRANS+SSA,CBAC,1150.6999999999998,315.0,819.4,438.0,0.715,4.2749999999999995,3.9,4.75,1.3904761904761904,3,3,1,False,True,True,True,False,True,True,False,True,True,False
AGRI+INFRA+TRANS+SSA,CBBA,1161.3,321.0,908.9999999999999,437.5,0.715,4.2749999999999995,3.9,4.75,1.3629283489096573,3,3,1,False,True,True,True,False,True,True,False,True,True,False
AGRI+INFRA+TRANS+SSA,CBBB,1144.8,316.25,847.8,469.5,0.715,4.2749999999999995,3.9,4.75,1.4845849802371542,3,3,0,False,True,True,True,False,True,True,False,True,True,False
AGRI+INFRA+TRANS+SSA,CBBC,1138.1999999999998,311.5,779.8,471.75,0.715,4.2749999999999995,3.9,4.75,1.514446227929374,3,3,0,False,True,True,True,False,True,True,False,True,True,False
AGRI+INFRA+TRANS+SSA,CBCA,1156.3,317.5,864.9999999999999,445.5,0.715,4.2749999999999995,3.9,4.75,1.4031496062992126,3,3,1,False,True,True,True,False,True,True,False,True,True,False
AGRI+INFRA+TRANS+SSA,CBCB,1139.8,312.75,803.8,477.5,0.715,4.2749999999999995,3.9,4.75,1.5267785771382894,3,3,0,False,True,True,True,False,True,True,False,True,True,False
AGRI+INFRA+TRANS+SSA,CBCC,1133.1999999999998,308.0,735.8,479.75,0.715,4.2749999999999995,3.9,4.75,1.55762987012987,3,3,0,False,True,True,True,False,True,True,False,True,True,False
AGRI+INFRA+TRANS+SSA,CCAA,1167.6,320.5,888.6,410.75,0.715,4.2749999999999995,3.9,4.75,1.281591263650546,3,3,2,False,True,True,True,True,True,True,False,True,True,False
AGRI+INFRA+TRANS+SSA,CCAB,1151.1,315.75,827.4000000000001,442.75,0.715,4.2749999999999995,3.9,4.75,1.4022169437846397,3,3,1,False,True,True,True,False,True,True,False,True,True,False
AGRI+INFRA+TRANS+SSA,CCAC,1144.5,311.0,759.4000000000001,445.0,0.715,4.2749999999999995,3.9,4.75,1.4308681672025723,3,3,1,False,True,True,True,False,True,True,False,True,True,False
AGRI+INFRA+TRANS+SSA,CCBA,1155.1,317.0,849.0,444.5,0.715,4.2749999999999995,3.9,4.75,1.4022082018927444,3,3,1,False,True,True,True,False,True,True,False,True,True,False
AGRI+INFRA+TRANS+SSA,CCBB,1138.6,312.25,787.8000000000001,476.5,0.715,4.2749999999999995,3.9,4.75,1.5260208166533227,3,3,0,False,True,True,True,False,True,True,False,True,True,False
AGRI+INFRA+TRANS+SSA,CCBC,1132.0,307.5,719.8000000000001,478.75,0.715,4.2749999999999995,3.9,4.75,1.556910569105691,3,3,0,False,True,True,True,False,True,True,False,True,True,False
AGRI+INFRA+TRANS+SSA,CCCA,1150.1,313.5,805.0,452.5,0.715,4.2749999999999995,3.9,4.75,1.4433811802232854,3,3,1,False,True,True,True,False,True,True,False,True,True,False
AGRI+INFRA+TRANS+SSA,CCCB,1133.6,308.75,743.8000000000001,484.5,0.715,4.2749999999999995,3.9,4.75,1.5692307692307692,3,3,0,False,True,True,True,False,True,True,False,True,True,False
AGRI+INFRA+TRANS+SSA,CCCC,1127.0,304.0,675.8000000000001,486.75,0.715,4.2749999999999995,3.9,4.75,1.6011513157894737,3,3,0,False,True,True,True,False,True,True,False,True,True,False
AGRI+INFRA+ENV+SSA,AAAA,1239.0,341.25,1230.0,307.5,0.705,4.175,3.85,4.75,0.9010989010989011,3,3,4,True,True,True,True,True,True,True,True,True,True,False
AGRI+INFRA+ENV+SSA,AAAB,1222.5,336.5,1168.8,339.5,0.705,4.175,3.85,4.75,1.0089153046062407,3,3,3,True,True,True,True,True,True,True,True,True,True,False
AGRI+INFRA+ENV+SSA,AAAC,1215.9,331.75,1100.8,341.75,0.705,4.175,3.85,4.75,1.0301431801055012,3,3,3,True,True,True,True,True,True,True,True,True,True,False
AGRI+INFRA+ENV+SSA,AABA,1225.0,337.5,1165.2,334.75,0.705,4.175,3.85,4.75,0.9918518518518519,3,3,3,True,True,True,True,True,True,True,True,True,True,False
AGRI+INFRA+ENV+SSA,AABB,1208.5,332.75,1104.0,366.75,0.705,4.175,3.85,4.75,1.1021788129226147,3,3,2,True,True,True,True,True,True,True,True,True,True,False
AGRI+INFRA+ENV+SSA,AABC,1201.9,328.0,1036.0,369.0,0.705,4.175,3.85,4.75,1.125,3,3,2,True,True,True,True,True,True,True,True,True,True,False
AGRI+INFRA+ENV+SSA,AACA,1219.4,333.75,1093.2,336.75,0.705,4.175,3.85,4.75,1.0089887640449438,3,3,3,True,True,True,True,True,True,True,True,True,True,False
AGRI+INFRA+ENV+SSA,AACB,1202.9,329.0,1032.0,368.75,0.705,4.175,3.85,4.75,1.1208206686930091,3,3,2,True,True,True,True,True,True,True,True,True,True,False
AGRI+INFRA+ENV+SSA,AACC,1196.3,324.25,964.0,371.0,0.705,4.175,3.85,4.75,1.1441788743253662,3,3,2,False,True,True,True,True,True,True,False,True,True,False
AGRI+INFRA+ENV+SSA,ABAA,1223.5,337.25,1176.0,343.75,0.705,4.175,3.85,4.75,1.0192735359525575,3,3,3,True,True,True,True,True,True,True,True,True,True,False
AGRI+INFRA+ENV+SSA,ABAB,1207.0,332.5,1114.8,375.75,0.705,4.175,3.85,4.75,1.130075187969925,3,3,2,True,True,True,True,True,True,True,True,True,True,False
AGRI+INFRA+ENV+SSA,ABAC,1200.4,327.75,1046.8,378.0,0.705,4.175,3.85,4.75,1.1533180778032037,3,3,2,True,True,True,True,True,True,True,True,True,True,False
AGRI+INFRA+ENV+SSA,ABBA,1209.5,333.5,1111.2,371.0,0.705,4.175,3.85,4.75,1.1124437781109446,3,3,2,True,True,True,True,True,True,True,True,True,True,False
AGRI+INFRA+ENV+SSA,ABBB,1193.0,328.75,1050.0,403.0,0.705,4.175,3.85,4.75,1.2258555133079847,3,3,1,False,True,True,True,False,True,True,True,True,True,False
AGRI+INFRA+ENV+SSA,ABBC,1186.4,324.0,982.0,405.25,0.705,4.175,3.85,4.75,1.2507716049382716,3,3,1,False,True,True,True,False,True,True,False,True,True,False
AGRI+INFRA+ENV+SSA,ABCA,1203.9,329.75,1039.1999999999998,373.0,0.705,4.175,3.85,4.75,1.1311599696739953,3,3,2,True,True,True,True,True,True,True,True,True,True,False
AGRI+INFRA+ENV+SSA,ABCB,1187.4,325.0,978.0,405.0,0.705,4.175,3.85,4.75,1.2461538461538462,3,3,1,False,True,True,True,False,True,True,False,True,True,False
AGRI+INFRA+ENV+SSA,ABCC,1180.8,320.25,910.0,407.25,0.705,4.175,3.85,4.75,1.2716627634660422,3,3,1,False,True,True,True,False,True,True,False,True,True,False
AGRI+INFRA+ENV+SSA,ACAA,1217.3,333.25,1116.0,350.75,0.705,4.175,3.85,4.75,1.0525131282820706,3,3,3,True,True,True,True,True,True,True,True,True,True,False
AGRI+INFRA+ENV+SSA,ACAB,1200.8,328.5,1054.8,382.75,0.705,4.175,3.85,4.75,1.165144596651446,3,3,2,True,True,True,True,True,True,True,True,True,True,False
AGRI+INFRA+ENV+SSA,ACAC,1194.1999999999998,323.75,986.8,385.0,0.705,4.175,3.85,4.75,1.1891891891891893,3,3,2,False,True,True,True,True,True,True,False,True,True,False
AGRI+INFRA+ENV+SSA,ACBA,1203.3,329.5,1051.2,378.0,0.705,4.175,3.85,4.75,1.1471927162367224,3,3,2,True,True,True,True,True,True,True,True,True,True,False
AGRI+INFRA+ENV+SSA,ACBB,1186.8,324.75,990.0,410.0,0.705,4.175,3.85,4.75,1.2625096227867592,3,3,1,False,True,True,True,False,True,True,False,True,True,False
AGRI+INFRA+ENV+SSA,ACBC,1180.1999999999998,320.0,922.0,412.25,0.705,4.175,3.85,4.75,1.28828125,3,3,1,False,True,True,True,False,True,True,False,True,True,False
AGRI+INFRA+ENV+SSA,ACCA,1197.7,325.75,979.2,380.0,0.705,4.175,3.85,4.75,1.1665387567152725,3,3,2,False,True,True,True,True,True,True,False,True,True,False
AGRI+INFRA+ENV+SSA,ACCB,1181.2,321.0,918.0,412.0,0.705,4.175,3.85,4.75,1.2834890965732086,3,3,1,False,True,True,True,False,True,True,False,True,True,False
AGRI+INFRA+ENV+SSA,ACCC,1174.6,316.25,850.0,414.25,0.705,4.175,3.85,4.75,1.3098814229249012,3,3,1,False,True,True,True,False,True,True,False,True,True,False
AGRI+INFRA+ENV+SSA,BAAA,1226.0,337.5,1188.6,355.5,0.705,4.175,3.85,4.75,1.0533333333333332,3,3,3,True,True,True,True,True,True,True,True,True,True,False
AGRI+INFRA+ENV+SSA,BAAB,1209.5,332.75,1127.4,387.5,0.705,4.175,3.85,4.75,1.1645379413974455,3,3,2,True,True,True,True,True,True,True,True,True,True,False
AGRI+INFRA+ENV+SSA,BAAC,1202.9,328.0,1059.4,389.75,0.705,4.175,3.85,4.75,1.1882621951219512,3,3,2,True,True,True,True,True,True,True,True,True,True,False
AGRI+INFRA+ENV+SSA,BABA,1212.0,333.75,1123.8,382.75,0.705,4.175,3.85,4.75,1.1468164794007492,3,3,2,True,True,True,True,True,True,True,True,True,True,False
AGRI+INFRA+ENV+SSA,BABB,1195.5,329.0,1062.6,414.75,0.705,4.175,3.85,4.75,1.2606382978723405,3,3,1,False,True,True,True,False,True,True,True,True,True,False
AGRI+INFRA+ENV+SSA,BABC,1188.9,324.25,994.5999999999999,417.0,0.705,4.175,3.85,4.75,1.2860447185813415,3,3,1,False,True,True,True,False,True,True,False,True,True,False
AGRI+INFRA+ENV+SSA,BACA,1206.4,330.0,1051.8,384.75,0.705,4.175,3.85,4.75,1.165909090909091,3,3,2,True,True,True,True,True,True,True,True,True,True,False
AGRI+INFRA+ENV+SSA,BACB,1189.9,325.25,990.5999999999999,416.75,0.705,4.175,3.85,4.75,1.2813220599538817,3,3,1,False,True,True,True,False,True,True,False,True,True,False
AGRI+INFRA+ENV+SSA,BACC,1183.3,320.5,922.5999999999999,419.0,0.705,4.175,3.85,4.75,1.3073322932917317,3,3,1,False,True,True,True,False,True,True,False,True,True,False
AGRI+INFRA+ENV+SSA,BBAA,1210.5,333.5,1134.6,391.75,0.705,4.175,3.85,4.75,1.1746626686656672,3,3,2,True,True,True,True,True,True,True,True,True,True,False
AGRI+INFRA+ENV+SSA,BBAB,1194.0,328.75,1073.4,423.75,0.705,4.175,3.85,4.75,1.2889733840304183,3,3,1,False,True,True,True,False,True,True,True,True,True,False
AGRI+INFRA+ENV+SSA,BBAC,1187.4,324.0,1005.4000000000001,426.0,0.705,4.175,3.85,4.75,1.3148148148148149,3,3,1,False,True,True,True,False,True,True,True,True,True,False
AGRI+INFRA+ENV+SSA,BBBA,1196.5,329.75,1069.8,419.0,0.705,4.175,3.85,4.75,1.2706595905989386,3,3,1,False,True,True,True,False,True,True,True,True,True,False
AGRI+INFRA+ENV+SSA,BBBB,1180.0,325.0,1008.5999999999999,451.0,0.705,4.175,3.85,4.75,1.3876923076923078,3,3,0,False,True,True,True,False,True,True,True,True,True,False
AGRI+INFRA+ENV+SSA,BBBC,1173.4,320.25,940.5999999999999,453.25,0.705,4.175,3.85,4.75,1.4153005464480874,3,3,0,False,True,True,True,False,True,True,False,True,True,False
AGRI+INFRA+ENV+SSA,BBCA,1190.9,326.0,997.8,421.0,0.705,4.175,3.85,4.75,1.2914110429447854,3,3,1,False,True,True,True,False,True,True,False,True,True,False
AGRI+INFRA+ENV+SSA,BBCB,1174.4,321.25,936.5999999999999,453.0,0.705,4.175,3.85,4.75,1.4101167315175098,3,3,0,False,True,True,True,False,True,True,False,True,True,False
AGRI+INFRA+ENV+SSA,BBCC,1167.8,316.5,868.5999999999999,455.25,0.705,4.175,3.85,4.75,1.438388625592417,3,3,0,False,True,True,True,False,True,True,False,True,True,False
AGRI+INFRA+ENV+SSA,BCAA,1204.3,329.5,1074.6,398.75,0.705,4.175,3.85,4.75,1.210166919575114,3,3,2,True,True,True,True,True,True,True,True,True,True,False
AGRI+INFRA+ENV+SSA,BCAB,1187.8,324.75,1013.4000000000001,430.75,0.705,4.175,3.85,4.75,1.3264049268668205,3,3,1,False,True,True,True,False,True,True,True,True,True,False
AGRI+INFRA+ENV+SSA,BCAC,1181.1999999999998,320.0,945.4000000000001,433.0,0.705,4.175,3.85,4.75,1.353125,3,3,1,False,True,True,True,False,True,True,False,True,True,False
AGRI+INFRA+ENV+SSA,BCBA,1190.3,325.75,1009.8,426.0,0.705,4.175,3.85,4.75,1.3077513430544896,3,3,1,False,True,True,True,False,True,True,True,True,True,False
AGRI+INFRA+ENV+SSA,BCBB,1173.8,321.0,948.5999999999999,458.0,0.705,4.175,3.85,4.75,1.426791277258567,3,3,0,False,True,True,True,False,True,True,False,True,True,False
AGRI+INFRA+ENV+SSA,BCBC,1167.1999999999998,316.25,880.5999999999999,460.25,0.705,4.175,3.85,4.75,1.4553359683794467,3,3,0,False,True,True,True,False,True,True,False,True,True,False
AGRI+INFRA+ENV+SSA,BCCA,1184.7,322.0,937.8,428.0,0.705,4.175,3.85,4.75,1.329192546583851,3,3,1,False,True,True,True,False,True,True,False,True,True,False
AGRI+INFRA+ENV+SSA,BCCB,1168.2,317.25,876.5999999999999,460.0,0.705,4.175,3.85,4.75,1.4499605988967692,3,3,0,False,True,True,True,False,True,True,False,True,True,False
AGRI+INFRA+ENV+SSA,BCCC,1161.6,312.5,808.5999999999999,462.25,0.705,4.175,3.85,4.75,1.4792,3,3,0,False,True,True,True,False,True,True,False,True,True,False
AGRI+INFRA+ENV+SSA,CAAA,1220.8,333.75,1142.6,375.0,0.705,4.175,3.85,4.75,1.1235955056179776,3,3,3,True,True,True,True,True,True,True,True,True,True,False
AGRI+INFRA+ENV+SSA,CAAB,1204.3,329.0,1081.4,407.0,0.705,4.175,3.85,4.75,1.237082066869301,3,3,2,True,True,True,True,True,True,True,True,True,True,False
AGRI+INFRA+ENV+SSA,CAAC,1197.6999999999998,324.25,1013.4000000000001,409.25,0.705,4.175,3.85,4.75,1.2621434078643023,3,3,2,True,True,True,True,True,True,True,True,True,True,False
AGRI+INFRA+ENV+SSA,CABA,1206.8,330.0,1077.8,402.25,0.705,4.175,3.85,4.75,1.218939393939394,3,3,2,True,True,True,True,True,True,True,True,True,True,False
AGRI+INFRA+ENV+SSA,CABB,1190.3,325.25,1016.5999999999999,434.25,0.705,4.175,3.85,4.75,1.3351268255188318,3,3,1,False,True,True,True,False,True,True,True,True,True,False
AGRI+INFRA+ENV+SSA,CABC,1183.6999999999998,320.5,948.5999999999999,436.5,0.705,4.175,3.85,4.75,1.3619344773790951,3,3,1,False,True,True,True,False,True,True,False,True,True,False
AGRI+INFRA+ENV+SSA,CACA,1201.1999999999998,326.25,1005.8,404.25,0.705,4.175,3.85,4.75,1.239080459770115,3,3,2,True,True,True,True,True,True,True,True,True,True,False
AGRI+INFRA+ENV+SSA,CACB,1184.6999999999998,321.5,944.5999999999999,436.25,0.705,4.175,3.85,4.75,1.3569206842923796,3,3,1,False,True,True,True,False,True,True,False,True,True,False
AGRI+INFRA+ENV+SSA,CACC,1178.1,316.75,876.5999999999999,438.5,0.705,4.175,3.85,4.75,1.3843725335438042,3,3,1,False,True,True,True,False,True,True,False,True,True,False
AGRI+INFRA+ENV+SSA,CBAA,1205.3,329.75,1088.6,411.25,0.705,4.175,3.85,4.75,1.2471569370735405,3,3,2,True,True,True,True,True,True,True,True,True,True,False
AGRI+INFRA+ENV+SSA,CBAB,1188.8,325.0,1027.4,443.25,0.705,4.175,3.85,4.75,1.363846153846154,3,3,1,False,True,True,True,False,True,True,True,True,True,False
AGRI+INFRA+ENV+SSA,CBAC,1182.1999999999998,320.25,959.4000000000001,445.5,0.705,4.175,3.85,4.75,1.3911007025761124,3,3,1,False,True,True,True,False,True,True,False,True,True,False
AGRI+INFRA+ENV+SSA,CBBA,1191.3,326.0,1023.8,438.5,0.705,4.175,3.85,4.75,1.3450920245398772,3,3,1,False,True,True,True,False,True,True,True,True,True,False
AGRI+INFRA+ENV+SSA,CBBB,1174.8,321.25,962.5999999999999,470.5,0.705,4.175,3.85,4.75,1.4645914396887159,3,3,0,False,True,True,True,False,True,True,False,True,True,False
AGRI+INFRA+ENV+SSA,CBBC,1168.1999999999998,316.5,894.5999999999999,472.75,0.705,4.175,3.85,4.75,1.4936808846761453,3,3,0,False,True,True,True,False,True,True,False,True,True,False
AGRI+INFRA+ENV+SSA,CBCA,1185.6999999999998,322.25,951.8,440.5,0.705,4.175,3.85,4.75,1.3669511249030255,3,3,1,False,True,True,True,False,True,True,False,True,True,False
AGRI+INFRA+ENV+SSA,CBCB,1169.1999999999998,317.5,890.5999999999999,472.5,0.705,4.175,3.85,4.75,1.4881889763779528,3,3,0,False,True,True,True,False,True,True,False,True,True,False
AGRI+INFRA+ENV+SSA,CBCC,1162.6,312.75,822.5999999999999,474.75,0.705,4.175,3.85,4.75,1.5179856115107915,3,3,0,False,True,True,True,False,True,True,False,True,True,False
AGRI+INFRA+ENV+SSA,CCAA,1199.1,325.75,1028.6,418.25,0.705,4.175,3.85,4.75,1.283960092095165,3,3,2,True,True,True,True,True,True,True,True,True,True,False
AGRI+INFRA+ENV+SSA,CCAB,1182.6,321.0,967.4000000000001,450.25,0.705,4.175,3.85,4.75,1.4026479750778815,3,3,1,False,True,True,True,False,True,True,False,True,True,False
AGRI+INFRA+ENV+SSA,CCAC,1176.0,316.25,899.4000000000001,452.5,0.705,4.175,3.85,4.75,1.4308300395256917,3,3,1,False,True,True,True,False,True,True,False,True,True,False
AGRI+INFRA+ENV+SSA,CCBA,1185.1,322.0,963.8,445.5,0.705,4.175,3.85,4.75,1.3835403726708075,3,3,1,False,True,True,True,False,True,True,False,True,True,False
AGRI+INFRA+ENV+SSA,CCBB,1168.6,317.25,902.5999999999999,477.5,0.705,4.175,3.85,4.75,1.5051221434200157,3,3,0,False,True,True,True,False,True,True,False,True,True,False
AGRI+INFRA+ENV+SSA,CCBC,1162.0,312.5,834.5999999999999,479.75,0.705,4.175,3.85,4.75,1.5352,3,3,0,False,True,True,True,False,True,True,False,True,True,False
AGRI+INFRA+ENV+SSA,CCCA,1179.5,318.25,891.8,447.5,0.705,4.175,3.85,4.75,1.406127258444619,3,3,1,False,True,True,True,False,True,True,False,True,True,False
AGRI+INFRA+ENV+SSA,CCCB,1163.0,313.5,830.5999999999999,479.5,0.705,4.175,3.85,4.75,1.529505582137161,3,3,0,False,True,True,True,False,True,True,False,True,True,False
AGRI+INFRA+ENV+SSA,CCCC,1156.4,308.75,762.5999999999999,481.75,0.705,4.175,3.85,4.75,1.560323886639676,3,3,0,False,True,True,True,False,True,True,False,True,True,False
AGRI+ARCTIC+TRANS+ENV,AAAA,1312.5,378.0,1280.0,323.75,0.6975,4.25,3.875,4.45,0.8564814814814815,4,3,4,False,True,True,True,True,False,False,True,True,True,False
AGRI+ARCTIC+TRANS+ENV,AAAB,1298.5,374.25,1215.2,351.0,0.6975,4.25,3.875,4.45,0.9378757515030061,4,3,3,False,True,True,True,True,True,False,True,True,True,False
AGRI+ARCTIC+TRANS+ENV,AAAC,1292.9,370.5,1143.2,353.0,0.6975,4.25,3.875,4.45,0.9527665317139001,4,3,3,False,True,True,True,True,True,False,True,True,True,False
AGRI+ARCTIC+TRANS+ENV,AABA,1300.0,374.5,1240.4,357.5,0.6975,4.25,3.875,4.45,0.9546061415220294,4,3,3,False,True,True,True,True,True,False,True,True,True,False
AGRI+ARCTIC+TRANS+ENV,AABB,1286.0,370.75,1175.6,384.75,0.6975,4.25,3.875,4.45,1.0377612946729602,4,3,2,False,True,True,True,True,True,False,True,True,True,False
AGRI+ARCTIC+TRANS+ENV,AABC,1280.4,367.0,1103.6,386.75,0.6975,4.25,3.875,4.45,1.0538147138964578,4,3,2,False,True,True,True,True,True,False,True,True,True,False
AGRI+ARCTIC+TRANS+ENV,AACA,1295.0,371.0,1196.4,365.5,0.6975,4.25,3.875,4.45,0.9851752021563343,4,3,3,False,True,True,True,True,True,False,True,True,True,False
AGRI+ARCTIC+TRANS+ENV,AACB,1281.0,367.25,1131.6000000000001,392.75,0.6975,4.25,3.875,4.45,1.0694349897889721,4,3,2,False,True,True,True,True,True,False,True,True,True,False
AGRI+ARCTIC+TRANS+ENV,AACC,1275.4,363.5,1059.6000000000001,394.75,0.6975,4.25,3.875,4.45,1.0859697386519944,4,3,2,False,True,True,True,True,True,False,True,True,True,False
AGRI+ARCTIC+TRANS+ENV,ABAA,1289.5,371.0,1195.4,367.5,0.6975,4.25,3.875,4.45,0.9905660377358491,4,3,3,False,True,True,True,True,True,False,True,True,True,False
AGRI+ARCTIC+TRANS+ENV,ABAB,1275.5,367.25,1130.6,394.75,0.6975,4.25,3.875,4.45,1.0748808713410483,4,3,2,False,True,True,True,True,True,False,True,True,True,False
AGRI+ARCTIC+TRANS+ENV,ABAC,1269.9,363.5,1058.6,396.75,0.6975,4.25,3.875,4.45,1.0914718019257221,4,3,2,False,True,True,True,True,True,False,True,True,True,False
AGRI+ARCTIC+TRANS+ENV,ABBA,1277.0,367.5,1155.8,401.25,0.6975,4.25,3.875,4.45,1.0918367346938775,4,3,2,False,True,True,True,True,True,False,True,True,True,False
AGRI+ARCTIC+TRANS+ENV,ABBB,1263.0,363.75,1091.0,428.5,0.6975,4.25,3.875,4.45,1.1780068728522337,4,3,1,False,True,True,True,False,True,False,True,True,True,False
AGRI+ARCTIC+TRANS+ENV,ABBC,1257.4,360.0,1018.9999999999999,430.5,0.6975,4.25,3.875,4.45,1.1958333333333333,4,3,1,False,True,True,True,False,True,True,True,True,True,False
AGRI+ARCTIC+TRANS+ENV,ABCA,1272.0,364.0,1111.8,409.25,0.6975,4.25,3.875,4.45,1.1243131868131868,4,3,2,False,True,True,True,True,True,False,True,True,True,False
AGRI+ARCTIC+TRANS+ENV,ABCB,1258.0,360.25,1047.0,436.5,0.6975,4.25,3.875,4.45,1.2116585704371965,4,3,1,False,True,True,True,False,True,False,True,True,True,False
AGRI+ARCTIC+TRANS+ENV,ABCC,1252.4,356.5,974.9999999999999,438.5,0.6975,4.25,3.875,4.45,1.230014025245442,4,3,1,False,True,True,True,False,True,True,False,True,True,False
AGRI+ARCTIC+TRANS+ENV,ACAA,1280.3,364.0,1101.4,371.5,0.6975,4.25,3.875,4.45,1.0206043956043955,4,3,3,False,True,True,True,True,True,False,True,True,True,False
AGRI+ARCTIC+TRANS+ENV,ACAB,1266.3,360.25,1036.6,398.75,0.6975,4.25,3.875,4.45,1.1068702290076335,4,3,2,False,True,True,True,True,True,False,True,True,True,False
AGRI+ARCTIC+TRANS+ENV,ACAC,1260.6999999999998,356.5,964.5999999999999,400.75,0.6975,4.25,3.875,4.45,1.1241234221598877,4,3,2,False,True,True,True,True,True,True,False,True,True,False
AGRI+ARCTIC+TRANS+ENV,ACBA,1267.8,360.5,1061.8,405.25,0.6975,4.25,3.875,4.45,1.124133148404993,4,3,2,False,True,True,True,True,True,False,True,True,True,False
AGRI+ARCTIC+TRANS+ENV,ACBB,1253.8,356.75,996.9999999999999,432.5,0.6975,4.25,3.875,4.45,1.212333566923616,4,3,1,False,True,True,True,False,True,True,False,True,True,False
AGRI+ARCTIC+TRANS+ENV,ACBC,1248.1999999999998,353.0,924.9999999999999,434.5,0.6975,4.25,3.875,4.45,1.2308781869688386,4,3,1,False,True,True,True,False,True,True,False,True,True,False
AGRI+ARCTIC+TRANS+ENV,ACCA,1262.8,357.0,1017.8,413.25,0.6975,4.25,3.875,4.45,1.1575630252100841,4,3,2,True,True,True,True,True,True,True,True,True,True,False
AGRI+ARCTIC+TRANS+ENV,ACCB,1248.8,353.25,952.9999999999999,440.5,0.6975,4.25,3.875,4.45,1.2469922151450814,4,3,1,False,True,True,True,False,True,True,False,True,True,False
AGRI+ARCTIC+TRANS+ENV,ACCC,1243.1999999999998,349.5,880.9999999999999,442.5,0.6975,4.25,3.875,4.45,1.2660944206008584,4,3,1,False,True,True,True,False,True,True,False,True,True,False
AGRI+ARCTIC+TRANS+ENV,BAAA,1299.5,374.25,1238.6,371.75,0.6975,4.25,3.875,4.45,0.9933199732798931,4,3,3,False,True,True,True,True,True,False,True,True,True,False
AGRI+ARCTIC+TRANS+ENV,BAAB,1285.5,370.5,1173.8,399.0,0.6975,4.25,3.875,4.45,1.0769230769230769,4,3,2,False,True,True,True,True,True,False,True,True,True,False
AGRI+ARCTIC+TRANS+ENV,BAAC,1279.9,366.75,1101.8,401.0,0.6975,4.25,3.875,4.45,1.0933878663940013,4,3,2,False,True,True,True,True,True,False,True,True,True,False
AGRI+ARCTIC+TRANS+ENV,BABA,1287.0,370.75,1199.0,405.5,0.6975,4.25,3.875,4.45,1.0937289278489548,4,3,2,False,True,True,True,True,True,False,True,True,True,False
AGRI+ARCTIC+TRANS+ENV,BABB,1273.0,367.0,1134.1999999999998,432.75,0.6975,4.25,3.875,4.45,1.1791553133514987,4,3,1,False,True,True,True,False,True,False,True,True,True,False
AGRI+ARCTIC+TRANS+ENV,BABC,1267.4,363.25,1062.1999999999998,434.75,0.6975,4.25,3.875,4.45,1.1968341362697867,4,3,1,False,True,True,True,False,True,False,True,True,True,False
AGRI+ARCTIC+TRANS+ENV,BACA,1282.0,367.25,1155.0,413.5,0.6975,4.25,3.875,4.45,1.125936010891763,4,3,2,False,True,True,True,True,True,False,True,True,True,False
AGRI+ARCTIC+TRANS+ENV,BACB,1268.0,363.5,1090.2,440.75,0.6975,4.25,3.875,4.45,1.2125171939477304,4,3,1,False,True,True,True,False,True,False,True,True,True,False
AGRI+ARCTIC+TRANS+ENV,BACC,1262.4,359.75,1018.1999999999999,442.75,0.6975,4.25,3.875,4.45,1.2307157748436415,4,3,1,False,True,True,True,False,True,True,True,True,True,False
AGRI+ARCTIC+TRANS+ENV,BBAA,1276.5,367.25,1154.0,415.5,0.6975,4.25,3.875,4.45,1.1313818924438392,4,3,2,False,True,True,True,True,True,False,True,True,True,False
AGRI+ARCTIC+TRANS+ENV,BBAB,1262.5,363.5,1089.2,442.75,0.6975,4.25,3.875,4.45,1.218019257221458,4,3,1,False,True,True,True,False,True,False,True,True,True,False
AGRI+ARCTIC+TRANS+ENV,BBAC,1256.9,359.75,1017.2,444.75,0.6975,4.25,3.875,4.45,1.236275191104934,4,3,1,False,True,True,True,False,True,True,True,True,True,False
AGRI+ARCTIC+TRANS+ENV,BBBA,1264.0,363.75,1114.4,449.25,0.6975,4.25,3.875,4.45,1.2350515463917526,4,3,1,False,True,True,True,False,True,False,True,True,True,False
AGRI+ARCTIC+TRANS+ENV,BBBB,1250.0,360.0,1049.6,476.5,0.6975,4.25,3.875,4.45,1.323611111111111,4,3,0,False,True,True,True,False,True,True,True,True,True,False
AGRI+ARCTIC+TRANS+ENV,BBBC,1244.4,356.25,977.6,478.5,0.6975,4.25,3.875,4.45,1.343157894736842,4,3,0,False,True,True,True,False,True,True,False,True,True,False
AGRI+ARCTIC+TRANS+ENV,BBCA,1259.0,360.25,1070.4,457.25,0.6975,4.25,3.875,4.45,1.2692574600971547,4,3,1,False,True,True,True,False,True,False,True,True,True,False
AGRI+ARCTIC+TRANS+ENV,BBCB,1245.0,356.5,1005.6,484.5,0.6975,4.25,3.875,4.45,1.359046283309958,4,3,0,False,True,True,True,False,True,True,True,True,True,False
AGRI+ARCTIC+TRANS+ENV,BBCC,1239.4,352.75,933.6,486.5,0.6975,4.25,3.875,4.45,1.3791637136782424,4,3,0,False,True,True,True,False,True,True,False,True,True,False
AGRI+ARCTIC+TRANS+ENV,BCAA,1267.3,360.25,1060.0,419.5,0.6975,4.25,3.875,4.45,1.164469118667592,4,3,2,False,True,True,True,True,True,False,True,True,True,False
AGRI+ARCTIC+TRANS+ENV,BCAB,1253.3,356.5,995.2,446.75,0.6975,4.25,3.875,4.45,1.253155680224404,4,3,1,False,True,True,True,False,True,True,False,True,True,False
AGRI+ARCTIC+TRANS+ENV,BCAC,1247.6999999999998,352.75,923.2,448.75,0.6975,4.25,3.875,4.45,1.2721474131821404,4,3,1,False,True,True,True,False,True,True,False,True,True,False
AGRI+ARCTIC+TRANS+ENV,BCBA,1254.8,356.75,1020.4,453.25,0.6975,4.25,3.875,4.45,1.2704975473020321,4,3,1,False,True,True,True,False,True,True,True,True,True,False
AGRI+ARCTIC+TRANS+ENV,BCBB,1240.8,353.0,955.6,480.5,0.6975,4.25,3.875,4.45,1.3611898016997168,4,3,0,False,True,True,True,False,True,True,False,True,True,False
AGRI+ARCTIC+TRANS+ENV,BCBC,1235.1999999999998,349.25,883.6,482.5,0.6975,4.25,3.875,4.45,1.3815318539727988,4,3,0,False,True,True,True,False,True,True,False,True,True,False
AGRI+ARCTIC+TRANS+ENV,BCCA,1249.8,353.25,976.4,461.25,0.6975,4.25,3.875,4.45,1.305732484076433,4,3,1,False,True,True,True,False,True,True,False,True,True,False
AGRI+ARCTIC+TRANS+ENV,BCCB,1235.8,349.5,911.6,488.5,0.6975,4.25,3.875,4.45,1.3977110157367667,4,3,0,False,True,True,True,False,True,True,False,True,True,False
AGRI+ARCTIC+TRANS+ENV,BCCC,1230.1999999999998,345.75,839.6,490.5,0.6975,4.25,3.875,4.45,1.4186550976138828,4,3,0,False,True,True,True,False,True,True,False,True,True,False
AGRI+ARCTIC+TRANS+ENV,CAAA,1294.3,370.5,1192.6,391.25,0.6975,4.25,3.875,4.45,1.0560053981106612,4,3,3,False,True,True,True,True,True,False,True,True,True,False
AGRI+ARCTIC+TRANS+ENV,CAAB,1280.3,366.75,1127.8,418.5,0.6975,4.25,3.875,4.45,1.1411042944785277,4,3,2,False,True,True,True,True,True,False,True,True,True,False
AGRI+ARCTIC+TRANS+ENV,CAAC,1274.6999999999998,363.0,1055.8,420.5,0.6975,4.25,3.875,4.45,1.1584022038567494,4,3,2,False,True,True,True,True,True,False,True,True,True,False
AGRI+ARCTIC+TRANS+ENV,CABA,1281.8,367.0,1153.0,425.0,0.6975,4.25,3.875,4.45,1.1580381471389645,4,3,2,False,True,True,True,True,True,False,True,True,True,False
AGRI+ARCTIC+TRANS+ENV,CABB,1267.8,363.25,1088.1999999999998,452.25,0.6975,4.25,3.875,4.45,1.2450103234686856,4,3,1,False,True,True,True,False,True,False,True,True,True,False
AGRI+ARCTIC+TRANS+ENV,CABC,1262.1999999999998,359.5,1016.1999999999999,454.25,0.6975,4.25,3.875,4.45,1.2635605006954103,4,3,1,False,True,True,True,False,True,True,True,True,True,False
AGRI+ARCTIC+TRANS+ENV,CACA,1276.8,363.5,1109.0,433.0,0.6975,4.25,3.875,4.45,1.1911966987620357,4,3,2,False,True,True,True,True,True,False,True,True,True,False
AGRI+ARCTIC+TRANS+ENV,CACB,1262.8,359.75,1044.2,460.25,0.6975,4.25,3.875,4.45,1.2793606671299513,4,3,1,False,True,True,True,False,True,True,True,True,True,False
AGRI+ARCTIC+TRANS+ENV,CACC,1257.1999999999998,356.0,972.1999999999999,462.25,0.6975,4.25,3.875,4.45,1.2984550561797752,4,3,1,False,True,True,True,False,True,True,False,True,True,False
AGRI+ARCTIC+TRANS+ENV,CBAA,1271.3,363.5,1108.0,435.0,0.6975,4.25,3.875,4.45,1.1966987620357634,4,3,2,False,True,True,True,True,True,False,True,True,True,False
AGRI+ARCTIC+TRANS+ENV,CBAB,1257.3,359.75,1043.2,462.25,0.6975,4.25,3.875,4.45,1.284920083391244,4,3,1,False,True,True,True,False,True,True,True,True,True,False
AGRI+ARCTIC+TRANS+ENV,CBAC,1251.6999999999998,356.0,971.2,464.25,0.6975,4.25,3.875,4.45,1.3040730337078652,4,3,1,False,True,True,True,False,True,True,False,True,True,False
AGRI+ARCTIC+TRANS+ENV,CBBA,1258.8,360.0,1068.4,468.75,0.6975,4.25,3.875,4.45,1.3020833333333333,4,3,1,False,True,True,True,False,True,True,True,True,True,False
AGRI+ARCTIC+TRANS+ENV,CBBB,1244.8,356.25,1003.6,496.0,0.6975,4.25,3.875,4.45,1.392280701754386,4,3,0,False,True,True,True,False,True,True,True,True,True,False
AGRI+ARCTIC+TRANS+ENV,CBBC,1239.1999999999998,352.5,931.6,498.0,0.6975,4.25,3.875,4.45,1.4127659574468086,4,3,0,False,True,True,True,False,True,True,False,True,True,False
AGRI+ARCTIC+TRANS+ENV,CBCA,1253.8,356.5,1024.4,476.75,0.6975,4.25,3.875,4.45,1.3373071528751752,4,3,1,False,True,True,True,False,True,True,True,True,True,False
AGRI+ARCTIC+TRANS+ENV,CBCB,1239.8,352.75,959.6,504.0,0.6975,4.25,3.875,4.45,1.4287739192062368,4,3,0,False,True,True,True,False,True,True,False,True,True,False
AGRI+ARCTIC+TRANS+ENV,CBCC,1234.1999999999998,349.0,887.6,506.0,0.6975,4.25,3.875,4.45,1.4498567335243553,4,3,0,False,True,True,True,False,True,True,False,True,True,False
AGRI+ARCTIC+TRANS+ENV,CCAA,1262.1,356.5,1014.0,439.0,0.6975,4.25,3.875,4.45,1.2314165497896212,4,3,2,True,True,True,True,True,True,True,True,True,True,False
AGRI+ARCTIC+TRANS+ENV,CCAB,1248.1,352.75,949.2,466.25,0.6975,4.25,3.875,4.45,1.3217576187101348,4,3,1,False,True,True,True,False,True,True,False,True,True,False
AGRI+ARCTIC+TRANS+ENV,CCAC,1242.5,349.0,877.2,468.25,0.6975,4.25,3.875,4.45,1.3416905444126075,4,3,1,False,True,True,True,False,True,True,False,True,True,False
AGRI+ARCTIC+TRANS+ENV,CCBA,1249.6,353.0,974.4,472.75,0.6975,4.25,3.875,4.45,1.3392351274787535,4,3,1,False,True,True,True,False,True,True,False,True,True,False
AGRI+ARCTIC+TRANS+ENV,CCBB,1235.6,349.25,909.6,500.0,0.6975,4.25,3.875,4.45,1.4316392269148175,4,3,0,False,True,True,True,False,True,True,False,True,True,False
AGRI+ARCTIC+TRANS+ENV,CCBC,1230.0,345.5,837.6,502.0,0.6975,4.25,3.875,4.45,1.4529667149059333,4,3,0,False,True,True,True,False,True,True,False,True,True,False
AGRI+ARCTIC+TRANS+ENV,CCCA,1244.6,349.5,930.4,480.75,0.6975,4.25,3.875,4.45,1.3755364806866952,4,3,1,False,True,True,True,False,True,True,False,True,True,False
AGRI+ARCTIC+TRANS+ENV,CCCB,1230.6,345.75,865.6,508.0,0.6975,4.25,3.875,4.45,1.4692697035430224,4,3,0,False,True,True,True,False,True,True,False,True,True,False
AGRI+ARCTIC+TRANS+ENV,CCCC,1225.0,342.0,793.6,510.0,0.6975,4.25,3.875,4.45,1.4912280701754386,4,3,0,False,True,True,True,False,True,True,False,True,True,False
AGRI+ARCTIC+TRANS+SSA,AAAA,1365.0,399.0,1260.0,337.5,0.675,4.05,3.6,4.5,0.8458646616541353,3,4,4,False,True,True,True,True,False,False,True,True,True,False
AGRI+ARCTIC+TRANS+SSA,AAAB,1348.5,394.25,1198.8,369.5,0.675,4.05,3.6,4.5,0.9372225745085606,3,4,3,False,True,True,True,True,False,False,True,True,True,False
AGRI+ARCTIC+TRANS+SSA,AAAC,1341.9,389.5,1130.8,371.75,0.675,4.05,3.6,4.5,0.9544287548138639,3,4,3,False,True,True,True,True,False,False,True,True,True,False
AGRI+ARCTIC+TRANS+SSA,AABA,1352.5,395.5,1220.4,371.25,0.675,4.05,3.6,4.5,0.938685208596713,3,4,3,False,True,True,True,True,False,False,True,True,True,False
AGRI+ARCTIC+TRANS+SSA,AABB,1336.0,390.75,1159.1999999999998,403.25,0.675,4.05,3.6,4.5,1.0319897632757518,3,4,2,False,True,True,True,True,False,False,True,True,True,False
AGRI+ARCTIC+TRANS+SSA,AABC,1329.4,386.0,1091.1999999999998,405.5,0.675,4.05,3.6,4.5,1.0505181347150259,3,4,2,False,True,True,True,True,False,False,True,True,True,False
AGRI+ARCTIC+TRANS+SSA,AACA,1347.5,392.0,1176.4,379.25,0.675,4.05,3.6,4.5,0.9674744897959183,3,4,3,False,True,True,True,True,False,False,True,True,True,False
AGRI+ARCTIC+TRANS+SSA,AACB,1331.0,387.25,1115.2,411.25,0.675,4.05,3.6,4.5,1.0619754680438993,3,4,2,False,True,True,True,True,False,False,True,True,True,False
AGRI+ARCTIC+TRANS+SSA,AACC,1324.4,382.5,1047.2,413.5,0.675,4.05,3.6,4.5,1.0810457516339869,3,4,2,False,True,True,True,True,False,False,True,True,True,False
AGRI+ARCTIC+TRANS+SSA,ABAA,1342.0,392.0,1175.4,381.25,0.675,4.05,3.6,4.5,0.9725765306122449,3,4,3,False,True,True,True,True,False,False,True,True,True,False
AGRI+ARCTIC+TRANS+SSA,ABAB,1325.5,387.25,1114.2,413.25,0.675,4.05,3.6,4.5,1.067140090380891,3,4,2,False,True,True,True,True,False,False,True,True,True,False
AGRI+ARCTIC+TRANS+SSA,ABAC,1318.9,382.5,1046.2,415.5,0.675,4.05,3.6,4.5,1.0862745098039215,3,4,2,False,True,True,True,True,False,False,True,True,True,False
AGRI+ARCTIC+TRANS+SSA,ABBA,1329.5,388.5,1135.8,415.0,0.675,4.05,3.6,4.5,1.0682110682110681,3,4,2,False,True,True,True,True,False,False,True,True,True,False
AGRI+ARCTIC+TRANS+SSA,ABBB,1313.0,383.75,1074.6,447.0,0.675,4.05,3.6,4.5,1.1648208469055374,3,4,1,False,True,True,True,False,False,False,True,True,True,False
AGRI+ARCTIC+TRANS+SSA,ABBC,1306.4,379.0,1006.6,449.25,0.675,4.05,3.6,4.5,1.1853562005277045,3,4,1,False,True,True,True,False,False,False,True,True,True,False
AGRI+ARCTIC+TRANS+SSA,ABCA,1324.5,385.0,1091.8,423.0,0.675,4.05,3.6,4.5,1.0987012987012987,3,4,2,False,True,True,True,True,False,False,True,True,True,False
AGRI+ARCTIC+TRANS+SSA,ABCB,1308.0,380.25,1030.6000000000001,455.0,0.675,4.05,3.6,4.5,1.1965811965811965,3,4,1,False,True,True,True,False,False,False,True,True,True,False
AGRI+ARCTIC+TRANS+SSA,ABCC,1301.4,375.5,962.6,457.25,0.675,4.05,3.6,4.5,1.2177097203728362,3,4,1,False,True,True,True,False,False,False,False,True,True,False
AGRI+ARCTIC+TRANS+SSA,ACAA,1332.8,385.0,1081.4,385.25,0.675,4.05,3.6,4.5,1.0006493506493506,3,4,3,False,True,True,True,True,False,False,True,True,True,False
AGRI+ARCTIC+TRANS+SSA,ACAB,1316.3,380.25,1020.2,417.25,0.675,4.05,3.6,4.5,1.0973044049967127,3,4,2,False,True,True,True,True,False,False,True,True,True,False
AGRI+ARCTIC+TRANS+SSA,ACAC,1309.6999999999998,375.5,952.2,419.5,0.675,4.05,3.6,4.5,1.1171770972037283,3,4,2,False,True,True,True,True,False,False,False,True,True,False
AGRI+ARCTIC+TRANS+SSA,ACBA,1320.3,381.5,1041.8,419.0,0.675,4.05,3.6,4.5,1.0982961992136304,3,4,2,False,True,True,True,True,False,False,True,True,True,False
AGRI+ARCTIC+TRANS+SSA,ACBB,1303.8,376.75,980.6,451.0,0.675,4.05,3.6,4.5,1.197080291970803,3,4,1,False,True,True,True,False,False,False,False,True,True,False
AGRI+ARCTIC+TRANS+SSA,ACBC,1297.1999999999998,372.0,912.6,453.25,0.675,4.05,3.6,4.5,1.2184139784946237,3,4,1,False,True,True,True,False,True,False,False,True,True,False
AGRI+ARCTIC+TRANS+SSA,ACCA,1315.3,378.0,997.8,427.0,0.675,4.05,3.6,4.5,1.1296296296296295,3,4,2,False,True,True,True,True,False,False,False,True,True,False
AGRI+ARCTIC+TRANS+SSA,ACCB,1298.8,373.25,936.6,459.0,0.675,4.05,3.6,4.5,1.2297387809778968,3,4,1,False,True,True,True,False,True,False,False,True,True,False
AGRI+ARCTIC+TRANS+SSA,ACCC,1292.1999999999998,368.5,868.6,461.25,0.675,4.05,3.6,4.5,1.2516960651289009,3,4,1,False,True,True,True,False,True,False,False,True,True,False
AGRI+ARCTIC+TRANS+SSA,BAAA,1352.0,395.25,1218.6,385.5,0.675,4.05,3.6,4.5,0.9753320683111955,3,4,3,False,True,True,True,True,False,False,True,True,True,False
AGRI+ARCTIC+TRANS+SSA,BAAB,1335.5,390.5,1157.4,417.5,0.675,4.05,3.6,4.5,1.0691421254801536,3,4,2,False,True,True,True,True,False,False,True,True,True,False
AGRI+ARCTIC+TRANS+SSA,BAAC,1328.9,385.75,1089.4,419.75,0.675,4.05,3.6,4.5,1.088139987038237,3,4,2,False,True,True,True,True,False,False,True,True,True,False
AGRI+ARCTIC+TRANS+SSA,BABA,1339.5,391.75,1179.0,419.25,0.675,4.05,3.6,4.5,1.0701978302488833,3,4,2,False,True,True,True,True,False,False,True,True,True,False
AGRI+ARCTIC+TRANS+SSA,BABB,1323.0,387.0,1117.8000000000002,451.25,0.675,4.05,3.6,4.5,1.1660206718346253,3,4,1,False,True,True,True,False,False,False,True,True,True,False
AGRI+ARCTIC+TRANS+SSA,BABC,1316.4,382.25,1049.8000000000002,453.5,0.675,4.05,3.6,4.5,1.1863963374754742,3,4,1,False,True,True,True,False,False,False,True,True,True,False
AGRI+ARCTIC+TRANS+SSA,BACA,1334.5,388.25,1135.0,427.25,0.675,4.05,3.6,4.5,1.1004507405022537,3,4,2,False,True,True,True,True,False,False,True,True,True,False
AGRI+ARCTIC+TRANS+SSA,BACB,1318.0,383.5,1073.8000000000002,459.25,0.675,4.05,3.6,4.5,1.197522816166884,3,4,1,False,True,True,True,False,False,False,True,True,True,False
AGRI+ARCTIC+TRANS+SSA,BACC,1311.4,378.75,1005.8000000000001,461.5,0.675,4.05,3.6,4.5,1.2184818481848185,3,4,1,False,True,True,True,False,False,False,True,True,True,False
AGRI+ARCTIC+TRANS+SSA,BBAA,1329.0,388.25,1134.0,429.25,0.675,4.05,3.6,4.5,1.1056020605280104,3,4,2,False,True,True,True,True,False,False,True,True,True,False
AGRI+ARCTIC+TRANS+SSA,BBAB,1312.5,383.5,1072.8,461.25,0.675,4.05,3.6,4.5,1.2027379400260756,3,4,1,False,True,True,True,False,False,False,True,True,True,False
AGRI+ARCTIC+TRANS+SSA,BBAC,1305.9,378.75,1004.8,463.5,0.675,4.05,3.6,4.5,1.2237623762376237,3,4,1,False,True,True,True,False,False,False,True,True,True,False
AGRI+ARCTIC+TRANS+SSA,BBBA,1316.5,384.75,1094.4,463.0,0.675,4.05,3.6,4.5,1.203378817413905,3,4,1,False,True,True,True,False,False,False,True,True,True,False
AGRI+ARCTIC+TRANS+SSA,BBBB,1300.0,380.0,1033.1999999999998,495.0,0.675,4.05,3.6,4.5,1.3026315789473684,3,4,0,False,True,True,True,False,True,False,True,True,True,False
AGRI+ARCTIC+TRANS+SSA,BBBC,1293.4,375.25,965.1999999999999,497.25,0.675,4.05,3.6,4.5,1.3251165889407062,3,4,0,False,True,True,True,False,True,False,False,True,True,False
AGRI+ARCTIC+TRANS+SSA,BBCA,1311.5,381.25,1050.4,471.0,0.675,4.05,3.6,4.5,1.2354098360655739,3,4,1,False,True,True,True,False,False,False,True,True,True,False
AGRI+ARCTIC+TRANS+SSA,BBCB,1295.0,376.5,989.1999999999999,503.0,0.675,4.05,3.6,4.5,1.3359893758300132,3,4,0,False,True,True,True,False,True,False,False,True,True,False
AGRI+ARCTIC+TRANS+SSA,BBCC,1288.4,371.75,921.1999999999999,505.25,0.675,4.05,3.6,4.5,1.3591123066577,3,4,0,False,True,True,True,False,True,False,False,True,True,False
AGRI+ARCTIC+TRANS+SSA,BCAA,1319.8,381.25,1040.0,433.25,0.675,4.05,3.6,4.5,1.1363934426229507,3,4,2,False,True,True,True,True,False,False,True,True,True,False
AGRI+ARCTIC+TRANS+SSA,BCAB,1303.3,376.5,978.8,465.25,0.675,4.05,3.6,4.5,1.2357237715803453,3,4,1,False,True,True,True,False,False,False,False,True,True,False
AGRI+ARCTIC+TRANS+SSA,BCAC,1296.6999999999998,371.75,910.8,467.5,0.675,4.05,3.6,4.5,1.257565568258238,3,4,1,False,True,True,True,False,True,False,False,True,True,False
AGRI+ARCTIC+TRANS+SSA,BCBA,1307.3,377.75,1000.4,467.0,0.675,4.05,3.6,4.5,1.2362673726009266,3,4,1,False,True,True,True,False,False,False,True,True,True,False
AGRI+ARCTIC+TRANS+SSA,BCBB,1290.8,373.0,939.1999999999999,499.0,0.675,4.05,3.6,4.5,1.3378016085790885,3,4,0,False,True,True,True,False,True,False,False,True,True,False
AGRI+ARCTIC+TRANS+SSA,BCBC,1284.1999999999998,368.25,871.1999999999999,501.25,0.675,4.05,3.6,4.5,1.3611676849966057,3,4,0,False,True,True,True,False,True,False,False,True,True,False
AGRI+ARCTIC+TRANS+SSA,BCCA,1302.3,374.25,956.4,475.0,0.675,4.05,3.6,4.5,1.2692050768203074,3,4,1,False,True,True,True,False,False,False,False,True,True,False
AGRI+ARCTIC+TRANS+SSA,BCCB,1285.8,369.5,895.1999999999999,507.0,0.675,4.05,3.6,4.5,1.3721244925575102,3,4,0,False,True,True,True,False,True,False,False,True,True,False
AGRI+ARCTIC+TRANS+SSA,BCCC,1279.1999999999998,364.75,827.1999999999999,509.25,0.675,4.05,3.6,4.5,1.3961617546264564,3,4,0,False,True,True,True,False,True,False,False,True,True,False
AGRI+ARCTIC+TRANS+SSA,CAAA,1346.8,391.5,1172.6,405.0,0.675,4.05,3.6,4.5,1.0344827586206897,3,4,3,False,True,True,True,True,False,False,True,True,True,False
AGRI+ARCTIC+TRANS+SSA,CAAB,1330.3,386.75,1111.4,437.0,0.675,4.05,3.6,4.5,1.129928894634777,3,4,2,False,True,True,True,True,False,False,True,True,True,False
AGRI+ARCTIC+TRANS+SSA,CAAC,1323.6999999999998,382.0,1043.4,439.25,0.675,4.05,3.6,4.5,1.149869109947644,3,4,2,False,True,True,True,True,False,False,True,True,True,False
AGRI+ARCTIC+TRANS+SSA,CABA,1334.3,388.0,1133.0,438.75,0.675,4.05,3.6,4.5,1.130798969072165,3,4,2,False,True,True,True,True,False,False,True,True,True,False
AGRI+ARCTIC+TRANS+SSA,CABB,1317.8,383.25,1071.8000000000002,470.75,0.675,4.05,3.6,4.5,1.2283105022831051,3,4,1,False,True,True,True,False,False,False,True,True,True,False
AGRI+ARCTIC+TRANS+SSA,CABC,1311.1999999999998,378.5,1003.8000000000001,473.0,0.675,4.05,3.6,4.5,1.249669749009247,3,4,1,False,True,True,True,False,False,False,True,True,True,False
AGRI+ARCTIC+TRANS+SSA,CACA,1329.3,384.5,1089.0,446.75,0.675,4.05,3.6,4.5,1.1618985695708712,3,4,2,False,True,True,True,True,False,False,True,True,True,False
AGRI+ARCTIC+TRANS+SSA,CACB,1312.8,379.75,1027.8000000000002,478.75,0.675,4.05,3.6,4.5,1.260697827518104,3,4,1,False,True,True,True,False,False,False,True,True,True,False
AGRI+ARCTIC+TRANS+SSA,CACC,1306.1999999999998,375.0,959.8000000000001,481.0,0.675,4.05,3.6,4.5,1.2826666666666666,3,4,1,False,True,True,True,False,False,False,False,True,True,False
AGRI+ARCTIC+TRANS+SSA,CBAA,1323.8,384.5,1088.0,448.75,0.675,4.05,3.6,4.5,1.1671001300390118,3,4,2,False,True,True,True,True,False,False,True,True,True,False
AGRI+ARCTIC+TRANS+SSA,CBAB,1307.3,379.75,1026.8,480.75,0.675,4.05,3.6,4.5,1.2659644502962475,3,4,1,False,True,True,True,False,False,False,True,True,True,False
AGRI+ARCTIC+TRANS+SSA,CBAC,1300.6999999999998,375.0,958.8,483.0,0.675,4.05,3.6,4.5,1.288,3,4,1,False,True,True,True,False,False,False,False,True,True,False
AGRI+ARCTIC+TRANS+SSA,CBBA,1311.3,381.0,1048.4,482.5,0.675,4.05,3.6,4.5,1.2664041994750657,3,4,1,False,True,True,True,False,False,False,True,True,True,False
AGRI+ARCTIC+TRANS+SSA,CBBB,1294.8,376.25,987.1999999999999,514.5,0.675,4.05,3.6,4.5,1.3674418604651162,3,4,0,False,True,True,True,False,True,False,False,True,True,False
AGRI+ARCTIC+TRANS+SSA,CBBC,1288.1999999999998,371.5,919.1999999999999,516.75,0.675,4.05,3.6,4.5,1.3909825033647376,3,4,0,False,True,True,True,False,True,False,False,True,True,False
AGRI+ARCTIC+TRANS+SSA,CBCA,1306.3,377.5,1004.4,490.5,0.675,4.05,3.6,4.5,1.2993377483443709,3,4,1,False,True,True,True,False,False,False,True,True,True,False
AGRI+ARCTIC+TRANS+SSA,CBCB,1289.8,372.75,943.1999999999999,522.5,0.675,4.05,3.6,4.5,1.4017437961099932,3,4,0,False,True,True,True,False,True,False,False,True,True,False
AGRI+ARCTIC+TRANS+SSA,CBCC,1283.1999999999998,368.0,875.1999999999999,524.75,0.675,4.05,3.6,4.5,1.4259510869565217,3,4,0,False,True,True,True,False,True,False,False,True,True,False
AGRI+ARCTIC+TRANS+SSA,CCAA,1314.6,377.5,994.0,452.75,0.675,4.05,3.6,4.5,1.1993377483443708,3,4,2,False,True,True,True,True,False,False,False,True,True,False
AGRI+ARCTIC+TRANS+SSA,CCAB,1298.1,372.75,932.8,484.75,0.675,4.05,3.6,4.5,1.300469483568075,3,4,1,False,True,True,True,False,True,False,False,True,True,False
AGRI+ARCTIC+TRANS+SSA,CCAC,1291.5,368.0,864.8,487.0,0.675,4.05,3.6,4.5,1.3233695652173914,3,4,1,False,True,True,True,False,True,False,False,True,True,False
AGRI+ARCTIC+TRANS+SSA,CCBA,1302.1,374.0,954.4,486.5,0.675,4.05,3.6,4.5,1.3008021390374331,3,4,1,False,True,True,True,False,False,False,False,True,True,False
AGRI+ARCTIC+TRANS+SSA,CCBB,1285.6,369.25,893.1999999999999,518.5,0.675,4.05,3.6,4.5,1.4041976980365607,3,4,0,False,True,True,True,False,True,False,False,True,True,False
AGRI+ARCTIC+TRANS+SSA,CCBC,1279.0,364.5,825.1999999999999,520.75,0.675,4.05,3.6,4.5,1.4286694101508917,3,4,0,False,True,True,True,False,True,False,False,True,True,False
AGRI+ARCTIC+TRANS+SSA,CCCA,1297.1,370.5,910.4,494.5,0.675,4.05,3.6,4.5,1.3346828609986505,3,4,1,False,True,True,True,False,True,False,False,True,True,False
AGRI+ARCTIC+TRANS+SSA,CCCB,1280.6,365.75,849.1999999999999,526.5,0.675,4.05,3.6,4.5,1.439507860560492,3,4,0,False,True,True,True,False,True,False,False,True,True,False
AGRI+ARCTIC+TRANS+SSA,CCCC,1274.0,361.0,781.1999999999999,528.75,0.675,4.05,3.6,4.5,1.4646814404432134,3,4,0,False,True,True,True,False,True,False,False,True,True,False
AGRI+ARCTIC+ENV+SSA,AAAA,1396.5,404.25,1400.0,345.0,0.665,3.9499999999999997,3.55,4.5,0.8534322820037106,3,4,4,False,True,True,True,True,False,False,True,True,True,False
AGRI+ARCTIC+ENV+SSA,AAAB,1380.0,399.5,1338.8,377.0,0.665,3.9499999999999997,3.55,4.5,0.9436795994993742,3,4,3,False,True,True,True,True,False,False,True,True,True,False
AGRI+ARCTIC+ENV+SSA,AAAC,1373.4,394.75,1270.8,379.25,0.665,3.9499999999999997,3.55,4.5,0.9607346421785941,3,4,3,False,True,True,True,True,False,False,True,True,True,False
AGRI+ARCTIC+ENV+SSA,AABA,1382.5,400.5,1335.2,372.25,0.665,3.9499999999999997,3.55,4.5,0.9294631710362048,3,4,3,False,True,True,True,True,False,False,True,True,True,False
AGRI+ARCTIC+ENV+SSA,AABB,1366.0,395.75,1274.0,404.25,0.665,3.9499999999999997,3.55,4.5,1.0214782059380922,3,4,2,False,True,True,True,True,False,False,True,True,True,False
AGRI+ARCTIC+ENV+SSA,AABC,1359.4,391.0,1206.0,406.5,0.665,3.9499999999999997,3.55,4.5,1.0396419437340154,3,4,2,False,True,True,True,True,False,False,True,True,True,False
AGRI+ARCTIC+ENV+SSA,AACA,1376.9,396.75,1263.2,374.25,0.665,3.9499999999999997,3.55,4.5,0.943289224952741,3,4,3,False,True,True,True,True,False,False,True,True,True,False
AGRI+ARCTIC+ENV+SSA,AACB,1360.4,392.0,1202.0,406.25,0.665,3.9499999999999997,3.55,4.5,1.0363520408163265,3,4,2,False,True,True,True,True,False,False,True,True,True,False
AGRI+ARCTIC+ENV+SSA,AACC,1353.8000000000002,387.25,1134.0,408.5,0.665,3.9499999999999997,3.55,4.5,1.0548741123305359,3,4,2,False,True,True,True,True,False,False,True,True,True,False
AGRI+ARCTIC+ENV+SSA,ABAA,1373.5,397.25,1315.4,388.75,0.665,3.9499999999999997,3.55,4.5,0.9786028949024543,3,4,3,False,True,True,True,True,False,False,True,True,True,False
AGRI+ARCTIC+ENV+SSA,ABAB,1357.0,392.5,1254.2,420.75,0.665,3.9499999999999997,3.55,4.5,1.0719745222929937,3,4,2,False,True,True,True,True,False,False,True,True,True,False
AGRI+ARCTIC+ENV+SSA,ABAC,1350.4,387.75,1186.2,423.0,0.665,3.9499999999999997,3.55,4.5,1.0909090909090908,3,4,2,False,True,True,True,True,False,False,True,True,True,False
AGRI+ARCTIC+ENV+SSA,ABBA,1359.5,393.5,1250.6,416.0,0.665,3.9499999999999997,3.55,4.5,1.0571791613722998,3,4,2,False,True,True,True,True,False,False,True,True,True,False
AGRI+ARCTIC+ENV+SSA,ABBB,1343.0,388.75,1189.3999999999999,448.0,0.665,3.9499999999999997,3.55,4.5,1.152411575562701,3,4,1,False,True,True,True,False,False,False,True,True,True,False
AGRI+ARCTIC+ENV+SSA,ABBC,1336.4,384.0,1121.3999999999999,450.25,0.665,3.9499999999999997,3.55,4.5,1.1725260416666667,3,4,1,False,True,True,True,False,False,False,True,True,True,False
AGRI+ARCTIC+ENV+SSA,ABCA,1353.9,389.75,1178.6,418.0,0.665,3.9499999999999997,3.55,4.5,1.072482360487492,3,4,2,False,True,True,True,True,False,False,True,True,True,False
AGRI+ARCTIC+ENV+SSA,ABCB,1337.4,385.0,1117.3999999999999,450.0,0.665,3.9499999999999997,3.55,4.5,1.1688311688311688,3,4,1,False,True,True,True,False,False,False,True,True,True,False
AGRI+ARCTIC+ENV+SSA,ABCC,1330.8,380.25,1049.3999999999999,452.25,0.665,3.9499999999999997,3.55,4.5,1.1893491124260356,3,4,1,False,True,True,True,False,False,False,True,True,True,False
AGRI+ARCTIC+ENV+SSA,ACAA,1364.3,390.25,1221.4,392.75,0.665,3.9499999999999997,3.55,4.5,1.0064061499039076,3,4,3,False,True,True,True,True,False,False,True,True,True,False
AGRI+ARCTIC+ENV+SSA,ACAB,1347.8,385.5,1160.2,424.75,0.665,3.9499999999999997,3.55,4.5,1.101815823605707,3,4,2,False,True,True,True,True,False,False,True,True,True,False
AGRI+ARCTIC+ENV+SSA,ACAC,1341.1999999999998,380.75,1092.2,427.0,0.665,3.9499999999999997,3.55,4.5,1.1214707813525935,3,4,2,False,True,True,True,True,False,False,True,True,True,False
AGRI+ARCTIC+ENV+SSA,ACBA,1350.3,386.5,1156.6,420.0,0.665,3.9499999999999997,3.55,4.5,1.0866752910737387,3,4,2,False,True,True,True,True,False,False,True,True,True,False
AGRI+ARCTIC+ENV+SSA,ACBB,1333.8,381.75,1095.3999999999999,452.0,0.665,3.9499999999999997,3.55,4.5,1.1840209561231172,3,4,1,False,True,True,True,False,False,False,True,True,True,False
AGRI+ARCTIC+ENV+SSA,ACBC,1327.1999999999998,377.0,1027.3999999999999,454.25,0.665,3.9499999999999997,3.55,4.5,1.2049071618037135,3,4,1,False,True,True,True,False,False,False,True,True,True,False
AGRI+ARCTIC+ENV+SSA,ACCA,1344.6999999999998,382.75,1084.6,422.0,0.665,3.9499999999999997,3.55,4.5,1.1025473546701503,3,4,2,False,True,True,True,True,False,False,True,True,True,False
AGRI+ARCTIC+ENV+SSA,ACCB,1328.1999999999998,378.0,1023.3999999999999,454.0,0.665,3.9499999999999997,3.55,4.5,1.2010582010582012,3,4,1,False,True,True,True,False,False,False,True,True,True,False
AGRI+ARCTIC+ENV+SSA,ACCC,1321.6,373.25,955.3999999999999,456.25,0.665,3.9499999999999997,3.55,4.5,1.2223710649698594,3,4,1,False,True,True,True,False,False,False,False,True,True,False
AGRI+ARCTIC+ENV+SSA,BAAA,1383.5,400.5,1358.6,393.0,0.665,3.9499999999999997,3.55,4.5,0.9812734082397003,3,4,3,False,True,True,True,True,False,False,True,True,True,False
AGRI+ARCTIC+ENV+SSA,BAAB,1367.0,395.75,1297.4,425.0,0.665,3.9499999999999997,3.55,4.5,1.0739102969046115,3,4,2,False,True,True,True,True,False,False,True,True,True,False
AGRI+ARCTIC+ENV+SSA,BAAC,1360.4,391.0,1229.4,427.25,0.665,3.9499999999999997,3.55,4.5,1.0927109974424551,3,4,2,False,True,True,True,True,False,False,True,True,True,False
AGRI+ARCTIC+ENV+SSA,BABA,1369.5,396.75,1293.8,420.25,0.665,3.9499999999999997,3.55,4.5,1.0592312539382482,3,4,2,False,True,True,True,True,False,False,True,True,True,False
AGRI+ARCTIC+ENV+SSA,BABB,1353.0,392.0,1232.6,452.25,0.665,3.9499999999999997,3.55,4.5,1.1536989795918366,3,4,1,False,True,True,True,False,False,False,True,True,True,False
AGRI+ARCTIC+ENV+SSA,BABC,1346.4,387.25,1164.6,454.5,0.665,3.9499999999999997,3.55,4.5,1.1736604260813428,3,4,1,False,True,True,True,False,False,False,True,True,True,False
AGRI+ARCTIC+ENV+SSA,BACA,1363.9,393.0,1221.8,422.25,0.665,3.9499999999999997,3.55,4.5,1.0744274809160306,3,4,2,False,True,True,True,True,False,False,True,True,True,False
AGRI+ARCTIC+ENV+SSA,BACB,1347.4,388.25,1160.6,454.25,0.665,3.9499999999999997,3.55,4.5,1.1699935608499679,3,4,1,False,True,True,True,False,False,False,True,True,True,False
AGRI+ARCTIC+ENV+SSA,BACC,1340.8,383.5,1092.6,456.5,0.665,3.9499999999999997,3.55,4.5,1.1903520208604954,3,4,1,False,True,True,True,False,False,False,True,True,True,False
AGRI+ARCTIC+ENV+SSA,BBAA,1360.5,393.5,1274.0,436.75,0.665,3.9499999999999997,3.55,4.5,1.1099110546378652,3,4,2,False,True,True,True,True,False,False,True,True,True,False
AGRI+ARCTIC+ENV+SSA,BBAB,1344.0,388.75,1212.8,468.75,0.665,3.9499999999999997,3.55,4.5,1.2057877813504823,3,4,1,False,True,True,True,False,False,False,True,True,True,False
AGRI+ARCTIC+ENV+SSA,BBAC,1337.4,384.0,1144.8,471.0,0.665,3.9499999999999997,3.55,4.5,1.2265625,3,4,1,False,True,True,True,False,False,False,True,True,True,False
AGRI+ARCTIC+ENV+SSA,BBBA,1346.5,389.75,1209.2,464.0,0.665,3.9499999999999997,3.55,4.5,1.1905067350865939,3,4,1,False,True,True,True,False,False,False,True,True,True,False
AGRI+ARCTIC+ENV+SSA,BBBB,1330.0,385.0,1148.0,496.0,0.665,3.9499999999999997,3.55,4.5,1.2883116883116883,3,4,0,False,True,True,True,False,False,False,True,True,True,False
AGRI+ARCTIC+ENV+SSA,BBBC,1323.4,380.25,1080.0,498.25,0.665,3.9499999999999997,3.55,4.5,1.3103221564760026,3,4,0,False,True,True,True,False,False,False,True,True,True,False
AGRI+ARCTIC+ENV+SSA,BBCA,1340.9,386.0,1137.2,466.0,0.665,3.9499999999999997,3.55,4.5,1.2072538860103628,3,4,1,False,True,True,True,False,False,False,True,True,True,False
AGRI+ARCTIC+ENV+SSA,BBCB,1324.4,381.25,1076.0,498.0,0.665,3.9499999999999997,3.55,4.5,1.3062295081967212,3,4,0,False,True,True,True,False,False,False,True,True,True,False
AGRI+ARCTIC+ENV+SSA,BBCC,1317.8,376.5,1008.0,500.25,0.665,3.9499999999999997,3.55,4.5,1.3286852589641434,3,4,0,False,True,True,True,False,False,False,True,True,True,False
AGRI+ARCTIC+ENV+SSA,BCAA,1351.3,386.5,1180.0,440.75,0.665,3.9499999999999997,3.55,4.5,1.1403622250970247,3,4,2,False,True,True,True,True,False,False,True,True,True,False
AGRI+ARCTIC+ENV+SSA,BCAB,1334.8,381.75,1118.8,472.75,0.665,3.9499999999999997,3.55,4.5,1.2383759004584152,3,4,1,False,True,True,True,False,False,False,True,True,True,False
AGRI+ARCTIC+ENV+SSA,BCAC,1328.1999999999998,377.0,1050.8,475.0,0.665,3.9499999999999997,3.55,4.5,1.259946949602122,3,4,1,False,True,True,True,False,False,False,True,True,True,False
AGRI+ARCTIC+ENV+SSA,BCBA,1337.3,382.75,1115.2,468.0,0.665,3.9499999999999997,3.55,4.5,1.2227302416721098,3,4,1,False,True,True,True,False,False,False,True,True,True,False
AGRI+ARCTIC+ENV+SSA,BCBB,1320.8,378.0,1054.0,500.0,0.665,3.9499999999999997,3.55,4.5,1.3227513227513228,3,4,0,False,True,True,True,False,False,False,True,True,True,False
AGRI+ARCTIC+ENV+SSA,BCBC,1314.1999999999998,373.25,986.0,502.25,0.665,3.9499999999999997,3.55,4.5,1.3456128600133959,3,4,0,False,True,True,True,False,False,False,False,True,True,False
AGRI+ARCTIC+ENV+SSA,BCCA,1331.6999999999998,379.0,1043.2,470.0,0.665,3.9499999999999997,3.55,4.5,1.2401055408970976,3,4,1,False,True,True,True,False,False,False,True,True,True,False
AGRI+ARCTIC+ENV+SSA,BCCB,1315.1999999999998,374.25,982.0,502.0,0.665,3.9499999999999997,3.55,4.5,1.3413493653974615,3,4,0,False,True,True,True,False,False,False,False,True,True,False
AGRI+ARCTIC+ENV+SSA,BCCC,1308.6,369.5,914.0,504.25,0.665,3.9499999999999997,3.55,4.5,1.36468200270636,3,4,0,False,True,True,True,False,False,False,False,True,True,False
AGRI+ARCTIC+ENV+SSA,CAAA,1378.3,396.75,1312.6,412.5,0.665,3.9499999999999997,3.55,4.5,1.0396975425330812,3,4,3,False,True,True,True,True,False,False,True,True,True,False
AGRI+ARCTIC+ENV+SSA,CAAB,1361.8,392.0,1251.4,444.5,0.665,3.9499999999999997,3.55,4.5,1.1339285714285714,3,4,2,False,True,True,True,True,False,False,True,True,True,False
AGRI+ARCTIC+ENV+SSA,CAAC,1355.1999999999998,387.25,1183.4,446.75,0.665,3.9499999999999997,3.55,4.5,1.1536475145255003,3,4,2,False,True,True,True,True,False,False,True,True,True,False
AGRI+ARCTIC+ENV+SSA,CABA,1364.3,393.0,1247.8,439.75,0.665,3.9499999999999997,3.55,4.5,1.1189567430025444,3,4,2,False,True,True,True,True,False,False,True,True,True,False
AGRI+ARCTIC+ENV+SSA,CABB,1347.8,388.25,1186.6,471.75,0.665,3.9499999999999997,3.55,4.5,1.215067611075338,3,4,1,False,True,True,True,False,False,False,True,True,True,False
AGRI+ARCTIC+ENV+SSA,CABC,1341.1999999999998,383.5,1118.6,474.0,0.665,3.9499999999999997,3.55,4.5,1.2359843546284224,3,4,1,False,True,True,True,False,False,False,True,True,True,False
AGRI+ARCTIC+ENV+SSA,CACA,1358.6999999999998,389.25,1175.8,441.75,0.665,3.9499999999999997,3.55,4.5,1.1348747591522157,3,4,2,False,True,True,True,True,False,False,True,True,True,False
AGRI+ARCTIC+ENV+SSA,CACB,1342.1999999999998,384.5,1114.6,473.75,0.665,3.9499999999999997,3.55,4.5,1.2321196358907673,3,4,1,False,True,True,True,False,False,False,True,True,True,False
AGRI+ARCTIC+ENV+SSA,CACC,1335.6,379.75,1046.6,476.0,0.665,3.9499999999999997,3.55,4.5,1.2534562211981566,3,4,1,False,True,True,True,False,False,False,True,True,True,False
AGRI+ARCTIC+ENV+SSA,CBAA,1355.3,389.75,1228.0,456.25,0.665,3.9499999999999997,3.55,4.5,1.1706221937139192,3,4,2,False,True,True,True,True,False,False,True,True,True,False
AGRI+ARCTIC+ENV+SSA,CBAB,1338.8,385.0,1166.8,488.25,0.665,3.9499999999999997,3.55,4.5,1.268181818181818,3,4,1,False,True,True,True,False,False,False,True,True,True,False
AGRI+ARCTIC+ENV+SSA,CBAC,1332.1999999999998,380.25,1098.8,490.5,0.665,3.9499999999999997,3.55,4.5,1.2899408284023668,3,4,1,False,True,True,True,False,False,False,True,True,True,False
AGRI+ARCTIC+ENV+SSA,CBBA,1341.3,386.0,1163.2,483.5,0.665,3.9499999999999997,3.55,4.5,1.2525906735751295,3,4,1,False,True,True,True,False,False,False,True,True,True,False
AGRI+ARCTIC+ENV+SSA,CBBB,1324.8,381.25,1102.0,515.5,0.665,3.9499999999999997,3.55,4.5,1.3521311475409836,3,4,0,False,True,True,True,False,False,False,True,True,True,False
AGRI+ARCTIC+ENV+SSA,CBBC,1318.1999999999998,376.5,1034.0,517.75,0.665,3.9499999999999997,3.55,4.5,1.3751660026560426,3,4,0,False,True,True,True,False,False,False,True,True,True,False
AGRI+ARCTIC+ENV+SSA,CBCA,1335.6999999999998,382.25,1091.2,485.5,0.665,3.9499999999999997,3.55,4.5,1.2701111837802486,3,4,1,False,True,True,True,False,False,False,True,True,True,False
AGRI+ARCTIC+ENV+SSA,CBCB,1319.1999999999998,377.5,1030.0,517.5,0.665,3.9499999999999997,3.55,4.5,1.3708609271523178,3,4,0,False,True,True,True,False,False,False,True,True,True,False
AGRI+ARCTIC+ENV+SSA,CBCC,1312.6,372.75,962.0,519.75,0.665,3.9499999999999997,3.55,4.5,1.3943661971830985,3,4,0,False,True,True,True,False,False,False,False,True,True,False
AGRI+ARCTIC+ENV+SSA,CCAA,1346.1,382.75,1134.0,460.25,0.665,3.9499999999999997,3.55,4.5,1.2024820378837362,3,4,2,False,True,True,True,True,False,False,True,True,True,False
AGRI+ARCTIC+ENV+SSA,CCAB,1329.6,378.0,1072.8,492.25,0.665,3.9499999999999997,3.55,4.5,1.3022486772486772,3,4,1,False,True,True,True,False,False,False,True,True,True,False
AGRI+ARCTIC+ENV+SSA,CCAC,1323.0,373.25,1004.8,494.5,0.665,3.9499999999999997,3.55,4.5,1.3248492967180174,3,4,1,False,True,True,True,False,False,False,True,True,True,False
AGRI+ARCTIC+ENV+SSA,CCBA,1332.1,379.0,1069.2,487.5,0.665,3.9499999999999997,3.55,4.5,1.2862796833773087,3,4,1,False,True,True,True,False,False,False,True,True,True,False
AGRI+ARCTIC+ENV+SSA,CCBB,1315.6,374.25,1008.0,519.5,0.665,3.9499999999999997,3.55,4.5,1.3881095524382097,3,4,0,False,True,True,True,False,False,False,True,True,True,False
AGRI+ARCTIC+ENV+SSA,CCBC,1309.0,369.5,940.0,521.75,0.665,3.9499999999999997,3.55,4.5,1.412043301759134,3,4,0,False,True,True,True,False,False,False,False,True,True,False
AGRI+ARCTIC+ENV+SSA,CCCA,1326.5,375.25,997.2,489.5,0.665,3.9499999999999997,3.55,4.5,1.3044636908727516,3,4,1,False,True,True,True,False,False,False,False,True,True,False
AGRI+ARCTIC+ENV+SSA,CCCB,1310.0,370.5,936.0,521.5,0.665,3.9499999999999997,3.55,4.5,1.407557354925776,3,4,0,False,True,True,True,False,False,False,False,True,True,False
AGRI+ARCTIC+ENV+SSA,CCCC,1303.4,365.75,868.0,523.75,0.665,3.9499999999999997,3.55,4.5,1.431989063568011,3,4,0,False,True,True,True,False,False,False,False,True,True,False
AGRI+TRANS+ENV+SSA,AAAA,1176.0,330.75,1150.0,295.0,0.72,4.35,3.95,4.775,0.891912320483749,3,3,4,True,True,True,True,True,True,True,True,True,True,True
AGRI+TRANS+ENV+SSA,AAAB,1159.5,326.0,1088.8,327.0,0.72,4.35,3.95,4.775,1.0030674846625767,3,3,3,True,True,True,True,True,True,True,True,True,True,True
AGRI+TRANS+ENV+SSA,AAAC,1152.9,321.25,1020.8,329.25,0.72,4.35,3.95,4.775,1.0249027237354085,3,3,3,True,True,True,True,True,True,True,True,True,True,True
AGRI+TRANS+ENV+SSA,AABA,1162.0,327.0,1085.2,322.25,0.72,4.35,3.95,4.775,0.985474006116208,3,3,3,True,True,True,True,True,True,True,True,True,True,True
AGRI+TRANS+ENV+SSA,AABB,1145.5,322.25,1024.0,354.25,0.72,4.35,3.95,4.775,1.0993017843289372,3,3,2,True,True,True,True,True,True,True,True,True,True,True
AGRI+TRANS+ENV+SSA,AABC,1138.9,317.5,956.0,356.5,0.72,4.35,3.95,4.775,1.1228346456692913,3,3,2,False,True,True,True,True,True,True,False,True,True,False
AGRI+TRANS+ENV+SSA,AACA,1156.4,323.25,1013.2,324.25,0.72,4.35,3.95,4.775,1.003093580819799,3,3,3,True,True,True,True,True,True,True,True,True,True,True
AGRI+TRANS+ENV+SSA,AACB,1139.9,318.5,952.0,356.25,0.72,4.35,3.95,4.775,1.1185243328100472,3,3,2,False,True,True,True,True,True,True,False,True,True,False
AGRI+TRANS+ENV+SSA,AACC,1133.3,313.75,884.0,358.5,0.72,4.35,3.95,4.775,1.142629482071713,3,3,2,False,True,True,True,True,True,True,False,True,True,False
AGRI+TRANS+ENV+SSA,ABAA,1163.5,327.25,1110.4,328.75,0.72,4.35,3.95,4.775,1.004583651642475,3,3,3,True,True,True,True,True,True,True,True,True,True,True
AGRI+TRANS+ENV+SSA,ABAB,1147.0,322.5,1049.1999999999998,360.75,0.72,4.35,3.95,4.775,1.1186046511627907,3,3,2,True,True,True,True,True,True,True,True,True,True,True
AGRI+TRANS+ENV+SSA,ABAC,1140.4,317.75,981.1999999999999,363.0,0.72,4.35,3.95,4.775,1.142407553107789,3,3,2,False,True,True,True,True,True,True,False,True,True,False
AGRI+TRANS+ENV+SSA,ABBA,1149.5,323.5,1045.6,356.0,0.72,4.35,3.95,4.775,1.1004636785162287,3,3,2,True,True,True,True,True,True,True,True,True,True,True
AGRI+TRANS+ENV+SSA,ABBB,1133.0,318.75,984.4,388.0,0.72,4.35,3.95,4.775,1.2172549019607843,3,3,1,False,True,True,True,False,True,True,False,True,True,False
AGRI+TRANS+ENV+SSA,ABBC,1126.4,314.0,916.4,390.25,0.72,4.35,3.95,4.775,1.2428343949044587,3,3,1,False,True,True,True,False,True,True,False,True,True,False
AGRI+TRANS+ENV+SSA,ABCA,1143.9,319.75,973.6,358.0,0.72,4.35,3.95,4.775,1.1196247068021892,3,3,2,False,True,True,True,True,True,True,False,True,True,False
AGRI+TRANS+ENV+SSA,ABCB,1127.4,315.0,912.4,390.0,0.72,4.35,3.95,4.775,1.2380952380952381,3,3,1,False,True,True,True,False,True,True,False,True,True,False
AGRI+TRANS+ENV+SSA,ABCC,1120.8,310.25,844.4,392.25,0.72,4.35,3.95,4.775,1.2643029814665592,3,3,1,False,True,True,True,False,True,True,False,True,True,False
AGRI+TRANS+ENV+SSA,ACAA,1158.5,323.75,1066.4,336.75,0.72,4.35,3.95,4.775,1.0401544401544403,3,3,3,True,True,True,True,True,True,True,True,True,True,True
AGRI+TRANS+ENV+SSA,ACAB,1142.0,319.0,1005.1999999999999,368.75,0.72,4.35,3.95,4.775,1.1559561128526645,3,3,2,True,True,True,True,True,True,True,True,True,True,True
AGRI+TRANS+ENV+SSA,ACAC,1135.4,314.25,937.1999999999999,371.0,0.72,4.35,3.95,4.775,1.1805887032617344,3,3,2,False,True,True,True,True,True,True,False,True,True,False
AGRI+TRANS+ENV+SSA,ACBA,1144.5,320.0,1001.6,364.0,0.72,4.35,3.95,4.775,1.1375,3,3,2,True,True,True,True,True,True,True,True,True,True,True
AGRI+TRANS+ENV+SSA,ACBB,1128.0,315.25,940.4,396.0,0.72,4.35,3.95,4.775,1.2561459159397304,3,3,1,False,True,True,True,False,True,True,False,True,True,False
AGRI+TRANS+ENV+SSA,ACBC,1121.4,310.5,872.4,398.25,0.72,4.35,3.95,4.775,1.2826086956521738,3,3,1,False,True,True,True,False,True,True,False,True,True,False
AGRI+TRANS+ENV+SSA,ACCA,1138.9,316.25,929.6,366.0,0.72,4.35,3.95,4.775,1.1573122529644269,3,3,2,False,True,True,True,True,True,True,False,True,True,False
AGRI+TRANS+ENV+SSA,ACCB,1122.4,311.5,868.4,398.0,0.72,4.35,3.95,4.775,1.2776886035313002,3,3,1,False,True,True,True,False,True,True,False,True,True,False
AGRI+TRANS+ENV+SSA,ACCC,1115.8,306.75,800.4,400.25,0.72,4.35,3.95,4.775,1.3048084759576202,3,3,1,False,True,True,True,False,True,True,False,True,True,False
AGRI+TRANS+ENV+SSA,BAAA,1163.0,327.0,1108.6,343.0,0.72,4.35,3.95,4.775,1.0489296636085628,3,3,3,True,True,True,True,True,True,True,True,True,True,True
AGRI+TRANS+ENV+SSA,BAAB,1146.5,322.25,1047.4,375.0,0.72,4.35,3.95,4.775,1.1636927851047323,3,3,2,True,True,True,True,True,True,True,True,True,True,True
AGRI+TRANS+ENV+SSA,BAAC,1139.9,317.5,979.4000000000001,377.25,0.72,4.35,3.95,4.775,1.1881889763779527,3,3,2,False,True,True,True,True,True,True,False,True,True,False
AGRI+TRANS+ENV+SSA,BABA,1149.0,323.25,1043.8,370.25,0.72,4.35,3.95,4.775,1.145398298530549,3,3,2,True,True,True,True,True,True,True,True,True,True,True
AGRI+TRANS+ENV+SSA,BABB,1132.5,318.5,982.5999999999999,402.25,0.72,4.35,3.95,4.775,1.2629513343799057,3,3,1,False,True,True,True,False,True,True,False,True,True,False
AGRI+TRANS+ENV+SSA,BABC,1125.9,313.75,914.5999999999999,404.5,0.72,4.35,3.95,4.775,1.2892430278884461,3,3,1,False,True,True,True,False,True,True,False,True,True,False
AGRI+TRANS+ENV+SSA,BACA,1143.4,319.5,971.8,372.25,0.72,4.35,3.95,4.775,1.1651017214397497,3,3,2,False,True,True,True,True,True,True,False,True,True,False
AGRI+TRANS+ENV+SSA,BACB,1126.9,314.75,910.5999999999999,404.25,0.72,4.35,3.95,4.775,1.284352660841938,3,3,1,False,True,True,True,False,True,True,False,True,True,False
AGRI+TRANS+ENV+SSA,BACC,1120.3,310.0,842.5999999999999,406.5,0.72,4.35,3.95,4.775,1.3112903225806452,3,3,1,False,True,True,True,False,True,True,False,True,True,False
AGRI+TRANS+ENV+SSA,BBAA,1150.5,323.5,1069.0,376.75,0.72,4.35,3.95,4.775,1.1646058732612055,3,3,2,True,True,True,True,True,True,True,True,True,True,True
AGRI+TRANS+ENV+SSA,BBAB,1134.0,318.75,1007.8000000000001,408.75,0.72,4.35,3.95,4.775,1.2823529411764707,3,3,1,False,True,True,True,False,True,True,True,True,True,False
AGRI+TRANS+ENV+SSA,BBAC,1127.4,314.0,939.8000000000001,411.0,0.72,4.35,3.95,4.775,1.3089171974522293,3,3,1,False,True,True,True,False,True,True,False,True,True,False
AGRI+TRANS+ENV+SSA,BBBA,1136.5,319.75,1004.1999999999999,404.0,0.72,4.35,3.95,4.775,1.2634870992963252,3,3,1,False,True,True,True,False,True,True,True,True,True,False
AGRI+TRANS+ENV+SSA,BBBB,1120.0,315.0,942.9999999999999,436.0,0.72,4.35,3.95,4.775,1.384126984126984,3,3,0,False,True,True,True,False,True,True,False,True,True,False
AGRI+TRANS+ENV+SSA,BBBC,1113.4,310.25,874.9999999999999,438.25,0.72,4.35,3.95,4.775,1.412570507655117,3,3,0,False,True,True,True,False,True,True,False,True,True,False
AGRI+TRANS+ENV+SSA,BBCA,1130.9,316.0,932.1999999999999,406.0,0.72,4.35,3.95,4.775,1.2848101265822784,3,3,1,False,True,True,True,False,True,True,False,True,True,False
AGRI+TRANS+ENV+SSA,BBCB,1114.4,311.25,870.9999999999999,438.0,0.72,4.35,3.95,4.775,1.4072289156626505,3,3,0,False,True,True,True,False,True,True,False,True,True,False
AGRI+TRANS+ENV+SSA,BBCC,1107.8,306.5,802.9999999999999,440.25,0.72,4.35,3.95,4.775,1.436378466557912,3,3,0,False,True,True,True,False,True,True,False,True,True,False
AGRI+TRANS+ENV+SSA,BCAA,1145.5,320.0,1025.0,384.75,0.72,4.35,3.95,4.775,1.20234375,3,3,2,True,True,True,True,True,True,True,True,True,True,True
AGRI+TRANS+ENV+SSA,BCAB,1129.0,315.25,963.8000000000001,416.75,0.72,4.35,3.95,4.775,1.3219666931007137,3,3,1,False,True,True,True,False,True,True,False,True,True,False
AGRI+TRANS+ENV+SSA,BCAC,1122.4,310.5,895.8000000000001,419.0,0.72,4.35,3.95,4.775,1.3494363929146538,3,3,1,False,True,True,True,False,True,True,False,True,True,False
AGRI+TRANS+ENV+SSA,BCBA,1131.5,316.25,960.1999999999999,412.0,0.72,4.35,3.95,4.775,1.3027667984189724,3,3,1,False,True,True,True,False,True,True,False,True,True,False
AGRI+TRANS+ENV+SSA,BCBB,1115.0,311.5,898.9999999999999,444.0,0.72,4.35,3.95,4.775,1.4253611556982344,3,3,0,False,True,True,True,False,True,True,False,True,True,False
AGRI+TRANS+ENV+SSA,BCBC,1108.4,306.75,830.9999999999999,446.25,0.72,4.35,3.95,4.775,1.4547677261613692,3,3,0,False,True,True,True,False,True,True,False,True,True,False
AGRI+TRANS+ENV+SSA,BCCA,1125.9,312.5,888.1999999999999,414.0,0.72,4.35,3.95,4.775,1.3248,3,3,1,False,True,True,True,False,True,True,False,True,True,False
AGRI+TRANS+ENV+SSA,BCCB,1109.4,307.75,826.9999999999999,446.0,0.72,4.35,3.95,4.775,1.4492282696994314,3,3,0,False,True,True,True,False,True,True,False,True,True,False
AGRI+TRANS+ENV+SSA,BCCC,1102.8,303.0,758.9999999999999,448.25,0.72,4.35,3.95,4.775,1.4793729372937294,3,3,0,False,True,True,True,False,True,True,False,True,True,False
AGRI+TRANS+ENV+SSA,CAAA,1157.8,323.25,1062.6,362.5,0.72,4.35,3.95,4.775,1.1214230471771076,3,3,3,True,True,True,True,True,True,True,True,True,True,True
AGRI+TRANS+ENV+SSA,CAAB,1141.3,318.5,1001.4000000000001,394.5,0.72,4.35,3.95,4.775,1.23861852433281,3,3,2,True,True,True,True,True,True,True,True,True,True,True
AGRI+TRANS+ENV+SSA,CAAC,1134.6999999999998,313.75,933.4000000000001,396.75,0.72,4.35,3.95,4.775,1.2645418326693227,3,3,2,False,True,True,True,True,True,True,False,True,True,False
AGRI+TRANS+ENV+SSA,CABA,1143.8,319.5,997.8,389.75,0.72,4.35,3.95,4.775,1.2198748043818466,3,3,2,False,True,True,True,True,True,True,False,True,True,False
AGRI+TRANS+ENV+SSA,CABB,1127.3,314.75,936.5999999999999,421.75,0.72,4.35,3.95,4.775,1.3399523431294678,3,3,1,False,True,True,True,False,True,True,False,True,True,False
AGRI+TRANS+ENV+SSA,CABC,1120.6999999999998,310.0,868.5999999999999,424.0,0.72,4.35,3.95,4.775,1.367741935483871,3,3,1,False,True,True,True,False,True,True,False,True,True,False
AGRI+TRANS+ENV+SSA,CACA,1138.1999999999998,315.75,925.8,391.75,0.72,4.35,3.95,4.775,1.2406967537608868,3,3,2,False,True,True,True,True,True,True,False,True,True,False
AGRI+TRANS+ENV+SSA,CACB,1121.6999999999998,311.0,864.5999999999999,423.75,0.72,4.35,3.95,4.775,1.362540192926045,3,3,1,False,True,True,True,False,True,True,False,True,True,False
AGRI+TRANS+ENV+SSA,CACC,1115.1,306.25,796.5999999999999,426.0,0.72,4.35,3.95,4.775,1.3910204081632653,3,3,1,False,True,True,True,False,True,True,False,True,True,False
AGRI+TRANS+ENV+SSA,CBAA,1145.3,319.75,1023.0,396.25,0.72,4.35,3.95,4.775,1.2392494136043783,3,3,2,True,True,True,True,True,True,True,True,True,True,True
AGRI+TRANS+ENV+SSA,CBAB,1128.8,315.0,961.8000000000001,428.25,0.72,4.35,3.95,4.775,1.3595238095238096,3,3,1,False,True,True,True,False,True,True,False,True,True,False
AGRI+TRANS+ENV+SSA,CBAC,1122.1999999999998,310.25,893.8000000000001,430.5,0.72,4.35,3.95,4.775,1.387590652699436,3,3,1,False,True,True,True,False,True,True,False,True,True,False
AGRI+TRANS+ENV+SSA,CBBA,1131.3,316.0,958.1999999999999,423.5,0.72,4.35,3.95,4.775,1.3401898734177216,3,3,1,False,True,True,True,False,True,True,False,True,True,False
AGRI+TRANS+ENV+SSA,CBBB,1114.8,311.25,896.9999999999999,455.5,0.72,4.35,3.95,4.775,1.4634538152610441,3,3,0,False,True,True,True,False,True,True,False,True,True,False
AGRI+TRANS+ENV+SSA,CBBC,1108.1999999999998,306.5,828.9999999999999,457.75,0.72,4.35,3.95,4.775,1.4934747145187601,3,3,0,False,True,True,True,False,True,True,False,True,True,False
AGRI+TRANS+ENV+SSA,CBCA,1125.6999999999998,312.25,886.1999999999999,425.5,0.72,4.35,3.95,4.775,1.3626901521216974,3,3,1,False,True,True,True,False,True,True,False,True,True,False
AGRI+TRANS+ENV+SSA,CBCB,1109.1999999999998,307.5,824.9999999999999,457.5,0.72,4.35,3.95,4.775,1.4878048780487805,3,3,0,False,True,True,True,False,True,True,False,True,True,False
AGRI+TRANS+ENV+SSA,CBCC,1102.6,302.75,756.9999999999999,459.75,0.72,4.35,3.95,4.775,1.518579686209744,3,3,0,False,True,True,True,False,True,True,False,True,True,False
AGRI+TRANS+ENV+SSA,CCAA,1140.3,316.25,979.0,404.25,0.72,4.35,3.95,4.775,1.2782608695652173,3,3,2,False,True,True,True,True,True,True,False,True,True,False
AGRI+TRANS+ENV+SSA,CCAB,1123.8,311.5,917.8000000000001,436.25,0.72,4.35,3.95,4.775,1.4004815409309792,3,3,1,False,True,True,True,False,True,True,False,True,True,False
AGRI+TRANS+ENV+SSA,CCAC,1117.1999999999998,306.75,849.8000000000001,438.5,0.72,4.35,3.95,4.775,1.4295028524857376,3,3,1,False,True,True,True,False,True,True,False,True,True,False
AGRI+TRANS+ENV+SSA,CCBA,1126.3,312.5,914.1999999999999,431.5,0.72,4.35,3.95,4.775,1.3808,3,3,1,False,True,True,True,False,True,True,False,True,True,False
AGRI+TRANS+ENV+SSA,CCBB,1109.8,307.75,852.9999999999999,463.5,0.72,4.35,3.95,4.775,1.5060926076360683,3,3,0,False,True,True,True,False,True,True,False,True,True,False
AGRI+TRANS+ENV+SSA,CCBC,1103.1999999999998,303.0,784.9999999999999,465.75,0.72,4.35,3.95,4.775,1.5371287128712872,3,3,0,False,True,True,True,False,True,True,False,True,True,False
AGRI+TRANS+ENV+SSA,CCCA,1120.6999999999998,308.75,842.1999999999999,433.5,0.72,4.35,3.95,4.775,1.4040485829959515,3,3,1,False,True,True,True,False,True,True,False,True,True,False
AGRI+TRANS+ENV+SSA,CCCB,1104.1999999999998,304.0,780.9999999999999,465.5,0.72,4.35,3.95,4.775,1.53125,3,3,0,False,True,True,True,False,True,True,False,True,True,False
AGRI+TRANS+ENV+SSA,CCCC,1097.6,299.25,712.9999999999999,467.75,0.72,4.35,3.95,4.775,1.5630743525480368,3,3,0,False,True,True,True,False,True,True,False,True,True,False
INFRA+ARCTIC+TRANS+ENV,AAAA,1365.0,383.25,1350.0,345.0,0.69,4.125,3.85,4.4,0.9001956947162426,4,3,4,False,True,True,True,True,False,False,True,True,True,False
INFRA+ARCTIC+TRANS+ENV,AAAB,1351.0,379.5,1285.2,372.25,0.69,4.125,3.85,4.4,0.9808959156785244,4,3,3,False,True,True,True,True,False,False,True,True,True,False
INFRA+ARCTIC+TRANS+ENV,AAAC,1345.4,375.75,1213.2,374.25,0.69,4.125,3.85,4.4,0.9960079840319361,4,3,3,False,True,True,True,True,False,False,True,True,True,False
INFRA+ARCTIC+TRANS+ENV,AABA,1352.5,379.75,1310.4,378.75,0.69,4.125,3.85,4.4,0.9973666886109283,4,3,3,False,True,True,True,True,False,False,True,True,True,False
INFRA+ARCTIC+TRANS+ENV,AABB,1338.5,376.0,1245.6,406.0,0.69,4.125,3.85,4.4,1.0797872340425532,4,3,2,False,True,True,True,True,False,False,True,True,True,False
INFRA+ARCTIC+TRANS+ENV,AABC,1332.9,372.25,1173.6,408.0,0.69,4.125,3.85,4.4,1.0960376091336468,4,3,2,False,True,True,True,True,False,False,True,True,True,False
INFRA+ARCTIC+TRANS+ENV,AACA,1347.5,376.25,1266.4,386.75,0.69,4.125,3.85,4.4,1.027906976744186,4,3,3,False,True,True,True,True,False,False,True,True,True,False
INFRA+ARCTIC+TRANS+ENV,AACB,1333.5,372.5,1201.6000000000001,414.0,0.69,4.125,3.85,4.4,1.1114093959731544,4,3,2,False,True,True,True,True,False,False,True,True,True,False
INFRA+ARCTIC+TRANS+ENV,AACC,1327.9,368.75,1129.6000000000001,416.0,0.69,4.125,3.85,4.4,1.128135593220339,4,3,2,False,True,True,True,True,False,False,True,True,True,False
INFRA+ARCTIC+TRANS+ENV,ABAA,1342.0,376.25,1265.4,388.75,0.69,4.125,3.85,4.4,1.0332225913621262,4,3,3,False,True,True,True,True,False,False,True,True,True,False
INFRA+ARCTIC+TRANS+ENV,ABAB,1328.0,372.5,1200.6,416.0,0.69,4.125,3.85,4.4,1.1167785234899328,4,3,2,False,True,True,True,True,False,False,True,True,True,False
INFRA+ARCTIC+TRANS+ENV,ABAC,1322.4,368.75,1128.6,418.0,0.69,4.125,3.85,4.4,1.1335593220338982,4,3,2,False,True,True,True,True,False,False,True,True,True,False
INFRA+ARCTIC+TRANS+ENV,ABBA,1329.5,372.75,1225.8000000000002,422.5,0.69,4.125,3.85,4.4,1.1334674714956405,4,3,2,False,True,True,True,True,False,False,True,True,True,False
INFRA+ARCTIC+TRANS+ENV,ABBB,1315.5,369.0,1161.0,449.75,0.69,4.125,3.85,4.4,1.2188346883468835,4,3,1,False,True,True,True,False,False,False,True,True,True,False
INFRA+ARCTIC+TRANS+ENV,ABBC,1309.9,365.25,1089.0,451.75,0.69,4.125,3.85,4.4,1.2368240930869268,4,3,1,False,True,True,True,False,False,False,True,True,True,False
INFRA+ARCTIC+TRANS+ENV,ABCA,1324.5,369.25,1181.8000000000002,430.5,0.69,4.125,3.85,4.4,1.1658767772511849,4,3,2,False,True,True,True,True,False,False,True,True,True,False
INFRA+ARCTIC+TRANS+ENV,ABCB,1310.5,365.5,1117.0,457.75,0.69,4.125,3.85,4.4,1.2523939808481532,4,3,1,False,True,True,True,False,False,False,True,True,True,False
INFRA+ARCTIC+TRANS+ENV,ABCC,1304.9,361.75,1045.0,459.75,0.69,4.125,3.85,4.4,1.2709053213545265,4,3,1,False,True,True,True,False,False,False,True,True,True,False
INFRA+ARCTIC+TRANS+ENV,ACAA,1332.8,369.25,1171.4,392.75,0.69,4.125,3.85,4.4,1.0636425186188219,4,3,3,False,True,True,True,True,False,False,True,True,True,False
INFRA+ARCTIC+TRANS+ENV,ACAB,1318.8,365.5,1106.6,420.0,0.69,4.125,3.85,4.4,1.1491108071135432,4,3,2,False,True,True,True,True,False,False,True,True,True,False
INFRA+ARCTIC+TRANS+ENV,ACAC,1313.2,361.75,1034.6,422.0,0.69,4.125,3.85,4.4,1.1665514858327575,4,3,2,False,True,True,True,True,False,False,True,True,True,False
INFRA+ARCTIC+TRANS+ENV,ACBA,1320.3,365.75,1131.8,426.5,0.69,4.125,3.85,4.4,1.166097060833903,4,3,2,False,True,True,True,True,False,False,True,True,True,False
INFRA+ARCTIC+TRANS+ENV,ACBB,1306.3,362.0,1067.0,453.75,0.69,4.125,3.85,4.4,1.2534530386740332,4,3,1,False,True,True,True,False,False,False,True,True,True,False
INFRA+ARCTIC+TRANS+ENV,ACBC,1300.7,358.25,994.9999999999999,455.75,0.69,4.125,3.85,4.4,1.272156315422191,4,3,1,False,True,True,True,False,False,True,False,True,True,False
INFRA+ARCTIC+TRANS+ENV,ACCA,1315.3,362.25,1087.8,434.5,0.69,4.125,3.85,4.4,1.199447895100069,4,3,2,False,True,True,True,True,False,False,True,True,True,False
INFRA+ARCTIC+TRANS+ENV,ACCB,1301.3,358.5,1022.9999999999999,461.75,0.69,4.125,3.85,4.4,1.2880055788005578,4,3,1,False,True,True,True,False,False,True,True,True,True,False
INFRA+ARCTIC+TRANS+ENV,ACCC,1295.7,354.75,950.9999999999999,463.75,0.69,4.125,3.85,4.4,1.3072586328400282,4,3,1,False,True,True,True,False,True,True,False,True,True,False
INFRA+ARCTIC+TRANS+ENV,BAAA,1349.5,379.25,1296.0,381.25,0.69,4.125,3.85,4.4,1.005273566249176,4,3,3,False,True,True,True,True,False,False,True,True,True,False
INFRA+ARCTIC+TRANS+ENV,BAAB,1335.5,375.5,1231.2,408.5,0.69,4.125,3.85,4.4,1.0878828229027964,4,3,2,False,True,True,True,True,False,False,True,True,True,False
INFRA+ARCTIC+TRANS+ENV,BAAC,1329.9,371.75,1159.2,410.5,0.69,4.125,3.85,4.4,1.1042367182246133,4,3,2,False,True,True,True,True,False,False,True,True,True,False
INFRA+ARCTIC+TRANS+ENV,BABA,1337.0,375.75,1256.4,415.0,0.69,4.125,3.85,4.4,1.104457751164338,4,3,2,False,True,True,True,True,False,False,True,True,True,False
INFRA+ARCTIC+TRANS+ENV,BABB,1323.0,372.0,1191.6,442.25,0.69,4.125,3.85,4.4,1.1888440860215055,4,3,1,False,True,True,True,False,False,False,True,True,True,False
INFRA+ARCTIC+TRANS+ENV,BABC,1317.4,368.25,1119.6,444.25,0.69,4.125,3.85,4.4,1.2063815342837747,4,3,1,False,True,True,True,False,False,False,True,True,True,False
INFRA+ARCTIC+TRANS+ENV,BACA,1332.0,372.25,1212.4,423.0,0.69,4.125,3.85,4.4,1.1363331094694427,4,3,2,False,True,True,True,True,False,False,True,True,True,False
INFRA+ARCTIC+TRANS+ENV,BACB,1318.0,368.5,1147.6000000000001,450.25,0.69,4.125,3.85,4.4,1.2218453188602443,4,3,1,False,True,True,True,False,False,False,True,True,True,False
INFRA+ARCTIC+TRANS+ENV,BACC,1312.4,364.75,1075.6000000000001,452.25,0.69,4.125,3.85,4.4,1.2398903358464701,4,3,1,False,True,True,True,False,False,False,True,True,True,False
INFRA+ARCTIC+TRANS+ENV,BBAA,1326.5,372.25,1211.4,425.0,0.69,4.125,3.85,4.4,1.1417058428475486,4,3,2,False,True,True,True,True,False,False,True,True,True,False
INFRA+ARCTIC+TRANS+ENV,BBAB,1312.5,368.5,1146.6,452.25,0.69,4.125,3.85,4.4,1.2272727272727273,4,3,1,False,True,True,True,False,False,False,True,True,True,False
INFRA+ARCTIC+TRANS+ENV,BBAC,1306.9,364.75,1074.6,454.25,0.69,4.125,3.85,4.4,1.245373543522961,4,3,1,False,True,True,True,False,False,False,True,True,True,False
INFRA+ARCTIC+TRANS+ENV,BBBA,1314.0,368.75,1171.8,458.75,0.69,4.125,3.85,4.4,1.2440677966101694,4,3,1,False,True,True,True,False,False,False,True,True,True,False
INFRA+ARCTIC+TRANS+ENV,BBBB,1300.0,365.0,1107.0,486.0,0.69,4.125,3.85,4.4,1.3315068493150686,4,3,0,False,True,True,True,False,True,False,True,True,True,False
INFRA+ARCTIC+TRANS+ENV,BBBC,1294.4,361.25,1035.0,488.0,0.69,4.125,3.85,4.4,1.3508650519031142,4,3,0,False,True,True,True,False,True,False,True,True,True,False
INFRA+ARCTIC+TRANS+ENV,BBCA,1309.0,365.25,1127.8,466.75,0.69,4.125,3.85,4.4,1.2778918548939082,4,3,1,False,True,True,True,False,False,False,True,True,True,False
INFRA+ARCTIC+TRANS+ENV,BBCB,1295.0,361.5,1063.0,494.0,0.69,4.125,3.85,4.4,1.3665283540802213,4,3,0,False,True,True,True,False,True,False,True,True,True,False
INFRA+ARCTIC+TRANS+ENV,BBCC,1289.4,357.75,990.9999999999999,496.0,0.69,4.125,3.85,4.4,1.3864430468204052,4,3,0,False,True,True,True,False,True,True,False,True,True,False
INFRA+ARCTIC+TRANS+ENV,BCAA,1317.3,365.25,1117.4,429.0,0.69,4.125,3.85,4.4,1.1745379876796715,4,3,2,False,True,True,True,True,False,False,True,True,True,False
INFRA+ARCTIC+TRANS+ENV,BCAB,1303.3,361.5,1052.6,456.25,0.69,4.125,3.85,4.4,1.2621023513139695,4,3,1,False,True,True,True,False,False,False,True,True,True,False
INFRA+ARCTIC+TRANS+ENV,BCAC,1297.7,357.75,980.5999999999999,458.25,0.69,4.125,3.85,4.4,1.280922431865828,4,3,1,False,True,True,True,False,True,True,False,True,True,False
INFRA+ARCTIC+TRANS+ENV,BCBA,1304.8,361.75,1077.8,462.75,0.69,4.125,3.85,4.4,1.2791983413959918,4,3,1,False,True,True,True,False,False,False,True,True,True,False
INFRA+ARCTIC+TRANS+ENV,BCBB,1290.8,358.0,1012.9999999999999,490.0,0.69,4.125,3.85,4.4,1.3687150837988826,4,3,0,False,True,True,True,False,True,True,True,True,True,False
INFRA+ARCTIC+TRANS+ENV,BCBC,1285.2,354.25,940.9999999999999,492.0,0.69,4.125,3.85,4.4,1.3888496824276642,4,3,0,False,True,True,True,False,True,True,False,True,True,False
INFRA+ARCTIC+TRANS+ENV,BCCA,1299.8,358.25,1033.8,470.75,0.69,4.125,3.85,4.4,1.314026517794836,4,3,1,False,True,True,True,False,True,True,True,True,True,False
INFRA+ARCTIC+TRANS+ENV,BCCB,1285.8,354.5,968.9999999999999,498.0,0.69,4.125,3.85,4.4,1.4047954866008463,4,3,0,False,True,True,True,False,True,True,False,True,True,False
INFRA+ARCTIC+TRANS+ENV,BCCC,1280.2,350.75,896.9999999999999,500.0,0.69,4.125,3.85,4.4,1.4255167498218104,4,3,0,False,True,True,True,False,True,True,False,True,True,False
INFRA+ARCTIC+TRANS+ENV,CAAA,1343.3,375.25,1236.0,388.25,0.69,4.125,3.85,4.4,1.0346435709526982,4,3,3,False,True,True,True,True,False,False,True,True,True,False
INFRA+ARCTIC+TRANS+ENV,CAAB,1329.3,371.5,1171.2,415.5,0.69,4.125,3.85,4.4,1.1184387617765814,4,3,2,False,True,True,True,True,False,False,True,True,True,False
INFRA+ARCTIC+TRANS+ENV,CAAC,1323.7,367.75,1099.2,417.5,0.69,4.125,3.85,4.4,1.1352821210061184,4,3,2,False,True,True,True,True,False,False,True,True,True,False
INFRA+ARCTIC+TRANS+ENV,CABA,1330.8,371.75,1196.4,422.0,0.69,4.125,3.85,4.4,1.1351714862138533,4,3,2,False,True,True,True,True,False,False,True,True,True,False
INFRA+ARCTIC+TRANS+ENV,CABB,1316.8,368.0,1131.6,449.25,0.69,4.125,3.85,4.4,1.220788043478261,4,3,1,False,True,True,True,False,False,False,True,True,True,False
INFRA+ARCTIC+TRANS+ENV,CABC,1311.2,364.25,1059.6,451.25,0.69,4.125,3.85,4.4,1.238846945778998,4,3,1,False,True,True,True,False,False,False,True,True,True,False
INFRA+ARCTIC+TRANS+ENV,CACA,1325.8,368.25,1152.4,430.0,0.69,4.125,3.85,4.4,1.167684996605567,4,3,2,False,True,True,True,True,False,False,True,True,True,False
INFRA+ARCTIC+TRANS+ENV,CACB,1311.8,364.5,1087.6000000000001,457.25,0.69,4.125,3.85,4.4,1.2544581618655692,4,3,1,False,True,True,True,False,False,False,True,True,True,False
INFRA+ARCTIC+TRANS+ENV,CACC,1306.2,360.75,1015.6,459.25,0.69,4.125,3.85,4.4,1.273042273042273,4,3,1,False,True,True,True,False,False,False,True,True,True,False
INFRA+ARCTIC+TRANS+ENV,CBAA,1320.3,368.25,1151.4,432.0,0.69,4.125,3.85,4.4,1.1731160896130346,4,3,2,False,True,True,True,True,False,False,True,True,True,False
INFRA+ARCTIC+TRANS+ENV,CBAB,1306.3,364.5,1086.6,459.25,0.69,4.125,3.85,4.4,1.2599451303155007,4,3,1,False,True,True,True,False,False,False,True,True,True,False
INFRA+ARCTIC+TRANS+ENV,CBAC,1300.7,360.75,1014.5999999999999,461.25,0.69,4.125,3.85,4.4,1.2785862785862785,4,3,1,False,True,True,True,False,False,False,True,True,True,False
INFRA+ARCTIC+TRANS+ENV,CBBA,1307.8,364.75,1111.8,465.75,0.69,4.125,3.85,4.4,1.2769019876627827,4,3,1,False,True,True,True,False,False,False,True,True,True,False
INFRA+ARCTIC+TRANS+ENV,CBBB,1293.8,361.0,1047.0,493.0,0.69,4.125,3.85,4.4,1.365650969529086,4,3,0,False,True,True,True,False,True,False,True,True,True,False
INFRA+ARCTIC+TRANS+ENV,CBBC,1288.2,357.25,974.9999999999999,495.0,0.69,4.125,3.85,4.4,1.3855843247025892,4,3,0,False,True,True,True,False,True,True,False,True,True,False
INFRA+ARCTIC+TRANS+ENV,CBCA,1302.8,361.25,1067.8,473.75,0.69,4.125,3.85,4.4,1.3114186851211074,4,3,1,False,True,True,True,False,False,False,True,True,True,False
INFRA+ARCTIC+TRANS+ENV,CBCB,1288.8,357.5,1002.9999999999999,501.0,0.69,4.125,3.85,4.4,1.4013986013986015,4,3,0,False,True,True,True,False,True,True,True,True,True,False
INFRA+ARCTIC+TRANS+ENV,CBCC,1283.2,353.75,930.9999999999999,503.0,0.69,4.125,3.85,4.4,1.4219081272084806,4,3,0,False,True,True,True,False,True,True,False,True,True,False
INFRA+ARCTIC+TRANS+ENV,CCAA,1311.1,361.25,1057.4,436.0,0.69,4.125,3.85,4.4,1.2069204152249136,4,3,2,False,True,True,True,True,False,False,True,True,True,False
INFRA+ARCTIC+TRANS+ENV,CCAB,1297.1,357.5,992.5999999999999,463.25,0.69,4.125,3.85,4.4,1.2958041958041957,4,3,1,False,True,True,True,False,True,True,False,True,True,False
INFRA+ARCTIC+TRANS+ENV,CCAC,1291.5,353.75,920.5999999999999,465.25,0.69,4.125,3.85,4.4,1.3151943462897526,4,3,1,False,True,True,True,False,True,True,False,True,True,False
INFRA+ARCTIC+TRANS+ENV,CCBA,1298.6,357.75,1017.8,469.75,0.69,4.125,3.85,4.4,1.313067784765898,4,3,1,False,True,True,True,False,True,True,True,True,True,False
INFRA+ARCTIC+TRANS+ENV,CCBB,1284.6,354.0,952.9999999999999,497.0,0.69,4.125,3.85,4.4,1.4039548022598871,4,3,0,False,True,True,True,False,True,True,False,True,True,False
INFRA+ARCTIC+TRANS+ENV,CCBC,1279.0,350.25,880.9999999999999,499.0,0.69,4.125,3.85,4.4,1.4246966452533905,4,3,0,False,True,True,True,False,True,True,False,True,True,False
INFRA+ARCTIC+TRANS+ENV,CCCA,1293.6,354.25,973.8,477.75,0.69,4.125,3.85,4.4,1.348623853211009,4,3,1,False,True,True,True,False,True,True,False,True,True,False
INFRA+ARCTIC+TRANS+ENV,CCCB,1279.6,350.5,908.9999999999999,505.0,0.69,4.125,3.85,4.4,1.4407988587731813,4,3,0,False,True,True,True,False,True,True,False,True,True,False
INFRA+ARCTIC+TRANS+ENV,CCCC,1274.0,346.75,836.9999999999999,507.0,0.69,4.125,3.85,4.4,1.4621485219899062,4,3,0,False,True,True,True,False,True,True,False,True,True,False
INFRA+ARCTIC+TRANS+SSA,AAAA,1417.5,404.25,1330.0,358.75,0.6675,3.925,3.575,4.45,0.8874458874458875,3,4,4,False,True,True,True,True,False,False,True,True,True,False
INFRA+ARCTIC+TRANS+SSA,AAAB,1401.0,399.5,1268.8,390.75,0.6675,3.925,3.575,4.45,0.9780976220275344,3,4,3,False,True,True,True,True,False,False,True,True,True,False
INFRA+ARCTIC+TRANS+SSA,AAAC,1394.4,394.75,1200.8,393.0,0.6675,3.925,3.575,4.45,0.9955668144395187,3,4,3,False,True,True,True,True,False,False,True,True,True,False
INFRA+ARCTIC+TRANS+SSA,AABA,1405.0,400.75,1290.4,392.5,0.6675,3.925,3.575,4.45,0.9794135995009358,3,4,3,False,True,True,True,True,False,False,True,True,True,False
INFRA+ARCTIC+TRANS+SSA,AABB,1388.5,396.0,1229.1999999999998,424.5,0.6675,3.925,3.575,4.45,1.071969696969697,3,4,2,False,True,True,True,True,False,False,True,True,True,False
INFRA+ARCTIC+TRANS+SSA,AABC,1381.9,391.25,1161.1999999999998,426.75,0.6675,3.925,3.575,4.45,1.09073482428115,3,4,2,False,True,True,True,True,False,False,True,True,True,False
INFRA+ARCTIC+TRANS+SSA,AACA,1400.0,397.25,1246.4,400.5,0.6675,3.925,3.575,4.45,1.0081812460667086,3,4,3,False,True,True,True,True,False,False,True,True,True,False
INFRA+ARCTIC+TRANS+SSA,AACB,1383.5,392.5,1185.2,432.5,0.6675,3.925,3.575,4.45,1.1019108280254777,3,4,2,False,True,True,True,True,False,False,True,True,True,False
INFRA+ARCTIC+TRANS+SSA,AACC,1376.9,387.75,1117.2,434.75,0.6675,3.925,3.575,4.45,1.121212121212121,3,4,2,False,True,True,True,True,False,False,True,True,True,False
INFRA+ARCTIC+TRANS+SSA,ABAA,1394.5,397.25,1245.4,402.5,0.6675,3.925,3.575,4.45,1.013215859030837,3,4,3,False,True,True,True,True,False,False,True,True,True,False
INFRA+ARCTIC+TRANS+SSA,ABAB,1378.0,392.5,1184.2,434.5,0.6675,3.925,3.575,4.45,1.1070063694267516,3,4,2,False,True,True,True,True,False,False,True,True,True,False
INFRA+ARCTIC+TRANS+SSA,ABAC,1371.4,387.75,1116.2,436.75,0.6675,3.925,3.575,4.45,1.1263700838168924,3,4,2,False,True,True,True,True,False,False,True,True,True,False
INFRA+ARCTIC+TRANS+SSA,ABBA,1382.0,393.75,1205.8000000000002,436.25,0.6675,3.925,3.575,4.45,1.107936507936508,3,4,2,False,True,True,True,True,False,False,True,True,True,False
INFRA+ARCTIC+TRANS+SSA,ABBB,1365.5,389.0,1144.6,468.25,0.6675,3.925,3.575,4.45,1.2037275064267352,3,4,1,False,True,True,True,False,False,False,True,True,True,False
INFRA+ARCTIC+TRANS+SSA,ABBC,1358.9,384.25,1076.6,470.5,0.6675,3.925,3.575,4.45,1.2244632400780742,3,4,1,False,True,True,True,False,False,False,True,True,True,False
INFRA+ARCTIC+TRANS+SSA,ABCA,1377.0,390.25,1161.8000000000002,444.25,0.6675,3.925,3.575,4.45,1.1383728379244074,3,4,2,False,True,True,True,True,False,False,True,True,True,False
INFRA+ARCTIC+TRANS+SSA,ABCB,1360.5,385.5,1100.6000000000001,476.25,0.6675,3.925,3.575,4.45,1.235408560311284,3,4,1,False,True,True,True,False,False,False,True,True,True,False
INFRA+ARCTIC+TRANS+SSA,ABCC,1353.9,380.75,1032.6000000000001,478.5,0.6675,3.925,3.575,4.45,1.2567301378857518,3,4,1,False,True,True,True,False,False,False,True,True,True,False
INFRA+ARCTIC+TRANS+SSA,ACAA,1385.3,390.25,1151.4,406.5,0.6675,3.925,3.575,4.45,1.0416399743754003,3,4,3,False,True,True,True,True,False,False,True,True,True,False
INFRA+ARCTIC+TRANS+SSA,ACAB,1368.8,385.5,1090.2,438.5,0.6675,3.925,3.575,4.45,1.1374837872892347,3,4,2,False,True,True,True,True,False,False,True,True,True,False
INFRA+ARCTIC+TRANS+SSA,ACAC,1362.1999999999998,380.75,1022.2,440.75,0.6675,3.925,3.575,4.45,1.1575837163493106,3,4,2,False,True,True,True,True,False,False,True,True,True,False
INFRA+ARCTIC+TRANS+SSA,ACBA,1372.8,386.75,1111.8,440.25,0.6675,3.925,3.575,4.45,1.1383322559793148,3,4,2,False,True,True,True,True,False,False,True,True,True,False
INFRA+ARCTIC+TRANS+SSA,ACBB,1356.3,382.0,1050.6,472.25,0.6675,3.925,3.575,4.45,1.236256544502618,3,4,1,False,True,True,True,False,False,False,True,True,True,False
INFRA+ARCTIC+TRANS+SSA,ACBC,1349.6999999999998,377.25,982.6,474.5,0.6675,3.925,3.575,4.45,1.2577866136514249,3,4,1,False,True,True,True,False,False,False,False,True,True,False
INFRA+ARCTIC+TRANS+SSA,ACCA,1367.8,383.25,1067.8,448.25,0.6675,3.925,3.575,4.45,1.1696020874103066,3,4,2,False,True,True,True,True,False,False,True,True,True,False
INFRA+ARCTIC+TRANS+SSA,ACCB,1351.3,378.5,1006.6,480.25,0.6675,3.925,3.575,4.45,1.2688243064729194,3,4,1,False,True,True,True,False,False,False,True,True,True,False
INFRA+ARCTIC+TRANS+SSA,ACCC,1344.6999999999998,373.75,938.6,482.5,0.6675,3.925,3.575,4.45,1.2909698996655519,3,4,1,False,True,True,True,False,False,False,False,True,True,False
INFRA+ARCTIC+TRANS+SSA,BAAA,1402.0,400.25,1276.0,395.0,0.6675,3.925,3.575,4.45,0.9868831980012492,3,4,3,False,True,True,True,True,False,False,True,True,True,False
INFRA+ARCTIC+TRANS+SSA,BAAB,1385.5,395.5,1214.8,427.0,0.6675,3.925,3.575,4.45,1.079646017699115,3,4,2,False,True,True,True,True,False,False,True,True,True,False
INFRA+ARCTIC+TRANS+SSA,BAAC,1378.9,390.75,1146.8,429.25,0.6675,3.925,3.575,4.45,1.0985284708893155,3,4,2,False,True,True,True,True,False,False,True,True,True,False
INFRA+ARCTIC+TRANS+SSA,BABA,1389.5,396.75,1236.4,428.75,0.6675,3.925,3.575,4.45,1.0806553245116572,3,4,2,False,True,True,True,True,False,False,True,True,True,False
INFRA+ARCTIC+TRANS+SSA,BABB,1373.0,392.0,1175.1999999999998,460.75,0.6675,3.925,3.575,4.45,1.1753826530612246,3,4,1,False,True,True,True,False,False,False,True,True,True,False
INFRA+ARCTIC+TRANS+SSA,BABC,1366.4,387.25,1107.1999999999998,463.0,0.6675,3.925,3.575,4.45,1.195610071013557,3,4,1,False,True,True,True,False,False,False,True,True,True,False
INFRA+ARCTIC+TRANS+SSA,BACA,1384.5,393.25,1192.4,436.75,0.6675,3.925,3.575,4.45,1.1106166560712016,3,4,2,False,True,True,True,True,False,False,True,True,True,False
INFRA+ARCTIC+TRANS+SSA,BACB,1368.0,388.5,1131.2,468.75,0.6675,3.925,3.575,4.45,1.2065637065637065,3,4,1,False,True,True,True,False,False,False,True,True,True,False
INFRA+ARCTIC+TRANS+SSA,BACC,1361.4,383.75,1063.2,471.0,0.6675,3.925,3.575,4.45,1.2273615635179154,3,4,1,False,True,True,True,False,False,False,True,True,True,False
INFRA+ARCTIC+TRANS+SSA,BBAA,1379.0,393.25,1191.4,438.75,0.6675,3.925,3.575,4.45,1.115702479338843,3,4,2,False,True,True,True,True,False,False,True,True,True,False
INFRA+ARCTIC+TRANS+SSA,BBAB,1362.5,388.5,1130.2,470.75,0.6675,3.925,3.575,4.45,1.2117117117117118,3,4,1,False,True,True,True,False,False,False,True,True,True,False
INFRA+ARCTIC+TRANS+SSA,BBAC,1355.9,383.75,1062.2,473.0,0.6675,3.925,3.575,4.45,1.23257328990228,3,4,1,False,True,True,True,False,False,False,True,True,True,False
INFRA+ARCTIC+TRANS+SSA,BBBA,1366.5,389.75,1151.8,472.5,0.6675,3.925,3.575,4.45,1.2123155869146889,3,4,1,False,True,True,True,False,False,False,True,True,True,False
INFRA+ARCTIC+TRANS+SSA,BBBB,1350.0,385.0,1090.6,504.5,0.6675,3.925,3.575,4.45,1.3103896103896104,3,4,0,False,True,True,True,False,False,False,True,True,True,False
INFRA+ARCTIC+TRANS+SSA,BBBC,1343.4,380.25,1022.6,506.75,0.6675,3.925,3.575,4.45,1.3326758711374096,3,4,0,False,True,True,True,False,False,False,True,True,True,False
INFRA+ARCTIC+TRANS+SSA,BBCA,1361.5,386.25,1107.8,480.5,0.6675,3.925,3.575,4.45,1.2440129449838189,3,4,1,False,True,True,True,False,False,False,True,True,True,False
INFRA+ARCTIC+TRANS+SSA,BBCB,1345.0,381.5,1046.6000000000001,512.5,0.6675,3.925,3.575,4.45,1.343381389252949,3,4,0,False,True,True,True,False,False,False,True,True,True,False
INFRA+ARCTIC+TRANS+SSA,BBCC,1338.4,376.75,978.6,514.75,0.6675,3.925,3.575,4.45,1.3662906436629065,3,4,0,False,True,True,True,False,False,False,False,True,True,False
INFRA+ARCTIC+TRANS+SSA,BCAA,1369.8,386.25,1097.4,442.75,0.6675,3.925,3.575,4.45,1.1462783171521036,3,4,2,False,True,True,True,True,False,False,True,True,True,False
INFRA+ARCTIC+TRANS+SSA,BCAB,1353.3,381.5,1036.2,474.75,0.6675,3.925,3.575,4.45,1.244429882044561,3,4,1,False,True,True,True,False,False,False,True,True,True,False
INFRA+ARCTIC+TRANS+SSA,BCAC,1346.6999999999998,376.75,968.2,477.0,0.6675,3.925,3.575,4.45,1.2660915726609157,3,4,1,False,True,True,True,False,False,False,False,True,True,False
INFRA+ARCTIC+TRANS+SSA,BCBA,1357.3,382.75,1057.8,476.5,0.6675,3.925,3.575,4.45,1.2449379490529067,3,4,1,False,True,True,True,False,False,False,True,True,True,False
INFRA+ARCTIC+TRANS+SSA,BCBB,1340.8,378.0,996.6,508.5,0.6675,3.925,3.575,4.45,1.3452380952380953,3,4,0,False,True,True,True,False,False,False,False,True,True,False
INFRA+ARCTIC+TRANS+SSA,BCBC,1334.1999999999998,373.25,928.6,510.75,0.6675,3.925,3.575,4.45,1.3683858004018754,3,4,0,False,True,True,True,False,False,False,False,True,True,False
INFRA+ARCTIC+TRANS+SSA,BCCA,1352.3,379.25,1013.8,484.5,0.6675,3.925,3.575,4.45,1.2775214238628874,3,4,1,False,True,True,True,False,False,False,True,True,True,False
INFRA+ARCTIC+TRANS+SSA,BCCB,1335.8,374.5,952.6,516.5,0.6675,3.925,3.575,4.45,1.3791722296395195,3,4,0,False,True,True,True,False,False,False,False,True,True,False
INFRA+ARCTIC+TRANS+SSA,BCCC,1329.1999999999998,369.75,884.6,518.75,0.6675,3.925,3.575,4.45,1.402974983096687,3,4,0,False,True,True,True,False,False,False,False,True,True,False
INFRA+ARCTIC+TRANS+SSA,CAAA,1395.8,396.25,1216.0,402.0,0.6675,3.925,3.575,4.45,1.0145110410094638,3,4,3,False,True,True,True,True,False,False,True,True,True,False
INFRA+ARCTIC+TRANS+SSA,CAAB,1379.3,391.5,1154.8,434.0,0.6675,3.925,3.575,4.45,1.1085568326947637,3,4,2,False,True,True,True,True,False,False,True,True,True,False
INFRA+ARCTIC+TRANS+SSA,CAAC,1372.6999999999998,386.75,1086.8,436.25,0.6675,3.925,3.575,4.45,1.127989657401422,3,4,2,False,True,True,True,True,False,False,True,True,True,False
INFRA+ARCTIC+TRANS+SSA,CABA,1383.3,392.75,1176.4,435.75,0.6675,3.925,3.575,4.45,1.109484404837683,3,4,2,False,True,True,True,True,False,False,True,True,True,False
INFRA+ARCTIC+TRANS+SSA,CABB,1366.8,388.0,1115.1999999999998,467.75,0.6675,3.925,3.575,4.45,1.205541237113402,3,4,1,False,True,True,True,False,False,False,True,True,True,False
INFRA+ARCTIC+TRANS+SSA,CABC,1360.1999999999998,383.25,1047.1999999999998,470.0,0.6675,3.925,3.575,4.45,1.2263535551206783,3,4,1,False,True,True,True,False,False,False,True,True,True,False
INFRA+ARCTIC+TRANS+SSA,CACA,1378.3,389.25,1132.4,443.75,0.6675,3.925,3.575,4.45,1.1400128452151574,3,4,2,False,True,True,True,True,False,False,True,True,True,False
INFRA+ARCTIC+TRANS+SSA,CACB,1361.8,384.5,1071.2,475.75,0.6675,3.925,3.575,4.45,1.2373211963589077,3,4,1,False,True,True,True,False,False,False,True,True,True,False
INFRA+ARCTIC+TRANS+SSA,CACC,1355.1999999999998,379.75,1003.1999999999999,478.0,0.6675,3.925,3.575,4.45,1.2587228439763003,3,4,1,False,True,True,True,False,False,False,True,True,True,False
INFRA+ARCTIC+TRANS+SSA,CBAA,1372.8,389.25,1131.4,445.75,0.6675,3.925,3.575,4.45,1.145150931278099,3,4,2,False,True,True,True,True,False,False,True,True,True,False
INFRA+ARCTIC+TRANS+SSA,CBAB,1356.3,384.5,1070.2,477.75,0.6675,3.925,3.575,4.45,1.242522756827048,3,4,1,False,True,True,True,False,False,False,True,True,True,False
INFRA+ARCTIC+TRANS+SSA,CBAC,1349.6999999999998,379.75,1002.2,480.0,0.6675,3.925,3.575,4.45,1.2639894667544438,3,4,1,False,True,True,True,False,False,False,True,True,True,False
INFRA+ARCTIC+TRANS+SSA,CBBA,1360.3,385.75,1091.8,479.5,0.6675,3.925,3.575,4.45,1.2430330524951394,3,4,1,False,True,True,True,False,False,False,True,True,True,False
INFRA+ARCTIC+TRANS+SSA,CBBB,1343.8,381.0,1030.6,511.5,0.6675,3.925,3.575,4.45,1.3425196850393701,3,4,0,False,True,True,True,False,False,False,True,True,True,False
INFRA+ARCTIC+TRANS+SSA,CBBC,1337.1999999999998,376.25,962.6,513.75,0.6675,3.925,3.575,4.45,1.3654485049833887,3,4,0,False,True,True,True,False,False,False,False,True,True,False
INFRA+ARCTIC+TRANS+SSA,CBCA,1355.3,382.25,1047.8,487.5,0.6675,3.925,3.575,4.45,1.2753433616742968,3,4,1,False,True,True,True,False,False,False,True,True,True,False
INFRA+ARCTIC+TRANS+SSA,CBCB,1338.8,377.5,986.6,519.5,0.6675,3.925,3.575,4.45,1.376158940397351,3,4,0,False,True,True,True,False,False,False,False,True,True,False
INFRA+ARCTIC+TRANS+SSA,CBCC,1332.1999999999998,372.75,918.6,521.75,0.6675,3.925,3.575,4.45,1.3997317236753857,3,4,0,False,True,True,True,False,False,False,False,True,True,False
INFRA+ARCTIC+TRANS+SSA,CCAA,1363.6,382.25,1037.4,449.75,0.6675,3.925,3.575,4.45,1.1765860039241334,3,4,2,False,True,True,True,True,False,False,True,True,True,False
INFRA+ARCTIC+TRANS+SSA,CCAB,1347.1,377.5,976.2,481.75,0.6675,3.925,3.575,4.45,1.276158940397351,3,4,1,False,True,True,True,False,False,False,False,True,True,False
INFRA+ARCTIC+TRANS+SSA,CCAC,1340.5,372.75,908.2,484.0,0.6675,3.925,3.575,4.45,1.2984574111334675,3,4,1,False,True,True,True,False,False,False,False,True,True,False
INFRA+ARCTIC+TRANS+SSA,CCBA,1351.1,378.75,997.8,483.5,0.6675,3.925,3.575,4.45,1.2765676567656765,3,4,1,False,True,True,True,False,False,False,False,True,True,False
INFRA+ARCTIC+TRANS+SSA,CCBB,1334.6,374.0,936.6,515.5,0.6675,3.925,3.575,4.45,1.3783422459893049,3,4,0,False,True,True,True,False,False,False,False,True,True,False
INFRA+ARCTIC+TRANS+SSA,CCBC,1328.0,369.25,868.6,517.75,0.6675,3.925,3.575,4.45,1.4021665538253216,3,4,0,False,True,True,True,False,False,False,False,True,True,False
INFRA+ARCTIC+TRANS+SSA,CCCA,1346.1,375.25,953.8,491.5,0.6675,3.925,3.575,4.45,1.3097934710193204,3,4,1,False,True,True,True,False,False,False,False,True,True,False
INFRA+ARCTIC+TRANS+SSA,CCCB,1329.6,370.5,892.6,523.5,0.6675,3.925,3.575,4.45,1.4129554655870444,3,4,0,False,True,True,True,False,False,False,False,True,True,False
INFRA+ARCTIC+TRANS+SSA,CCCC,1323.0,365.75,824.6,525.75,0.6675,3.925,3.575,4.45,1.4374572795625427,3,4,0,False,True,True,True,False,False,False,False,True,True,False
INFRA+ARCTIC+ENV+SSA,AAAA,1449.0,409.5,1470.0,366.25,0.6575,3.8249999999999997,3.525,4.45,0.8943833943833944,3,4,4,False,True,True,True,True,False,False,True,True,True,False
INFRA+ARCTIC+ENV+SSA,AAAB,1432.5,404.75,1408.8,398.25,0.6575,3.8249999999999997,3.525,4.45,0.983940704138357,3,4,3,False,True,True,True,True,False,False,True,True,True,False
INFRA+ARCTIC+ENV+SSA,AAAC,1425.9,400.0,1340.8,400.5,0.6575,3.8249999999999997,3.525,4.45,1.00125,3,4,3,False,True,True,True,True,False,False,True,True,True,False
INFRA+ARCTIC+ENV+SSA,AABA,1435.0,405.75,1405.2,393.5,0.6575,3.8249999999999997,3.525,4.45,0.9698089956869994,3,4,3,False,True,True,True,True,False,False,True,True,True,False
INFRA+ARCTIC+ENV+SSA,AABB,1418.5,401.0,1344.0,425.5,0.6575,3.8249999999999997,3.525,4.45,1.0610972568578554,3,4,2,False,True,True,True,True,False,False,True,True,True,False
INFRA+ARCTIC+ENV+SSA,AABC,1411.9,396.25,1276.0,427.75,0.6575,3.8249999999999997,3.525,4.45,1.0794952681388013,3,4,2,False,True,True,True,True,False,False,True,True,True,False
INFRA+ARCTIC+ENV+SSA,AACA,1429.4,402.0,1333.2,395.5,0.6575,3.8249999999999997,3.525,4.45,0.9838308457711443,3,4,3,False,True,True,True,True,False,False,True,True,True,False
INFRA+ARCTIC+ENV+SSA,AACB,1412.9,397.25,1272.0,427.5,0.6575,3.8249999999999997,3.525,4.45,1.0761485210824417,3,4,2,False,True,True,True,True,False,False,True,True,True,False
INFRA+ARCTIC+ENV+SSA,AACC,1406.3000000000002,392.5,1204.0,429.75,0.6575,3.8249999999999997,3.525,4.45,1.0949044585987262,3,4,2,False,True,True,True,True,False,False,True,True,True,False
INFRA+ARCTIC+ENV+SSA,ABAA,1426.0,402.5,1385.4,410.0,0.6575,3.8249999999999997,3.525,4.45,1.0186335403726707,3,4,3,False,True,True,True,True,False,False,True,True,True,False
INFRA+ARCTIC+ENV+SSA,ABAB,1409.5,397.75,1324.2,442.0,0.6575,3.8249999999999997,3.525,4.45,1.1112507856693903,3,4,2,False,True,True,True,True,False,False,True,True,True,False
INFRA+ARCTIC+ENV+SSA,ABAC,1402.9,393.0,1256.2,444.25,0.6575,3.8249999999999997,3.525,4.45,1.1304071246819338,3,4,2,False,True,True,True,True,False,False,True,True,True,False
INFRA+ARCTIC+ENV+SSA,ABBA,1412.0,398.75,1320.6,437.25,0.6575,3.8249999999999997,3.525,4.45,1.096551724137931,3,4,2,False,True,True,True,True,False,False,True,True,True,False
INFRA+ARCTIC+ENV+SSA,ABBB,1395.5,394.0,1259.3999999999999,469.25,0.6575,3.8249999999999997,3.525,4.45,1.1909898477157361,3,4,1,False,True,True,True,False,False,False,True,True,True,False
INFRA+ARCTIC+ENV+SSA,ABBC,1388.9,389.25,1191.3999999999999,471.5,0.6575,3.8249999999999997,3.525,4.45,1.2113037893384715,3,4,1,False,True,True,True,False,False,False,True,True,True,False
INFRA+ARCTIC+ENV+SSA,ABCA,1406.4,395.0,1248.6,439.25,0.6575,3.8249999999999997,3.525,4.45,1.1120253164556961,3,4,2,False,True,True,True,True,False,False,True,True,True,False
INFRA+ARCTIC+ENV+SSA,ABCB,1389.9,390.25,1187.3999999999999,471.25,0.6575,3.8249999999999997,3.525,4.45,1.2075592568866111,3,4,1,False,True,True,True,False,False,False,True,True,True,False
INFRA+ARCTIC+ENV+SSA,ABCC,1383.3000000000002,385.5,1119.3999999999999,473.5,0.6575,3.8249999999999997,3.525,4.45,1.2282749675745785,3,4,1,False,True,True,True,False,False,False,True,True,True,False
INFRA+ARCTIC+ENV+SSA,ACAA,1416.8,395.5,1291.4,414.0,0.6575,3.8249999999999997,3.525,4.45,1.0467762326169405,3,4,3,False,True,True,True,True,False,False,True,True,True,False
INFRA+ARCTIC+ENV+SSA,ACAB,1400.3,390.75,1230.2,446.0,0.6575,3.8249999999999997,3.525,4.45,1.1413947536788227,3,4,2,False,True,True,True,True,False,False,True,True,True,False
INFRA+ARCTIC+ENV+SSA,ACAC,1393.6999999999998,386.0,1162.2,448.25,0.6575,3.8249999999999997,3.525,4.45,1.1612694300518134,3,4,2,False,True,True,True,True,False,False,True,True,True,False
INFRA+ARCTIC+ENV+SSA,ACBA,1402.8,391.75,1226.6,441.25,0.6575,3.8249999999999997,3.525,4.45,1.1263560944479898,3,4,2,False,True,True,True,True,False,False,True,True,True,False
INFRA+ARCTIC+ENV+SSA,ACBB,1386.3,387.0,1165.3999999999999,473.25,0.6575,3.8249999999999997,3.525,4.45,1.2228682170542635,3,4,1,False,True,True,True,False,False,False,True,True,True,False
INFRA+ARCTIC+ENV+SSA,ACBC,1379.6999999999998,382.25,1097.3999999999999,475.5,0.6575,3.8249999999999997,3.525,4.45,1.2439502943100065,3,4,1,False,True,True,True,False,False,False,True,True,True,False
INFRA+ARCTIC+ENV+SSA,ACCA,1397.2,388.0,1154.6,443.25,0.6575,3.8249999999999997,3.525,4.45,1.1423969072164948,3,4,2,False,True,True,True,True,False,False,True,True,True,False
INFRA+ARCTIC+ENV+SSA,ACCB,1380.7,383.25,1093.3999999999999,475.25,0.6575,3.8249999999999997,3.525,4.45,1.2400521852576647,3,4,1,False,True,True,True,False,False,False,True,True,True,False
INFRA+ARCTIC+ENV+SSA,ACCC,1374.1,378.5,1025.3999999999999,477.5,0.6575,3.8249999999999997,3.525,4.45,1.261558784676354,3,4,1,False,True,True,True,False,False,False,True,True,True,False
INFRA+ARCTIC+ENV+SSA,BAAA,1433.5,405.5,1416.0,402.5,0.6575,3.8249999999999997,3.525,4.45,0.9926017262638718,3,4,3,False,True,True,True,True,False,False,True,True,True,False
INFRA+ARCTIC+ENV+SSA,BAAB,1417.0,400.75,1354.8,434.5,0.6575,3.8249999999999997,3.525,4.45,1.0842170929507173,3,4,2,False,True,True,True,True,False,False,True,True,True,False
INFRA+ARCTIC+ENV+SSA,BAAC,1410.4,396.0,1286.8,436.75,0.6575,3.8249999999999997,3.525,4.45,1.1029040404040404,3,4,2,False,True,True,True,True,False,False,True,True,True,False
INFRA+ARCTIC+ENV+SSA,BABA,1419.5,401.75,1351.2,429.75,0.6575,3.8249999999999997,3.525,4.45,1.0696950840074673,3,4,2,False,True,True,True,True,False,False,True,True,True,False
INFRA+ARCTIC+ENV+SSA,BABB,1403.0,397.0,1290.0,461.75,0.6575,3.8249999999999997,3.525,4.45,1.1630982367758187,3,4,1,False,True,True,True,False,False,False,True,True,True,False
INFRA+ARCTIC+ENV+SSA,BABC,1396.4,392.25,1222.0,464.0,0.6575,3.8249999999999997,3.525,4.45,1.182919056724028,3,4,1,False,True,True,True,False,False,False,True,True,True,False
INFRA+ARCTIC+ENV+SSA,BACA,1413.9,398.0,1279.2,431.75,0.6575,3.8249999999999997,3.525,4.45,1.0847989949748744,3,4,2,False,True,True,True,True,False,False,True,True,True,False
INFRA+ARCTIC+ENV+SSA,BACB,1397.4,393.25,1218.0,463.75,0.6575,3.8249999999999997,3.525,4.45,1.1792752701843612,3,4,1,False,True,True,True,False,False,False,True,True,True,False
INFRA+ARCTIC+ENV+SSA,BACC,1390.8000000000002,388.5,1150.0,466.0,0.6575,3.8249999999999997,3.525,4.45,1.1994851994851994,3,4,1,False,True,True,True,False,False,False,True,True,True,False
INFRA+ARCTIC+ENV+SSA,BBAA,1410.5,398.5,1331.4,446.25,0.6575,3.8249999999999997,3.525,4.45,1.1198243412797992,3,4,2,False,True,True,True,True,False,False,True,True,True,False
INFRA+ARCTIC+ENV+SSA,BBAB,1394.0,393.75,1270.2,478.25,0.6575,3.8249999999999997,3.525,4.45,1.2146031746031747,3,4,1,False,True,True,True,False,False,False,True,True,True,False
INFRA+ARCTIC+ENV+SSA,BBAC,1387.4,389.0,1202.2,480.5,0.6575,3.8249999999999997,3.525,4.45,1.2352185089974292,3,4,1,False,True,True,True,False,False,False,True,True,True,False
INFRA+ARCTIC+ENV+SSA,BBBA,1396.5,394.75,1266.6,473.5,0.6575,3.8249999999999997,3.525,4.45,1.1994933502216594,3,4,1,False,True,True,True,False,False,False,True,True,True,False
INFRA+ARCTIC+ENV+SSA,BBBB,1380.0,390.0,1205.3999999999999,505.5,0.6575,3.8249999999999997,3.525,4.45,1.2961538461538462,3,4,0,False,True,True,True,False,False,False,True,True,True,False
INFRA+ARCTIC+ENV+SSA,BBBC,1373.4,385.25,1137.3999999999999,507.75,0.6575,3.8249999999999997,3.525,4.45,1.317975340687865,3,4,0,False,True,True,True,False,False,False,True,True,True,False
INFRA+ARCTIC+ENV+SSA,BBCA,1390.9,391.0,1194.6,475.5,0.6575,3.8249999999999997,3.525,4.45,1.2161125319693096,3,4,1,False,True,True,True,False,False,False,True,True,True,False
INFRA+ARCTIC+ENV+SSA,BBCB,1374.4,386.25,1133.3999999999999,507.5,0.6575,3.8249999999999997,3.525,4.45,1.313915857605178,3,4,0,False,True,True,True,False,False,False,True,True,True,False
INFRA+ARCTIC+ENV+SSA,BBCC,1367.8000000000002,381.5,1065.3999999999999,509.75,0.6575,3.8249999999999997,3.525,4.45,1.336173001310616,3,4,0,False,True,True,True,False,False,False,True,True,True,False
INFRA+ARCTIC+ENV+SSA,BCAA,1401.3,391.5,1237.4,450.25,0.6575,3.8249999999999997,3.525,4.45,1.1500638569604087,3,4,2,False,True,True,True,True,False,False,True,True,True,False
INFRA+ARCTIC+ENV+SSA,BCAB,1384.8,386.75,1176.2,482.25,0.6575,3.8249999999999997,3.525,4.45,1.2469295410471881,3,4,1,False,True,True,True,False,False,False,True,True,True,False
INFRA+ARCTIC+ENV+SSA,BCAC,1378.1999999999998,382.0,1108.2,484.5,0.6575,3.8249999999999997,3.525,4.45,1.2683246073298429,3,4,1,False,True,True,True,False,False,False,True,True,True,False
INFRA+ARCTIC+ENV+SSA,BCBA,1387.3,387.75,1172.6,477.5,0.6575,3.8249999999999997,3.525,4.45,1.2314635718891038,3,4,1,False,True,True,True,False,False,False,True,True,True,False
INFRA+ARCTIC+ENV+SSA,BCBB,1370.8,383.0,1111.3999999999999,509.5,0.6575,3.8249999999999997,3.525,4.45,1.3302872062663185,3,4,0,False,True,True,True,False,False,False,True,True,True,False
INFRA+ARCTIC+ENV+SSA,BCBC,1364.1999999999998,378.25,1043.3999999999999,511.75,0.6575,3.8249999999999997,3.525,4.45,1.3529411764705883,3,4,0,False,True,True,True,False,False,False,True,True,True,False
INFRA+ARCTIC+ENV+SSA,BCCA,1381.7,384.0,1100.6,479.5,0.6575,3.8249999999999997,3.525,4.45,1.2486979166666667,3,4,1,False,True,True,True,False,False,False,True,True,True,False
INFRA+ARCTIC+ENV+SSA,BCCB,1365.2,379.25,1039.3999999999999,511.5,0.6575,3.8249999999999997,3.525,4.45,1.3487145682267634,3,4,0,False,True,True,True,False,False,False,True,True,True,False
INFRA+ARCTIC+ENV+SSA,BCCC,1358.6,374.5,971.3999999999999,513.75,0.6575,3.8249999999999997,3.525,4.45,1.3718291054739653,3,4,0,False,True,True,True,False,False,False,False,True,True,False
INFRA+ARCTIC+ENV+SSA,CAAA,1427.3,401.5,1356.0,409.5,0.6575,3.8249999999999997,3.525,4.45,1.0199252801992529,3,4,3,False,True,True,True,True,False,False,True,True,True,False
INFRA+ARCTIC+ENV+SSA,CAAB,1410.8,396.75,1294.8,441.5,0.6575,3.8249999999999997,3.525,4.45,1.1127914303717705,3,4,2,False,True,True,True,True,False,False,True,True,True,False
INFRA+ARCTIC+ENV+SSA,CAAC,1404.1999999999998,392.0,1226.8,443.75,0.6575,3.8249999999999997,3.525,4.45,1.132015306122449,3,4,2,False,True,True,True,True,False,False,True,True,True,False
INFRA+ARCTIC+ENV+SSA,CABA,1413.3,397.75,1291.2,436.75,0.6575,3.8249999999999997,3.525,4.45,1.098051539912005,3,4,2,False,True,True,True,True,False,False,True,True,True,False
INFRA+ARCTIC+ENV+SSA,CABB,1396.8,393.0,1230.0,468.75,0.6575,3.8249999999999997,3.525,4.45,1.1927480916030535,3,4,1,False,True,True,True,False,False,False,True,True,True,False
INFRA+ARCTIC+ENV+SSA,CABC,1390.1999999999998,388.25,1162.0,471.0,0.6575,3.8249999999999997,3.525,4.45,1.2131358660656792,3,4,1,False,True,True,True,False,False,False,True,True,True,False
INFRA+ARCTIC+ENV+SSA,CACA,1407.7,394.0,1219.2,438.75,0.6575,3.8249999999999997,3.525,4.45,1.1135786802030456,3,4,2,False,True,True,True,True,False,False,True,True,True,False
INFRA+ARCTIC+ENV+SSA,CACB,1391.2,389.25,1158.0,470.75,0.6575,3.8249999999999997,3.525,4.45,1.2093770070648684,3,4,1,False,True,True,True,False,False,False,True,True,True,False
INFRA+ARCTIC+ENV+SSA,CACC,1384.6,384.5,1090.0,473.0,0.6575,3.8249999999999997,3.525,4.45,1.2301690507152145,3,4,1,False,True,True,True,False,False,False,True,True,True,False
INFRA+ARCTIC+ENV+SSA,CBAA,1404.3,394.5,1271.4,453.25,0.6575,3.8249999999999997,3.525,4.45,1.1489226869455007,3,4,2,False,True,True,True,True,False,False,True,True,True,False
INFRA+ARCTIC+ENV+SSA,CBAB,1387.8,389.75,1210.2,485.25,0.6575,3.8249999999999997,3.525,4.45,1.2450288646568313,3,4,1,False,True,True,True,False,False,False,True,True,True,False
INFRA+ARCTIC+ENV+SSA,CBAC,1381.1999999999998,385.0,1142.2,487.5,0.6575,3.8249999999999997,3.525,4.45,1.2662337662337662,3,4,1,False,True,True,True,False,False,False,True,True,True,False
INFRA+ARCTIC+ENV+SSA,CBBA,1390.3,390.75,1206.6,480.5,0.6575,3.8249999999999997,3.525,4.45,1.2296865003198976,3,4,1,False,True,True,True,False,False,False,True,True,True,False
INFRA+ARCTIC+ENV+SSA,CBBB,1373.8,386.0,1145.3999999999999,512.5,0.6575,3.8249999999999997,3.525,4.45,1.327720207253886,3,4,0,False,True,True,True,False,False,False,True,True,True,False
INFRA+ARCTIC+ENV+SSA,CBBC,1367.1999999999998,381.25,1077.3999999999999,514.75,0.6575,3.8249999999999997,3.525,4.45,1.3501639344262295,3,4,0,False,True,True,True,False,False,False,True,True,True,False
INFRA+ARCTIC+ENV+SSA,CBCA,1384.7,387.0,1134.6,482.5,0.6575,3.8249999999999997,3.525,4.45,1.2467700258397933,3,4,1,False,True,True,True,False,False,False,True,True,True,False
INFRA+ARCTIC+ENV+SSA,CBCB,1368.2,382.25,1073.3999999999999,514.5,0.6575,3.8249999999999997,3.525,4.45,1.3459777632439502,3,4,0,False,True,True,True,False,False,False,True,True,True,False
INFRA+ARCTIC+ENV+SSA,CBCC,1361.6,377.5,1005.3999999999999,516.75,0.6575,3.8249999999999997,3.525,4.45,1.3688741721854305,3,4,0,False,True,True,True,False,False,False,True,True,True,False
INFRA+ARCTIC+ENV+SSA,CCAA,1395.1,387.5,1177.4,457.25,0.6575,3.8249999999999997,3.525,4.45,1.18,3,4,2,False,True,True,True,True,False,False,True,True,True,False
INFRA+ARCTIC+ENV+SSA,CCAB,1378.6,382.75,1116.2,489.25,0.6575,3.8249999999999997,3.525,4.45,1.2782495101241018,3,4,1,False,True,True,True,False,False,False,True,True,True,False
INFRA+ARCTIC+ENV+SSA,CCAC,1372.0,378.0,1048.2,491.5,0.6575,3.8249999999999997,3.525,4.45,1.3002645502645502,3,4,1,False,True,True,True,False,False,False,True,True,True,False
INFRA+ARCTIC+ENV+SSA,CCBA,1381.1,383.75,1112.6,484.5,0.6575,3.8249999999999997,3.525,4.45,1.2625407166123779,3,4,1,False,True,True,True,False,False,False,True,True,True,False
INFRA+ARCTIC+ENV+SSA,CCBB,1364.6,379.0,1051.3999999999999,516.5,0.6575,3.8249999999999997,3.525,4.45,1.3627968337730871,3,4,0,False,True,True,True,False,False,False,True,True,True,False
INFRA+ARCTIC+ENV+SSA,CCBC,1358.0,374.25,983.3999999999999,518.75,0.6575,3.8249999999999997,3.525,4.45,1.3861055444221777,3,4,0,False,True,True,True,False,False,False,False,True,True,False
INFRA+ARCTIC+ENV+SSA,CCCA,1375.5,380.0,1040.6,486.5,0.6575,3.8249999999999997,3.525,4.45,1.2802631578947368,3,4,1,False,True,True,True,False,False,False,True,True,True,False
INFRA+ARCTIC+ENV+SSA,CCCB,1359.0,375.25,979.3999999999999,518.5,0.6575,3.8249999999999997,3.525,4.45,1.3817455029980013,3,4,0,False,True,True,True,False,False,False,False,True,True,False
INFRA+ARCTIC+ENV+SSA,CCCC,1352.4,370.5,911.3999999999999,520.75,0.6575,3.8249999999999997,3.525,4.45,1.4055330634278003,3,4,0,False,True,True,True,False,False,False,False,True,True,False
INFRA+TRANS+ENV+SSA,AAAA,1228.5,336.0,1220.0,316.25,0.7125,4.225,3.925,4.7250000000000005,0.9412202380952381,3,3,4,True,True,True,True,True,True,True,True,True,True,False
INFRA+TRANS+ENV+SSA,AAAB,1212.0,331.25,1158.8,348.25,0.7125,4.225,3.925,4.7250000000000005,1.0513207547169812,3,3,3,True,True,True,True,True,True,True,True,True,True,False
INFRA+TRANS+ENV+SSA,AAAC,1205.4,326.5,1090.8,350.5,0.7125,4.225,3.925,4.7250000000000005,1.0735068912710566,3,3,3,True,True,True,True,True,True,True,True,True,True,False
INFRA+TRANS+ENV+SSA,AABA,1214.5,332.25,1155.2,343.5,0.7125,4.225,3.925,4.7250000000000005,1.0338600451467268,3,3,3,True,True,True,True,True,True,True,True,True,True,False
INFRA+TRANS+ENV+SSA,AABB,1198.0,327.5,1094.0,375.5,0.7125,4.225,3.925,4.7250000000000005,1.1465648854961832,3,3,2,True,True,True,True,True,True,True,True,True,True,False
INFRA+TRANS+ENV+SSA,AABC,1191.4,322.75,1026.0,377.75,0.7125,4.225,3.925,4.7250000000000005,1.1704105344694036,3,3,2,True,True,True,True,True,True,True,True,True,True,False
INFRA+TRANS+ENV+SSA,AACA,1208.9,328.5,1083.2,345.5,0.7125,4.225,3.925,4.7250000000000005,1.051750380517504,3,3,3,True,True,True,True,True,True,True,True,True,True,False
INFRA+TRANS+ENV+SSA,AACB,1192.4,323.75,1022.0,377.5,0.7125,4.225,3.925,4.7250000000000005,1.166023166023166,3,3,2,True,True,True,True,True,True,True,True,True,True,False
INFRA+TRANS+ENV+SSA,AACC,1185.8,319.0,954.0,379.75,0.7125,4.225,3.925,4.7250000000000005,1.1904388714733543,3,3,2,False,True,True,True,True,True,True,False,True,True,False
INFRA+TRANS+ENV+SSA,ABAA,1216.0,332.5,1180.4,350.0,0.7125,4.225,3.925,4.7250000000000005,1.0526315789473684,3,3,3,True,True,True,True,True,True,True,True,True,True,False
INFRA+TRANS+ENV+SSA,ABAB,1199.5,327.75,1119.1999999999998,382.0,0.7125,4.225,3.925,4.7250000000000005,1.1655225019069413,3,3,2,True,True,True,True,True,True,True,True,True,True,False
INFRA+TRANS+ENV+SSA,ABAC,1192.9,323.0,1051.1999999999998,384.25,0.7125,4.225,3.925,4.7250000000000005,1.1896284829721362,3,3,2,True,True,True,True,True,True,True,True,True,True,False
INFRA+TRANS+ENV+SSA,ABBA,1202.0,328.75,1115.6,377.25,0.7125,4.225,3.925,4.7250000000000005,1.1475285171102663,3,3,2,True,True,True,True,True,True,True,True,True,True,False
INFRA+TRANS+ENV+SSA,ABBB,1185.5,324.0,1054.4,409.25,0.7125,4.225,3.925,4.7250000000000005,1.2631172839506173,3,3,1,False,True,True,True,False,True,True,True,True,True,False
INFRA+TRANS+ENV+SSA,ABBC,1178.9,319.25,986.4,411.5,0.7125,4.225,3.925,4.7250000000000005,1.2889584964761158,3,3,1,False,True,True,True,False,True,True,False,True,True,False
INFRA+TRANS+ENV+SSA,ABCA,1196.4,325.0,1043.6,379.25,0.7125,4.225,3.925,4.7250000000000005,1.166923076923077,3,3,2,True,True,True,True,True,True,True,True,True,True,False
INFRA+TRANS+ENV+SSA,ABCB,1179.9,320.25,982.4,411.25,0.7125,4.225,3.925,4.7250000000000005,1.284153005464481,3,3,1,False,True,True,True,False,True,True,False,True,True,False
INFRA+TRANS+ENV+SSA,ABCC,1173.3,315.5,914.4,413.5,0.7125,4.225,3.925,4.7250000000000005,1.3106180665610143,3,3,1,False,True,True,True,False,True,True,False,True,True,False
INFRA+TRANS+ENV+SSA,ACAA,1211.0,329.0,1136.4,358.0,0.7125,4.225,3.925,4.7250000000000005,1.088145896656535,3,3,3,True,True,True,True,True,True,True,True,True,True,False
INFRA+TRANS+ENV+SSA,ACAB,1194.5,324.25,1075.2,390.0,0.7125,4.225,3.925,4.7250000000000005,1.202775636083269,3,3,2,True,True,True,True,True,True,True,True,True,True,False
INFRA+TRANS+ENV+SSA,ACAC,1187.9,319.5,1007.1999999999999,392.25,0.7125,4.225,3.925,4.7250000000000005,1.227699530516432,3,3,2,True,True,True,True,True,True,True,True,True,True,False
INFRA+TRANS+ENV+SSA,ACBA,1197.0,325.25,1071.6000000000001,385.25,0.7125,4.225,3.925,4.7250000000000005,1.1844734819369716,3,3,2,True,True,True,True,True,True,True,True,True,True,False
INFRA+TRANS+ENV+SSA,ACBB,1180.5,320.5,1010.4,417.25,0.7125,4.225,3.925,4.7250000000000005,1.3018720748829953,3,3,1,False,True,True,True,False,True,True,True,True,True,False
INFRA+TRANS+ENV+SSA,ACBC,1173.9,315.75,942.4,419.5,0.7125,4.225,3.925,4.7250000000000005,1.3285827395091052,3,3,1,False,True,True,True,False,True,True,False,True,True,False
INFRA+TRANS+ENV+SSA,ACCA,1191.4,321.5,999.6,387.25,0.7125,4.225,3.925,4.7250000000000005,1.2045101088646968,3,3,2,False,True,True,True,True,True,True,False,True,True,False
INFRA+TRANS+ENV+SSA,ACCB,1174.9,316.75,938.4,419.25,0.7125,4.225,3.925,4.7250000000000005,1.3235990528808208,3,3,1,False,True,True,True,False,True,True,False,True,True,False
INFRA+TRANS+ENV+SSA,ACCC,1168.3,312.0,870.4,421.5,0.7125,4.225,3.925,4.7250000000000005,1.3509615384615385,3,3,1,False,True,True,True,False,True,True,False,True,True,False
INFRA+TRANS+ENV+SSA,BAAA,1213.0,332.0,1166.0,352.5,0.7125,4.225,3.925,4.7250000000000005,1.0617469879518073,3,3,3,True,True,True,True,True,True,True,True,True,True,False
INFRA+TRANS+ENV+SSA,BAAB,1196.5,327.25,1104.8,384.5,0.7125,4.225,3.925,4.7250000000000005,1.1749427043544691,3,3,2,True,True,True,True,True,True,True,True,True,True,False
INFRA+TRANS+ENV+SSA,BAAC,1189.9,322.5,1036.8,386.75,0.7125,4.225,3.925,4.7250000000000005,1.1992248062015505,3,3,2,True,True,True,True,True,True,True,True,True,True,False
INFRA+TRANS+ENV+SSA,BABA,1199.0,328.25,1101.1999999999998,379.75,0.7125,4.225,3.925,4.7250000000000005,1.1568926123381569,3,3,2,True,True,True,True,True,True,True,True,True,True,False
INFRA+TRANS+ENV+SSA,BABB,1182.5,323.5,1040.0,411.75,0.7125,4.225,3.925,4.7250000000000005,1.2727975270479135,3,3,1,False,True,True,True,False,True,True,True,True,True,False
INFRA+TRANS+ENV+SSA,BABC,1175.9,318.75,972.0,414.0,0.7125,4.225,3.925,4.7250000000000005,1.2988235294117647,3,3,1,False,True,True,True,False,True,True,False,True,True,False
INFRA+TRANS+ENV+SSA,BACA,1193.4,324.5,1029.1999999999998,381.75,0.7125,4.225,3.925,4.7250000000000005,1.1764252696456086,3,3,2,True,True,True,True,True,True,True,True,True,True,False
INFRA+TRANS+ENV+SSA,BACB,1176.9,319.75,968.0,413.75,0.7125,4.225,3.925,4.7250000000000005,1.293979671618452,3,3,1,False,True,True,True,False,True,True,False,True,True,False
INFRA+TRANS+ENV+SSA,BACC,1170.3,315.0,900.0,416.0,0.7125,4.225,3.925,4.7250000000000005,1.3206349206349206,3,3,1,False,True,True,True,False,True,True,False,True,True,False
INFRA+TRANS+ENV+SSA,BBAA,1200.5,328.5,1126.4,386.25,0.7125,4.225,3.925,4.7250000000000005,1.1757990867579908,3,3,2,True,True,True,True,True,True,True,True,True,True,False
INFRA+TRANS+ENV+SSA,BBAB,1184.0,323.75,1065.1999999999998,418.25,0.7125,4.225,3.925,4.7250000000000005,1.2918918918918918,3,3,1,False,True,True,True,False,True,True,True,True,True,False
INFRA+TRANS+ENV+SSA,BBAC,1177.4,319.0,997.1999999999999,420.5,0.7125,4.225,3.925,4.7250000000000005,1.3181818181818181,3,3,1,False,True,True,True,False,True,True,False,True,True,False
INFRA+TRANS+ENV+SSA,BBBA,1186.5,324.75,1061.6,413.5,0.7125,4.225,3.925,4.7250000000000005,1.27328714395689,3,3,1,False,True,True,True,False,True,True,True,True,True,False
INFRA+TRANS+ENV+SSA,BBBB,1170.0,320.0,1000.4,445.5,0.7125,4.225,3.925,4.7250000000000005,1.3921875,3,3,0,False,True,True,True,False,True,True,True,True,True,False
INFRA+TRANS+ENV+SSA,BBBC,1163.4,315.25,932.4,447.75,0.7125,4.225,3.925,4.7250000000000005,1.4203013481363997,3,3,0,False,True,True,True,False,True,True,False,True,True,False
INFRA+TRANS+ENV+SSA,BBCA,1180.9,321.0,989.5999999999999,415.5,0.7125,4.225,3.925,4.7250000000000005,1.294392523364486,3,3,1,False,True,True,True,False,True,True,False,True,True,False
INFRA+TRANS+ENV+SSA,BBCB,1164.4,316.25,928.4,447.5,0.7125,4.225,3.925,4.7250000000000005,1.4150197628458498,3,3,0,False,True,True,True,False,True,True,False,True,True,False
INFRA+TRANS+ENV+SSA,BBCC,1157.8,311.5,860.4,449.75,0.7125,4.225,3.925,4.7250000000000005,1.4438202247191012,3,3,0,False,True,True,True,False,True,True,False,True,True,False
INFRA+TRANS+ENV+SSA,BCAA,1195.5,325.0,1082.4,394.25,0.7125,4.225,3.925,4.7250000000000005,1.2130769230769232,3,3,2,True,True,True,True,True,True,True,True,True,True,False
INFRA+TRANS+ENV+SSA,BCAB,1179.0,320.25,1021.1999999999999,426.25,0.7125,4.225,3.925,4.7250000000000005,1.330991412958626,3,3,1,False,True,True,True,False,True,True,True,True,True,False
INFRA+TRANS+ENV+SSA,BCAC,1172.4,315.5,953.1999999999999,428.5,0.7125,4.225,3.925,4.7250000000000005,1.358161648177496,3,3,1,False,True,True,True,False,True,True,False,True,True,False
INFRA+TRANS+ENV+SSA,BCBA,1181.5,321.25,1017.5999999999999,421.5,0.7125,4.225,3.925,4.7250000000000005,1.3120622568093385,3,3,1,False,True,True,True,False,True,True,True,True,True,False
INFRA+TRANS+ENV+SSA,BCBB,1165.0,316.5,956.4,453.5,0.7125,4.225,3.925,4.7250000000000005,1.4328593996840442,3,3,0,False,True,True,True,False,True,True,False,True,True,False
INFRA+TRANS+ENV+SSA,BCBC,1158.4,311.75,888.4,455.75,0.7125,4.225,3.925,4.7250000000000005,1.4619085805934242,3,3,0,False,True,True,True,False,True,True,False,True,True,False
INFRA+TRANS+ENV+SSA,BCCA,1175.9,317.5,945.5999999999999,423.5,0.7125,4.225,3.925,4.7250000000000005,1.3338582677165354,3,3,1,False,True,True,True,False,True,True,False,True,True,False
INFRA+TRANS+ENV+SSA,BCCB,1159.4,312.75,884.4,455.5,0.7125,4.225,3.925,4.7250000000000005,1.4564348521183053,3,3,0,False,True,True,True,False,True,True,False,True,True,False
INFRA+TRANS+ENV+SSA,BCCC,1152.8,308.0,816.4,457.75,0.7125,4.225,3.925,4.7250000000000005,1.4862012987012987,3,3,0,False,True,True,True,False,True,True,False,True,True,False
INFRA+TRANS+ENV+SSA,CAAA,1206.8,328.0,1106.0,359.5,0.7125,4.225,3.925,4.7250000000000005,1.0960365853658536,3,3,3,True,True,True,True,True,True,True,True,True,True,False
INFRA+TRANS+ENV+SSA,CAAB,1190.3,323.25,1044.8,391.5,0.7125,4.225,3.925,4.7250000000000005,1.211136890951276,3,3,2,True,True,True,True,True,True,True,True,True,True,False
INFRA+TRANS+ENV+SSA,CAAC,1183.6999999999998,318.5,976.8,393.75,0.7125,4.225,3.925,4.7250000000000005,1.2362637362637363,3,3,2,False,True,True,True,True,True,True,False,True,True,False
INFRA+TRANS+ENV+SSA,CABA,1192.8,324.25,1041.2,386.75,0.7125,4.225,3.925,4.7250000000000005,1.1927525057825752,3,3,2,True,True,True,True,True,True,True,True,True,True,False
INFRA+TRANS+ENV+SSA,CABB,1176.3,319.5,980.0,418.75,0.7125,4.225,3.925,4.7250000000000005,1.310641627543036,3,3,1,False,True,True,True,False,True,True,False,True,True,False
INFRA+TRANS+ENV+SSA,CABC,1169.6999999999998,314.75,912.0,421.0,0.7125,4.225,3.925,4.7250000000000005,1.3375694996028593,3,3,1,False,True,True,True,False,True,True,False,True,True,False
INFRA+TRANS+ENV+SSA,CACA,1187.2,320.5,969.2,388.75,0.7125,4.225,3.925,4.7250000000000005,1.2129485179407176,3,3,2,False,True,True,True,True,True,True,False,True,True,False
INFRA+TRANS+ENV+SSA,CACB,1170.7,315.75,908.0,420.75,0.7125,4.225,3.925,4.7250000000000005,1.332541567695962,3,3,1,False,True,True,True,False,True,True,False,True,True,False
INFRA+TRANS+ENV+SSA,CACC,1164.1,311.0,840.0,423.0,0.7125,4.225,3.925,4.7250000000000005,1.360128617363344,3,3,1,False,True,True,True,False,True,True,False,True,True,False
INFRA+TRANS+ENV+SSA,CBAA,1194.3,324.5,1066.4,393.25,0.7125,4.225,3.925,4.7250000000000005,1.2118644067796611,3,3,2,True,True,True,True,True,True,True,True,True,True,False
INFRA+TRANS+ENV+SSA,CBAB,1177.8,319.75,1005.1999999999999,425.25,0.7125,4.225,3.925,4.7250000000000005,1.329945269741986,3,3,1,False,True,True,True,False,True,True,True,True,True,False
INFRA+TRANS+ENV+SSA,CBAC,1171.1999999999998,315.0,937.1999999999999,427.5,0.7125,4.225,3.925,4.7250000000000005,1.3571428571428572,3,3,1,False,True,True,True,False,True,True,False,True,True,False
INFRA+TRANS+ENV+SSA,CBBA,1180.3,320.75,1001.6,420.5,0.7125,4.225,3.925,4.7250000000000005,1.3109898674980514,3,3,1,False,True,True,True,False,True,True,True,True,True,False
INFRA+TRANS+ENV+SSA,CBBB,1163.8,316.0,940.4,452.5,0.7125,4.225,3.925,4.7250000000000005,1.4319620253164558,3,3,0,False,True,True,True,False,True,True,False,True,True,False
INFRA+TRANS+ENV+SSA,CBBC,1157.1999999999998,311.25,872.4,454.75,0.7125,4.225,3.925,4.7250000000000005,1.4610441767068274,3,3,0,False,True,True,True,False,True,True,False,True,True,False
INFRA+TRANS+ENV+SSA,CBCA,1174.7,317.0,929.6,422.5,0.7125,4.225,3.925,4.7250000000000005,1.332807570977918,3,3,1,False,True,True,True,False,True,True,False,True,True,False
INFRA+TRANS+ENV+SSA,CBCB,1158.2,312.25,868.4,454.5,0.7125,4.225,3.925,4.7250000000000005,1.455564451561249,3,3,0,False,True,True,True,False,True,True,False,True,True,False
INFRA+TRANS+ENV+SSA,CBCC,1151.6,307.5,800.4,456.75,0.7125,4.225,3.925,4.7250000000000005,1.4853658536585366,3,3,0,False,True,True,True,False,True,True,False,True,True,False
INFRA+TRANS+ENV+SSA,CCAA,1189.3,321.0,1022.4,401.25,0.7125,4.225,3.925,4.7250000000000005,1.25,3,3,2,True,True,True,True,True,True,True,True,True,True,False
INFRA+TRANS+ENV+SSA,CCAB,1172.8,316.25,961.1999999999999,433.25,0.7125,4.225,3.925,4.7250000000000005,1.3699604743083005,3,3,1,False,True,True,True,False,True,True,False,True,True,False
INFRA+TRANS+ENV+SSA,CCAC,1166.1999999999998,311.5,893.1999999999999,435.5,0.7125,4.225,3.925,4.7250000000000005,1.3980738362760834,3,3,1,False,True,True,True,False,True,True,False,True,True,False
INFRA+TRANS+ENV+SSA,CCBA,1175.3,317.25,957.6,428.5,0.7125,4.225,3.925,4.7250000000000005,1.350669818754925,3,3,1,False,True,True,True,False,True,True,False,True,True,False
INFRA+TRANS+ENV+SSA,CCBB,1158.8,312.5,896.4,460.5,0.7125,4.225,3.925,4.7250000000000005,1.4736,3,3,0,False,True,True,True,False,True,True,False,True,True,False
INFRA+TRANS+ENV+SSA,CCBC,1152.1999999999998,307.75,828.4,462.75,0.7125,4.225,3.925,4.7250000000000005,1.503655564581641,3,3,0,False,True,True,True,False,True,True,False,True,True,False
INFRA+TRANS+ENV+SSA,CCCA,1169.7,313.5,885.6,430.5,0.7125,4.225,3.925,4.7250000000000005,1.3732057416267942,3,3,1,False,True,True,True,False,True,True,False,True,True,False
INFRA+TRANS+ENV+SSA,CCCB,1153.2,308.75,824.4,462.5,0.7125,4.225,3.925,4.7250000000000005,1.4979757085020242,3,3,0,False,True,True,True,False,True,True,False,True,True,False
INFRA+TRANS+ENV+SSA,CCCC,1146.6,304.0,756.4,464.75,0.7125,4.225,3.925,4.7250000000000005,1.528782894736842,3,3,0,False,True,True,True,False,True,True,False,True,True,False
ARCTIC+TRANS+ENV+SSA,AAAA,1386.0,399.0,1390.0,353.75,0.6725,4.0,3.625,4.4750000000000005,0.8865914786967418,3,4,4,False,True,True,True,True,False,False,True,True,True,False
ARCTIC+TRANS+ENV+SSA,AAAB,1369.5,394.25,1328.8,385.75,0.6725,4.0,3.625,4.4750000000000005,0.9784400760938491,3,4,3,False,True,True,True,True,False,False,True,True,True,False
ARCTIC+TRANS+ENV+SSA,AAAC,1362.9,389.5,1260.8,388.0,0.6725,4.0,3.625,4.4750000000000005,0.9961489088575096,3,4,3,False,True,True,True,True,False,False,True,True,True,False
ARCTIC+TRANS+ENV+SSA,AABA,1372.0,395.25,1325.2,381.0,0.6725,4.0,3.625,4.4750000000000005,0.9639468690702088,3,4,3,False,True,True,True,True,False,False,True,True,True,False
ARCTIC+TRANS+ENV+SSA,AABB,1355.5,390.5,1264.0,413.0,0.6725,4.0,3.625,4.4750000000000005,1.057618437900128,3,4,2,False,True,True,True,True,False,False,True,True,True,False
ARCTIC+TRANS+ENV+SSA,AABC,1348.9,385.75,1196.0,415.25,0.6725,4.0,3.625,4.4750000000000005,1.0764744005184705,3,4,2,False,True,True,True,True,False,False,True,True,True,False
ARCTIC+TRANS+ENV+SSA,AACA,1366.4,391.5,1253.2,383.0,0.6725,4.0,3.625,4.4750000000000005,0.9782886334610472,3,4,3,False,True,True,True,True,False,False,True,True,True,False
ARCTIC+TRANS+ENV+SSA,AACB,1349.9,386.75,1192.0,415.0,0.6725,4.0,3.625,4.4750000000000005,1.0730446024563671,3,4,2,False,True,True,True,True,False,False,True,True,True,False
ARCTIC+TRANS+ENV+SSA,AACC,1343.3,382.0,1124.0,417.25,0.6725,4.0,3.625,4.4750000000000005,1.0922774869109948,3,4,2,False,True,True,True,True,False,False,True,True,True,False
ARCTIC+TRANS+ENV+SSA,ABAA,1373.5,395.5,1350.4,387.5,0.6725,4.0,3.625,4.4750000000000005,0.9797724399494311,3,4,3,False,True,True,True,True,False,False,True,True,True,False
ARCTIC+TRANS+ENV+SSA,ABAB,1357.0,390.75,1289.1999999999998,419.5,0.6725,4.0,3.625,4.4750000000000005,1.073576455534229,3,4,2,False,True,True,True,True,False,False,True,True,True,False
ARCTIC+TRANS+ENV+SSA,ABAC,1350.4,386.0,1221.1999999999998,421.75,0.6725,4.0,3.625,4.4750000000000005,1.092616580310881,3,4,2,False,True,True,True,True,False,False,True,True,True,False
ARCTIC+TRANS+ENV+SSA,ABBA,1359.5,391.75,1285.6,414.75,0.6725,4.0,3.625,4.4750000000000005,1.0587109125717933,3,4,2,False,True,True,True,True,False,False,True,True,True,False
ARCTIC+TRANS+ENV+SSA,ABBB,1343.0,387.0,1224.4,446.75,0.6725,4.0,3.625,4.4750000000000005,1.1543927648578811,3,4,1,False,True,True,True,False,False,False,True,True,True,False
ARCTIC+TRANS+ENV+SSA,ABBC,1336.4,382.25,1156.4,449.0,0.6725,4.0,3.625,4.4750000000000005,1.1746239372138654,3,4,1,False,True,True,True,False,False,False,True,True,True,False
ARCTIC+TRANS+ENV+SSA,ABCA,1353.9,388.0,1213.6,416.75,0.6725,4.0,3.625,4.4750000000000005,1.0740979381443299,3,4,2,False,True,True,True,True,False,False,True,True,True,False
ARCTIC+TRANS+ENV+SSA,ABCB,1337.4,383.25,1152.4,448.75,0.6725,4.0,3.625,4.4750000000000005,1.1709067188519244,3,4,1,False,True,True,True,False,False,False,True,True,True,False
ARCTIC+TRANS+ENV+SSA,ABCC,1330.8,378.5,1084.4,451.0,0.6725,4.0,3.625,4.4750000000000005,1.1915455746367238,3,4,1,False,True,True,True,False,False,False,True,True,True,False
ARCTIC+TRANS+ENV+SSA,ACAA,1368.5,392.0,1306.4,395.5,0.6725,4.0,3.625,4.4750000000000005,1.0089285714285714,3,4,3,False,True,True,True,True,False,False,True,True,True,False
ARCTIC+TRANS+ENV+SSA,ACAB,1352.0,387.25,1245.2,427.5,0.6725,4.0,3.625,4.4750000000000005,1.103938024531956,3,4,2,False,True,True,True,True,False,False,True,True,True,False
ARCTIC+TRANS+ENV+SSA,ACAC,1345.4,382.5,1177.2,429.75,0.6725,4.0,3.625,4.4750000000000005,1.1235294117647059,3,4,2,False,True,True,True,True,False,False,True,True,True,False
ARCTIC+TRANS+ENV+SSA,ACBA,1354.5,388.25,1241.6000000000001,422.75,0.6725,4.0,3.625,4.4750000000000005,1.0888602704443013,3,4,2,False,True,True,True,True,False,False,True,True,True,False
ARCTIC+TRANS+ENV+SSA,ACBB,1338.0,383.5,1180.4,454.75,0.6725,4.0,3.625,4.4750000000000005,1.1857887874837028,3,4,1,False,True,True,True,False,False,False,True,True,True,False
ARCTIC+TRANS+ENV+SSA,ACBC,1331.4,378.75,1112.4,457.0,0.6725,4.0,3.625,4.4750000000000005,1.2066006600660066,3,4,1,False,True,True,True,False,False,False,True,True,True,False
ARCTIC+TRANS+ENV+SSA,ACCA,1348.9,384.5,1169.6000000000001,424.75,0.6725,4.0,3.625,4.4750000000000005,1.1046814044213265,3,4,2,False,True,True,True,True,False,False,True,True,True,False
ARCTIC+TRANS+ENV+SSA,ACCB,1332.4,379.75,1108.4,456.75,0.6725,4.0,3.625,4.4750000000000005,1.2027649769585254,3,4,1,False,True,True,True,False,False,False,True,True,True,False
ARCTIC+TRANS+ENV+SSA,ACCC,1325.8,375.0,1040.4,459.0,0.6725,4.0,3.625,4.4750000000000005,1.224,3,4,1,False,True,True,True,False,False,False,True,True,True,False
ARCTIC+TRANS+ENV+SSA,BAAA,1363.0,392.0,1305.4,397.5,0.6725,4.0,3.625,4.4750000000000005,1.0140306122448979,3,4,3,False,True,True,True,True,False,False,True,True,True,False
ARCTIC+TRANS+ENV+SSA,BAAB,1346.5,387.25,1244.2,429.5,0.6725,4.0,3.625,4.4750000000000005,1.1091026468689478,3,4,2,False,True,True,True,True,False,False,True,True,True,False
ARCTIC+TRANS+ENV+SSA,BAAC,1339.9,382.5,1176.2,431.75,0.6725,4.0,3.625,4.4750000000000005,1.1287581699346405,3,4,2,False,True,True,True,True,False,False,True,True,True,False
ARCTIC+TRANS+ENV+SSA,BABA,1349.0,388.25,1240.6,424.75,0.6725,4.0,3.625,4.4750000000000005,1.094011590470058,3,4,2,False,True,True,True,True,False,False,True,True,True,False
ARCTIC+TRANS+ENV+SSA,BABB,1332.5,383.5,1179.3999999999999,456.75,0.6725,4.0,3.625,4.4750000000000005,1.1910039113428943,3,4,1,False,True,True,True,False,False,False,True,True,True,False
ARCTIC+TRANS+ENV+SSA,BABC,1325.9,378.75,1111.3999999999999,459.0,0.6725,4.0,3.625,4.4750000000000005,1.2118811881188118,3,4,1,False,True,True,True,False,False,False,True,True,True,False
ARCTIC+TRANS+ENV+SSA,BACA,1343.4,384.5,1168.6,426.75,0.6725,4.0,3.625,4.4750000000000005,1.1098829648894668,3,4,2,False,True,True,True,True,False,False,True,True,True,False
ARCTIC+TRANS+ENV+SSA,BACB,1326.9,379.75,1107.3999999999999,458.75,0.6725,4.0,3.625,4.4750000000000005,1.2080315997366688,3,4,1,False,True,True,True,False,False,False,True,True,True,False
ARCTIC+TRANS+ENV+SSA,BACC,1320.3,375.0,1039.3999999999999,461.0,0.6725,4.0,3.625,4.4750000000000005,1.2293333333333334,3,4,1,False,True,True,True,False,False,False,True,True,True,False
ARCTIC+TRANS+ENV+SSA,BBAA,1350.5,388.5,1265.8000000000002,431.25,0.6725,4.0,3.625,4.4750000000000005,1.11003861003861,3,4,2,False,True,True,True,True,False,False,True,True,True,False
ARCTIC+TRANS+ENV+SSA,BBAB,1334.0,383.75,1204.6,463.25,0.6725,4.0,3.625,4.4750000000000005,1.2071661237785016,3,4,1,False,True,True,True,False,False,False,True,True,True,False
ARCTIC+TRANS+ENV+SSA,BBAC,1327.4,379.0,1136.6,465.5,0.6725,4.0,3.625,4.4750000000000005,1.2282321899736148,3,4,1,False,True,True,True,False,False,False,True,True,True,False
ARCTIC+TRANS+ENV+SSA,BBBA,1336.5,384.75,1201.0,458.5,0.6725,4.0,3.625,4.4750000000000005,1.1916829109811566,3,4,1,False,True,True,True,False,False,False,True,True,True,False
ARCTIC+TRANS+ENV+SSA,BBBB,1320.0,380.0,1139.7999999999997,490.5,0.6725,4.0,3.625,4.4750000000000005,1.2907894736842105,3,4,0,False,True,True,True,False,False,False,True,True,True,False
ARCTIC+TRANS+ENV+SSA,BBBC,1313.4,375.25,1071.7999999999997,492.75,0.6725,4.0,3.625,4.4750000000000005,1.313124583610926,3,4,0,False,True,True,True,False,False,False,True,True,True,False
ARCTIC+TRANS+ENV+SSA,BBCA,1330.9,381.0,1129.0,460.5,0.6725,4.0,3.625,4.4750000000000005,1.2086614173228347,3,4,1,False,True,True,True,False,False,False,True,True,True,False
ARCTIC+TRANS+ENV+SSA,BBCB,1314.4,376.25,1067.7999999999997,492.5,0.6725,4.0,3.625,4.4750000000000005,1.308970099667774,3,4,0,False,True,True,True,False,False,False,True,True,True,False
ARCTIC+TRANS+ENV+SSA,BBCC,1307.8,371.5,999.7999999999998,494.75,0.6725,4.0,3.625,4.4750000000000005,1.3317631224764468,3,4,0,False,True,True,True,False,False,False,False,True,True,False
ARCTIC+TRANS+ENV+SSA,BCAA,1345.5,385.0,1221.8000000000002,439.25,0.6725,4.0,3.625,4.4750000000000005,1.1409090909090909,3,4,2,False,True,True,True,True,False,False,True,True,True,False
ARCTIC+TRANS+ENV+SSA,BCAB,1329.0,380.25,1160.6000000000001,471.25,0.6725,4.0,3.625,4.4750000000000005,1.2393162393162394,3,4,1,False,True,True,True,False,False,False,True,True,True,False
ARCTIC+TRANS+ENV+SSA,BCAC,1322.4,375.5,1092.6000000000001,473.5,0.6725,4.0,3.625,4.4750000000000005,1.2609853528628496,3,4,1,False,True,True,True,False,False,False,True,True,True,False
ARCTIC+TRANS+ENV+SSA,BCBA,1331.5,381.25,1157.0,466.5,0.6725,4.0,3.625,4.4750000000000005,1.2236065573770492,3,4,1,False,True,True,True,False,False,False,True,True,True,False
ARCTIC+TRANS+ENV+SSA,BCBB,1315.0,376.5,1095.8,498.5,0.6725,4.0,3.625,4.4750000000000005,1.3240371845949535,3,4,0,False,True,True,True,False,False,False,True,True,True,False
ARCTIC+TRANS+ENV+SSA,BCBC,1308.4,371.75,1027.8,500.75,0.6725,4.0,3.625,4.4750000000000005,1.3470073974445191,3,4,0,False,True,True,True,False,False,False,True,True,True,False
ARCTIC+TRANS+ENV+SSA,BCCA,1325.9,377.5,1085.0,468.5,0.6725,4.0,3.625,4.4750000000000005,1.2410596026490066,3,4,1,False,True,True,True,False,False,False,True,True,True,False
ARCTIC+TRANS+ENV+SSA,BCCB,1309.4,372.75,1023.7999999999998,500.5,0.6725,4.0,3.625,4.4750000000000005,1.3427230046948357,3,4,0,False,True,True,True,False,False,False,True,True,True,False
ARCTIC+TRANS+ENV+SSA,BCCC,1302.8,368.0,955.7999999999998,502.75,0.6725,4.0,3.625,4.4750000000000005,1.3661684782608696,3,4,0,False,True,True,True,False,False,False,False,True,True,False
ARCTIC+TRANS+ENV+SSA,CAAA,1353.8,385.0,1211.4,401.5,0.6725,4.0,3.625,4.4750000000000005,1.042857142857143,3,4,3,False,True,True,True,True,False,False,True,True,True,False
ARCTIC+TRANS+ENV+SSA,CAAB,1337.3,380.25,1150.2,433.5,0.6725,4.0,3.625,4.4750000000000005,1.1400394477317555,3,4,2,False,True,True,True,True,False,False,True,True,True,False
ARCTIC+TRANS+ENV+SSA,CAAC,1330.6999999999998,375.5,1082.2,435.75,0.6725,4.0,3.625,4.4750000000000005,1.1604527296937417,3,4,2,False,True,True,True,True,False,False,True,True,True,False
ARCTIC+TRANS+ENV+SSA,CABA,1339.8,381.25,1146.6,428.75,0.6725,4.0,3.625,4.4750000000000005,1.1245901639344262,3,4,2,False,True,True,True,True,False,False,True,True,True,False
ARCTIC+TRANS+ENV+SSA,CABB,1323.3,376.5,1085.3999999999999,460.75,0.6725,4.0,3.625,4.4750000000000005,1.2237715803452855,3,4,1,False,True,True,True,False,False,False,True,True,True,False
ARCTIC+TRANS+ENV+SSA,CABC,1316.6999999999998,371.75,1017.3999999999999,463.0,0.6725,4.0,3.625,4.4750000000000005,1.2454606590450572,3,4,1,False,True,True,True,False,False,False,True,True,True,False
ARCTIC+TRANS+ENV+SSA,CACA,1334.2,377.5,1074.6,430.75,0.6725,4.0,3.625,4.4750000000000005,1.1410596026490065,3,4,2,False,True,True,True,True,False,False,True,True,True,False
ARCTIC+TRANS+ENV+SSA,CACB,1317.7,372.75,1013.3999999999999,462.75,0.6725,4.0,3.625,4.4750000000000005,1.2414486921529175,3,4,1,False,True,True,True,False,False,False,True,True,True,False
ARCTIC+TRANS+ENV+SSA,CACC,1311.1,368.0,945.3999999999999,465.0,0.6725,4.0,3.625,4.4750000000000005,1.263586956521739,3,4,1,False,True,True,True,False,False,False,False,True,True,False
ARCTIC+TRANS+ENV+SSA,CBAA,1341.3,381.5,1171.8,435.25,0.6725,4.0,3.625,4.4750000000000005,1.1408912188728701,3,4,2,False,True,True,True,True,False,False,True,True,True,False
ARCTIC+TRANS+ENV+SSA,CBAB,1324.8,376.75,1110.6,467.25,0.6725,4.0,3.625,4.4750000000000005,1.2402123424021234,3,4,1,False,True,True,True,False,False,False,True,True,True,False
ARCTIC+TRANS+ENV+SSA,CBAC,1318.1999999999998,372.0,1042.6,469.5,0.6725,4.0,3.625,4.4750000000000005,1.2620967741935485,3,4,1,False,True,True,True,False,False,False,True,True,True,False
ARCTIC+TRANS+ENV+SSA,CBBA,1327.3,377.75,1107.0,462.5,0.6725,4.0,3.625,4.4750000000000005,1.2243547319655856,3,4,1,False,True,True,True,False,False,False,True,True,True,False
ARCTIC+TRANS+ENV+SSA,CBBB,1310.8,373.0,1045.7999999999997,494.5,0.6725,4.0,3.625,4.4750000000000005,1.3257372654155497,3,4,0,False,True,True,True,False,False,False,True,True,True,False
ARCTIC+TRANS+ENV+SSA,CBBC,1304.1999999999998,368.25,977.7999999999998,496.75,0.6725,4.0,3.625,4.4750000000000005,1.348947725729803,3,4,0,False,True,True,True,False,False,False,False,True,True,False
ARCTIC+TRANS+ENV+SSA,CBCA,1321.7,374.0,1035.0,464.5,0.6725,4.0,3.625,4.4750000000000005,1.2419786096256684,3,4,1,False,True,True,True,False,False,False,True,True,True,False
ARCTIC+TRANS+ENV+SSA,CBCB,1305.2,369.25,973.7999999999998,496.5,0.6725,4.0,3.625,4.4750000000000005,1.3446174678402167,3,4,0,False,True,True,True,False,False,False,False,True,True,False
ARCTIC+TRANS+ENV+SSA,CBCC,1298.6,364.5,905.7999999999998,498.75,0.6725,4.0,3.625,4.4750000000000005,1.368312757201646,3,4,0,False,True,True,True,False,True,False,False,True,True,False
ARCTIC+TRANS+ENV+SSA,CCAA,1336.3,378.0,1127.8,443.25,0.6725,4.0,3.625,4.4750000000000005,1.1726190476190477,3,4,2,False,True,True,True,True,False,False,True,True,True,False
ARCTIC+TRANS+ENV+SSA,CCAB,1319.8,373.25,1066.6000000000001,475.25,0.6725,4.0,3.625,4.4750000000000005,1.2732752846617548,3,4,1,False,True,True,True,False,False,False,True,True,True,False
ARCTIC+TRANS+ENV+SSA,CCAC,1313.1999999999998,368.5,998.6,477.5,0.6725,4.0,3.625,4.4750000000000005,1.2957937584803256,3,4,1,False,True,True,True,False,False,False,False,True,True,False
ARCTIC+TRANS+ENV+SSA,CCBA,1322.3,374.25,1063.0,470.5,0.6725,4.0,3.625,4.4750000000000005,1.257181028724115,3,4,1,False,True,True,True,False,False,False,True,True,True,False
ARCTIC+TRANS+ENV+SSA,CCBB,1305.8,369.5,1001.7999999999998,502.5,0.6725,4.0,3.625,4.4750000000000005,1.3599458728010825,3,4,0,False,True,True,True,False,False,False,True,True,True,False
ARCTIC+TRANS+ENV+SSA,CCBC,1299.1999999999998,364.75,933.7999999999998,504.75,0.6725,4.0,3.625,4.4750000000000005,1.3838245373543523,3,4,0,False,True,True,True,False,True,False,False,True,True,False
ARCTIC+TRANS+ENV+SSA,CCCA,1316.7,370.5,990.9999999999999,472.5,0.6725,4.0,3.625,4.4750000000000005,1.2753036437246963,3,4,1,False,True,True,True,False,False,False,False,True,True,False
ARCTIC+TRANS+ENV+SSA,CCCB,1300.2,365.75,929.7999999999998,504.5,0.6725,4.0,3.625,4.4750000000000005,1.3793574846206424,3,4,0,False,True,True,True,False,False,False,False,True,True,False
ARCTIC+TRANS+ENV+SSA,CCCC,1293.6,361.0,861.7999999999998,506.75,0.6725,4.0,3.625,4.4750000000000005,1.4037396121883656,3,4,0,False,True,True,True,False,True,False,False,True,True,False
