lots,modes,c0,opex,vpub,cash,kcash,t_rep,readiness,resilience,scale,territorial_archetypes,capability_groups,public_core_lots,BASE_ok,chk_exact_lot_count,chk_territorial_archetypes,chk_capability_groups,chk_public_core_lots,chk_c0_limit,chk_opex_limit,chk_vpub_floor,chk_kcash_floor,chk_t_rep_floor,STRESS_ok
FIRE+FLOOD+AGRI+INFRA,AAAA,1291.5,346.5,1690.0,321.25,0.927128,0.6875,4.25,3.95,4.525,4,2,4,True,True,True,True,True,True,True,True,True,True,False
FIRE+FLOOD+AGRI+INFRA,AAAB,1276.0,342.5,1636.0,357.5,1.043796,0.6875,4.25,3.95,4.525,4,2,3,True,True,True,True,True,True,True,True,True,True,False
FIRE+FLOOD+AGRI+INFRA,AAAC,1269.8,338.5,1576.0,364.5,1.076809,0.6875,4.25,3.95,4.525,4,2,3,True,True,True,True,True,True,True,True,True,True,False
FIRE+FLOOD+AGRI+INFRA,AABA,1278.5,342.75,1648.6,369.25,1.077316,0.6875,4.25,3.95,4.525,4,2,3,True,True,True,True,True,True,True,True,True,True,False
FIRE+FLOOD+AGRI+INFRA,AABB,1263.0,338.75,1594.6,405.5,1.197048,0.6875,4.25,3.95,4.525,4,2,2,True,True,True,True,True,True,True,True,True,True,False
FIRE+FLOOD+AGRI+INFRA,AABC,1256.8,334.75,1534.6,412.5,1.232263,0.6875,4.25,3.95,4.525,4,2,2,True,True,True,True,True,True,True,True,True,True,False
FIRE+FLOOD+AGRI+INFRA,AACA,1273.3,339.0,1602.6,388.75,1.146755,0.6875,4.25,3.95,4.525,4,2,3,True,True,True,True,True,True,True,True,True,True,False
FIRE+FLOOD+AGRI+INFRA,AACB,1257.8,335.0,1548.6,425.0,1.268657,0.6875,4.25,3.95,4.525,4,2,2,True,True,True,True,True,True,True,True,True,True,False
FIRE+FLOOD+AGRI+INFRA,AACC,1251.6,331.0,1488.6,432.0,1.305136,0.6875,4.25,3.95,4.525,4,2,2,True,True,True,True,True,True,True,True,True,True,False
FIRE+FLOOD+AGRI+INFRA,ABAA,1274.5,342.0,1582.0,324.5,0.94883,0.6875,4.25,3.95,4.525,4,2,3,True,True,True,True,True,True,True,True,True,True,False
FIRE+FLOOD+AGRI+INFRA,ABAB,1259.0,338.0,1528.0,360.75,1.067308,0.6875,4.25,3.95,4.525,4,2,2,True,True,True,True,True,True,True,True,True,True,False
FIRE+FLOOD+AGRI+INFRA,ABAC,1252.8,334.0,1468.0,367.75,1.101048,0.6875,4.25,3.95,4.525,4,2,2,True,True,True,True,True,True,True,True,True,True,False
FIRE+FLOOD+AGRI+INFRA,ABBA,1261.5,338.25,1540.6,372.5,1.101256,0.6875,4.25,3.95,4.525,4,2,2,True,True,True,True,True,True,True,True,True,True,False
FIRE+FLOOD+AGRI+INFRA,ABBB,1246.0,334.25,1486.6,408.75,1.222887,0.6875,4.25,3.95,4.525,4,2,1,False,True,True,True,False,True,True,True,True,True,False
FIRE+FLOOD+AGRI+INFRA,ABBC,1239.8,330.25,1426.6,415.75,1.258895,0.6875,4.25,3.95,4.525,4,2,1,False,True,True,True,False,True,True,True,True,True,False
FIRE+FLOOD+AGRI+INFRA,ABCA,1256.3,334.5,1494.6,392.0,1.171898,0.6875,4.25,3.95,4.525,4,2,2,True,True,True,True,True,True,True,True,True,True,False
FIRE+FLOOD+AGRI+INFRA,ABCB,1240.8,330.5,1440.6,428.25,1.295764,0.6875,4.25,3.95,4.525,4,2,1,False,True,True,True,False,True,True,True,True,True,False
FIRE+FLOOD+AGRI+INFRA,ABCC,1234.6,326.5,1380.6,435.25,1.333078,0.6875,4.25,3.95,4.525,4,2,1,False,True,True,True,False,True,True,True,True,True,False
FIRE+FLOOD+AGRI+INFRA,ACAA,1267.7,337.5,1462.0,306.0,0.906667,0.6875,4.25,3.95,4.525,4,2,3,True,True,True,True,True,True,True,True,True,True,False
FIRE+FLOOD+AGRI+INFRA,ACAB,1252.2,333.5,1408.0,342.25,1.026237,0.6875,4.25,3.95,4.525,4,2,2,True,True,True,True,True,True,True,True,True,True,False
FIRE+FLOOD+AGRI+INFRA,ACAC,1246.0,329.5,1348.0,349.25,1.059939,0.6875,4.25,3.95,4.525,4,2,2,True,True,True,True,True,True,True,True,True,True,False
FIRE+FLOOD+AGRI+INFRA,ACBA,1254.7,333.75,1420.6,354.0,1.060674,0.6875,4.25,3.95,4.525,4,2,2,True,True,True,True,True,True,True,True,True,True,False
FIRE+FLOOD+AGRI+INFRA,ACBB,1239.2,329.75,1366.6,390.25,1.183472,0.6875,4.25,3.95,4.525,4,2,1,False,True,True,True,False,True,True,True,True,True,False
FIRE+FLOOD+AGRI+INFRA,ACBC,1233.0,325.75,1306.6,397.25,1.219493,0.6875,4.25,3.95,4.525,4,2,1,False,True,True,True,False,True,True,True,True,True,False
FIRE+FLOOD+AGRI+INFRA,ACCA,1249.5,330.0,1374.6,373.5,1.131818,0.6875,4.25,3.95,4.525,4,2,2,True,True,True,True,True,True,True,True,True,True,False
FIRE+FLOOD+AGRI+INFRA,ACCB,1234.0,326.0,1320.6,409.75,1.256902,0.6875,4.25,3.95,4.525,4,2,1,False,True,True,True,False,True,True,True,True,True,False
FIRE+FLOOD+AGRI+INFRA,ACCC,1227.8,322.0,1260.6,416.75,1.294255,0.6875,4.25,3.95,4.525,4,2,1,False,True,True,True,False,True,True,True,True,True,False
FIRE+FLOOD+AGRI+INFRA,BAAA,1275.5,342.25,1589.2,322.0,0.940833,0.6875,4.25,3.95,4.525,4,2,3,True,True,True,True,True,True,True,True,True,True,False
FIRE+FLOOD+AGRI+INFRA,BAAB,1260.0,338.25,1535.2,358.25,1.059128,0.6875,4.25,3.95,4.525,4,2,2,True,True,True,True,True,True,True,True,True,True,False
FIRE+FLOOD+AGRI+INFRA,BAAC,1253.8,334.25,1475.2,365.25,1.092745,0.6875,4.25,3.95,4.525,4,2,2,True,True,True,True,True,True,True,True,True,True,False
FIRE+FLOOD+AGRI+INFRA,BABA,1262.5,338.5,1547.8,370.0,1.093058,0.6875,4.25,3.95,4.525,4,2,2,True,True,True,True,True,True,True,True,True,True,False
FIRE+FLOOD+AGRI+INFRA,BABB,1247.0,334.5,1493.8,406.25,1.214499,0.6875,4.25,3.95,4.525,4,2,1,False,True,True,True,False,True,True,True,True,True,False
FIRE+FLOOD+AGRI+INFRA,BABC,1240.8,330.5,1433.8,413.25,1.250378,0.6875,4.25,3.95,4.525,4,2,1,False,True,True,True,False,True,True,True,True,True,False
FIRE+FLOOD+AGRI+INFRA,BACA,1257.3,334.75,1501.8,389.5,1.163555,0.6875,4.25,3.95,4.525,4,2,2,True,True,True,True,True,True,True,True,True,True,False
FIRE+FLOOD+AGRI+INFRA,BACB,1241.8,330.75,1447.8,425.75,1.287226,0.6875,4.25,3.95,4.525,4,2,1,False,True,True,True,False,True,True,True,True,True,False
FIRE+FLOOD+AGRI+INFRA,BACC,1235.6,326.75,1387.8,432.75,1.324407,0.6875,4.25,3.95,4.525,4,2,1,False,True,True,True,False,True,True,True,True,True,False
FIRE+FLOOD+AGRI+INFRA,BBAA,1258.5,337.75,1481.2,325.25,0.96299,0.6875,4.25,3.95,4.525,4,2,2,True,True,True,True,True,True,True,True,True,True,False
FIRE+FLOOD+AGRI+INFRA,BBAB,1243.0,333.75,1427.2,361.5,1.083146,0.6875,4.25,3.95,4.525,4,2,1,False,True,True,True,False,True,True,True,True,True,False
FIRE+FLOOD+AGRI+INFRA,BBAC,1236.8,329.75,1367.2,368.5,1.117513,0.6875,4.25,3.95,4.525,4,2,1,False,True,True,True,False,True,True,True,True,True,False
FIRE+FLOOD+AGRI+INFRA,BBBA,1245.5,334.0,1439.8,373.25,1.117515,0.6875,4.25,3.95,4.525,4,2,1,False,True,True,True,False,True,True,True,True,True,False
FIRE+FLOOD+AGRI+INFRA,BBBB,1230.0,330.0,1385.8,409.5,1.240909,0.6875,4.25,3.95,4.525,4,2,0,False,True,True,True,False,True,True,True,True,True,False
FIRE+FLOOD+AGRI+INFRA,BBBC,1223.8,326.0,1325.8,416.5,1.277607,0.6875,4.25,3.95,4.525,4,2,0,False,True,True,True,False,True,True,True,True,True,False
FIRE+FLOOD+AGRI+INFRA,BBCA,1240.3,330.25,1393.8,392.75,1.189251,0.6875,4.25,3.95,4.525,4,2,1,False,True,True,True,False,True,True,True,True,True,False
FIRE+FLOOD+AGRI+INFRA,BBCB,1224.8,326.25,1339.8,429.0,1.314943,0.6875,4.25,3.95,4.525,4,2,0,False,True,True,True,False,True,True,True,True,True,False
FIRE+FLOOD+AGRI+INFRA,BBCC,1218.6,322.25,1279.8,436.0,1.352987,0.6875,4.25,3.95,4.525,4,2,0,False,True,True,True,False,True,True,True,True,True,False
FIRE+FLOOD+AGRI+INFRA,BCAA,1251.7,333.25,1361.2,306.75,0.92048,0.6875,4.25,3.95,4.525,4,2,2,True,True,True,True,True,True,True,True,True,True,False
FIRE+FLOOD+AGRI+INFRA,BCAB,1236.2,329.25,1307.2,343.0,1.041762,0.6875,4.25,3.95,4.525,4,2,1,False,True,True,True,False,True,True,True,True,True,False
FIRE+FLOOD+AGRI+INFRA,BCAC,1230.0,325.25,1247.2,350.0,1.076095,0.6875,4.25,3.95,4.525,4,2,1,False,True,True,True,False,True,True,True,True,True,False
FIRE+FLOOD+AGRI+INFRA,BCBA,1238.7,329.5,1319.8,354.75,1.076631,0.6875,4.25,3.95,4.525,4,2,1,False,True,True,True,False,True,True,True,True,True,False
FIRE+FLOOD+AGRI+INFRA,BCBB,1223.2,325.5,1265.8,391.0,1.201229,0.6875,4.25,3.95,4.525,4,2,0,False,True,True,True,False,True,True,True,True,True,False
FIRE+FLOOD+AGRI+INFRA,BCBC,1217.0,321.5,1205.8,398.0,1.237947,0.6875,4.25,3.95,4.525,4,2,0,False,True,True,True,False,True,True,True,True,True,False
FIRE+FLOOD+AGRI+INFRA,BCCA,1233.5,325.75,1273.8,374.25,1.148887,0.6875,4.25,3.95,4.525,4,2,1,False,True,True,True,False,True,True,True,True,True,False
FIRE+FLOOD+AGRI+INFRA,BCCB,1218.0,321.75,1219.8,410.5,1.275835,0.6875,4.25,3.95,4.525,4,2,0,False,True,True,True,False,True,True,True,True,True,False
FIRE+FLOOD+AGRI+INFRA,BCCC,1211.8,317.75,1159.8,417.5,1.313926,0.6875,4.25,3.95,4.525,4,2,0,False,True,True,True,False,True,True,True,True,True,False
FIRE+FLOOD+AGRI+INFRA,CAAA,1269.1,338.0,1477.2,304.5,0.900888,0.6875,4.25,3.95,4.525,4,2,3,True,True,True,True,True,True,True,True,True,True,False
FIRE+FLOOD+AGRI+INFRA,CAAB,1253.6,334.0,1423.2,340.75,1.02021,0.6875,4.25,3.95,4.525,4,2,2,True,True,True,True,True,True,True,True,True,True,False
FIRE+FLOOD+AGRI+INFRA,CAAC,1247.4,330.0,1363.2,347.75,1.053788,0.6875,4.25,3.95,4.525,4,2,2,True,True,True,True,True,True,True,True,True,True,False
FIRE+FLOOD+AGRI+INFRA,CABA,1256.1,334.25,1435.8,352.5,1.0546,0.6875,4.25,3.95,4.525,4,2,2,True,True,True,True,True,True,True,True,True,True,False
FIRE+FLOOD+AGRI+INFRA,CABB,1240.6,330.25,1381.8,388.75,1.177139,0.6875,4.25,3.95,4.525,4,2,1,False,True,True,True,False,True,True,True,True,True,False
FIRE+FLOOD+AGRI+INFRA,CABC,1234.4,326.25,1321.8,395.75,1.213027,0.6875,4.25,3.95,4.525,4,2,1,False,True,True,True,False,True,True,True,True,True,False
FIRE+FLOOD+AGRI+INFRA,CACA,1250.9,330.5,1389.8,372.0,1.125567,0.6875,4.25,3.95,4.525,4,2,2,True,True,True,True,True,True,True,True,True,True,False
FIRE+FLOOD+AGRI+INFRA,CACB,1235.4,326.5,1335.8,408.25,1.250383,0.6875,4.25,3.95,4.525,4,2,1,False,True,True,True,False,True,True,True,True,True,False
FIRE+FLOOD+AGRI+INFRA,CACC,1229.2,322.5,1275.8,415.25,1.287597,0.6875,4.25,3.95,4.525,4,2,1,False,True,True,True,False,True,True,True,True,True,False
FIRE+FLOOD+AGRI+INFRA,CBAA,1252.1,333.5,1369.2,307.75,0.922789,0.6875,4.25,3.95,4.525,4,2,2,True,True,True,True,True,True,True,True,True,True,False
FIRE+FLOOD+AGRI+INFRA,CBAB,1236.6,329.5,1315.2,344.0,1.044006,0.6875,4.25,3.95,4.525,4,2,1,False,True,True,True,False,True,True,True,True,True,False
FIRE+FLOOD+AGRI+INFRA,CBAC,1230.4,325.5,1255.2,351.0,1.078341,0.6875,4.25,3.95,4.525,4,2,1,False,True,True,True,False,True,True,True,True,True,False
FIRE+FLOOD+AGRI+INFRA,CBBA,1239.1,329.75,1327.8,355.75,1.078848,0.6875,4.25,3.95,4.525,4,2,1,False,True,True,True,False,True,True,True,True,True,False
FIRE+FLOOD+AGRI+INFRA,CBBB,1223.6,325.75,1273.8,392.0,1.203377,0.6875,4.25,3.95,4.525,4,2,0,False,True,True,True,False,True,True,True,True,True,False
FIRE+FLOOD+AGRI+INFRA,CBBC,1217.4,321.75,1213.8,399.0,1.240093,0.6875,4.25,3.95,4.525,4,2,0,False,True,True,True,False,True,True,True,True,True,False
FIRE+FLOOD+AGRI+INFRA,CBCA,1233.9,326.0,1281.8,375.25,1.151074,0.6875,4.25,3.95,4.525,4,2,1,False,True,True,True,False,True,True,True,True,True,False
FIRE+FLOOD+AGRI+INFRA,CBCB,1218.4,322.0,1227.8,411.5,1.27795,0.6875,4.25,3.95,4.525,4,2,0,False,True,True,True,False,True,True,True,True,True,False
FIRE+FLOOD+AGRI+INFRA,CBCC,1212.2,318.0,1167.8,418.5,1.316038,0.6875,4.25,3.95,4.525,4,2,0,False,True,True,True,False,True,True,True,True,True,False
FIRE+FLOOD+AGRI+INFRA,CCAA,1245.3,329.0,1249.2,289.25,0.879179,0.6875,4.25,3.95,4.525,4,2,2,True,True,True,True,True,True,True,True,True,True,False
FIRE+FLOOD+AGRI+INFRA,CCAB,1229.8,325.0,1195.2,325.5,1.001538,0.6875,4.25,3.95,4.525,4,2,1,False,True,True,True,False,True,True,True,True,True,False
FIRE+FLOOD+AGRI+INFRA,CCAC,1223.6,321.0,1135.2,332.5,1.035826,0.6875,4.25,3.95,4.525,4,2,1,False,True,True,True,False,True,True,True,True,True,False
FIRE+FLOOD+AGRI+INFRA,CCBA,1232.3,325.25,1207.8,337.25,1.036895,0.6875,4.25,3.95,4.525,4,2,1,False,True,True,True,False,True,True,True,True,True,False
FIRE+FLOOD+AGRI+INFRA,CCBB,1216.8,321.25,1153.8,373.5,1.162646,0.6875,4.25,3.95,4.525,4,2,0,False,True,True,True,False,True,True,True,True,True,False
FIRE+FLOOD+AGRI+INFRA,CCBC,1210.6,317.25,1093.8,380.5,1.19937,0.6875,4.25,3.95,4.525,4,2,0,False,True,True,True,False,True,True,True,True,True,False
FIRE+FLOOD+AGRI+INFRA,CCCA,1227.1,321.5,1161.8,356.75,1.109642,0.6875,4.25,3.95,4.525,4,2,1,False,True,True,True,False,True,True,True,True,True,False
FIRE+FLOOD+AGRI+INFRA,CCCB,1211.6,317.5,1107.8,393.0,1.237795,0.6875,4.25,3.95,4.525,4,2,0,False,True,True,True,False,True,True,True,True,True,False
FIRE+FLOOD+AGRI+INFRA,CCCC,1205.4,313.5,1047.8,400.0,1.275917,0.6875,4.25,3.95,4.525,4,2,0,False,True,True,True,False,True,True,True,True,True,False
FIRE+FLOOD+AGRI+ARCTIC,AAAA,1449.0,409.5,1860.0,358.75,0.876068,0.6475,4.025,3.65,4.275,4,3,4,False,True,True,True,True,False,False,True,True,True,False
FIRE+FLOOD+AGRI+ARCTIC,AAAB,1426.0,402.5,1775.4,402.5,1.0,0.6475,4.025,3.65,4.275,4,3,3,False,True,True,True,True,False,False,True,True,True,False
FIRE+FLOOD+AGRI+ARCTIC,AAAC,1416.8,395.5,1681.4,406.5,1.027813,0.6475,4.025,3.65,4.275,4,3,3,False,True,True,True,True,False,False,True,True,True,False
FIRE+FLOOD+AGRI+ARCTIC,AABA,1436.0,405.75,1818.6,406.75,1.002465,0.6475,4.025,3.65,4.275,4,3,3,False,True,True,True,True,False,False,True,True,True,False
FIRE+FLOOD+AGRI+ARCTIC,AABB,1413.0,398.75,1734.0,450.5,1.129781,0.6475,4.025,3.65,4.275,4,3,2,False,True,True,True,True,False,False,True,True,True,False
FIRE+FLOOD+AGRI+ARCTIC,AABC,1403.8,391.75,1640.0,454.5,1.160179,0.6475,4.025,3.65,4.275,4,3,2,False,True,True,True,True,False,False,True,True,True,False
FIRE+FLOOD+AGRI+ARCTIC,AACA,1430.8,402.0,1772.6,426.25,1.060323,0.6475,4.025,3.65,4.275,4,3,3,False,True,True,True,True,False,False,True,True,True,False
FIRE+FLOOD+AGRI+ARCTIC,AACB,1407.8,395.0,1688.0,470.0,1.189873,0.6475,4.025,3.65,4.275,4,3,2,False,True,True,True,True,False,False,True,True,True,False
FIRE+FLOOD+AGRI+ARCTIC,AACC,1398.6,388.0,1594.0,474.0,1.221649,0.6475,4.025,3.65,4.275,4,3,2,False,True,True,True,True,False,False,True,True,True,False
FIRE+FLOOD+AGRI+ARCTIC,ABAA,1432.0,405.0,1752.0,362.0,0.893827,0.6475,4.025,3.65,4.275,4,3,3,False,True,True,True,True,False,False,True,True,True,False
FIRE+FLOOD+AGRI+ARCTIC,ABAB,1409.0,398.0,1667.4,405.75,1.019472,0.6475,4.025,3.65,4.275,4,3,2,False,True,True,True,True,False,False,True,True,True,False
FIRE+FLOOD+AGRI+ARCTIC,ABAC,1399.8,391.0,1573.4,409.75,1.047954,0.6475,4.025,3.65,4.275,4,3,2,False,True,True,True,True,False,False,True,True,True,False
FIRE+FLOOD+AGRI+ARCTIC,ABBA,1419.0,401.25,1710.6,410.0,1.021807,0.6475,4.025,3.65,4.275,4,3,2,False,True,True,True,True,False,False,True,True,True,False
FIRE+FLOOD+AGRI+ARCTIC,ABBB,1396.0,394.25,1626.0,453.75,1.150919,0.6475,4.025,3.65,4.275,4,3,1,False,True,True,True,False,False,False,True,True,True,False
FIRE+FLOOD+AGRI+ARCTIC,ABBC,1386.8,387.25,1532.0,457.75,1.182053,0.6475,4.025,3.65,4.275,4,3,1,False,True,True,True,False,False,False,True,True,True,False
FIRE+FLOOD+AGRI+ARCTIC,ABCA,1413.8,397.5,1664.6,429.5,1.080503,0.6475,4.025,3.65,4.275,4,3,2,False,True,True,True,True,False,False,True,True,True,False
FIRE+FLOOD+AGRI+ARCTIC,ABCB,1390.8,390.5,1580.0,473.25,1.211908,0.6475,4.025,3.65,4.275,4,3,1,False,True,True,True,False,False,False,True,True,True,False
FIRE+FLOOD+AGRI+ARCTIC,ABCC,1381.6,383.5,1486.0,477.25,1.244459,0.6475,4.025,3.65,4.275,4,3,1,False,True,True,True,False,False,False,True,True,True,False
FIRE+FLOOD+AGRI+ARCTIC,ACAA,1425.2,400.5,1632.0,343.5,0.857678,0.6475,4.025,3.65,4.275,4,3,3,False,True,True,True,True,False,False,True,True,True,False
FIRE+FLOOD+AGRI+ARCTIC,ACAB,1402.2,393.5,1547.4,387.25,0.984117,0.6475,4.025,3.65,4.275,4,3,2,False,True,True,True,True,False,False,True,True,True,False
FIRE+FLOOD+AGRI+ARCTIC,ACAC,1393.0,386.5,1453.4,391.25,1.01229,0.6475,4.025,3.65,4.275,4,3,2,False,True,True,True,True,False,False,True,True,True,False
FIRE+FLOOD+AGRI+ARCTIC,ACBA,1412.2,396.75,1590.6,391.5,0.986767,0.6475,4.025,3.65,4.275,4,3,2,False,True,True,True,True,False,False,True,True,True,False
FIRE+FLOOD+AGRI+ARCTIC,ACBB,1389.2,389.75,1506.0,435.25,1.116742,0.6475,4.025,3.65,4.275,4,3,1,False,True,True,True,False,False,False,True,True,True,False
FIRE+FLOOD+AGRI+ARCTIC,ACBC,1380.0,382.75,1412.0,439.25,1.147616,0.6475,4.025,3.65,4.275,4,3,1,False,True,True,True,False,False,False,True,True,True,False
FIRE+FLOOD+AGRI+ARCTIC,ACCA,1407.0,393.0,1544.6,411.0,1.045802,0.6475,4.025,3.65,4.275,4,3,2,False,True,True,True,True,False,False,True,True,True,False
FIRE+FLOOD+AGRI+ARCTIC,ACCB,1384.0,386.0,1460.0,454.75,1.178109,0.6475,4.025,3.65,4.275,4,3,1,False,True,True,True,False,False,False,True,True,True,False
FIRE+FLOOD+AGRI+ARCTIC,ACCC,1374.8,379.0,1366.0,458.75,1.210422,0.6475,4.025,3.65,4.275,4,3,1,False,True,True,True,False,False,False,True,True,True,False
FIRE+FLOOD+AGRI+ARCTIC,BAAA,1433.0,405.25,1759.2,359.5,0.887107,0.6475,4.025,3.65,4.275,4,3,3,False,True,True,True,True,False,False,True,True,True,False
FIRE+FLOOD+AGRI+ARCTIC,BAAB,1410.0,398.25,1674.6,403.25,1.012555,0.6475,4.025,3.65,4.275,4,3,2,False,True,True,True,True,False,False,True,True,True,False
FIRE+FLOOD+AGRI+ARCTIC,BAAC,1400.8,391.25,1580.6,407.25,1.040895,0.6475,4.025,3.65,4.275,4,3,2,False,True,True,True,True,False,False,True,True,True,False
FIRE+FLOOD+AGRI+ARCTIC,BABA,1420.0,401.5,1717.8,407.5,1.014944,0.6475,4.025,3.65,4.275,4,3,2,False,True,True,True,True,False,False,True,True,True,False
FIRE+FLOOD+AGRI+ARCTIC,BABB,1397.0,394.5,1633.2,451.25,1.143853,0.6475,4.025,3.65,4.275,4,3,1,False,True,True,True,False,False,False,True,True,True,False
FIRE+FLOOD+AGRI+ARCTIC,BABC,1387.8,387.5,1539.2,455.25,1.174839,0.6475,4.025,3.65,4.275,4,3,1,False,True,True,True,False,False,False,True,True,True,False
FIRE+FLOOD+AGRI+ARCTIC,BACA,1414.8,397.75,1671.8,427.0,1.073539,0.6475,4.025,3.65,4.275,4,3,2,False,True,True,True,True,False,False,True,True,True,False
FIRE+FLOOD+AGRI+ARCTIC,BACB,1391.8,390.75,1587.2,470.75,1.204734,0.6475,4.025,3.65,4.275,4,3,1,False,True,True,True,False,False,False,True,True,True,False
FIRE+FLOOD+AGRI+ARCTIC,BACC,1382.6,383.75,1493.2,474.75,1.237134,0.6475,4.025,3.65,4.275,4,3,1,False,True,True,True,False,False,False,True,True,True,False
FIRE+FLOOD+AGRI+ARCTIC,BBAA,1416.0,400.75,1651.2,362.75,0.905178,0.6475,4.025,3.65,4.275,4,3,2,False,True,True,True,True,False,False,True,True,True,False
FIRE+FLOOD+AGRI+ARCTIC,BBAB,1393.0,393.75,1566.6,406.5,1.032381,0.6475,4.025,3.65,4.275,4,3,1,False,True,True,True,False,False,False,True,True,True,False
FIRE+FLOOD+AGRI+ARCTIC,BBAC,1383.8,386.75,1472.6,410.5,1.061409,0.6475,4.025,3.65,4.275,4,3,1,False,True,True,True,False,False,False,True,True,True,False
FIRE+FLOOD+AGRI+ARCTIC,BBBA,1403.0,397.0,1609.8,410.75,1.034635,0.6475,4.025,3.65,4.275,4,3,1,False,True,True,True,False,False,False,True,True,True,False
FIRE+FLOOD+AGRI+ARCTIC,BBBB,1380.0,390.0,1525.2,454.5,1.165385,0.6475,4.025,3.65,4.275,4,3,0,False,True,True,True,False,False,False,True,True,True,False
FIRE+FLOOD+AGRI+ARCTIC,BBBC,1370.8,383.0,1431.2,458.5,1.197128,0.6475,4.025,3.65,4.275,4,3,0,False,True,True,True,False,False,False,True,True,True,False
FIRE+FLOOD+AGRI+ARCTIC,BBCA,1397.8,393.25,1563.8,430.25,1.094088,0.6475,4.025,3.65,4.275,4,3,1,False,True,True,True,False,False,False,True,True,True,False
FIRE+FLOOD+AGRI+ARCTIC,BBCB,1374.8,386.25,1479.2,474.0,1.227184,0.6475,4.025,3.65,4.275,4,3,0,False,True,True,True,False,False,False,True,True,True,False
FIRE+FLOOD+AGRI+ARCTIC,BBCC,1365.6,379.25,1385.2,478.0,1.260382,0.6475,4.025,3.65,4.275,4,3,0,False,True,True,True,False,False,False,True,True,True,False
FIRE+FLOOD+AGRI+ARCTIC,BCAA,1409.2,396.25,1531.2,344.25,0.86877,0.6475,4.025,3.65,4.275,4,3,2,False,True,True,True,True,False,False,True,True,True,False
FIRE+FLOOD+AGRI+ARCTIC,BCAB,1386.2,389.25,1446.6,388.0,0.996789,0.6475,4.025,3.65,4.275,4,3,1,False,True,True,True,False,False,False,True,True,True,False
FIRE+FLOOD+AGRI+ARCTIC,BCAC,1377.0,382.25,1352.6,392.0,1.025507,0.6475,4.025,3.65,4.275,4,3,1,False,True,True,True,False,False,False,True,True,True,False
FIRE+FLOOD+AGRI+ARCTIC,BCBA,1396.2,392.5,1489.8,392.25,0.999363,0.6475,4.025,3.65,4.275,4,3,1,False,True,True,True,False,False,False,True,True,True,False
FIRE+FLOOD+AGRI+ARCTIC,BCBB,1373.2,385.5,1405.2,436.0,1.130999,0.6475,4.025,3.65,4.275,4,3,0,False,True,True,True,False,False,False,True,True,True,False
FIRE+FLOOD+AGRI+ARCTIC,BCBC,1364.0,378.5,1311.2,440.0,1.162483,0.6475,4.025,3.65,4.275,4,3,0,False,True,True,True,False,False,False,True,True,True,False
FIRE+FLOOD+AGRI+ARCTIC,BCCA,1391.0,388.75,1443.8,411.75,1.059164,0.6475,4.025,3.65,4.275,4,3,1,False,True,True,True,False,False,False,True,True,True,False
FIRE+FLOOD+AGRI+ARCTIC,BCCB,1368.0,381.75,1359.2,455.5,1.193189,0.6475,4.025,3.65,4.275,4,3,0,False,True,True,True,False,False,False,True,True,True,False
FIRE+FLOOD+AGRI+ARCTIC,BCCC,1358.8,374.75,1265.2,459.5,1.226151,0.6475,4.025,3.65,4.275,4,3,0,False,True,True,True,False,False,False,True,True,True,False
FIRE+FLOOD+AGRI+ARCTIC,CAAA,1426.6,401.0,1647.2,342.0,0.852868,0.6475,4.025,3.65,4.275,4,3,3,False,True,True,True,True,False,False,True,True,True,False
FIRE+FLOOD+AGRI+ARCTIC,CAAB,1403.6,394.0,1562.6,385.75,0.979061,0.6475,4.025,3.65,4.275,4,3,2,False,True,True,True,True,False,False,True,True,True,False
FIRE+FLOOD+AGRI+ARCTIC,CAAC,1394.4,387.0,1468.6,389.75,1.007106,0.6475,4.025,3.65,4.275,4,3,2,False,True,True,True,True,False,False,True,True,True,False
FIRE+FLOOD+AGRI+ARCTIC,CABA,1413.6,397.25,1605.8,390.0,0.98175,0.6475,4.025,3.65,4.275,4,3,2,False,True,True,True,True,False,False,True,True,True,False
FIRE+FLOOD+AGRI+ARCTIC,CABB,1390.6,390.25,1521.2,433.75,1.111467,0.6475,4.025,3.65,4.275,4,3,1,False,True,True,True,False,False,False,True,True,True,False
FIRE+FLOOD+AGRI+ARCTIC,CABC,1381.4,383.25,1427.2,437.75,1.142205,0.6475,4.025,3.65,4.275,4,3,1,False,True,True,True,False,False,False,True,True,True,False
FIRE+FLOOD+AGRI+ARCTIC,CACA,1408.4,393.5,1559.8,409.5,1.040661,0.6475,4.025,3.65,4.275,4,3,2,False,True,True,True,True,False,False,True,True,True,False
FIRE+FLOOD+AGRI+ARCTIC,CACB,1385.4,386.5,1475.2,453.25,1.172704,0.6475,4.025,3.65,4.275,4,3,1,False,True,True,True,False,False,False,True,True,True,False
FIRE+FLOOD+AGRI+ARCTIC,CACC,1376.2,379.5,1381.2,457.25,1.204875,0.6475,4.025,3.65,4.275,4,3,1,False,True,True,True,False,False,False,True,True,True,False
FIRE+FLOOD+AGRI+ARCTIC,CBAA,1409.6,396.5,1539.2,345.25,0.870744,0.6475,4.025,3.65,4.275,4,3,2,False,True,True,True,True,False,False,True,True,True,False
FIRE+FLOOD+AGRI+ARCTIC,CBAB,1386.6,389.5,1454.6,389.0,0.998716,0.6475,4.025,3.65,4.275,4,3,1,False,True,True,True,False,False,False,True,True,True,False
FIRE+FLOOD+AGRI+ARCTIC,CBAC,1377.4,382.5,1360.6,393.0,1.027451,0.6475,4.025,3.65,4.275,4,3,1,False,True,True,True,False,False,False,True,True,True,False
FIRE+FLOOD+AGRI+ARCTIC,CBBA,1396.6,392.75,1497.8,393.25,1.001273,0.6475,4.025,3.65,4.275,4,3,1,False,True,True,True,False,False,False,True,True,True,False
FIRE+FLOOD+AGRI+ARCTIC,CBBB,1373.6,385.75,1413.2,437.0,1.132858,0.6475,4.025,3.65,4.275,4,3,0,False,True,True,True,False,False,False,True,True,True,False
FIRE+FLOOD+AGRI+ARCTIC,CBBC,1364.4,378.75,1319.2,441.0,1.164356,0.6475,4.025,3.65,4.275,4,3,0,False,True,True,True,False,False,False,True,True,True,False
FIRE+FLOOD+AGRI+ARCTIC,CBCA,1391.4,389.0,1451.8,412.75,1.061054,0.6475,4.025,3.65,4.275,4,3,1,False,True,True,True,False,False,False,True,True,True,False
FIRE+FLOOD+AGRI+ARCTIC,CBCB,1368.4,382.0,1367.2,456.5,1.195026,0.6475,4.025,3.65,4.275,4,3,0,False,True,True,True,False,False,False,True,True,True,False
FIRE+FLOOD+AGRI+ARCTIC,CBCC,1359.2,375.0,1273.2,460.5,1.228,0.6475,4.025,3.65,4.275,4,3,0,False,True,True,True,False,False,False,True,True,True,False
FIRE+FLOOD+AGRI+ARCTIC,CCAA,1402.8,392.0,1419.2,326.75,0.833546,0.6475,4.025,3.65,4.275,4,3,2,False,True,True,True,True,False,False,True,True,True,False
FIRE+FLOOD+AGRI+ARCTIC,CCAB,1379.8,385.0,1334.6,370.5,0.962338,0.6475,4.025,3.65,4.275,4,3,1,False,True,True,True,False,False,False,True,True,True,False
FIRE+FLOOD+AGRI+ARCTIC,CCAC,1370.6,378.0,1240.6,374.5,0.990741,0.6475,4.025,3.65,4.275,4,3,1,False,True,True,True,False,False,False,True,True,True,False
FIRE+FLOOD+AGRI+ARCTIC,CCBA,1389.8,388.25,1377.8,374.75,0.965229,0.6475,4.025,3.65,4.275,4,3,1,False,True,True,True,False,False,False,True,True,True,False
FIRE+FLOOD+AGRI+ARCTIC,CCBB,1366.8,381.25,1293.2,418.5,1.097705,0.6475,4.025,3.65,4.275,4,3,0,False,True,True,True,False,False,False,True,True,True,False
FIRE+FLOOD+AGRI+ARCTIC,CCBC,1357.6,374.25,1199.2,422.5,1.128925,0.6475,4.025,3.65,4.275,4,3,0,False,True,True,True,False,False,False,True,True,True,False
FIRE+FLOOD+AGRI+ARCTIC,CCCA,1384.6,384.5,1331.8,394.25,1.025358,0.6475,4.025,3.65,4.275,4,3,1,False,True,True,True,False,False,False,True,True,True,False
FIRE+FLOOD+AGRI+ARCTIC,CCCB,1361.6,377.5,1247.2,438.0,1.160265,0.6475,4.025,3.65,4.275,4,3,0,False,True,True,True,False,False,False,True,True,True,False
FIRE+FLOOD+AGRI+ARCTIC,CCCC,1352.4,370.5,1153.2,442.0,1.192982,0.6475,4.025,3.65,4.275,4,3,0,False,True,True,True,False,False,False,True,True,True,False
FIRE+FLOOD+AGRI+TRANS,AAAA,1228.5,336.0,1610.0,308.75,0.918899,0.7025,4.425,4.05,4.55,4,2,4,True,True,True,True,True,True,True,True,True,True,False
FIRE+FLOOD+AGRI+TRANS,AAAB,1216.0,332.5,1570.4,342.5,1.030075,0.7025,4.425,4.05,4.55,4,2,3,True,True,True,True,True,True,True,True,True,True,False
FIRE+FLOOD+AGRI+TRANS,AAAC,1211.0,329.0,1526.4,350.5,1.06535,0.7025,4.425,4.05,4.55,4,2,3,True,True,True,True,True,True,True,True,True,True,False
FIRE+FLOOD+AGRI+TRANS,AABA,1215.5,332.25,1568.6,356.75,1.07374,0.7025,4.425,4.05,4.55,4,2,3,True,True,True,True,True,True,True,True,True,True,False
FIRE+FLOOD+AGRI+TRANS,AABB,1203.0,328.75,1529.0,390.5,1.187833,0.7025,4.425,4.05,4.55,4,2,2,True,True,True,True,True,True,True,True,True,True,False
FIRE+FLOOD+AGRI+TRANS,AABC,1198.0,325.25,1485.0,398.5,1.225211,0.7025,4.425,4.05,4.55,4,2,2,True,True,True,True,True,True,True,True,True,True,False
FIRE+FLOOD+AGRI+TRANS,AACA,1210.3,328.5,1522.6,376.25,1.145358,0.7025,4.425,4.05,4.55,4,2,3,True,True,True,True,True,True,True,True,True,True,False
FIRE+FLOOD+AGRI+TRANS,AACB,1197.8,325.0,1483.0,410.0,1.261538,0.7025,4.425,4.05,4.55,4,2,2,True,True,True,True,True,True,True,True,True,True,False
FIRE+FLOOD+AGRI+TRANS,AACC,1192.8,321.5,1439.0,418.0,1.300156,0.7025,4.425,4.05,4.55,4,2,2,True,True,True,True,True,True,True,True,True,True,False
FIRE+FLOOD+AGRI+TRANS,ABAA,1211.5,331.5,1502.0,312.0,0.941176,0.7025,4.425,4.05,4.55,4,2,3,True,True,True,True,True,True,True,True,True,True,False
FIRE+FLOOD+AGRI+TRANS,ABAB,1199.0,328.0,1462.4,345.75,1.054116,0.7025,4.425,4.05,4.55,4,2,2,True,True,True,True,True,True,True,True,True,True,False
FIRE+FLOOD+AGRI+TRANS,ABAC,1194.0,324.5,1418.4,353.75,1.090139,0.7025,4.425,4.05,4.55,4,2,2,True,True,True,True,True,True,True,True,True,True,False
FIRE+FLOOD+AGRI+TRANS,ABBA,1198.5,327.75,1460.6,360.0,1.098398,0.7025,4.425,4.05,4.55,4,2,2,True,True,True,True,True,True,True,True,True,True,False
FIRE+FLOOD+AGRI+TRANS,ABBB,1186.0,324.25,1421.0,393.75,1.214341,0.7025,4.425,4.05,4.55,4,2,1,False,True,True,True,False,True,True,True,True,True,False
FIRE+FLOOD+AGRI+TRANS,ABBC,1181.0,320.75,1377.0,401.75,1.252533,0.7025,4.425,4.05,4.55,4,2,1,False,True,True,True,False,True,True,True,True,True,False
FIRE+FLOOD+AGRI+TRANS,ABCA,1193.3,324.0,1414.6,379.5,1.171296,0.7025,4.425,4.05,4.55,4,2,2,True,True,True,True,True,True,True,True,True,True,False
FIRE+FLOOD+AGRI+TRANS,ABCB,1180.8,320.5,1375.0,413.25,1.289392,0.7025,4.425,4.05,4.55,4,2,1,False,True,True,True,False,True,True,True,True,True,False
FIRE+FLOOD+AGRI+TRANS,ABCC,1175.8,317.0,1331.0,421.25,1.328864,0.7025,4.425,4.05,4.55,4,2,1,False,True,True,True,False,True,True,True,True,True,False
FIRE+FLOOD+AGRI+TRANS,ACAA,1204.7,327.0,1382.0,293.5,0.897554,0.7025,4.425,4.05,4.55,4,2,3,True,True,True,True,True,True,True,True,True,True,False
FIRE+FLOOD+AGRI+TRANS,ACAB,1192.2,323.5,1342.4,327.25,1.011592,0.7025,4.425,4.05,4.55,4,2,2,True,True,True,True,True,True,True,True,True,True,False
FIRE+FLOOD+AGRI+TRANS,ACAC,1187.2,320.0,1298.4,335.25,1.047656,0.7025,4.425,4.05,4.55,4,2,2,True,True,True,True,True,True,True,True,True,True,False
FIRE+FLOOD+AGRI+TRANS,ACBA,1191.7,323.25,1340.6,341.5,1.056458,0.7025,4.425,4.05,4.55,4,2,2,True,True,True,True,True,True,True,True,True,True,False
FIRE+FLOOD+AGRI+TRANS,ACBB,1179.2,319.75,1301.0,375.25,1.173573,0.7025,4.425,4.05,4.55,4,2,1,False,True,True,True,False,True,True,True,True,True,False
FIRE+FLOOD+AGRI+TRANS,ACBC,1174.2,316.25,1257.0,383.25,1.211858,0.7025,4.425,4.05,4.55,4,2,1,False,True,True,True,False,True,True,True,True,True,False
FIRE+FLOOD+AGRI+TRANS,ACCA,1186.5,319.5,1294.6,361.0,1.12989,0.7025,4.425,4.05,4.55,4,2,2,True,True,True,True,True,True,True,True,True,True,False
FIRE+FLOOD+AGRI+TRANS,ACCB,1174.0,316.0,1255.0,394.75,1.249209,0.7025,4.425,4.05,4.55,4,2,1,False,True,True,True,False,True,True,True,True,True,False
FIRE+FLOOD+AGRI+TRANS,ACCC,1169.0,312.5,1211.0,402.75,1.2888,0.7025,4.425,4.05,4.55,4,2,1,False,True,True,True,False,True,True,True,True,True,False
FIRE+FLOOD+AGRI+TRANS,BAAA,1212.5,331.75,1509.2,309.5,0.932931,0.7025,4.425,4.05,4.55,4,2,3,True,True,True,True,True,True,True,True,True,True,False
FIRE+FLOOD+AGRI+TRANS,BAAB,1200.0,328.25,1469.6,343.25,1.045697,0.7025,4.425,4.05,4.55,4,2,2,True,True,True,True,True,True,True,True,True,True,False
FIRE+FLOOD+AGRI+TRANS,BAAC,1195.0,324.75,1425.6,351.25,1.081601,0.7025,4.425,4.05,4.55,4,2,2,True,True,True,True,True,True,True,True,True,True,False
FIRE+FLOOD+AGRI+TRANS,BABA,1199.5,328.0,1467.8,357.5,1.089939,0.7025,4.425,4.05,4.55,4,2,2,True,True,True,True,True,True,True,True,True,True,False
FIRE+FLOOD+AGRI+TRANS,BABB,1187.0,324.5,1428.2,391.25,1.205701,0.7025,4.425,4.05,4.55,4,2,1,False,True,True,True,False,True,True,True,True,True,False
FIRE+FLOOD+AGRI+TRANS,BABC,1182.0,321.0,1384.2,399.25,1.243769,0.7025,4.425,4.05,4.55,4,2,1,False,True,True,True,False,True,True,True,True,True,False
FIRE+FLOOD+AGRI+TRANS,BACA,1194.3,324.25,1421.8,377.0,1.162683,0.7025,4.425,4.05,4.55,4,2,2,True,True,True,True,True,True,True,True,True,True,False
FIRE+FLOOD+AGRI+TRANS,BACB,1181.8,320.75,1382.2,410.75,1.280592,0.7025,4.425,4.05,4.55,4,2,1,False,True,True,True,False,True,True,True,True,True,False
FIRE+FLOOD+AGRI+TRANS,BACC,1176.8,317.25,1338.2,418.75,1.319937,0.7025,4.425,4.05,4.55,4,2,1,False,True,True,True,False,True,True,True,True,True,False
FIRE+FLOOD+AGRI+TRANS,BBAA,1195.5,327.25,1401.2,312.75,0.955691,0.7025,4.425,4.05,4.55,4,2,2,True,True,True,True,True,True,True,True,True,True,False
FIRE+FLOOD+AGRI+TRANS,BBAB,1183.0,323.75,1361.6,346.5,1.07027,0.7025,4.425,4.05,4.55,4,2,1,False,True,True,True,False,True,True,True,True,True,False
FIRE+FLOOD+AGRI+TRANS,BBAC,1178.0,320.25,1317.6,354.5,1.106948,0.7025,4.425,4.05,4.55,4,2,1,False,True,True,True,False,True,True,True,True,True,False
FIRE+FLOOD+AGRI+TRANS,BBBA,1182.5,323.5,1359.8,360.75,1.115147,0.7025,4.425,4.05,4.55,4,2,1,False,True,True,True,False,True,True,True,True,True,False
FIRE+FLOOD+AGRI+TRANS,BBBB,1170.0,320.0,1320.2,394.5,1.232813,0.7025,4.425,4.05,4.55,4,2,0,False,True,True,True,False,True,True,True,True,True,False
FIRE+FLOOD+AGRI+TRANS,BBBC,1165.0,316.5,1276.2,402.5,1.271722,0.7025,4.425,4.05,4.55,4,2,0,False,True,True,True,False,True,True,True,True,True,False
FIRE+FLOOD+AGRI+TRANS,BBCA,1177.3,319.75,1313.8,380.25,1.18921,0.7025,4.425,4.05,4.55,4,2,1,False,True,True,True,False,True,True,True,True,True,False
FIRE+FLOOD+AGRI+TRANS,BBCB,1164.8,316.25,1274.2,414.0,1.309091,0.7025,4.425,4.05,4.55,4,2,0,False,True,True,True,False,True,True,True,True,True,False
FIRE+FLOOD+AGRI+TRANS,BBCC,1159.8,312.75,1230.2,422.0,1.349321,0.7025,4.425,4.05,4.55,4,2,0,False,True,True,True,False,True,True,True,True,True,False
FIRE+FLOOD+AGRI+TRANS,BCAA,1188.7,322.75,1281.2,294.25,0.911696,0.7025,4.425,4.05,4.55,4,2,2,True,True,True,True,True,True,True,True,True,True,False
FIRE+FLOOD+AGRI+TRANS,BCAB,1176.2,319.25,1241.6,328.0,1.027408,0.7025,4.425,4.05,4.55,4,2,1,False,True,True,True,False,True,True,True,True,True,False
FIRE+FLOOD+AGRI+TRANS,BCAC,1171.2,315.75,1197.6,336.0,1.064133,0.7025,4.425,4.05,4.55,4,2,1,False,True,True,True,False,True,True,True,True,True,False
FIRE+FLOOD+AGRI+TRANS,BCBA,1175.7,319.0,1239.8,342.25,1.072884,0.7025,4.425,4.05,4.55,4,2,1,False,True,True,True,False,True,True,True,True,True,False
FIRE+FLOOD+AGRI+TRANS,BCBB,1163.2,315.5,1200.2,376.0,1.191759,0.7025,4.425,4.05,4.55,4,2,0,False,True,True,True,False,True,True,True,True,True,False
FIRE+FLOOD+AGRI+TRANS,BCBC,1158.2,312.0,1156.2,384.0,1.230769,0.7025,4.425,4.05,4.55,4,2,0,False,True,True,True,False,True,True,True,True,True,False
FIRE+FLOOD+AGRI+TRANS,BCCA,1170.5,315.25,1193.8,361.75,1.147502,0.7025,4.425,4.05,4.55,4,2,1,False,True,True,True,False,True,True,True,True,True,False
FIRE+FLOOD+AGRI+TRANS,BCCB,1158.0,311.75,1154.2,395.5,1.268645,0.7025,4.425,4.05,4.55,4,2,0,False,True,True,True,False,True,True,True,True,True,False
FIRE+FLOOD+AGRI+TRANS,BCCC,1153.0,308.25,1110.2,403.5,1.309002,0.7025,4.425,4.05,4.55,4,2,0,False,True,True,True,False,True,True,True,True,True,False
FIRE+FLOOD+AGRI+TRANS,CAAA,1206.1,327.5,1397.2,292.0,0.891603,0.7025,4.425,4.05,4.55,4,2,3,True,True,True,True,True,True,True,True,True,True,False
FIRE+FLOOD+AGRI+TRANS,CAAB,1193.6,324.0,1357.6,325.75,1.005401,0.7025,4.425,4.05,4.55,4,2,2,True,True,True,True,True,True,True,True,True,True,False
FIRE+FLOOD+AGRI+TRANS,CAAC,1188.6,320.5,1313.6,333.75,1.041342,0.7025,4.425,4.05,4.55,4,2,2,True,True,True,True,True,True,True,True,True,True,False
FIRE+FLOOD+AGRI+TRANS,CABA,1193.1,323.75,1355.8,340.0,1.050193,0.7025,4.425,4.05,4.55,4,2,2,True,True,True,True,True,True,True,True,True,True,False
FIRE+FLOOD+AGRI+TRANS,CABB,1180.6,320.25,1316.2,373.75,1.167057,0.7025,4.425,4.05,4.55,4,2,1,False,True,True,True,False,True,True,True,True,True,False
FIRE+FLOOD+AGRI+TRANS,CABC,1175.6,316.75,1272.2,381.75,1.205209,0.7025,4.425,4.05,4.55,4,2,1,False,True,True,True,False,True,True,True,True,True,False
FIRE+FLOOD+AGRI+TRANS,CACA,1187.9,320.0,1309.8,359.5,1.123438,0.7025,4.425,4.05,4.55,4,2,2,True,True,True,True,True,True,True,True,True,True,False
FIRE+FLOOD+AGRI+TRANS,CACB,1175.4,316.5,1270.2,393.25,1.242496,0.7025,4.425,4.05,4.55,4,2,1,False,True,True,True,False,True,True,True,True,True,False
FIRE+FLOOD+AGRI+TRANS,CACC,1170.4,313.0,1226.2,401.25,1.281949,0.7025,4.425,4.05,4.55,4,2,1,False,True,True,True,False,True,True,True,True,True,False
FIRE+FLOOD+AGRI+TRANS,CBAA,1189.1,323.0,1289.2,295.25,0.914087,0.7025,4.425,4.05,4.55,4,2,2,True,True,True,True,True,True,True,True,True,True,False
FIRE+FLOOD+AGRI+TRANS,CBAB,1176.6,319.5,1249.6,329.0,1.029734,0.7025,4.425,4.05,4.55,4,2,1,False,True,True,True,False,True,True,True,True,True,False
FIRE+FLOOD+AGRI+TRANS,CBAC,1171.6,316.0,1205.6,337.0,1.066456,0.7025,4.425,4.05,4.55,4,2,1,False,True,True,True,False,True,True,True,True,True,False
FIRE+FLOOD+AGRI+TRANS,CBBA,1176.1,319.25,1247.8,343.25,1.075176,0.7025,4.425,4.05,4.55,4,2,1,False,True,True,True,False,True,True,True,True,True,False
FIRE+FLOOD+AGRI+TRANS,CBBB,1163.6,315.75,1208.2,377.0,1.193983,0.7025,4.425,4.05,4.55,4,2,0,False,True,True,True,False,True,True,True,True,True,False
FIRE+FLOOD+AGRI+TRANS,CBBC,1158.6,312.25,1164.2,385.0,1.232986,0.7025,4.425,4.05,4.55,4,2,0,False,True,True,True,False,True,True,True,True,True,False
FIRE+FLOOD+AGRI+TRANS,CBCA,1170.9,315.5,1201.8,362.75,1.149762,0.7025,4.425,4.05,4.55,4,2,1,False,True,True,True,False,True,True,True,True,True,False
FIRE+FLOOD+AGRI+TRANS,CBCB,1158.4,312.0,1162.2,396.5,1.270833,0.7025,4.425,4.05,4.55,4,2,0,False,True,True,True,False,True,True,True,True,True,False
FIRE+FLOOD+AGRI+TRANS,CBCC,1153.4,308.5,1118.2,404.5,1.311183,0.7025,4.425,4.05,4.55,4,2,0,False,True,True,True,False,True,True,True,True,True,False
FIRE+FLOOD+AGRI+TRANS,CCAA,1182.3,318.5,1169.2,276.75,0.868917,0.7025,4.425,4.05,4.55,4,2,2,True,True,True,True,True,True,True,True,True,True,False
FIRE+FLOOD+AGRI+TRANS,CCAB,1169.8,315.0,1129.6,310.5,0.985714,0.7025,4.425,4.05,4.55,4,2,1,False,True,True,True,False,True,True,True,True,True,False
FIRE+FLOOD+AGRI+TRANS,CCAC,1164.8,311.5,1085.6,318.5,1.022472,0.7025,4.425,4.05,4.55,4,2,1,False,True,True,True,False,True,True,True,True,True,False
FIRE+FLOOD+AGRI+TRANS,CCBA,1169.3,314.75,1127.8,324.75,1.031771,0.7025,4.425,4.05,4.55,4,2,1,False,True,True,True,False,True,True,True,True,True,False
FIRE+FLOOD+AGRI+TRANS,CCBB,1156.8,311.25,1088.2,358.5,1.151807,0.7025,4.425,4.05,4.55,4,2,0,False,True,True,True,False,True,True,True,True,True,False
FIRE+FLOOD+AGRI+TRANS,CCBC,1151.8,307.75,1044.2,366.5,1.190902,0.7025,4.425,4.05,4.55,4,2,0,False,True,True,True,False,True,True,True,True,True,False
FIRE+FLOOD+AGRI+TRANS,CCCA,1164.1,311.0,1081.8,344.25,1.106913,0.7025,4.425,4.05,4.55,4,2,1,False,True,True,True,False,True,True,True,True,True,False
FIRE+FLOOD+AGRI+TRANS,CCCB,1151.6,307.5,1042.2,378.0,1.229268,0.7025,4.425,4.05,4.55,4,2,0,False,True,True,True,False,True,True,True,True,True,False
FIRE+FLOOD+AGRI+TRANS,CCCC,1146.6,304.0,998.2,386.0,1.269737,0.7025,4.425,4.05,4.55,4,2,0,False,True,True,True,False,True,True,False,True,True,False
FIRE+FLOOD+AGRI+ENV,AAAA,1260.0,341.25,1750.0,316.25,0.92674,0.6925,4.325,4.0,4.55,4,2,4,True,True,True,True,True,True,True,True,True,True,False
FIRE+FLOOD+AGRI+ENV,AAAB,1246.0,337.5,1685.2,343.5,1.017778,0.6925,4.325,4.0,4.55,4,2,3,True,True,True,True,True,True,True,True,True,True,False
FIRE+FLOOD+AGRI+ENV,AAAC,1240.4,333.75,1613.2,345.5,1.035206,0.6925,4.325,4.0,4.55,4,2,3,True,True,True,True,True,True,True,True,True,True,False
FIRE+FLOOD+AGRI+ENV,AABA,1247.0,337.5,1708.6,364.25,1.079259,0.6925,4.325,4.0,4.55,4,2,3,True,True,True,True,True,True,True,True,True,True,False
FIRE+FLOOD+AGRI+ENV,AABB,1233.0,333.75,1643.8,391.5,1.173034,0.6925,4.325,4.0,4.55,4,2,2,True,True,True,True,True,True,True,True,True,True,False
FIRE+FLOOD+AGRI+ENV,AABC,1227.4,330.0,1571.8,393.5,1.192424,0.6925,4.325,4.0,4.55,4,2,2,True,True,True,True,True,True,True,True,True,True,False
FIRE+FLOOD+AGRI+ENV,AACA,1241.8,333.75,1662.6,383.75,1.149813,0.6925,4.325,4.0,4.55,4,2,3,True,True,True,True,True,True,True,True,True,True,False
FIRE+FLOOD+AGRI+ENV,AACB,1227.8,330.0,1597.8,411.0,1.245455,0.6925,4.325,4.0,4.55,4,2,2,True,True,True,True,True,True,True,True,True,True,False
FIRE+FLOOD+AGRI+ENV,AACC,1222.2,326.25,1525.8,413.0,1.2659,0.6925,4.325,4.0,4.55,4,2,2,True,True,True,True,True,True,True,True,True,True,False
FIRE+FLOOD+AGRI+ENV,ABAA,1243.0,336.75,1642.0,319.5,0.948775,0.6925,4.325,4.0,4.55,4,2,3,True,True,True,True,True,True,True,True,True,True,False
FIRE+FLOOD+AGRI+ENV,ABAB,1229.0,333.0,1577.2,346.75,1.041291,0.6925,4.325,4.0,4.55,4,2,2,True,True,True,True,True,True,True,True,True,True,False
FIRE+FLOOD+AGRI+ENV,ABAC,1223.4,329.25,1505.2,348.75,1.059226,0.6925,4.325,4.0,4.55,4,2,2,True,True,True,True,True,True,True,True,True,True,False
FIRE+FLOOD+AGRI+ENV,ABBA,1230.0,333.0,1600.6,367.5,1.103604,0.6925,4.325,4.0,4.55,4,2,2,True,True,True,True,True,True,True,True,True,True,False
FIRE+FLOOD+AGRI+ENV,ABBB,1216.0,329.25,1535.8,394.75,1.198937,0.6925,4.325,4.0,4.55,4,2,1,False,True,True,True,False,True,True,True,True,True,False
FIRE+FLOOD+AGRI+ENV,ABBC,1210.4,325.5,1463.8,396.75,1.218894,0.6925,4.325,4.0,4.55,4,2,1,False,True,True,True,False,True,True,True,True,True,False
FIRE+FLOOD+AGRI+ENV,ABCA,1224.8,329.25,1554.6,387.0,1.175399,0.6925,4.325,4.0,4.55,4,2,2,True,True,True,True,True,True,True,True,True,True,False
FIRE+FLOOD+AGRI+ENV,ABCB,1210.8,325.5,1489.8,414.25,1.272657,0.6925,4.325,4.0,4.55,4,2,1,False,True,True,True,False,True,True,True,True,True,False
FIRE+FLOOD+AGRI+ENV,ABCC,1205.2,321.75,1417.8,416.25,1.293706,0.6925,4.325,4.0,4.55,4,2,1,False,True,True,True,False,True,True,True,True,True,False
FIRE+FLOOD+AGRI+ENV,ACAA,1236.2,332.25,1522.0,301.0,0.905944,0.6925,4.325,4.0,4.55,4,2,3,True,True,True,True,True,True,True,True,True,True,False
FIRE+FLOOD+AGRI+ENV,ACAB,1222.2,328.5,1457.2,328.25,0.999239,0.6925,4.325,4.0,4.55,4,2,2,True,True,True,True,True,True,True,True,True,True,False
FIRE+FLOOD+AGRI+ENV,ACAC,1216.6,324.75,1385.2,330.25,1.016936,0.6925,4.325,4.0,4.55,4,2,2,True,True,True,True,True,True,True,True,True,True,False
FIRE+FLOOD+AGRI+ENV,ACBA,1223.2,328.5,1480.6,349.0,1.062405,0.6925,4.325,4.0,4.55,4,2,2,True,True,True,True,True,True,True,True,True,True,False
FIRE+FLOOD+AGRI+ENV,ACBB,1209.2,324.75,1415.8,376.25,1.158584,0.6925,4.325,4.0,4.55,4,2,1,False,True,True,True,False,True,True,True,True,True,False
FIRE+FLOOD+AGRI+ENV,ACBC,1203.6,321.0,1343.8,378.25,1.178349,0.6925,4.325,4.0,4.55,4,2,1,False,True,True,True,False,True,True,True,True,True,False
FIRE+FLOOD+AGRI+ENV,ACCA,1218.0,324.75,1434.6,368.5,1.134719,0.6925,4.325,4.0,4.55,4,2,2,True,True,True,True,True,True,True,True,True,True,False
FIRE+FLOOD+AGRI+ENV,ACCB,1204.0,321.0,1369.8,395.75,1.232866,0.6925,4.325,4.0,4.55,4,2,1,False,True,True,True,False,True,True,True,True,True,False
FIRE+FLOOD+AGRI+ENV,ACCC,1198.4,317.25,1297.8,397.75,1.253743,0.6925,4.325,4.0,4.55,4,2,1,False,True,True,True,False,True,True,True,True,True,False
FIRE+FLOOD+AGRI+ENV,BAAA,1244.0,337.0,1649.2,317.0,0.940653,0.6925,4.325,4.0,4.55,4,2,3,True,True,True,True,True,True,True,True,True,True,False
FIRE+FLOOD+AGRI+ENV,BAAB,1230.0,333.25,1584.4,344.25,1.033008,0.6925,4.325,4.0,4.55,4,2,2,True,True,True,True,True,True,True,True,True,True,False
FIRE+FLOOD+AGRI+ENV,BAAC,1224.4,329.5,1512.4,346.25,1.050835,0.6925,4.325,4.0,4.55,4,2,2,True,True,True,True,True,True,True,True,True,True,False
FIRE+FLOOD+AGRI+ENV,BABA,1231.0,333.25,1607.8,365.0,1.095274,0.6925,4.325,4.0,4.55,4,2,2,True,True,True,True,True,True,True,True,True,True,False
FIRE+FLOOD+AGRI+ENV,BABB,1217.0,329.5,1543.0,392.25,1.19044,0.6925,4.325,4.0,4.55,4,2,1,False,True,True,True,False,True,True,True,True,True,False
FIRE+FLOOD+AGRI+ENV,BABC,1211.4,325.75,1471.0,394.25,1.210284,0.6925,4.325,4.0,4.55,4,2,1,False,True,True,True,False,True,True,True,True,True,False
FIRE+FLOOD+AGRI+ENV,BACA,1225.8,329.5,1561.8,384.5,1.16692,0.6925,4.325,4.0,4.55,4,2,2,True,True,True,True,True,True,True,True,True,True,False
FIRE+FLOOD+AGRI+ENV,BACB,1211.8,325.75,1497.0,411.75,1.264006,0.6925,4.325,4.0,4.55,4,2,1,False,True,True,True,False,True,True,True,True,True,False
FIRE+FLOOD+AGRI+ENV,BACC,1206.2,322.0,1425.0,413.75,1.284938,0.6925,4.325,4.0,4.55,4,2,1,False,True,True,True,False,True,True,True,True,True,False
FIRE+FLOOD+AGRI+ENV,BBAA,1227.0,332.5,1541.2,320.25,0.963158,0.6925,4.325,4.0,4.55,4,2,2,True,True,True,True,True,True,True,True,True,True,False
FIRE+FLOOD+AGRI+ENV,BBAB,1213.0,328.75,1476.4,347.5,1.057034,0.6925,4.325,4.0,4.55,4,2,1,False,True,True,True,False,True,True,True,True,True,False
FIRE+FLOOD+AGRI+ENV,BBAC,1207.4,325.0,1404.4,349.5,1.075385,0.6925,4.325,4.0,4.55,4,2,1,False,True,True,True,False,True,True,True,True,True,False
FIRE+FLOOD+AGRI+ENV,BBBA,1214.0,328.75,1499.8,368.25,1.120152,0.6925,4.325,4.0,4.55,4,2,1,False,True,True,True,False,True,True,True,True,True,False
FIRE+FLOOD+AGRI+ENV,BBBB,1200.0,325.0,1435.0,395.5,1.216923,0.6925,4.325,4.0,4.55,4,2,0,False,True,True,True,False,True,True,True,True,True,False
FIRE+FLOOD+AGRI+ENV,BBBC,1194.4,321.25,1363.0,397.5,1.237354,0.6925,4.325,4.0,4.55,4,2,0,False,True,True,True,False,True,True,True,True,True,False
FIRE+FLOOD+AGRI+ENV,BBCA,1208.8,325.0,1453.8,387.75,1.193077,0.6925,4.325,4.0,4.55,4,2,1,False,True,True,True,False,True,True,True,True,True,False
FIRE+FLOOD+AGRI+ENV,BBCB,1194.8,321.25,1389.0,415.0,1.291829,0.6925,4.325,4.0,4.55,4,2,0,False,True,True,True,False,True,True,True,True,True,False
FIRE+FLOOD+AGRI+ENV,BBCC,1189.2,317.5,1317.0,417.0,1.313386,0.6925,4.325,4.0,4.55,4,2,0,False,True,True,True,False,True,True,True,True,True,False
FIRE+FLOOD+AGRI+ENV,BCAA,1220.2,328.0,1421.2,301.75,0.91997,0.6925,4.325,4.0,4.55,4,2,2,True,True,True,True,True,True,True,True,True,True,False
FIRE+FLOOD+AGRI+ENV,BCAB,1206.2,324.25,1356.4,329.0,1.014649,0.6925,4.325,4.0,4.55,4,2,1,False,True,True,True,False,True,True,True,True,True,False
FIRE+FLOOD+AGRI+ENV,BCAC,1200.6,320.5,1284.4,331.0,1.032761,0.6925,4.325,4.0,4.55,4,2,1,False,True,True,True,False,True,True,True,True,True,False
FIRE+FLOOD+AGRI+ENV,BCBA,1207.2,324.25,1379.8,349.75,1.078643,0.6925,4.325,4.0,4.55,4,2,1,False,True,True,True,False,True,True,True,True,True,False
FIRE+FLOOD+AGRI+ENV,BCBB,1193.2,320.5,1315.0,377.0,1.176287,0.6925,4.325,4.0,4.55,4,2,0,False,True,True,True,False,True,True,True,True,True,False
FIRE+FLOOD+AGRI+ENV,BCBC,1187.6,316.75,1243.0,379.0,1.196527,0.6925,4.325,4.0,4.55,4,2,0,False,True,True,True,False,True,True,True,True,True,False
FIRE+FLOOD+AGRI+ENV,BCCA,1202.0,320.5,1333.8,369.25,1.152106,0.6925,4.325,4.0,4.55,4,2,1,False,True,True,True,False,True,True,True,True,True,False
FIRE+FLOOD+AGRI+ENV,BCCB,1188.0,316.75,1269.0,396.5,1.251776,0.6925,4.325,4.0,4.55,4,2,0,False,True,True,True,False,True,True,True,True,True,False
FIRE+FLOOD+AGRI+ENV,BCCC,1182.4,313.0,1197.0,398.5,1.273163,0.6925,4.325,4.0,4.55,4,2,0,False,True,True,True,False,True,True,True,True,True,False
FIRE+FLOOD+AGRI+ENV,CAAA,1237.6,332.75,1537.2,299.5,0.900075,0.6925,4.325,4.0,4.55,4,2,3,True,True,True,True,True,True,True,True,True,True,False
FIRE+FLOOD+AGRI+ENV,CAAB,1223.6,329.0,1472.4,326.75,0.993161,0.6925,4.325,4.0,4.55,4,2,2,True,True,True,True,True,True,True,True,True,True,False
FIRE+FLOOD+AGRI+ENV,CAAC,1218.0,325.25,1400.4,328.75,1.010761,0.6925,4.325,4.0,4.55,4,2,2,True,True,True,True,True,True,True,True,True,True,False
FIRE+FLOOD+AGRI+ENV,CABA,1224.6,329.0,1495.8,347.5,1.056231,0.6925,4.325,4.0,4.55,4,2,2,True,True,True,True,True,True,True,True,True,True,False
FIRE+FLOOD+AGRI+ENV,CABB,1210.6,325.25,1431.0,374.75,1.152191,0.6925,4.325,4.0,4.55,4,2,1,False,True,True,True,False,True,True,True,True,True,False
FIRE+FLOOD+AGRI+ENV,CABC,1205.0,321.5,1359.0,376.75,1.171851,0.6925,4.325,4.0,4.55,4,2,1,False,True,True,True,False,True,True,True,True,True,False
FIRE+FLOOD+AGRI+ENV,CACA,1219.4,325.25,1449.8,367.0,1.128363,0.6925,4.325,4.0,4.55,4,2,2,True,True,True,True,True,True,True,True,True,True,False
FIRE+FLOOD+AGRI+ENV,CACB,1205.4,321.5,1385.0,394.25,1.226283,0.6925,4.325,4.0,4.55,4,2,1,False,True,True,True,False,True,True,True,True,True,False
FIRE+FLOOD+AGRI+ENV,CACC,1199.8,317.75,1313.0,396.25,1.24705,0.6925,4.325,4.0,4.55,4,2,1,False,True,True,True,False,True,True,True,True,True,False
FIRE+FLOOD+AGRI+ENV,CBAA,1220.6,328.25,1429.2,302.75,0.922315,0.6925,4.325,4.0,4.55,4,2,2,True,True,True,True,True,True,True,True,True,True,False
FIRE+FLOOD+AGRI+ENV,CBAB,1206.6,324.5,1364.4,330.0,1.016949,0.6925,4.325,4.0,4.55,4,2,1,False,True,True,True,False,True,True,True,True,True,False
FIRE+FLOOD+AGRI+ENV,CBAC,1201.0,320.75,1292.4,332.0,1.035074,0.6925,4.325,4.0,4.55,4,2,1,False,True,True,True,False,True,True,True,True,True,False
FIRE+FLOOD+AGRI+ENV,CBBA,1207.6,324.5,1387.8,350.75,1.080894,0.6925,4.325,4.0,4.55,4,2,1,False,True,True,True,False,True,True,True,True,True,False
FIRE+FLOOD+AGRI+ENV,CBBB,1193.6,320.75,1323.0,378.0,1.178488,0.6925,4.325,4.0,4.55,4,2,0,False,True,True,True,False,True,True,True,True,True,False
FIRE+FLOOD+AGRI+ENV,CBBC,1188.0,317.0,1251.0,380.0,1.198738,0.6925,4.325,4.0,4.55,4,2,0,False,True,True,True,False,True,True,True,True,True,False
FIRE+FLOOD+AGRI+ENV,CBCA,1202.4,320.75,1341.8,370.25,1.154326,0.6925,4.325,4.0,4.55,4,2,1,False,True,True,True,False,True,True,True,True,True,False
FIRE+FLOOD+AGRI+ENV,CBCB,1188.4,317.0,1277.0,397.5,1.253943,0.6925,4.325,4.0,4.55,4,2,0,False,True,True,True,False,True,True,True,True,True,False
FIRE+FLOOD+AGRI+ENV,CBCC,1182.8,313.25,1205.0,399.5,1.275339,0.6925,4.325,4.0,4.55,4,2,0,False,True,True,True,False,True,True,True,True,True,False
FIRE+FLOOD+AGRI+ENV,CCAA,1213.8,323.75,1309.2,284.25,0.877992,0.6925,4.325,4.0,4.55,4,2,2,True,True,True,True,True,True,True,True,True,True,False
FIRE+FLOOD+AGRI+ENV,CCAB,1199.8,320.0,1244.4,311.5,0.973437,0.6925,4.325,4.0,4.55,4,2,1,False,True,True,True,False,True,True,True,True,True,False
FIRE+FLOOD+AGRI+ENV,CCAC,1194.2,316.25,1172.4,313.5,0.991304,0.6925,4.325,4.0,4.55,4,2,1,False,True,True,True,False,True,True,True,True,True,False
FIRE+FLOOD+AGRI+ENV,CCBA,1200.8,320.0,1267.8,332.25,1.038281,0.6925,4.325,4.0,4.55,4,2,1,False,True,True,True,False,True,True,True,True,True,False
FIRE+FLOOD+AGRI+ENV,CCBB,1186.8,316.25,1203.0,359.5,1.136759,0.6925,4.325,4.0,4.55,4,2,0,False,True,True,True,False,True,True,True,True,True,False
FIRE+FLOOD+AGRI+ENV,CCBC,1181.2,312.5,1131.0,361.5,1.1568,0.6925,4.325,4.0,4.55,4,2,0,False,True,True,True,False,True,True,True,True,True,False
FIRE+FLOOD+AGRI+ENV,CCCA,1195.6,316.25,1221.8,351.75,1.112253,0.6925,4.325,4.0,4.55,4,2,1,False,True,True,True,False,True,True,True,True,True,False
FIRE+FLOOD+AGRI+ENV,CCCB,1181.6,312.5,1157.0,379.0,1.2128,0.6925,4.325,4.0,4.55,4,2,0,False,True,True,True,False,True,True,True,True,True,False
FIRE+FLOOD+AGRI+ENV,CCCC,1176.0,308.75,1085.0,381.0,1.234008,0.6925,4.325,4.0,4.55,4,2,0,False,True,True,True,False,True,True,True,True,True,False
FIRE+FLOOD+AGRI+SSA,AAAA,1312.5,362.25,1730.0,330.0,0.910973,0.67,4.125,3.725,4.6,3,3,4,False,True,True,True,True,False,False,True,True,True,False
FIRE+FLOOD+AGRI+SSA,AAAB,1296.0,357.5,1668.8,362.0,1.012587,0.67,4.125,3.725,4.6,3,3,3,True,True,True,True,True,True,True,True,True,True,False
FIRE+FLOOD+AGRI+SSA,AAAC,1289.4,352.75,1600.8,364.25,1.032601,0.67,4.125,3.725,4.6,3,3,3,True,True,True,True,True,True,True,True,True,True,False
FIRE+FLOOD+AGRI+SSA,AABA,1299.5,358.5,1688.6,378.0,1.054393,0.67,4.125,3.725,4.6,3,3,3,True,True,True,True,True,True,True,True,True,True,False
FIRE+FLOOD+AGRI+SSA,AABB,1283.0,353.75,1627.4,410.0,1.159011,0.67,4.125,3.725,4.6,3,3,2,True,True,True,True,True,True,True,True,True,True,False
FIRE+FLOOD+AGRI+SSA,AABC,1276.4,349.0,1559.4,412.25,1.181232,0.67,4.125,3.725,4.6,3,3,2,True,True,True,True,True,True,True,True,True,True,False
FIRE+FLOOD+AGRI+SSA,AACA,1294.3,354.75,1642.6,397.5,1.120507,0.67,4.125,3.725,4.6,3,3,3,True,True,True,True,True,True,True,True,True,True,False
FIRE+FLOOD+AGRI+SSA,AACB,1277.8,350.0,1581.4,429.5,1.227143,0.67,4.125,3.725,4.6,3,3,2,True,True,True,True,True,True,True,True,True,True,False
FIRE+FLOOD+AGRI+SSA,AACC,1271.2,345.25,1513.4,431.75,1.250543,0.67,4.125,3.725,4.6,3,3,2,True,True,True,True,True,True,True,True,True,True,False
FIRE+FLOOD+AGRI+SSA,ABAA,1295.5,357.75,1622.0,333.25,0.931516,0.67,4.125,3.725,4.6,3,3,3,True,True,True,True,True,True,True,True,True,True,False
FIRE+FLOOD+AGRI+SSA,ABAB,1279.0,353.0,1560.8,365.25,1.034703,0.67,4.125,3.725,4.6,3,3,2,True,True,True,True,True,True,True,True,True,True,False
FIRE+FLOOD+AGRI+SSA,ABAC,1272.4,348.25,1492.8,367.5,1.055276,0.67,4.125,3.725,4.6,3,3,2,True,True,True,True,True,True,True,True,True,True,False
FIRE+FLOOD+AGRI+SSA,ABBA,1282.5,354.0,1580.6,381.25,1.076977,0.67,4.125,3.725,4.6,3,3,2,True,True,True,True,True,True,True,True,True,True,False
FIRE+FLOOD+AGRI+SSA,ABBB,1266.0,349.25,1519.4,413.25,1.18325,0.67,4.125,3.725,4.6,3,3,1,False,True,True,True,False,True,True,True,True,True,False
FIRE+FLOOD+AGRI+SSA,ABBC,1259.4,344.5,1451.4,415.5,1.206096,0.67,4.125,3.725,4.6,3,3,1,False,True,True,True,False,True,True,True,True,True,False
FIRE+FLOOD+AGRI+SSA,ABCA,1277.3,350.25,1534.6,400.75,1.144183,0.67,4.125,3.725,4.6,3,3,2,True,True,True,True,True,True,True,True,True,True,False
FIRE+FLOOD+AGRI+SSA,ABCB,1260.8,345.5,1473.4,432.75,1.252533,0.67,4.125,3.725,4.6,3,3,1,False,True,True,True,False,True,True,True,True,True,False
FIRE+FLOOD+AGRI+SSA,ABCC,1254.2,340.75,1405.4,435.0,1.276596,0.67,4.125,3.725,4.6,3,3,1,False,True,True,True,False,True,True,True,True,True,False
FIRE+FLOOD+AGRI+SSA,ACAA,1288.7,353.25,1502.0,314.75,0.891012,0.67,4.125,3.725,4.6,3,3,3,True,True,True,True,True,True,True,True,True,True,False
FIRE+FLOOD+AGRI+SSA,ACAB,1272.2,348.5,1440.8,346.75,0.994978,0.67,4.125,3.725,4.6,3,3,2,True,True,True,True,True,True,True,True,True,True,False
FIRE+FLOOD+AGRI+SSA,ACAC,1265.6,343.75,1372.8,349.0,1.015273,0.67,4.125,3.725,4.6,3,3,2,True,True,True,True,True,True,True,True,True,True,False
FIRE+FLOOD+AGRI+SSA,ACBA,1275.7,349.5,1460.6,362.75,1.037911,0.67,4.125,3.725,4.6,3,3,2,True,True,True,True,True,True,True,True,True,True,False
FIRE+FLOOD+AGRI+SSA,ACBB,1259.2,344.75,1399.4,394.75,1.145033,0.67,4.125,3.725,4.6,3,3,1,False,True,True,True,False,True,True,True,True,True,False
FIRE+FLOOD+AGRI+SSA,ACBC,1252.6,340.0,1331.4,397.0,1.167647,0.67,4.125,3.725,4.6,3,3,1,False,True,True,True,False,True,True,True,True,True,False
FIRE+FLOOD+AGRI+SSA,ACCA,1270.5,345.75,1414.6,382.25,1.105568,0.67,4.125,3.725,4.6,3,3,2,True,True,True,True,True,True,True,True,True,True,False
FIRE+FLOOD+AGRI+SSA,ACCB,1254.0,341.0,1353.4,414.25,1.214809,0.67,4.125,3.725,4.6,3,3,1,False,True,True,True,False,True,True,True,True,True,False
FIRE+FLOOD+AGRI+SSA,ACCC,1247.4,336.25,1285.4,416.5,1.238662,0.67,4.125,3.725,4.6,3,3,1,False,True,True,True,False,True,True,True,True,True,False
FIRE+FLOOD+AGRI+SSA,BAAA,1296.5,358.0,1629.2,330.75,0.923883,0.67,4.125,3.725,4.6,3,3,3,True,True,True,True,True,True,True,True,True,True,False
FIRE+FLOOD+AGRI+SSA,BAAB,1280.0,353.25,1568.0,362.75,1.026893,0.67,4.125,3.725,4.6,3,3,2,True,True,True,True,True,True,True,True,True,True,False
FIRE+FLOOD+AGRI+SSA,BAAC,1273.4,348.5,1500.0,365.0,1.047346,0.67,4.125,3.725,4.6,3,3,2,True,True,True,True,True,True,True,True,True,True,False
FIRE+FLOOD+AGRI+SSA,BABA,1283.5,354.25,1587.8,378.75,1.06916,0.67,4.125,3.725,4.6,3,3,2,True,True,True,True,True,True,True,True,True,True,False
FIRE+FLOOD+AGRI+SSA,BABB,1267.0,349.5,1526.6,410.75,1.17525,0.67,4.125,3.725,4.6,3,3,1,False,True,True,True,False,True,True,True,True,True,False
FIRE+FLOOD+AGRI+SSA,BABC,1260.4,344.75,1458.6,413.0,1.19797,0.67,4.125,3.725,4.6,3,3,1,False,True,True,True,False,True,True,True,True,True,False
FIRE+FLOOD+AGRI+SSA,BACA,1278.3,350.5,1541.8,398.25,1.136234,0.67,4.125,3.725,4.6,3,3,2,True,True,True,True,True,True,True,True,True,True,False
FIRE+FLOOD+AGRI+SSA,BACB,1261.8,345.75,1480.6,430.25,1.244396,0.67,4.125,3.725,4.6,3,3,1,False,True,True,True,False,True,True,True,True,True,False
FIRE+FLOOD+AGRI+SSA,BACC,1255.2,341.0,1412.6,432.5,1.268328,0.67,4.125,3.725,4.6,3,3,1,False,True,True,True,False,True,True,True,True,True,False
FIRE+FLOOD+AGRI+SSA,BBAA,1279.5,353.5,1521.2,334.0,0.944837,0.67,4.125,3.725,4.6,3,3,2,True,True,True,True,True,True,True,True,True,True,False
FIRE+FLOOD+AGRI+SSA,BBAB,1263.0,348.75,1460.0,366.0,1.049462,0.67,4.125,3.725,4.6,3,3,1,False,True,True,True,False,True,True,True,True,True,False
FIRE+FLOOD+AGRI+SSA,BBAC,1256.4,344.0,1392.0,368.25,1.070494,0.67,4.125,3.725,4.6,3,3,1,False,True,True,True,False,True,True,True,True,True,False
FIRE+FLOOD+AGRI+SSA,BBBA,1266.5,349.75,1479.8,382.0,1.092209,0.67,4.125,3.725,4.6,3,3,1,False,True,True,True,False,True,True,True,True,True,False
FIRE+FLOOD+AGRI+SSA,BBBB,1250.0,345.0,1418.6,414.0,1.2,0.67,4.125,3.725,4.6,3,3,0,False,True,True,True,False,True,True,True,True,True,False
FIRE+FLOOD+AGRI+SSA,BBBC,1243.4,340.25,1350.6,416.25,1.223365,0.67,4.125,3.725,4.6,3,3,0,False,True,True,True,False,True,True,True,True,True,False
FIRE+FLOOD+AGRI+SSA,BBCA,1261.3,346.0,1433.8,401.5,1.160405,0.67,4.125,3.725,4.6,3,3,1,False,True,True,True,False,True,True,True,True,True,False
FIRE+FLOOD+AGRI+SSA,BBCB,1244.8,341.25,1372.6,433.5,1.27033,0.67,4.125,3.725,4.6,3,3,0,False,True,True,True,False,True,True,True,True,True,False
FIRE+FLOOD+AGRI+SSA,BBCC,1238.2,336.5,1304.6,435.75,1.294948,0.67,4.125,3.725,4.6,3,3,0,False,True,True,True,False,True,True,True,True,True,False
FIRE+FLOOD+AGRI+SSA,BCAA,1272.7,349.0,1401.2,315.5,0.904011,0.67,4.125,3.725,4.6,3,3,2,True,True,True,True,True,True,True,True,True,True,False
FIRE+FLOOD+AGRI+SSA,BCAB,1256.2,344.25,1340.0,347.5,1.009441,0.67,4.125,3.725,4.6,3,3,1,False,True,True,True,False,True,True,True,True,True,False
FIRE+FLOOD+AGRI+SSA,BCAC,1249.6,339.5,1272.0,349.75,1.030191,0.67,4.125,3.725,4.6,3,3,1,False,True,True,True,False,True,True,True,True,True,False
FIRE+FLOOD+AGRI+SSA,BCBA,1259.7,345.25,1359.8,363.5,1.05286,0.67,4.125,3.725,4.6,3,3,1,False,True,True,True,False,True,True,True,True,True,False
FIRE+FLOOD+AGRI+SSA,BCBB,1243.2,340.5,1298.6,395.5,1.161527,0.67,4.125,3.725,4.6,3,3,0,False,True,True,True,False,True,True,True,True,True,False
FIRE+FLOOD+AGRI+SSA,BCBC,1236.6,335.75,1230.6,397.75,1.184661,0.67,4.125,3.725,4.6,3,3,0,False,True,True,True,False,True,True,True,True,True,False
FIRE+FLOOD+AGRI+SSA,BCCA,1254.5,341.5,1313.8,383.0,1.121523,0.67,4.125,3.725,4.6,3,3,1,False,True,True,True,False,True,True,True,True,True,False
FIRE+FLOOD+AGRI+SSA,BCCB,1238.0,336.75,1252.6,415.0,1.232368,0.67,4.125,3.725,4.6,3,3,0,False,True,True,True,False,True,True,True,True,True,False
FIRE+FLOOD+AGRI+SSA,BCCC,1231.4,332.0,1184.6,417.25,1.256777,0.67,4.125,3.725,4.6,3,3,0,False,True,True,True,False,True,True,True,True,True,False
FIRE+FLOOD+AGRI+SSA,CAAA,1290.1,353.75,1517.2,313.25,0.885512,0.67,4.125,3.725,4.6,3,3,3,True,True,True,True,True,True,True,True,True,True,False
FIRE+FLOOD+AGRI+SSA,CAAB,1273.6,349.0,1456.0,345.25,0.989255,0.67,4.125,3.725,4.6,3,3,2,True,True,True,True,True,True,True,True,True,True,False
FIRE+FLOOD+AGRI+SSA,CAAC,1267.0,344.25,1388.0,347.5,1.009441,0.67,4.125,3.725,4.6,3,3,2,True,True,True,True,True,True,True,True,True,True,False
FIRE+FLOOD+AGRI+SSA,CABA,1277.1,350.0,1475.8,361.25,1.032143,0.67,4.125,3.725,4.6,3,3,2,True,True,True,True,True,True,True,True,True,True,False
FIRE+FLOOD+AGRI+SSA,CABB,1260.6,345.25,1414.6,393.25,1.13903,0.67,4.125,3.725,4.6,3,3,1,False,True,True,True,False,True,True,True,True,True,False
FIRE+FLOOD+AGRI+SSA,CABC,1254.0,340.5,1346.6,395.5,1.161527,0.67,4.125,3.725,4.6,3,3,1,False,True,True,True,False,True,True,True,True,True,False
FIRE+FLOOD+AGRI+SSA,CACA,1271.9,346.25,1429.8,380.75,1.099639,0.67,4.125,3.725,4.6,3,3,2,True,True,True,True,True,True,True,True,True,True,False
FIRE+FLOOD+AGRI+SSA,CACB,1255.4,341.5,1368.6,412.75,1.208638,0.67,4.125,3.725,4.6,3,3,1,False,True,True,True,False,True,True,True,True,True,False
FIRE+FLOOD+AGRI+SSA,CACC,1248.8,336.75,1300.6,415.0,1.232368,0.67,4.125,3.725,4.6,3,3,1,False,True,True,True,False,True,True,True,True,True,False
FIRE+FLOOD+AGRI+SSA,CBAA,1273.1,349.25,1409.2,316.5,0.906228,0.67,4.125,3.725,4.6,3,3,2,True,True,True,True,True,True,True,True,True,True,False
FIRE+FLOOD+AGRI+SSA,CBAB,1256.6,344.5,1348.0,348.5,1.011611,0.67,4.125,3.725,4.6,3,3,1,False,True,True,True,False,True,True,True,True,True,False
FIRE+FLOOD+AGRI+SSA,CBAC,1250.0,339.75,1280.0,350.75,1.032377,0.67,4.125,3.725,4.6,3,3,1,False,True,True,True,False,True,True,True,True,True,False
FIRE+FLOOD+AGRI+SSA,CBBA,1260.1,345.5,1367.8,364.5,1.054993,0.67,4.125,3.725,4.6,3,3,1,False,True,True,True,False,True,True,True,True,True,False
FIRE+FLOOD+AGRI+SSA,CBBB,1243.6,340.75,1306.6,396.5,1.16361,0.67,4.125,3.725,4.6,3,3,0,False,True,True,True,False,True,True,True,True,True,False
FIRE+FLOOD+AGRI+SSA,CBBC,1237.0,336.0,1238.6,398.75,1.186756,0.67,4.125,3.725,4.6,3,3,0,False,True,True,True,False,True,True,True,True,True,False
FIRE+FLOOD+AGRI+SSA,CBCA,1254.9,341.75,1321.8,384.0,1.123628,0.67,4.125,3.725,4.6,3,3,1,False,True,True,True,False,True,True,True,True,True,False
FIRE+FLOOD+AGRI+SSA,CBCB,1238.4,337.0,1260.6,416.0,1.234421,0.67,4.125,3.725,4.6,3,3,0,False,True,True,True,False,True,True,True,True,True,False
FIRE+FLOOD+AGRI+SSA,CBCC,1231.8,332.25,1192.6,418.25,1.258841,0.67,4.125,3.725,4.6,3,3,0,False,True,True,True,False,True,True,True,True,True,False
FIRE+FLOOD+AGRI+SSA,CCAA,1266.3,344.75,1289.2,298.0,0.864394,0.67,4.125,3.725,4.6,3,3,2,True,True,True,True,True,True,True,True,True,True,False
FIRE+FLOOD+AGRI+SSA,CCAB,1249.8,340.0,1228.0,330.0,0.970588,0.67,4.125,3.725,4.6,3,3,1,False,True,True,True,False,True,True,True,True,True,False
FIRE+FLOOD+AGRI+SSA,CCAC,1243.2,335.25,1160.0,332.25,0.991051,0.67,4.125,3.725,4.6,3,3,1,False,True,True,True,False,True,True,True,True,True,False
FIRE+FLOOD+AGRI+SSA,CCBA,1253.3,341.0,1247.8,346.0,1.014663,0.67,4.125,3.725,4.6,3,3,1,False,True,True,True,False,True,True,True,True,True,False
FIRE+FLOOD+AGRI+SSA,CCBB,1236.8,336.25,1186.6,378.0,1.124164,0.67,4.125,3.725,4.6,3,3,0,False,True,True,True,False,True,True,True,True,True,False
FIRE+FLOOD+AGRI+SSA,CCBC,1230.2,331.5,1118.6,380.25,1.147059,0.67,4.125,3.725,4.6,3,3,0,False,True,True,True,False,True,True,True,True,True,False
FIRE+FLOOD+AGRI+SSA,CCCA,1248.1,337.25,1201.8,365.5,1.083766,0.67,4.125,3.725,4.6,3,3,1,False,True,True,True,False,True,True,True,True,True,False
FIRE+FLOOD+AGRI+SSA,CCCB,1231.6,332.5,1140.6,397.5,1.195489,0.67,4.125,3.725,4.6,3,3,0,False,True,True,True,False,True,True,True,True,True,False
FIRE+FLOOD+AGRI+SSA,CCCC,1225.0,327.75,1072.6,399.75,1.21968,0.67,4.125,3.725,4.6,3,3,0,False,True,True,True,False,True,True,True,True,True,False
FIRE+FLOOD+INFRA+ARCTIC,AAAA,1501.5,414.75,1930.0,380.0,0.916215,0.64,3.9,3.625,4.225,4,3,4,False,True,True,True,True,False,False,True,True,True,False
FIRE+FLOOD+INFRA+ARCTIC,AAAB,1478.5,407.75,1845.4,423.75,1.03924,0.64,3.9,3.625,4.225,4,3,3,False,True,True,True,True,False,False,True,True,True,False
FIRE+FLOOD+INFRA+ARCTIC,AAAC,1469.3,400.75,1751.4,427.75,1.067374,0.64,3.9,3.625,4.225,4,3,3,False,True,True,True,True,False,False,True,True,True,False
FIRE+FLOOD+INFRA+ARCTIC,AABA,1486.0,410.75,1876.0,416.25,1.01339,0.64,3.9,3.625,4.225,4,3,3,False,True,True,True,True,False,False,True,True,True,False
FIRE+FLOOD+INFRA+ARCTIC,AABB,1463.0,403.75,1791.4,460.0,1.139319,0.64,3.9,3.625,4.225,4,3,2,False,True,True,True,True,False,False,True,True,True,False
FIRE+FLOOD+INFRA+ARCTIC,AABC,1453.8,396.75,1697.4,464.0,1.169502,0.64,3.9,3.625,4.225,4,3,2,False,True,True,True,True,False,False,True,True,True,False
FIRE+FLOOD+INFRA+ARCTIC,AACA,1479.8,406.75,1816.0,423.25,1.040565,0.64,3.9,3.625,4.225,4,3,3,False,True,True,True,True,False,False,True,True,True,False
FIRE+FLOOD+INFRA+ARCTIC,AACB,1456.8,399.75,1731.4,467.0,1.16823,0.64,3.9,3.625,4.225,4,3,2,False,True,True,True,True,False,False,True,True,True,False
FIRE+FLOOD+INFRA+ARCTIC,AACC,1447.6,392.75,1637.4,471.0,1.199236,0.64,3.9,3.625,4.225,4,3,2,False,True,True,True,True,False,False,True,True,True,False
FIRE+FLOOD+INFRA+ARCTIC,ABAA,1484.5,410.25,1822.0,383.25,0.934186,0.64,3.9,3.625,4.225,4,3,3,False,True,True,True,True,False,False,True,True,True,False
FIRE+FLOOD+INFRA+ARCTIC,ABAB,1461.5,403.25,1737.4,427.0,1.058896,0.64,3.9,3.625,4.225,4,3,2,False,True,True,True,True,False,False,True,True,True,False
FIRE+FLOOD+INFRA+ARCTIC,ABAC,1452.3,396.25,1643.4,431.0,1.087697,0.64,3.9,3.625,4.225,4,3,2,False,True,True,True,True,False,False,True,True,True,False
FIRE+FLOOD+INFRA+ARCTIC,ABBA,1469.0,406.25,1768.0,419.5,1.032615,0.64,3.9,3.625,4.225,4,3,2,False,True,True,True,True,False,False,True,True,True,False
FIRE+FLOOD+INFRA+ARCTIC,ABBB,1446.0,399.25,1683.4,463.25,1.160301,0.64,3.9,3.625,4.225,4,3,1,False,True,True,True,False,False,False,True,True,True,False
FIRE+FLOOD+INFRA+ARCTIC,ABBC,1436.8,392.25,1589.4,467.25,1.191205,0.64,3.9,3.625,4.225,4,3,1,False,True,True,True,False,False,False,True,True,True,False
FIRE+FLOOD+INFRA+ARCTIC,ABCA,1462.8,402.25,1708.0,426.5,1.060286,0.64,3.9,3.625,4.225,4,3,2,False,True,True,True,True,False,False,True,True,True,False
FIRE+FLOOD+INFRA+ARCTIC,ABCB,1439.8,395.25,1623.4,470.25,1.189753,0.64,3.9,3.625,4.225,4,3,1,False,True,True,True,False,False,False,True,True,True,False
FIRE+FLOOD+INFRA+ARCTIC,ABCC,1430.6,388.25,1529.4,474.25,1.221507,0.64,3.9,3.625,4.225,4,3,1,False,True,True,True,False,False,False,True,True,True,False
FIRE+FLOOD+INFRA+ARCTIC,ACAA,1477.7,405.75,1702.0,364.75,0.898953,0.64,3.9,3.625,4.225,4,3,3,False,True,True,True,True,False,False,True,True,True,False
FIRE+FLOOD+INFRA+ARCTIC,ACAB,1454.7,398.75,1617.4,408.5,1.024451,0.64,3.9,3.625,4.225,4,3,2,False,True,True,True,True,False,False,True,True,True,False
FIRE+FLOOD+INFRA+ARCTIC,ACAC,1445.5,391.75,1523.4,412.5,1.052967,0.64,3.9,3.625,4.225,4,3,2,False,True,True,True,True,False,False,True,True,True,False
FIRE+FLOOD+INFRA+ARCTIC,ACBA,1462.2,401.75,1648.0,401.0,0.998133,0.64,3.9,3.625,4.225,4,3,2,False,True,True,True,True,False,False,True,True,True,False
FIRE+FLOOD+INFRA+ARCTIC,ACBB,1439.2,394.75,1563.4,444.75,1.126662,0.64,3.9,3.625,4.225,4,3,1,False,True,True,True,False,False,False,True,True,True,False
FIRE+FLOOD+INFRA+ARCTIC,ACBC,1430.0,387.75,1469.4,448.75,1.157318,0.64,3.9,3.625,4.225,4,3,1,False,True,True,True,False,False,False,True,True,True,False
FIRE+FLOOD+INFRA+ARCTIC,ACCA,1456.0,397.75,1588.0,408.0,1.02577,0.64,3.9,3.625,4.225,4,3,2,False,True,True,True,True,False,False,True,True,True,False
FIRE+FLOOD+INFRA+ARCTIC,ACCB,1433.0,390.75,1503.4,451.75,1.15611,0.64,3.9,3.625,4.225,4,3,1,False,True,True,True,False,False,False,True,True,True,False
FIRE+FLOOD+INFRA+ARCTIC,ACCC,1423.8,383.75,1409.4,455.75,1.187622,0.64,3.9,3.625,4.225,4,3,1,False,True,True,True,False,False,False,True,True,True,False
FIRE+FLOOD+INFRA+ARCTIC,BAAA,1485.5,410.5,1829.2,380.75,0.927527,0.64,3.9,3.625,4.225,4,3,3,False,True,True,True,True,False,False,True,True,True,False
FIRE+FLOOD+INFRA+ARCTIC,BAAB,1462.5,403.5,1744.6,424.5,1.052045,0.64,3.9,3.625,4.225,4,3,2,False,True,True,True,True,False,False,True,True,True,False
FIRE+FLOOD+INFRA+ARCTIC,BAAC,1453.3,396.5,1650.6,428.5,1.080706,0.64,3.9,3.625,4.225,4,3,2,False,True,True,True,True,False,False,True,True,True,False
FIRE+FLOOD+INFRA+ARCTIC,BABA,1470.0,406.5,1775.2,417.0,1.02583,0.64,3.9,3.625,4.225,4,3,2,False,True,True,True,True,False,False,True,True,True,False
FIRE+FLOOD+INFRA+ARCTIC,BABB,1447.0,399.5,1690.6,460.75,1.153317,0.64,3.9,3.625,4.225,4,3,1,False,True,True,True,False,False,False,True,True,True,False
FIRE+FLOOD+INFRA+ARCTIC,BABC,1437.8,392.5,1596.6,464.75,1.184076,0.64,3.9,3.625,4.225,4,3,1,False,True,True,True,False,False,False,True,True,True,False
FIRE+FLOOD+INFRA+ARCTIC,BACA,1463.8,402.5,1715.2,424.0,1.053416,0.64,3.9,3.625,4.225,4,3,2,False,True,True,True,True,False,False,True,True,True,False
FIRE+FLOOD+INFRA+ARCTIC,BACB,1440.8,395.5,1630.6,467.75,1.18268,0.64,3.9,3.625,4.225,4,3,1,False,True,True,True,False,False,False,True,True,True,False
FIRE+FLOOD+INFRA+ARCTIC,BACC,1431.6,388.5,1536.6,471.75,1.214286,0.64,3.9,3.625,4.225,4,3,1,False,True,True,True,False,False,False,True,True,True,False
FIRE+FLOOD+INFRA+ARCTIC,BBAA,1468.5,406.0,1721.2,384.0,0.945813,0.64,3.9,3.625,4.225,4,3,2,False,True,True,True,True,False,False,True,True,True,False
FIRE+FLOOD+INFRA+ARCTIC,BBAB,1445.5,399.0,1636.6,427.75,1.072055,0.64,3.9,3.625,4.225,4,3,1,False,True,True,True,False,False,False,True,True,True,False
FIRE+FLOOD+INFRA+ARCTIC,BBAC,1436.3,392.0,1542.6,431.75,1.101403,0.64,3.9,3.625,4.225,4,3,1,False,True,True,True,False,False,False,True,True,True,False
FIRE+FLOOD+INFRA+ARCTIC,BBBA,1453.0,402.0,1667.2,420.25,1.045398,0.64,3.9,3.625,4.225,4,3,1,False,True,True,True,False,False,False,True,True,True,False
FIRE+FLOOD+INFRA+ARCTIC,BBBB,1430.0,395.0,1582.6,464.0,1.174684,0.64,3.9,3.625,4.225,4,3,0,False,True,True,True,False,False,False,True,True,True,False
FIRE+FLOOD+INFRA+ARCTIC,BBBC,1420.8,388.0,1488.6,468.0,1.206186,0.64,3.9,3.625,4.225,4,3,0,False,True,True,True,False,False,False,True,True,True,False
FIRE+FLOOD+INFRA+ARCTIC,BBCA,1446.8,398.0,1607.2,427.25,1.073492,0.64,3.9,3.625,4.225,4,3,1,False,True,True,True,False,False,False,True,True,True,False
FIRE+FLOOD+INFRA+ARCTIC,BBCB,1423.8,391.0,1522.6,471.0,1.204604,0.64,3.9,3.625,4.225,4,3,0,False,True,True,True,False,False,False,True,True,True,False
FIRE+FLOOD+INFRA+ARCTIC,BBCC,1414.6,384.0,1428.6,475.0,1.236979,0.64,3.9,3.625,4.225,4,3,0,False,True,True,True,False,False,False,True,True,True,False
FIRE+FLOOD+INFRA+ARCTIC,BCAA,1461.7,401.5,1601.2,365.5,0.910336,0.64,3.9,3.625,4.225,4,3,2,False,True,True,True,True,False,False,True,True,True,False
FIRE+FLOOD+INFRA+ARCTIC,BCAB,1438.7,394.5,1516.6,409.25,1.037389,0.64,3.9,3.625,4.225,4,3,1,False,True,True,True,False,False,False,True,True,True,False
FIRE+FLOOD+INFRA+ARCTIC,BCAC,1429.5,387.5,1422.6,413.25,1.066452,0.64,3.9,3.625,4.225,4,3,1,False,True,True,True,False,False,False,True,True,True,False
FIRE+FLOOD+INFRA+ARCTIC,BCBA,1446.2,397.5,1547.2,401.75,1.010692,0.64,3.9,3.625,4.225,4,3,1,False,True,True,True,False,False,False,True,True,True,False
FIRE+FLOOD+INFRA+ARCTIC,BCBB,1423.2,390.5,1462.6,445.5,1.140845,0.64,3.9,3.625,4.225,4,3,0,False,True,True,True,False,False,False,True,True,True,False
FIRE+FLOOD+INFRA+ARCTIC,BCBC,1414.0,383.5,1368.6,449.5,1.172099,0.64,3.9,3.625,4.225,4,3,0,False,True,True,True,False,False,False,True,True,True,False
FIRE+FLOOD+INFRA+ARCTIC,BCCA,1440.0,393.5,1487.2,408.75,1.038755,0.64,3.9,3.625,4.225,4,3,1,False,True,True,True,False,False,False,True,True,True,False
FIRE+FLOOD+INFRA+ARCTIC,BCCB,1417.0,386.5,1402.6,452.5,1.170763,0.64,3.9,3.625,4.225,4,3,0,False,True,True,True,False,False,False,True,True,True,False
FIRE+FLOOD+INFRA+ARCTIC,BCCC,1407.8,379.5,1308.6,456.5,1.202899,0.64,3.9,3.625,4.225,4,3,0,False,True,True,True,False,False,False,True,True,True,False
FIRE+FLOOD+INFRA+ARCTIC,CAAA,1479.1,406.25,1717.2,363.25,0.894154,0.64,3.9,3.625,4.225,4,3,3,False,True,True,True,True,False,False,True,True,True,False
FIRE+FLOOD+INFRA+ARCTIC,CAAB,1456.1,399.25,1632.6,407.0,1.019411,0.64,3.9,3.625,4.225,4,3,2,False,True,True,True,True,False,False,True,True,True,False
FIRE+FLOOD+INFRA+ARCTIC,CAAC,1446.9,392.25,1538.6,411.0,1.047801,0.64,3.9,3.625,4.225,4,3,2,False,True,True,True,True,False,False,True,True,True,False
FIRE+FLOOD+INFRA+ARCTIC,CABA,1463.6,402.25,1663.2,399.5,0.993163,0.64,3.9,3.625,4.225,4,3,2,False,True,True,True,True,False,False,True,True,True,False
FIRE+FLOOD+INFRA+ARCTIC,CABB,1440.6,395.25,1578.6,443.25,1.121442,0.64,3.9,3.625,4.225,4,3,1,False,True,True,True,False,False,False,True,True,True,False
FIRE+FLOOD+INFRA+ARCTIC,CABC,1431.4,388.25,1484.6,447.25,1.151964,0.64,3.9,3.625,4.225,4,3,1,False,True,True,True,False,False,False,True,True,True,False
FIRE+FLOOD+INFRA+ARCTIC,CACA,1457.4,398.25,1603.2,406.5,1.020716,0.64,3.9,3.625,4.225,4,3,2,False,True,True,True,True,False,False,True,True,True,False
FIRE+FLOOD+INFRA+ARCTIC,CACB,1434.4,391.25,1518.6,450.25,1.150799,0.64,3.9,3.625,4.225,4,3,1,False,True,True,True,False,False,False,True,True,True,False
FIRE+FLOOD+INFRA+ARCTIC,CACC,1425.2,384.25,1424.6,454.25,1.182173,0.64,3.9,3.625,4.225,4,3,1,False,True,True,True,False,False,False,True,True,True,False
FIRE+FLOOD+INFRA+ARCTIC,CBAA,1462.1,401.75,1609.2,366.5,0.912259,0.64,3.9,3.625,4.225,4,3,2,False,True,True,True,True,False,False,True,True,True,False
FIRE+FLOOD+INFRA+ARCTIC,CBAB,1439.1,394.75,1524.6,410.25,1.039265,0.64,3.9,3.625,4.225,4,3,1,False,True,True,True,False,False,False,True,True,True,False
FIRE+FLOOD+INFRA+ARCTIC,CBAC,1429.9,387.75,1430.6,414.25,1.068343,0.64,3.9,3.625,4.225,4,3,1,False,True,True,True,False,False,False,True,True,True,False
FIRE+FLOOD+INFRA+ARCTIC,CBBA,1446.6,397.75,1555.2,402.75,1.012571,0.64,3.9,3.625,4.225,4,3,1,False,True,True,True,False,False,False,True,True,True,False
FIRE+FLOOD+INFRA+ARCTIC,CBBB,1423.6,390.75,1470.6,446.5,1.142674,0.64,3.9,3.625,4.225,4,3,0,False,True,True,True,False,False,False,True,True,True,False
FIRE+FLOOD+INFRA+ARCTIC,CBBC,1414.4,383.75,1376.6,450.5,1.173941,0.64,3.9,3.625,4.225,4,3,0,False,True,True,True,False,False,False,True,True,True,False
FIRE+FLOOD+INFRA+ARCTIC,CBCA,1440.4,393.75,1495.2,409.75,1.040635,0.64,3.9,3.625,4.225,4,3,1,False,True,True,True,False,False,False,True,True,True,False
FIRE+FLOOD+INFRA+ARCTIC,CBCB,1417.4,386.75,1410.6,453.5,1.172592,0.64,3.9,3.625,4.225,4,3,0,False,True,True,True,False,False,False,True,True,True,False
FIRE+FLOOD+INFRA+ARCTIC,CBCC,1408.2,379.75,1316.6,457.5,1.20474,0.64,3.9,3.625,4.225,4,3,0,False,True,True,True,False,False,False,True,True,True,False
FIRE+FLOOD+INFRA+ARCTIC,CCAA,1455.3,397.25,1489.2,348.0,0.876023,0.64,3.9,3.625,4.225,4,3,2,False,True,True,True,True,False,False,True,True,True,False
FIRE+FLOOD+INFRA+ARCTIC,CCAB,1432.3,390.25,1404.6,391.75,1.003844,0.64,3.9,3.625,4.225,4,3,1,False,True,True,True,False,False,False,True,True,True,False
FIRE+FLOOD+INFRA+ARCTIC,CCAC,1423.1,383.25,1310.6,395.75,1.032616,0.64,3.9,3.625,4.225,4,3,1,False,True,True,True,False,False,False,True,True,True,False
FIRE+FLOOD+INFRA+ARCTIC,CCBA,1439.8,393.25,1435.2,384.25,0.977114,0.64,3.9,3.625,4.225,4,3,1,False,True,True,True,False,False,False,True,True,True,False
FIRE+FLOOD+INFRA+ARCTIC,CCBB,1416.8,386.25,1350.6,428.0,1.108091,0.64,3.9,3.625,4.225,4,3,0,False,True,True,True,False,False,False,True,True,True,False
FIRE+FLOOD+INFRA+ARCTIC,CCBC,1407.6,379.25,1256.6,432.0,1.13909,0.64,3.9,3.625,4.225,4,3,0,False,True,True,True,False,False,False,True,True,True,False
FIRE+FLOOD+INFRA+ARCTIC,CCCA,1433.6,389.25,1375.2,391.25,1.005138,0.64,3.9,3.625,4.225,4,3,1,False,True,True,True,False,False,False,True,True,True,False
FIRE+FLOOD+INFRA+ARCTIC,CCCB,1410.6,382.25,1290.6,435.0,1.137999,0.64,3.9,3.625,4.225,4,3,0,False,True,True,True,False,False,False,True,True,True,False
FIRE+FLOOD+INFRA+ARCTIC,CCCC,1401.4,375.25,1196.6,439.0,1.169887,0.64,3.9,3.625,4.225,4,3,0,False,True,True,True,False,False,False,True,True,True,False
FIRE+FLOOD+INFRA+TRANS,AAAA,1281.0,341.25,1680.0,330.0,0.967033,0.695,4.3,4.025,4.5,4,2,4,True,True,True,True,True,True,True,True,True,True,False
FIRE+FLOOD+INFRA+TRANS,AAAB,1268.5,337.75,1640.4,363.75,1.07698,0.695,4.3,4.025,4.5,4,2,3,True,True,True,True,True,True,True,True,True,True,False
FIRE+FLOOD+INFRA+TRANS,AAAC,1263.5,334.25,1596.4,371.75,1.112191,0.695,4.3,4.025,4.5,4,2,3,True,True,True,True,True,True,True,True,True,True,False
FIRE+FLOOD+INFRA+TRANS,AABA,1265.5,337.25,1626.0,366.25,1.08599,0.695,4.3,4.025,4.5,4,2,3,True,True,True,True,True,True,True,True,True,True,False
FIRE+FLOOD+INFRA+TRANS,AABB,1253.0,333.75,1586.4,400.0,1.198502,0.695,4.3,4.025,4.5,4,2,2,True,True,True,True,True,True,True,True,True,True,False
FIRE+FLOOD+INFRA+TRANS,AABC,1248.0,330.25,1542.4,408.0,1.235428,0.695,4.3,4.025,4.5,4,2,2,True,True,True,True,True,True,True,True,True,True,False
FIRE+FLOOD+INFRA+TRANS,AACA,1259.3,333.25,1566.0,373.25,1.12003,0.695,4.3,4.025,4.5,4,2,3,True,True,True,True,True,True,True,True,True,True,False
FIRE+FLOOD+INFRA+TRANS,AACB,1246.8,329.75,1526.4,407.0,1.234268,0.695,4.3,4.025,4.5,4,2,2,True,True,True,True,True,True,True,True,True,True,False
FIRE+FLOOD+INFRA+TRANS,AACC,1241.8,326.25,1482.4,415.0,1.272031,0.695,4.3,4.025,4.5,4,2,2,True,True,True,True,True,True,True,True,True,True,False
FIRE+FLOOD+INFRA+TRANS,ABAA,1264.0,336.75,1572.0,333.25,0.989607,0.695,4.3,4.025,4.5,4,2,3,True,True,True,True,True,True,True,True,True,True,False
FIRE+FLOOD+INFRA+TRANS,ABAB,1251.5,333.25,1532.4,367.0,1.101275,0.695,4.3,4.025,4.5,4,2,2,True,True,True,True,True,True,True,True,True,True,False
FIRE+FLOOD+INFRA+TRANS,ABAC,1246.5,329.75,1488.4,375.0,1.137225,0.695,4.3,4.025,4.5,4,2,2,True,True,True,True,True,True,True,True,True,True,False
FIRE+FLOOD+INFRA+TRANS,ABBA,1248.5,332.75,1518.0,369.5,1.110443,0.695,4.3,4.025,4.5,4,2,2,True,True,True,True,True,True,True,True,True,True,False
FIRE+FLOOD+INFRA+TRANS,ABBB,1236.0,329.25,1478.4,403.25,1.224753,0.695,4.3,4.025,4.5,4,2,1,False,True,True,True,False,True,True,True,True,True,False
FIRE+FLOOD+INFRA+TRANS,ABBC,1231.0,325.75,1434.4,411.25,1.262471,0.695,4.3,4.025,4.5,4,2,1,False,True,True,True,False,True,True,True,True,True,False
FIRE+FLOOD+INFRA+TRANS,ABCA,1242.3,328.75,1458.0,376.5,1.145247,0.695,4.3,4.025,4.5,4,2,2,True,True,True,True,True,True,True,True,True,True,False
FIRE+FLOOD+INFRA+TRANS,ABCB,1229.8,325.25,1418.4,410.25,1.261337,0.695,4.3,4.025,4.5,4,2,1,False,True,True,True,False,True,True,True,True,True,False
FIRE+FLOOD+INFRA+TRANS,ABCC,1224.8,321.75,1374.4,418.25,1.299922,0.695,4.3,4.025,4.5,4,2,1,False,True,True,True,False,True,True,True,True,True,False
FIRE+FLOOD+INFRA+TRANS,ACAA,1257.2,332.25,1452.0,314.75,0.947329,0.695,4.3,4.025,4.5,4,2,3,True,True,True,True,True,True,True,True,True,True,False
FIRE+FLOOD+INFRA+TRANS,ACAB,1244.7,328.75,1412.4,348.5,1.060076,0.695,4.3,4.025,4.5,4,2,2,True,True,True,True,True,True,True,True,True,True,False
FIRE+FLOOD+INFRA+TRANS,ACAC,1239.7,325.25,1368.4,356.5,1.09608,0.695,4.3,4.025,4.5,4,2,2,True,True,True,True,True,True,True,True,True,True,False
FIRE+FLOOD+INFRA+TRANS,ACBA,1241.7,328.25,1398.0,351.0,1.069307,0.695,4.3,4.025,4.5,4,2,2,True,True,True,True,True,True,True,True,True,True,False
FIRE+FLOOD+INFRA+TRANS,ACBB,1229.2,324.75,1358.4,384.75,1.184758,0.695,4.3,4.025,4.5,4,2,1,False,True,True,True,False,True,True,True,True,True,False
FIRE+FLOOD+INFRA+TRANS,ACBC,1224.2,321.25,1314.4,392.75,1.222568,0.695,4.3,4.025,4.5,4,2,1,False,True,True,True,False,True,True,True,True,True,False
FIRE+FLOOD+INFRA+TRANS,ACCA,1235.5,324.25,1338.0,358.0,1.104086,0.695,4.3,4.025,4.5,4,2,2,True,True,True,True,True,True,True,True,True,True,False
FIRE+FLOOD+INFRA+TRANS,ACCB,1223.0,320.75,1298.4,391.75,1.221356,0.695,4.3,4.025,4.5,4,2,1,False,True,True,True,False,True,True,True,True,True,False
FIRE+FLOOD+INFRA+TRANS,ACCC,1218.0,317.25,1254.4,399.75,1.260047,0.695,4.3,4.025,4.5,4,2,1,False,True,True,True,False,True,True,True,True,True,False
FIRE+FLOOD+INFRA+TRANS,BAAA,1265.0,337.0,1579.2,330.75,0.981454,0.695,4.3,4.025,4.5,4,2,3,True,True,True,True,True,True,True,True,True,True,False
FIRE+FLOOD+INFRA+TRANS,BAAB,1252.5,333.5,1539.6,364.5,1.092954,0.695,4.3,4.025,4.5,4,2,2,True,True,True,True,True,True,True,True,True,True,False
FIRE+FLOOD+INFRA+TRANS,BAAC,1247.5,330.0,1495.6,372.5,1.128788,0.695,4.3,4.025,4.5,4,2,2,True,True,True,True,True,True,True,True,True,True,False
FIRE+FLOOD+INFRA+TRANS,BABA,1249.5,333.0,1525.2,367.0,1.102102,0.695,4.3,4.025,4.5,4,2,2,True,True,True,True,True,True,True,True,True,True,False
FIRE+FLOOD+INFRA+TRANS,BABB,1237.0,329.5,1485.6,400.75,1.216237,0.695,4.3,4.025,4.5,4,2,1,False,True,True,True,False,True,True,True,True,True,False
FIRE+FLOOD+INFRA+TRANS,BABC,1232.0,326.0,1441.6,408.75,1.253834,0.695,4.3,4.025,4.5,4,2,1,False,True,True,True,False,True,True,True,True,True,False
FIRE+FLOOD+INFRA+TRANS,BACA,1243.3,329.0,1465.2,374.0,1.136778,0.695,4.3,4.025,4.5,4,2,2,True,True,True,True,True,True,True,True,True,True,False
FIRE+FLOOD+INFRA+TRANS,BACB,1230.8,325.5,1425.6,407.75,1.252688,0.695,4.3,4.025,4.5,4,2,1,False,True,True,True,False,True,True,True,True,True,False
FIRE+FLOOD+INFRA+TRANS,BACC,1225.8,322.0,1381.6,415.75,1.291149,0.695,4.3,4.025,4.5,4,2,1,False,True,True,True,False,True,True,True,True,True,False
FIRE+FLOOD+INFRA+TRANS,BBAA,1248.0,332.5,1471.2,334.0,1.004511,0.695,4.3,4.025,4.5,4,2,2,True,True,True,True,True,True,True,True,True,True,False
FIRE+FLOOD+INFRA+TRANS,BBAB,1235.5,329.0,1431.6,367.75,1.117781,0.695,4.3,4.025,4.5,4,2,1,False,True,True,True,False,True,True,True,True,True,False
FIRE+FLOOD+INFRA+TRANS,BBAC,1230.5,325.5,1387.6,375.75,1.154378,0.695,4.3,4.025,4.5,4,2,1,False,True,True,True,False,True,True,True,True,True,False
FIRE+FLOOD+INFRA+TRANS,BBBA,1232.5,328.5,1417.2,370.25,1.127093,0.695,4.3,4.025,4.5,4,2,1,False,True,True,True,False,True,True,True,True,True,False
FIRE+FLOOD+INFRA+TRANS,BBBB,1220.0,325.0,1377.6,404.0,1.243077,0.695,4.3,4.025,4.5,4,2,0,False,True,True,True,False,True,True,True,True,True,False
FIRE+FLOOD+INFRA+TRANS,BBBC,1215.0,321.5,1333.6,412.0,1.281493,0.695,4.3,4.025,4.5,4,2,0,False,True,True,True,False,True,True,True,True,True,False
FIRE+FLOOD+INFRA+TRANS,BBCA,1226.3,324.5,1357.2,377.25,1.162558,0.695,4.3,4.025,4.5,4,2,1,False,True,True,True,False,True,True,True,True,True,False
FIRE+FLOOD+INFRA+TRANS,BBCB,1213.8,321.0,1317.6,411.0,1.280374,0.695,4.3,4.025,4.5,4,2,0,False,True,True,True,False,True,True,True,True,True,False
FIRE+FLOOD+INFRA+TRANS,BBCC,1208.8,317.5,1273.6,419.0,1.319685,0.695,4.3,4.025,4.5,4,2,0,False,True,True,True,False,True,True,True,True,True,False
FIRE+FLOOD+INFRA+TRANS,BCAA,1241.2,328.0,1351.2,315.5,0.96189,0.695,4.3,4.025,4.5,4,2,2,True,True,True,True,True,True,True,True,True,True,False
FIRE+FLOOD+INFRA+TRANS,BCAB,1228.7,324.5,1311.6,349.25,1.076271,0.695,4.3,4.025,4.5,4,2,1,False,True,True,True,False,True,True,True,True,True,False
FIRE+FLOOD+INFRA+TRANS,BCAC,1223.7,321.0,1267.6,357.25,1.112928,0.695,4.3,4.025,4.5,4,2,1,False,True,True,True,False,True,True,True,True,True,False
FIRE+FLOOD+INFRA+TRANS,BCBA,1225.7,324.0,1297.2,351.75,1.085648,0.695,4.3,4.025,4.5,4,2,1,False,True,True,True,False,True,True,True,True,True,False
FIRE+FLOOD+INFRA+TRANS,BCBB,1213.2,320.5,1257.6,385.5,1.202808,0.695,4.3,4.025,4.5,4,2,0,False,True,True,True,False,True,True,True,True,True,False
FIRE+FLOOD+INFRA+TRANS,BCBC,1208.2,317.0,1213.6,393.5,1.241325,0.695,4.3,4.025,4.5,4,2,0,False,True,True,True,False,True,True,True,True,True,False
FIRE+FLOOD+INFRA+TRANS,BCCA,1219.5,320.0,1237.2,358.75,1.121094,0.695,4.3,4.025,4.5,4,2,1,False,True,True,True,False,True,True,True,True,True,False
FIRE+FLOOD+INFRA+TRANS,BCCB,1207.0,316.5,1197.6,392.5,1.240126,0.695,4.3,4.025,4.5,4,2,0,False,True,True,True,False,True,True,True,True,True,False
FIRE+FLOOD+INFRA+TRANS,BCCC,1202.0,313.0,1153.6,400.5,1.279553,0.695,4.3,4.025,4.5,4,2,0,False,True,True,True,False,True,True,True,True,True,False
FIRE+FLOOD+INFRA+TRANS,CAAA,1258.6,332.75,1467.2,313.25,0.941397,0.695,4.3,4.025,4.5,4,2,3,True,True,True,True,True,True,True,True,True,True,False
FIRE+FLOOD+INFRA+TRANS,CAAB,1246.1,329.25,1427.6,347.0,1.05391,0.695,4.3,4.025,4.5,4,2,2,True,True,True,True,True,True,True,True,True,True,False
FIRE+FLOOD+INFRA+TRANS,CAAC,1241.1,325.75,1383.6,355.0,1.089793,0.695,4.3,4.025,4.5,4,2,2,True,True,True,True,True,True,True,True,True,True,False
FIRE+FLOOD+INFRA+TRANS,CABA,1243.1,328.75,1413.2,349.5,1.063118,0.695,4.3,4.025,4.5,4,2,2,True,True,True,True,True,True,True,True,True,True,False
FIRE+FLOOD+INFRA+TRANS,CABB,1230.6,325.25,1373.6,383.25,1.178324,0.695,4.3,4.025,4.5,4,2,1,False,True,True,True,False,True,True,True,True,True,False
FIRE+FLOOD+INFRA+TRANS,CABC,1225.6,321.75,1329.6,391.25,1.216006,0.695,4.3,4.025,4.5,4,2,1,False,True,True,True,False,True,True,True,True,True,False
FIRE+FLOOD+INFRA+TRANS,CACA,1236.9,324.75,1353.2,356.5,1.097768,0.695,4.3,4.025,4.5,4,2,2,True,True,True,True,True,True,True,True,True,True,False
FIRE+FLOOD+INFRA+TRANS,CACB,1224.4,321.25,1313.6,390.25,1.214786,0.695,4.3,4.025,4.5,4,2,1,False,True,True,True,False,True,True,True,True,True,False
FIRE+FLOOD+INFRA+TRANS,CACC,1219.4,317.75,1269.6,398.25,1.253344,0.695,4.3,4.025,4.5,4,2,1,False,True,True,True,False,True,True,True,True,True,False
FIRE+FLOOD+INFRA+TRANS,CBAA,1241.6,328.25,1359.2,316.5,0.964204,0.695,4.3,4.025,4.5,4,2,2,True,True,True,True,True,True,True,True,True,True,False
FIRE+FLOOD+INFRA+TRANS,CBAB,1229.1,324.75,1319.6,350.25,1.078522,0.695,4.3,4.025,4.5,4,2,1,False,True,True,True,False,True,True,True,True,True,False
FIRE+FLOOD+INFRA+TRANS,CBAC,1224.1,321.25,1275.6,358.25,1.115175,0.695,4.3,4.025,4.5,4,2,1,False,True,True,True,False,True,True,True,True,True,False
FIRE+FLOOD+INFRA+TRANS,CBBA,1226.1,324.25,1305.2,352.75,1.087895,0.695,4.3,4.025,4.5,4,2,1,False,True,True,True,False,True,True,True,True,True,False
FIRE+FLOOD+INFRA+TRANS,CBBB,1213.6,320.75,1265.6,386.5,1.204988,0.695,4.3,4.025,4.5,4,2,0,False,True,True,True,False,True,True,True,True,True,False
FIRE+FLOOD+INFRA+TRANS,CBBC,1208.6,317.25,1221.6,394.5,1.243499,0.695,4.3,4.025,4.5,4,2,0,False,True,True,True,False,True,True,True,True,True,False
FIRE+FLOOD+INFRA+TRANS,CBCA,1219.9,320.25,1245.2,359.75,1.123341,0.695,4.3,4.025,4.5,4,2,1,False,True,True,True,False,True,True,True,True,True,False
FIRE+FLOOD+INFRA+TRANS,CBCB,1207.4,316.75,1205.6,393.5,1.242305,0.695,4.3,4.025,4.5,4,2,0,False,True,True,True,False,True,True,True,True,True,False
FIRE+FLOOD+INFRA+TRANS,CBCC,1202.4,313.25,1161.6,401.5,1.281724,0.695,4.3,4.025,4.5,4,2,0,False,True,True,True,False,True,True,True,True,True,False
FIRE+FLOOD+INFRA+TRANS,CCAA,1234.8,323.75,1239.2,298.0,0.920463,0.695,4.3,4.025,4.5,4,2,2,True,True,True,True,True,True,True,True,True,True,False
FIRE+FLOOD+INFRA+TRANS,CCAB,1222.3,320.25,1199.6,331.75,1.035909,0.695,4.3,4.025,4.5,4,2,1,False,True,True,True,False,True,True,True,True,True,False
FIRE+FLOOD+INFRA+TRANS,CCAC,1217.3,316.75,1155.6,339.75,1.072612,0.695,4.3,4.025,4.5,4,2,1,False,True,True,True,False,True,True,True,True,True,False
FIRE+FLOOD+INFRA+TRANS,CCBA,1219.3,319.75,1185.2,334.25,1.045348,0.695,4.3,4.025,4.5,4,2,1,False,True,True,True,False,True,True,True,True,True,False
FIRE+FLOOD+INFRA+TRANS,CCBB,1206.8,316.25,1145.6,368.0,1.163636,0.695,4.3,4.025,4.5,4,2,0,False,True,True,True,False,True,True,True,True,True,False
FIRE+FLOOD+INFRA+TRANS,CCBC,1201.8,312.75,1101.6,376.0,1.202238,0.695,4.3,4.025,4.5,4,2,0,False,True,True,True,False,True,True,True,True,True,False
FIRE+FLOOD+INFRA+TRANS,CCCA,1213.1,315.75,1125.2,341.25,1.08076,0.695,4.3,4.025,4.5,4,2,1,False,True,True,True,False,True,True,True,True,True,False
FIRE+FLOOD+INFRA+TRANS,CCCB,1200.6,312.25,1085.6,375.0,1.200961,0.695,4.3,4.025,4.5,4,2,0,False,True,True,True,False,True,True,True,True,True,False
FIRE+FLOOD+INFRA+TRANS,CCCC,1195.6,308.75,1041.6,383.0,1.240486,0.695,4.3,4.025,4.5,4,2,0,False,True,True,True,False,True,True,True,True,True,False
FIRE+FLOOD+INFRA+ENV,AAAA,1312.5,346.5,1820.0,337.5,0.974026,0.685,4.2,3.975,4.5,4,2,4,False,True,True,True,True,False,True,True,True,True,False
FIRE+FLOOD+INFRA+ENV,AAAB,1298.5,342.75,1755.2,364.75,1.064187,0.685,4.2,3.975,4.5,4,2,3,True,True,True,True,True,True,True,True,True,True,False
FIRE+FLOOD+INFRA+ENV,AAAC,1292.9,339.0,1683.2,366.75,1.081858,0.685,4.2,3.975,4.5,4,2,3,True,True,True,True,True,True,True,True,True,True,False
FIRE+FLOOD+INFRA+ENV,AABA,1297.0,342.5,1766.0,373.75,1.091241,0.685,4.2,3.975,4.5,4,2,3,True,True,True,True,True,True,True,True,True,True,False
FIRE+FLOOD+INFRA+ENV,AABB,1283.0,338.75,1701.2,401.0,1.183764,0.685,4.2,3.975,4.5,4,2,2,True,True,True,True,True,True,True,True,True,True,False
FIRE+FLOOD+INFRA+ENV,AABC,1277.4,335.0,1629.2,403.0,1.202985,0.685,4.2,3.975,4.5,4,2,2,True,True,True,True,True,True,True,True,True,True,False
FIRE+FLOOD+INFRA+ENV,AACA,1290.8,338.5,1706.0,380.75,1.124815,0.685,4.2,3.975,4.5,4,2,3,True,True,True,True,True,True,True,True,True,True,False
FIRE+FLOOD+INFRA+ENV,AACB,1276.8,334.75,1641.2,408.0,1.21882,0.685,4.2,3.975,4.5,4,2,2,True,True,True,True,True,True,True,True,True,True,False
FIRE+FLOOD+INFRA+ENV,AACC,1271.2,331.0,1569.2,410.0,1.238671,0.685,4.2,3.975,4.5,4,2,2,True,True,True,True,True,True,True,True,True,True,False
FIRE+FLOOD+INFRA+ENV,ABAA,1295.5,342.0,1712.0,340.75,0.996345,0.685,4.2,3.975,4.5,4,2,3,True,True,True,True,True,True,True,True,True,True,False
FIRE+FLOOD+INFRA+ENV,ABAB,1281.5,338.25,1647.2,368.0,1.087953,0.685,4.2,3.975,4.5,4,2,2,True,True,True,True,True,True,True,True,True,True,False
FIRE+FLOOD+INFRA+ENV,ABAC,1275.9,334.5,1575.2,370.0,1.106129,0.685,4.2,3.975,4.5,4,2,2,True,True,True,True,True,True,True,True,True,True,False
FIRE+FLOOD+INFRA+ENV,ABBA,1280.0,338.0,1658.0,377.0,1.115385,0.685,4.2,3.975,4.5,4,2,2,True,True,True,True,True,True,True,True,True,True,False
FIRE+FLOOD+INFRA+ENV,ABBB,1266.0,334.25,1593.2,404.25,1.209424,0.685,4.2,3.975,4.5,4,2,1,False,True,True,True,False,True,True,True,True,True,False
FIRE+FLOOD+INFRA+ENV,ABBC,1260.4,330.5,1521.2,406.25,1.229198,0.685,4.2,3.975,4.5,4,2,1,False,True,True,True,False,True,True,True,True,True,False
FIRE+FLOOD+INFRA+ENV,ABCA,1273.8,334.0,1598.0,384.0,1.149701,0.685,4.2,3.975,4.5,4,2,2,True,True,True,True,True,True,True,True,True,True,False
FIRE+FLOOD+INFRA+ENV,ABCB,1259.8,330.25,1533.2,411.25,1.245269,0.685,4.2,3.975,4.5,4,2,1,False,True,True,True,False,True,True,True,True,True,False
FIRE+FLOOD+INFRA+ENV,ABCC,1254.2,326.5,1461.2,413.25,1.265697,0.685,4.2,3.975,4.5,4,2,1,False,True,True,True,False,True,True,True,True,True,False
FIRE+FLOOD+INFRA+ENV,ACAA,1288.7,337.5,1592.0,322.25,0.954815,0.685,4.2,3.975,4.5,4,2,3,True,True,True,True,True,True,True,True,True,True,False
FIRE+FLOOD+INFRA+ENV,ACAB,1274.7,333.75,1527.2,349.5,1.047191,0.685,4.2,3.975,4.5,4,2,2,True,True,True,True,True,True,True,True,True,True,False
FIRE+FLOOD+INFRA+ENV,ACAC,1269.1,330.0,1455.2,351.5,1.065152,0.685,4.2,3.975,4.5,4,2,2,True,True,True,True,True,True,True,True,True,True,False
FIRE+FLOOD+INFRA+ENV,ACBA,1273.2,333.5,1538.0,358.5,1.074963,0.685,4.2,3.975,4.5,4,2,2,True,True,True,True,True,True,True,True,True,True,False
FIRE+FLOOD+INFRA+ENV,ACBB,1259.2,329.75,1473.2,385.75,1.169826,0.685,4.2,3.975,4.5,4,2,1,False,True,True,True,False,True,True,True,True,True,False
FIRE+FLOOD+INFRA+ENV,ACBC,1253.6,326.0,1401.2,387.75,1.189417,0.685,4.2,3.975,4.5,4,2,1,False,True,True,True,False,True,True,True,True,True,False
FIRE+FLOOD+INFRA+ENV,ACCA,1267.0,329.5,1478.0,365.5,1.109256,0.685,4.2,3.975,4.5,4,2,2,True,True,True,True,True,True,True,True,True,True,False
FIRE+FLOOD+INFRA+ENV,ACCB,1253.0,325.75,1413.2,392.75,1.205679,0.685,4.2,3.975,4.5,4,2,1,False,True,True,True,False,True,True,True,True,True,False
FIRE+FLOOD+INFRA+ENV,ACCC,1247.4,322.0,1341.2,394.75,1.225932,0.685,4.2,3.975,4.5,4,2,1,False,True,True,True,False,True,True,True,True,True,False
FIRE+FLOOD+INFRA+ENV,BAAA,1296.5,342.25,1719.2,338.25,0.988313,0.685,4.2,3.975,4.5,4,2,3,True,True,True,True,True,True,True,True,True,True,False
FIRE+FLOOD+INFRA+ENV,BAAB,1282.5,338.5,1654.4,365.5,1.079764,0.685,4.2,3.975,4.5,4,2,2,True,True,True,True,True,True,True,True,True,True,False
FIRE+FLOOD+INFRA+ENV,BAAC,1276.9,334.75,1582.4,367.5,1.097834,0.685,4.2,3.975,4.5,4,2,2,True,True,True,True,True,True,True,True,True,True,False
FIRE+FLOOD+INFRA+ENV,BABA,1281.0,338.25,1665.2,374.5,1.107169,0.685,4.2,3.975,4.5,4,2,2,True,True,True,True,True,True,True,True,True,True,False
FIRE+FLOOD+INFRA+ENV,BABB,1267.0,334.5,1600.4,401.75,1.201046,0.685,4.2,3.975,4.5,4,2,1,False,True,True,True,False,True,True,True,True,True,False
FIRE+FLOOD+INFRA+ENV,BABC,1261.4,330.75,1528.4,403.75,1.220711,0.685,4.2,3.975,4.5,4,2,1,False,True,True,True,False,True,True,True,True,True,False
FIRE+FLOOD+INFRA+ENV,BACA,1274.8,334.25,1605.2,381.5,1.141361,0.685,4.2,3.975,4.5,4,2,2,True,True,True,True,True,True,True,True,True,True,False
FIRE+FLOOD+INFRA+ENV,BACB,1260.8,330.5,1540.4,408.75,1.236762,0.685,4.2,3.975,4.5,4,2,1,False,True,True,True,False,True,True,True,True,True,False
FIRE+FLOOD+INFRA+ENV,BACC,1255.2,326.75,1468.4,410.75,1.257077,0.685,4.2,3.975,4.5,4,2,1,False,True,True,True,False,True,True,True,True,True,False
FIRE+FLOOD+INFRA+ENV,BBAA,1279.5,337.75,1611.2,341.5,1.011103,0.685,4.2,3.975,4.5,4,2,2,True,True,True,True,True,True,True,True,True,True,False
FIRE+FLOOD+INFRA+ENV,BBAB,1265.5,334.0,1546.4,368.75,1.104042,0.685,4.2,3.975,4.5,4,2,1,False,True,True,True,False,True,True,True,True,True,False
FIRE+FLOOD+INFRA+ENV,BBAC,1259.9,330.25,1474.4,370.75,1.122634,0.685,4.2,3.975,4.5,4,2,1,False,True,True,True,False,True,True,True,True,True,False
FIRE+FLOOD+INFRA+ENV,BBBA,1264.0,333.75,1557.2,377.75,1.131835,0.685,4.2,3.975,4.5,4,2,1,False,True,True,True,False,True,True,True,True,True,False
FIRE+FLOOD+INFRA+ENV,BBBB,1250.0,330.0,1492.4,405.0,1.227273,0.685,4.2,3.975,4.5,4,2,0,False,True,True,True,False,True,True,True,True,True,False
FIRE+FLOOD+INFRA+ENV,BBBC,1244.4,326.25,1420.4,407.0,1.24751,0.685,4.2,3.975,4.5,4,2,0,False,True,True,True,False,True,True,True,True,True,False
FIRE+FLOOD+INFRA+ENV,BBCA,1257.8,329.75,1497.2,384.75,1.166793,0.685,4.2,3.975,4.5,4,2,1,False,True,True,True,False,True,True,True,True,True,False
FIRE+FLOOD+INFRA+ENV,BBCB,1243.8,326.0,1432.4,412.0,1.263804,0.685,4.2,3.975,4.5,4,2,0,False,True,True,True,False,True,True,True,True,True,False
FIRE+FLOOD+INFRA+ENV,BBCC,1238.2,322.25,1360.4,414.0,1.284717,0.685,4.2,3.975,4.5,4,2,0,False,True,True,True,False,True,True,True,True,True,False
FIRE+FLOOD+INFRA+ENV,BCAA,1272.7,333.25,1491.2,323.0,0.969242,0.685,4.2,3.975,4.5,4,2,2,True,True,True,True,True,True,True,True,True,True,False
FIRE+FLOOD+INFRA+ENV,BCAB,1258.7,329.5,1426.4,350.25,1.062974,0.685,4.2,3.975,4.5,4,2,1,False,True,True,True,False,True,True,True,True,True,False
FIRE+FLOOD+INFRA+ENV,BCAC,1253.1,325.75,1354.4,352.25,1.081351,0.685,4.2,3.975,4.5,4,2,1,False,True,True,True,False,True,True,True,True,True,False
FIRE+FLOOD+INFRA+ENV,BCBA,1257.2,329.25,1437.2,359.25,1.091116,0.685,4.2,3.975,4.5,4,2,1,False,True,True,True,False,True,True,True,True,True,False
FIRE+FLOOD+INFRA+ENV,BCBB,1243.2,325.5,1372.4,386.5,1.187404,0.685,4.2,3.975,4.5,4,2,0,False,True,True,True,False,True,True,True,True,True,False
FIRE+FLOOD+INFRA+ENV,BCBC,1237.6,321.75,1300.4,388.5,1.207459,0.685,4.2,3.975,4.5,4,2,0,False,True,True,True,False,True,True,True,True,True,False
FIRE+FLOOD+INFRA+ENV,BCCA,1251.0,325.25,1377.2,366.25,1.126057,0.685,4.2,3.975,4.5,4,2,1,False,True,True,True,False,True,True,True,True,True,False
FIRE+FLOOD+INFRA+ENV,BCCB,1237.0,321.5,1312.4,393.5,1.22395,0.685,4.2,3.975,4.5,4,2,0,False,True,True,True,False,True,True,True,True,True,False
FIRE+FLOOD+INFRA+ENV,BCCC,1231.4,317.75,1240.4,395.5,1.244689,0.685,4.2,3.975,4.5,4,2,0,False,True,True,True,False,True,True,True,True,True,False
FIRE+FLOOD+INFRA+ENV,CAAA,1290.1,338.0,1607.2,320.75,0.948964,0.685,4.2,3.975,4.5,4,2,3,True,True,True,True,True,True,True,True,True,True,False
FIRE+FLOOD+INFRA+ENV,CAAB,1276.1,334.25,1542.4,348.0,1.041137,0.685,4.2,3.975,4.5,4,2,2,True,True,True,True,True,True,True,True,True,True,False
FIRE+FLOOD+INFRA+ENV,CAAC,1270.5,330.5,1470.4,350.0,1.059002,0.685,4.2,3.975,4.5,4,2,2,True,True,True,True,True,True,True,True,True,True,False
FIRE+FLOOD+INFRA+ENV,CABA,1274.6,334.0,1553.2,357.0,1.068862,0.685,4.2,3.975,4.5,4,2,2,True,True,True,True,True,True,True,True,True,True,False
FIRE+FLOOD+INFRA+ENV,CABB,1260.6,330.25,1488.4,384.25,1.163512,0.685,4.2,3.975,4.5,4,2,1,False,True,True,True,False,True,True,True,True,True,False
FIRE+FLOOD+INFRA+ENV,CABC,1255.0,326.5,1416.4,386.25,1.183002,0.685,4.2,3.975,4.5,4,2,1,False,True,True,True,False,True,True,True,True,True,False
FIRE+FLOOD+INFRA+ENV,CACA,1268.4,330.0,1493.2,364.0,1.10303,0.685,4.2,3.975,4.5,4,2,2,True,True,True,True,True,True,True,True,True,True,False
FIRE+FLOOD+INFRA+ENV,CACB,1254.4,326.25,1428.4,391.25,1.199234,0.685,4.2,3.975,4.5,4,2,1,False,True,True,True,False,True,True,True,True,True,False
FIRE+FLOOD+INFRA+ENV,CACC,1248.8,322.5,1356.4,393.25,1.21938,0.685,4.2,3.975,4.5,4,2,1,False,True,True,True,False,True,True,True,True,True,False
FIRE+FLOOD+INFRA+ENV,CBAA,1273.1,333.5,1499.2,324.0,0.971514,0.685,4.2,3.975,4.5,4,2,2,True,True,True,True,True,True,True,True,True,True,False
FIRE+FLOOD+INFRA+ENV,CBAB,1259.1,329.75,1434.4,351.25,1.065201,0.685,4.2,3.975,4.5,4,2,1,False,True,True,True,False,True,True,True,True,True,False
FIRE+FLOOD+INFRA+ENV,CBAC,1253.5,326.0,1362.4,353.25,1.083589,0.685,4.2,3.975,4.5,4,2,1,False,True,True,True,False,True,True,True,True,True,False
FIRE+FLOOD+INFRA+ENV,CBBA,1257.6,329.5,1445.2,360.25,1.093323,0.685,4.2,3.975,4.5,4,2,1,False,True,True,True,False,True,True,True,True,True,False
FIRE+FLOOD+INFRA+ENV,CBBB,1243.6,325.75,1380.4,387.5,1.189563,0.685,4.2,3.975,4.5,4,2,0,False,True,True,True,False,True,True,True,True,True,False
FIRE+FLOOD+INFRA+ENV,CBBC,1238.0,322.0,1308.4,389.5,1.209627,0.685,4.2,3.975,4.5,4,2,0,False,True,True,True,False,True,True,True,True,True,False
FIRE+FLOOD+INFRA+ENV,CBCA,1251.4,325.5,1385.2,367.25,1.128264,0.685,4.2,3.975,4.5,4,2,1,False,True,True,True,False,True,True,True,True,True,False
FIRE+FLOOD+INFRA+ENV,CBCB,1237.4,321.75,1320.4,394.5,1.226107,0.685,4.2,3.975,4.5,4,2,0,False,True,True,True,False,True,True,True,True,True,False
FIRE+FLOOD+INFRA+ENV,CBCC,1231.8,318.0,1248.4,396.5,1.246855,0.685,4.2,3.975,4.5,4,2,0,False,True,True,True,False,True,True,True,True,True,False
FIRE+FLOOD+INFRA+ENV,CCAA,1266.3,329.0,1379.2,305.5,0.928571,0.685,4.2,3.975,4.5,4,2,2,True,True,True,True,True,True,True,True,True,True,False
FIRE+FLOOD+INFRA+ENV,CCAB,1252.3,325.25,1314.4,332.75,1.023059,0.685,4.2,3.975,4.5,4,2,1,False,True,True,True,False,True,True,True,True,True,False
FIRE+FLOOD+INFRA+ENV,CCAC,1246.7,321.5,1242.4,334.75,1.041213,0.685,4.2,3.975,4.5,4,2,1,False,True,True,True,False,True,True,True,True,True,False
FIRE+FLOOD+INFRA+ENV,CCBA,1250.8,325.0,1325.2,341.75,1.051538,0.685,4.2,3.975,4.5,4,2,1,False,True,True,True,False,True,True,True,True,True,False
FIRE+FLOOD+INFRA+ENV,CCBB,1236.8,321.25,1260.4,369.0,1.148638,0.685,4.2,3.975,4.5,4,2,0,False,True,True,True,False,True,True,True,True,True,False
FIRE+FLOOD+INFRA+ENV,CCBC,1231.2,317.5,1188.4,371.0,1.168504,0.685,4.2,3.975,4.5,4,2,0,False,True,True,True,False,True,True,True,True,True,False
FIRE+FLOOD+INFRA+ENV,CCCA,1244.6,321.0,1265.2,348.75,1.086449,0.685,4.2,3.975,4.5,4,2,1,False,True,True,True,False,True,True,True,True,True,False
FIRE+FLOOD+INFRA+ENV,CCCB,1230.6,317.25,1200.4,376.0,1.185185,0.685,4.2,3.975,4.5,4,2,0,False,True,True,True,False,True,True,True,True,True,False
FIRE+FLOOD+INFRA+ENV,CCCC,1225.0,313.5,1128.4,378.0,1.205742,0.685,4.2,3.975,4.5,4,2,0,False,True,True,True,False,True,True,True,True,True,False
FIRE+FLOOD+INFRA+SSA,AAAA,1365.0,367.5,1800.0,351.25,0.955782,0.6625,4.0,3.7,4.55,3,3,4,False,True,True,True,True,False,False,True,True,True,False
FIRE+FLOOD+INFRA+SSA,AAAB,1348.5,362.75,1738.8,383.25,1.056513,0.6625,4.0,3.7,4.55,3,3,3,False,True,True,True,True,False,False,True,True,True,False
FIRE+FLOOD+INFRA+SSA,AAAC,1341.9,358.0,1670.8,385.5,1.076816,0.6625,4.0,3.7,4.55,3,3,3,False,True,True,True,True,False,True,True,True,True,False
FIRE+FLOOD+INFRA+SSA,AABA,1349.5,363.5,1746.0,387.5,1.066025,0.6625,4.0,3.7,4.55,3,3,3,False,True,True,True,True,False,False,True,True,True,False
FIRE+FLOOD+INFRA+SSA,AABB,1333.0,358.75,1684.8,419.5,1.169338,0.6625,4.0,3.7,4.55,3,3,2,False,True,True,True,True,False,True,True,True,True,False
FIRE+FLOOD+INFRA+SSA,AABC,1326.4,354.0,1616.8,421.75,1.191384,0.6625,4.0,3.7,4.55,3,3,2,False,True,True,True,True,False,True,True,True,True,False
FIRE+FLOOD+INFRA+SSA,AACA,1343.3,359.5,1686.0,394.5,1.097357,0.6625,4.0,3.7,4.55,3,3,3,False,True,True,True,True,False,True,True,True,True,False
FIRE+FLOOD+INFRA+SSA,AACB,1326.8,354.75,1624.8,426.5,1.202255,0.6625,4.0,3.7,4.55,3,3,2,False,True,True,True,True,False,True,True,True,True,False
FIRE+FLOOD+INFRA+SSA,AACC,1320.2,350.0,1556.8,428.75,1.225,0.6625,4.0,3.7,4.55,3,3,2,False,True,True,True,True,False,True,True,True,True,False
FIRE+FLOOD+INFRA+SSA,ABAA,1348.0,363.0,1692.0,354.5,0.976584,0.6625,4.0,3.7,4.55,3,3,3,False,True,True,True,True,False,False,True,True,True,False
FIRE+FLOOD+INFRA+SSA,ABAB,1331.5,358.25,1630.8,386.5,1.078856,0.6625,4.0,3.7,4.55,3,3,2,False,True,True,True,True,False,True,True,True,True,False
FIRE+FLOOD+INFRA+SSA,ABAC,1324.9,353.5,1562.8,388.75,1.099717,0.6625,4.0,3.7,4.55,3,3,2,False,True,True,True,True,False,True,True,True,True,False
FIRE+FLOOD+INFRA+SSA,ABBA,1332.5,359.0,1638.0,390.75,1.08844,0.6625,4.0,3.7,4.55,3,3,2,False,True,True,True,True,False,True,True,True,True,False
FIRE+FLOOD+INFRA+SSA,ABBB,1316.0,354.25,1576.8,422.75,1.193366,0.6625,4.0,3.7,4.55,3,3,1,False,True,True,True,False,False,True,True,True,True,False
FIRE+FLOOD+INFRA+SSA,ABBC,1309.4,349.5,1508.8,425.0,1.216023,0.6625,4.0,3.7,4.55,3,3,1,False,True,True,True,False,False,True,True,True,True,False
FIRE+FLOOD+INFRA+SSA,ABCA,1326.3,355.0,1578.0,397.75,1.120423,0.6625,4.0,3.7,4.55,3,3,2,False,True,True,True,True,False,True,True,True,True,False
FIRE+FLOOD+INFRA+SSA,ABCB,1309.8,350.25,1516.8,429.75,1.226981,0.6625,4.0,3.7,4.55,3,3,1,False,True,True,True,False,False,True,True,True,True,False
FIRE+FLOOD+INFRA+SSA,ABCC,1303.2,345.5,1448.8,432.0,1.250362,0.6625,4.0,3.7,4.55,3,3,1,False,True,True,True,False,False,True,True,True,True,False
FIRE+FLOOD+INFRA+SSA,ACAA,1341.2,358.5,1572.0,336.0,0.937238,0.6625,4.0,3.7,4.55,3,3,3,False,True,True,True,True,False,True,True,True,True,False
FIRE+FLOOD+INFRA+SSA,ACAB,1324.7,353.75,1510.8,368.0,1.040283,0.6625,4.0,3.7,4.55,3,3,2,False,True,True,True,True,False,True,True,True,True,False
FIRE+FLOOD+INFRA+SSA,ACAC,1318.1,349.0,1442.8,370.25,1.060888,0.6625,4.0,3.7,4.55,3,3,2,False,True,True,True,True,False,True,True,True,True,False
FIRE+FLOOD+INFRA+SSA,ACBA,1325.7,354.5,1518.0,372.25,1.050071,0.6625,4.0,3.7,4.55,3,3,2,False,True,True,True,True,False,True,True,True,True,False
FIRE+FLOOD+INFRA+SSA,ACBB,1309.2,349.75,1456.8,404.25,1.155826,0.6625,4.0,3.7,4.55,3,3,1,False,True,True,True,False,False,True,True,True,True,False
FIRE+FLOOD+INFRA+SSA,ACBC,1302.6,345.0,1388.8,406.5,1.178261,0.6625,4.0,3.7,4.55,3,3,1,False,True,True,True,False,False,True,True,True,True,False
FIRE+FLOOD+INFRA+SSA,ACCA,1319.5,350.5,1458.0,379.25,1.082026,0.6625,4.0,3.7,4.55,3,3,2,False,True,True,True,True,False,True,True,True,True,False
FIRE+FLOOD+INFRA+SSA,ACCB,1303.0,345.75,1396.8,411.25,1.189443,0.6625,4.0,3.7,4.55,3,3,1,False,True,True,True,False,False,True,True,True,True,False
FIRE+FLOOD+INFRA+SSA,ACCC,1296.4,341.0,1328.8,413.5,1.21261,0.6625,4.0,3.7,4.55,3,3,1,False,True,True,True,False,True,True,True,True,True,False
FIRE+FLOOD+INFRA+SSA,BAAA,1349.0,363.25,1699.2,352.0,0.96903,0.6625,4.0,3.7,4.55,3,3,3,False,True,True,True,True,False,False,True,True,True,False
FIRE+FLOOD+INFRA+SSA,BAAB,1332.5,358.5,1638.0,384.0,1.07113,0.6625,4.0,3.7,4.55,3,3,2,False,True,True,True,True,False,True,True,True,True,False
FIRE+FLOOD+INFRA+SSA,BAAC,1325.9,353.75,1570.0,386.25,1.091873,0.6625,4.0,3.7,4.55,3,3,2,False,True,True,True,True,False,True,True,True,True,False
FIRE+FLOOD+INFRA+SSA,BABA,1333.5,359.25,1645.2,388.25,1.080724,0.6625,4.0,3.7,4.55,3,3,2,False,True,True,True,True,False,True,True,True,True,False
FIRE+FLOOD+INFRA+SSA,BABB,1317.0,354.5,1584.0,420.25,1.185472,0.6625,4.0,3.7,4.55,3,3,1,False,True,True,True,False,False,True,True,True,True,False
FIRE+FLOOD+INFRA+SSA,BABC,1310.4,349.75,1516.0,422.5,1.208006,0.6625,4.0,3.7,4.55,3,3,1,False,True,True,True,False,False,True,True,True,True,False
FIRE+FLOOD+INFRA+SSA,BACA,1327.3,355.25,1585.2,395.25,1.112597,0.6625,4.0,3.7,4.55,3,3,2,False,True,True,True,True,False,True,True,True,True,False
FIRE+FLOOD+INFRA+SSA,BACB,1310.8,350.5,1524.0,427.25,1.218973,0.6625,4.0,3.7,4.55,3,3,1,False,True,True,True,False,False,True,True,True,True,False
FIRE+FLOOD+INFRA+SSA,BACC,1304.2,345.75,1456.0,429.5,1.242227,0.6625,4.0,3.7,4.55,3,3,1,False,True,True,True,False,False,True,True,True,True,False
FIRE+FLOOD+INFRA+SSA,BBAA,1332.0,358.75,1591.2,355.25,0.990244,0.6625,4.0,3.7,4.55,3,3,2,False,True,True,True,True,False,True,True,True,True,False
FIRE+FLOOD+INFRA+SSA,BBAB,1315.5,354.0,1530.0,387.25,1.093927,0.6625,4.0,3.7,4.55,3,3,1,False,True,True,True,False,False,True,True,True,True,False
FIRE+FLOOD+INFRA+SSA,BBAC,1308.9,349.25,1462.0,389.5,1.115247,0.6625,4.0,3.7,4.55,3,3,1,False,True,True,True,False,False,True,True,True,True,False
FIRE+FLOOD+INFRA+SSA,BBBA,1316.5,354.75,1537.2,391.5,1.103594,0.6625,4.0,3.7,4.55,3,3,1,False,True,True,True,False,False,True,True,True,True,False
FIRE+FLOOD+INFRA+SSA,BBBB,1300.0,350.0,1476.0,423.5,1.21,0.6625,4.0,3.7,4.55,3,3,0,False,True,True,True,False,True,True,True,True,True,False
FIRE+FLOOD+INFRA+SSA,BBBC,1293.4,345.25,1408.0,425.75,1.233164,0.6625,4.0,3.7,4.55,3,3,0,False,True,True,True,False,True,True,True,True,True,False
FIRE+FLOOD+INFRA+SSA,BBCA,1310.3,350.75,1477.2,398.5,1.136137,0.6625,4.0,3.7,4.55,3,3,1,False,True,True,True,False,False,True,True,True,True,False
FIRE+FLOOD+INFRA+SSA,BBCB,1293.8,346.0,1416.0,430.5,1.24422,0.6625,4.0,3.7,4.55,3,3,0,False,True,True,True,False,True,True,True,True,True,False
FIRE+FLOOD+INFRA+SSA,BBCC,1287.2,341.25,1348.0,432.75,1.268132,0.6625,4.0,3.7,4.55,3,3,0,False,True,True,True,False,True,True,True,True,True,False
FIRE+FLOOD+INFRA+SSA,BCAA,1325.2,354.25,1471.2,336.75,0.9506,0.6625,4.0,3.7,4.55,3,3,2,False,True,True,True,True,False,True,True,True,True,False
FIRE+FLOOD+INFRA+SSA,BCAB,1308.7,349.5,1410.0,368.75,1.055079,0.6625,4.0,3.7,4.55,3,3,1,False,True,True,True,False,False,True,True,True,True,False
FIRE+FLOOD+INFRA+SSA,BCAC,1302.1,344.75,1342.0,371.0,1.076142,0.6625,4.0,3.7,4.55,3,3,1,False,True,True,True,False,False,True,True,True,True,False
FIRE+FLOOD+INFRA+SSA,BCBA,1309.7,350.25,1417.2,373.0,1.064954,0.6625,4.0,3.7,4.55,3,3,1,False,True,True,True,False,False,True,True,True,True,False
FIRE+FLOOD+INFRA+SSA,BCBB,1293.2,345.5,1356.0,405.0,1.172214,0.6625,4.0,3.7,4.55,3,3,0,False,True,True,True,False,True,True,True,True,True,False
FIRE+FLOOD+INFRA+SSA,BCBC,1286.6,340.75,1288.0,407.25,1.195158,0.6625,4.0,3.7,4.55,3,3,0,False,True,True,True,False,True,True,True,True,True,False
FIRE+FLOOD+INFRA+SSA,BCCA,1303.5,346.25,1357.2,380.0,1.097473,0.6625,4.0,3.7,4.55,3,3,1,False,True,True,True,False,False,True,True,True,True,False
FIRE+FLOOD+INFRA+SSA,BCCB,1287.0,341.5,1296.0,412.0,1.206442,0.6625,4.0,3.7,4.55,3,3,0,False,True,True,True,False,True,True,True,True,True,False
FIRE+FLOOD+INFRA+SSA,BCCC,1280.4,336.75,1228.0,414.25,1.230141,0.6625,4.0,3.7,4.55,3,3,0,False,True,True,True,False,True,True,True,True,True,False
FIRE+FLOOD+INFRA+SSA,CAAA,1342.6,359.0,1587.2,334.5,0.931755,0.6625,4.0,3.7,4.55,3,3,3,False,True,True,True,True,False,True,True,True,True,False
FIRE+FLOOD+INFRA+SSA,CAAB,1326.1,354.25,1526.0,366.5,1.03458,0.6625,4.0,3.7,4.55,3,3,2,False,True,True,True,True,False,True,True,True,True,False
FIRE+FLOOD+INFRA+SSA,CAAC,1319.5,349.5,1458.0,368.75,1.055079,0.6625,4.0,3.7,4.55,3,3,2,False,True,True,True,True,False,True,True,True,True,False
FIRE+FLOOD+INFRA+SSA,CABA,1327.1,355.0,1533.2,370.75,1.044366,0.6625,4.0,3.7,4.55,3,3,2,False,True,True,True,True,False,True,True,True,True,False
FIRE+FLOOD+INFRA+SSA,CABB,1310.6,350.25,1472.0,402.75,1.149893,0.6625,4.0,3.7,4.55,3,3,1,False,True,True,True,False,False,True,True,True,True,False
FIRE+FLOOD+INFRA+SSA,CABC,1304.0,345.5,1404.0,405.0,1.172214,0.6625,4.0,3.7,4.55,3,3,1,False,True,True,True,False,False,True,True,True,True,False
FIRE+FLOOD+INFRA+SSA,CACA,1320.9,351.0,1473.2,377.75,1.076211,0.6625,4.0,3.7,4.55,3,3,2,False,True,True,True,True,False,True,True,True,True,False
FIRE+FLOOD+INFRA+SSA,CACB,1304.4,346.25,1412.0,409.75,1.183394,0.6625,4.0,3.7,4.55,3,3,1,False,True,True,True,False,False,True,True,True,True,False
FIRE+FLOOD+INFRA+SSA,CACC,1297.8,341.5,1344.0,412.0,1.206442,0.6625,4.0,3.7,4.55,3,3,1,False,True,True,True,False,True,True,True,True,True,False
FIRE+FLOOD+INFRA+SSA,CBAA,1325.6,354.5,1479.2,337.75,0.95275,0.6625,4.0,3.7,4.55,3,3,2,False,True,True,True,True,False,True,True,True,True,False
FIRE+FLOOD+INFRA+SSA,CBAB,1309.1,349.75,1418.0,369.75,1.057184,0.6625,4.0,3.7,4.55,3,3,1,False,True,True,True,False,False,True,True,True,True,False
FIRE+FLOOD+INFRA+SSA,CBAC,1302.5,345.0,1350.0,372.0,1.078261,0.6625,4.0,3.7,4.55,3,3,1,False,True,True,True,False,False,True,True,True,True,False
FIRE+FLOOD+INFRA+SSA,CBBA,1310.1,350.5,1425.2,374.0,1.067047,0.6625,4.0,3.7,4.55,3,3,1,False,True,True,True,False,False,True,True,True,True,False
FIRE+FLOOD+INFRA+SSA,CBBB,1293.6,345.75,1364.0,406.0,1.174259,0.6625,4.0,3.7,4.55,3,3,0,False,True,True,True,False,True,True,True,True,True,False
FIRE+FLOOD+INFRA+SSA,CBBC,1287.0,341.0,1296.0,408.25,1.197214,0.6625,4.0,3.7,4.55,3,3,0,False,True,True,True,False,True,True,True,True,True,False
FIRE+FLOOD+INFRA+SSA,CBCA,1303.9,346.5,1365.2,381.0,1.099567,0.6625,4.0,3.7,4.55,3,3,1,False,True,True,True,False,False,True,True,True,True,False
FIRE+FLOOD+INFRA+SSA,CBCB,1287.4,341.75,1304.0,413.0,1.208486,0.6625,4.0,3.7,4.55,3,3,0,False,True,True,True,False,True,True,True,True,True,False
FIRE+FLOOD+INFRA+SSA,CBCC,1280.8,337.0,1236.0,415.25,1.232196,0.6625,4.0,3.7,4.55,3,3,0,False,True,True,True,False,True,True,True,True,True,False
FIRE+FLOOD+INFRA+SSA,CCAA,1318.8,350.0,1359.2,319.25,0.912143,0.6625,4.0,3.7,4.55,3,3,2,False,True,True,True,True,False,True,True,True,True,False
FIRE+FLOOD+INFRA+SSA,CCAB,1302.3,345.25,1298.0,351.25,1.017379,0.6625,4.0,3.7,4.55,3,3,1,False,True,True,True,False,False,True,True,True,True,False
FIRE+FLOOD+INFRA+SSA,CCAC,1295.7,340.5,1230.0,353.5,1.038179,0.6625,4.0,3.7,4.55,3,3,1,False,True,True,True,False,True,True,True,True,True,False
FIRE+FLOOD+INFRA+SSA,CCBA,1303.3,346.0,1305.2,355.5,1.027457,0.6625,4.0,3.7,4.55,3,3,1,False,True,True,True,False,False,True,True,True,True,False
FIRE+FLOOD+INFRA+SSA,CCBB,1286.8,341.25,1244.0,387.5,1.135531,0.6625,4.0,3.7,4.55,3,3,0,False,True,True,True,False,True,True,True,True,True,False
FIRE+FLOOD+INFRA+SSA,CCBC,1280.2,336.5,1176.0,389.75,1.158247,0.6625,4.0,3.7,4.55,3,3,0,False,True,True,True,False,True,True,True,True,True,False
FIRE+FLOOD+INFRA+SSA,CCCA,1297.1,342.0,1245.2,362.5,1.059942,0.6625,4.0,3.7,4.55,3,3,1,False,True,True,True,False,True,True,True,True,True,False
FIRE+FLOOD+INFRA+SSA,CCCB,1280.6,337.25,1184.0,394.5,1.169755,0.6625,4.0,3.7,4.55,3,3,0,False,True,True,True,False,True,True,True,True,True,False
FIRE+FLOOD+INFRA+SSA,CCCC,1274.0,332.5,1116.0,396.75,1.193233,0.6625,4.0,3.7,4.55,3,3,0,False,True,True,True,False,True,True,True,True,True,False
FIRE+FLOOD+ARCTIC+TRANS,AAAA,1438.5,404.25,1850.0,367.5,0.909091,0.655,4.075,3.725,4.25,4,3,4,False,True,True,True,True,False,False,True,True,True,False
FIRE+FLOOD+ARCTIC+TRANS,AAAB,1426.0,400.75,1810.4,401.25,1.001248,0.655,4.075,3.725,4.25,4,3,3,False,True,True,True,True,False,False,True,True,True,False
FIRE+FLOOD+ARCTIC+TRANS,AAAC,1421.0,397.25,1766.4,409.25,1.030208,0.655,4.075,3.725,4.25,4,3,3,False,True,True,True,True,False,False,True,True,True,False
FIRE+FLOOD+ARCTIC+TRANS,AABA,1415.5,397.25,1765.4,411.25,1.035242,0.655,4.075,3.725,4.25,4,3,3,False,True,True,True,True,False,False,True,True,True,False
FIRE+FLOOD+ARCTIC+TRANS,AABB,1403.0,393.75,1725.8,445.0,1.130159,0.655,4.075,3.725,4.25,4,3,2,False,True,True,True,True,False,False,True,True,True,False
FIRE+FLOOD+ARCTIC+TRANS,AABC,1398.0,390.25,1681.8,453.0,1.160794,0.655,4.075,3.725,4.25,4,3,2,False,True,True,True,True,False,False,True,True,True,False
FIRE+FLOOD+ARCTIC+TRANS,AACA,1406.3,390.25,1671.4,415.25,1.064061,0.655,4.075,3.725,4.25,4,3,3,False,True,True,True,True,False,False,True,True,True,False
FIRE+FLOOD+ARCTIC+TRANS,AACB,1393.8,386.75,1631.8,449.0,1.160957,0.655,4.075,3.725,4.25,4,3,2,False,True,True,True,True,False,False,True,True,True,False
FIRE+FLOOD+ARCTIC+TRANS,AACC,1388.8,383.25,1587.8,457.0,1.192433,0.655,4.075,3.725,4.25,4,3,2,False,True,True,True,True,False,False,True,True,True,False
FIRE+FLOOD+ARCTIC+TRANS,ABAA,1421.5,399.75,1742.0,370.75,0.927455,0.655,4.075,3.725,4.25,4,3,3,False,True,True,True,True,False,False,True,True,True,False
FIRE+FLOOD+ARCTIC+TRANS,ABAB,1409.0,396.25,1702.4,404.5,1.02082,0.655,4.075,3.725,4.25,4,3,2,False,True,True,True,True,False,False,True,True,True,False
FIRE+FLOOD+ARCTIC+TRANS,ABAC,1404.0,392.75,1658.4,412.5,1.050286,0.655,4.075,3.725,4.25,4,3,2,False,True,True,True,True,False,False,True,True,True,False
FIRE+FLOOD+ARCTIC+TRANS,ABBA,1398.5,392.75,1657.4,414.5,1.055379,0.655,4.075,3.725,4.25,4,3,2,False,True,True,True,True,False,False,True,True,True,False
FIRE+FLOOD+ARCTIC+TRANS,ABBB,1386.0,389.25,1617.8,448.25,1.151574,0.655,4.075,3.725,4.25,4,3,1,False,True,True,True,False,False,False,True,True,True,False
FIRE+FLOOD+ARCTIC+TRANS,ABBC,1381.0,385.75,1573.8,456.25,1.182761,0.655,4.075,3.725,4.25,4,3,1,False,True,True,True,False,False,False,True,True,True,False
FIRE+FLOOD+ARCTIC+TRANS,ABCA,1389.3,385.75,1563.4,418.5,1.0849,0.655,4.075,3.725,4.25,4,3,2,False,True,True,True,True,False,False,True,True,True,False
FIRE+FLOOD+ARCTIC+TRANS,ABCB,1376.8,382.25,1523.8,452.25,1.183126,0.655,4.075,3.725,4.25,4,3,1,False,True,True,True,False,False,False,True,True,True,False
FIRE+FLOOD+ARCTIC+TRANS,ABCC,1371.8,378.75,1479.8,460.25,1.215182,0.655,4.075,3.725,4.25,4,3,1,False,True,True,True,False,False,False,True,True,True,False
FIRE+FLOOD+ARCTIC+TRANS,ACAA,1414.7,395.25,1622.0,352.25,0.891208,0.655,4.075,3.725,4.25,4,3,3,False,True,True,True,True,False,False,True,True,True,False
FIRE+FLOOD+ARCTIC+TRANS,ACAB,1402.2,391.75,1582.4,386.0,0.985322,0.655,4.075,3.725,4.25,4,3,2,False,True,True,True,True,False,False,True,True,True,False
FIRE+FLOOD+ARCTIC+TRANS,ACAC,1397.2,388.25,1538.4,394.0,1.01481,0.655,4.075,3.725,4.25,4,3,2,False,True,True,True,True,False,False,True,True,True,False
FIRE+FLOOD+ARCTIC+TRANS,ACBA,1391.7,388.25,1537.4,396.0,1.019961,0.655,4.075,3.725,4.25,4,3,2,False,True,True,True,True,False,False,True,True,True,False
FIRE+FLOOD+ARCTIC+TRANS,ACBB,1379.2,384.75,1497.8,429.75,1.116959,0.655,4.075,3.725,4.25,4,3,1,False,True,True,True,False,False,False,True,True,True,False
FIRE+FLOOD+ARCTIC+TRANS,ACBC,1374.2,381.25,1453.8,437.75,1.148197,0.655,4.075,3.725,4.25,4,3,1,False,True,True,True,False,False,False,True,True,True,False
FIRE+FLOOD+ARCTIC+TRANS,ACCA,1382.5,381.25,1443.4,400.0,1.04918,0.655,4.075,3.725,4.25,4,3,2,False,True,True,True,True,False,False,True,True,True,False
FIRE+FLOOD+ARCTIC+TRANS,ACCB,1370.0,377.75,1403.8,433.75,1.148246,0.655,4.075,3.725,4.25,4,3,1,False,True,True,True,False,False,False,True,True,True,False
FIRE+FLOOD+ARCTIC+TRANS,ACCC,1365.0,374.25,1359.8,441.75,1.180361,0.655,4.075,3.725,4.25,4,3,1,False,True,True,True,False,False,False,True,True,True,False
FIRE+FLOOD+ARCTIC+TRANS,BAAA,1422.5,400.0,1749.2,368.25,0.920625,0.655,4.075,3.725,4.25,4,3,3,False,True,True,True,True,False,False,True,True,True,False
FIRE+FLOOD+ARCTIC+TRANS,BAAB,1410.0,396.5,1709.6,402.0,1.013871,0.655,4.075,3.725,4.25,4,3,2,False,True,True,True,True,False,False,True,True,True,False
FIRE+FLOOD+ARCTIC+TRANS,BAAC,1405.0,393.0,1665.6,410.0,1.043257,0.655,4.075,3.725,4.25,4,3,2,False,True,True,True,True,False,False,True,True,True,False
FIRE+FLOOD+ARCTIC+TRANS,BABA,1399.5,393.0,1664.6,412.0,1.048346,0.655,4.075,3.725,4.25,4,3,2,False,True,True,True,True,False,False,True,True,True,False
FIRE+FLOOD+ARCTIC+TRANS,BABB,1387.0,389.5,1625.0,445.75,1.144416,0.655,4.075,3.725,4.25,4,3,1,False,True,True,True,False,False,False,True,True,True,False
FIRE+FLOOD+ARCTIC+TRANS,BABC,1382.0,386.0,1581.0,453.75,1.175518,0.655,4.075,3.725,4.25,4,3,1,False,True,True,True,False,False,False,True,True,True,False
FIRE+FLOOD+ARCTIC+TRANS,BACA,1390.3,386.0,1570.6,416.0,1.07772,0.655,4.075,3.725,4.25,4,3,2,False,True,True,True,True,False,False,True,True,True,False
FIRE+FLOOD+ARCTIC+TRANS,BACB,1377.8,382.5,1531.0,449.75,1.175817,0.655,4.075,3.725,4.25,4,3,1,False,True,True,True,False,False,False,True,True,True,False
FIRE+FLOOD+ARCTIC+TRANS,BACC,1372.8,379.0,1487.0,457.75,1.207784,0.655,4.075,3.725,4.25,4,3,1,False,True,True,True,False,False,False,True,True,True,False
FIRE+FLOOD+ARCTIC+TRANS,BBAA,1405.5,395.5,1641.2,371.5,0.939317,0.655,4.075,3.725,4.25,4,3,2,False,True,True,True,True,False,False,True,True,True,False
FIRE+FLOOD+ARCTIC+TRANS,BBAB,1393.0,392.0,1601.6,405.25,1.033801,0.655,4.075,3.725,4.25,4,3,1,False,True,True,True,False,False,False,True,True,True,False
FIRE+FLOOD+ARCTIC+TRANS,BBAC,1388.0,388.5,1557.6,413.25,1.063707,0.655,4.075,3.725,4.25,4,3,1,False,True,True,True,False,False,False,True,True,True,False
FIRE+FLOOD+ARCTIC+TRANS,BBBA,1382.5,388.5,1556.6,415.25,1.068855,0.655,4.075,3.725,4.25,4,3,1,False,True,True,True,False,False,False,True,True,True,False
FIRE+FLOOD+ARCTIC+TRANS,BBBB,1370.0,385.0,1517.0,449.0,1.166234,0.655,4.075,3.725,4.25,4,3,0,False,True,True,True,False,False,False,True,True,True,False
FIRE+FLOOD+ARCTIC+TRANS,BBBC,1365.0,381.5,1473.0,457.0,1.197903,0.655,4.075,3.725,4.25,4,3,0,False,True,True,True,False,False,False,True,True,True,False
FIRE+FLOOD+ARCTIC+TRANS,BBCA,1373.3,381.5,1462.6,419.25,1.098952,0.655,4.075,3.725,4.25,4,3,1,False,True,True,True,False,False,False,True,True,True,False
FIRE+FLOOD+ARCTIC+TRANS,BBCB,1360.8,378.0,1423.0,453.0,1.198413,0.655,4.075,3.725,4.25,4,3,0,False,True,True,True,False,False,False,True,True,True,False
FIRE+FLOOD+ARCTIC+TRANS,BBCC,1355.8,374.5,1379.0,461.0,1.230975,0.655,4.075,3.725,4.25,4,3,0,False,True,True,True,False,False,False,True,True,True,False
FIRE+FLOOD+ARCTIC+TRANS,BCAA,1398.7,391.0,1521.2,353.0,0.902813,0.655,4.075,3.725,4.25,4,3,2,False,True,True,True,True,False,False,True,True,True,False
FIRE+FLOOD+ARCTIC+TRANS,BCAB,1386.2,387.5,1481.6,386.75,0.998065,0.655,4.075,3.725,4.25,4,3,1,False,True,True,True,False,False,False,True,True,True,False
FIRE+FLOOD+ARCTIC+TRANS,BCAC,1381.2,384.0,1437.6,394.75,1.027995,0.655,4.075,3.725,4.25,4,3,1,False,True,True,True,False,False,False,True,True,True,False
FIRE+FLOOD+ARCTIC+TRANS,BCBA,1375.7,384.0,1436.6,396.75,1.033203,0.655,4.075,3.725,4.25,4,3,1,False,True,True,True,False,False,False,True,True,True,False
FIRE+FLOOD+ARCTIC+TRANS,BCBB,1363.2,380.5,1397.0,430.5,1.131406,0.655,4.075,3.725,4.25,4,3,0,False,True,True,True,False,False,False,True,True,True,False
FIRE+FLOOD+ARCTIC+TRANS,BCBC,1358.2,377.0,1353.0,438.5,1.16313,0.655,4.075,3.725,4.25,4,3,0,False,True,True,True,False,False,False,True,True,True,False
FIRE+FLOOD+ARCTIC+TRANS,BCCA,1366.5,377.0,1342.6,400.75,1.062997,0.655,4.075,3.725,4.25,4,3,1,False,True,True,True,False,False,False,True,True,True,False
FIRE+FLOOD+ARCTIC+TRANS,BCCB,1354.0,373.5,1303.0,434.5,1.16332,0.655,4.075,3.725,4.25,4,3,0,False,True,True,True,False,False,False,True,True,True,False
FIRE+FLOOD+ARCTIC+TRANS,BCCC,1349.0,370.0,1259.0,442.5,1.195946,0.655,4.075,3.725,4.25,4,3,0,False,True,True,True,False,False,False,True,True,True,False
FIRE+FLOOD+ARCTIC+TRANS,CAAA,1416.1,395.75,1637.2,350.75,0.886292,0.655,4.075,3.725,4.25,4,3,3,False,True,True,True,True,False,False,True,True,True,False
FIRE+FLOOD+ARCTIC+TRANS,CAAB,1403.6,392.25,1597.6,384.5,0.980242,0.655,4.075,3.725,4.25,4,3,2,False,True,True,True,True,False,False,True,True,True,False
FIRE+FLOOD+ARCTIC+TRANS,CAAC,1398.6,388.75,1553.6,392.5,1.009646,0.655,4.075,3.725,4.25,4,3,2,False,True,True,True,True,False,False,True,True,True,False
FIRE+FLOOD+ARCTIC+TRANS,CABA,1393.1,388.75,1552.6,394.5,1.014791,0.655,4.075,3.725,4.25,4,3,2,False,True,True,True,True,False,False,True,True,True,False
FIRE+FLOOD+ARCTIC+TRANS,CABB,1380.6,385.25,1513.0,428.25,1.111616,0.655,4.075,3.725,4.25,4,3,1,False,True,True,True,False,False,False,True,True,True,False
FIRE+FLOOD+ARCTIC+TRANS,CABC,1375.6,381.75,1469.0,436.25,1.142764,0.655,4.075,3.725,4.25,4,3,1,False,True,True,True,False,False,False,True,True,True,False
FIRE+FLOOD+ARCTIC+TRANS,CACA,1383.9,381.75,1458.6,398.5,1.043877,0.655,4.075,3.725,4.25,4,3,2,False,True,True,True,True,False,False,True,True,True,False
FIRE+FLOOD+ARCTIC+TRANS,CACB,1371.4,378.25,1419.0,432.25,1.142763,0.655,4.075,3.725,4.25,4,3,1,False,True,True,True,False,False,False,True,True,True,False
FIRE+FLOOD+ARCTIC+TRANS,CACC,1366.4,374.75,1375.0,440.25,1.174783,0.655,4.075,3.725,4.25,4,3,1,False,True,True,True,False,False,False,True,True,True,False
FIRE+FLOOD+ARCTIC+TRANS,CBAA,1399.1,391.25,1529.2,354.0,0.904792,0.655,4.075,3.725,4.25,4,3,2,False,True,True,True,True,False,False,True,True,True,False
FIRE+FLOOD+ARCTIC+TRANS,CBAB,1386.6,387.75,1489.6,387.75,1.0,0.655,4.075,3.725,4.25,4,3,1,False,True,True,True,False,False,False,True,True,True,False
FIRE+FLOOD+ARCTIC+TRANS,CBAC,1381.6,384.25,1445.6,395.75,1.029928,0.655,4.075,3.725,4.25,4,3,1,False,True,True,True,False,False,False,True,True,True,False
FIRE+FLOOD+ARCTIC+TRANS,CBBA,1376.1,384.25,1444.6,397.75,1.035133,0.655,4.075,3.725,4.25,4,3,1,False,True,True,True,False,False,False,True,True,True,False
FIRE+FLOOD+ARCTIC+TRANS,CBBB,1363.6,380.75,1405.0,431.5,1.13329,0.655,4.075,3.725,4.25,4,3,0,False,True,True,True,False,False,False,True,True,True,False
FIRE+FLOOD+ARCTIC+TRANS,CBBC,1358.6,377.25,1361.0,439.5,1.16501,0.655,4.075,3.725,4.25,4,3,0,False,True,True,True,False,False,False,True,True,True,False
FIRE+FLOOD+ARCTIC+TRANS,CBCA,1366.9,377.25,1350.6,401.75,1.064944,0.655,4.075,3.725,4.25,4,3,1,False,True,True,True,False,False,False,True,True,True,False
FIRE+FLOOD+ARCTIC+TRANS,CBCB,1354.4,373.75,1311.0,435.5,1.165217,0.655,4.075,3.725,4.25,4,3,0,False,True,True,True,False,False,False,True,True,True,False
FIRE+FLOOD+ARCTIC+TRANS,CBCC,1349.4,370.25,1267.0,443.5,1.197839,0.655,4.075,3.725,4.25,4,3,0,False,True,True,True,False,False,False,True,True,True,False
FIRE+FLOOD+ARCTIC+TRANS,CCAA,1392.3,386.75,1409.2,335.5,0.867485,0.655,4.075,3.725,4.25,4,3,2,False,True,True,True,True,False,False,True,True,True,False
FIRE+FLOOD+ARCTIC+TRANS,CCAB,1379.8,383.25,1369.6,369.25,0.96347,0.655,4.075,3.725,4.25,4,3,1,False,True,True,True,False,False,False,True,True,True,False
FIRE+FLOOD+ARCTIC+TRANS,CCAC,1374.8,379.75,1325.6,377.25,0.993417,0.655,4.075,3.725,4.25,4,3,1,False,True,True,True,False,False,False,True,True,True,False
FIRE+FLOOD+ARCTIC+TRANS,CCBA,1369.3,379.75,1324.6,379.25,0.998683,0.655,4.075,3.725,4.25,4,3,1,False,True,True,True,False,False,False,True,True,True,False
FIRE+FLOOD+ARCTIC+TRANS,CCBB,1356.8,376.25,1285.0,413.0,1.097674,0.655,4.075,3.725,4.25,4,3,0,False,True,True,True,False,False,False,True,True,True,False
FIRE+FLOOD+ARCTIC+TRANS,CCBC,1351.8,372.75,1241.0,421.0,1.129443,0.655,4.075,3.725,4.25,4,3,0,False,True,True,True,False,False,False,True,True,True,False
FIRE+FLOOD+ARCTIC+TRANS,CCCA,1360.1,372.75,1230.6,383.25,1.028169,0.655,4.075,3.725,4.25,4,3,1,False,True,True,True,False,False,False,True,True,True,False
FIRE+FLOOD+ARCTIC+TRANS,CCCB,1347.6,369.25,1191.0,417.0,1.129316,0.655,4.075,3.725,4.25,4,3,0,False,True,True,True,False,False,False,True,True,True,False
FIRE+FLOOD+ARCTIC+TRANS,CCCC,1342.6,365.75,1147.0,425.0,1.161996,0.655,4.075,3.725,4.25,4,3,0,False,True,True,True,False,False,False,True,True,True,False
FIRE+FLOOD+ARCTIC+ENV,AAAA,1470.0,409.5,1990.0,375.0,0.915751,0.645,3.975,3.675,4.25,4,3,4,False,True,True,True,True,False,False,True,True,True,False
FIRE+FLOOD+ARCTIC+ENV,AAAB,1456.0,405.75,1925.2,402.25,0.991374,0.645,3.975,3.675,4.25,4,3,3,False,True,True,True,True,False,False,True,True,True,False
FIRE+FLOOD+ARCTIC+ENV,AAAC,1450.4,402.0,1853.2,404.25,1.005597,0.645,3.975,3.675,4.25,4,3,3,False,True,True,True,True,False,False,True,True,True,False
FIRE+FLOOD+ARCTIC+ENV,AABA,1447.0,402.5,1905.4,418.75,1.040373,0.645,3.975,3.675,4.25,4,3,3,False,True,True,True,True,False,False,True,True,True,False
FIRE+FLOOD+ARCTIC+ENV,AABB,1433.0,398.75,1840.6,446.0,1.118495,0.645,3.975,3.675,4.25,4,3,2,False,True,True,True,True,False,False,True,True,True,False
FIRE+FLOOD+ARCTIC+ENV,AABC,1427.4,395.0,1768.6,448.0,1.134177,0.645,3.975,3.675,4.25,4,3,2,False,True,True,True,True,False,False,True,True,True,False
FIRE+FLOOD+ARCTIC+ENV,AACA,1437.8,395.5,1811.4,422.75,1.0689,0.645,3.975,3.675,4.25,4,3,3,False,True,True,True,True,False,False,True,True,True,False
FIRE+FLOOD+ARCTIC+ENV,AACB,1423.8,391.75,1746.6,450.0,1.148692,0.645,3.975,3.675,4.25,4,3,2,False,True,True,True,True,False,False,True,True,True,False
FIRE+FLOOD+ARCTIC+ENV,AACC,1418.2,388.0,1674.6,452.0,1.164948,0.645,3.975,3.675,4.25,4,3,2,False,True,True,True,True,False,False,True,True,True,False
FIRE+FLOOD+ARCTIC+ENV,ABAA,1453.0,405.0,1882.0,378.25,0.933951,0.645,3.975,3.675,4.25,4,3,3,False,True,True,True,True,False,False,True,True,True,False
FIRE+FLOOD+ARCTIC+ENV,ABAB,1439.0,401.25,1817.2,405.5,1.010592,0.645,3.975,3.675,4.25,4,3,2,False,True,True,True,True,False,False,True,True,True,False
FIRE+FLOOD+ARCTIC+ENV,ABAC,1433.4,397.5,1745.2,407.5,1.025157,0.645,3.975,3.675,4.25,4,3,2,False,True,True,True,True,False,False,True,True,True,False
FIRE+FLOOD+ARCTIC+ENV,ABBA,1430.0,398.0,1797.4,422.0,1.060302,0.645,3.975,3.675,4.25,4,3,2,False,True,True,True,True,False,False,True,True,True,False
FIRE+FLOOD+ARCTIC+ENV,ABBB,1416.0,394.25,1732.6,449.25,1.139505,0.645,3.975,3.675,4.25,4,3,1,False,True,True,True,False,False,False,True,True,True,False
FIRE+FLOOD+ARCTIC+ENV,ABBC,1410.4,390.5,1660.6,451.25,1.15557,0.645,3.975,3.675,4.25,4,3,1,False,True,True,True,False,False,False,True,True,True,False
FIRE+FLOOD+ARCTIC+ENV,ABCA,1420.8,391.0,1703.4,426.0,1.089514,0.645,3.975,3.675,4.25,4,3,2,False,True,True,True,True,False,False,True,True,True,False
FIRE+FLOOD+ARCTIC+ENV,ABCB,1406.8,387.25,1638.6,453.25,1.170433,0.645,3.975,3.675,4.25,4,3,1,False,True,True,True,False,False,False,True,True,True,False
FIRE+FLOOD+ARCTIC+ENV,ABCC,1401.2,383.5,1566.6,455.25,1.187093,0.645,3.975,3.675,4.25,4,3,1,False,True,True,True,False,False,False,True,True,True,False
FIRE+FLOOD+ARCTIC+ENV,ACAA,1446.2,400.5,1762.0,359.75,0.898252,0.645,3.975,3.675,4.25,4,3,3,False,True,True,True,True,False,False,True,True,True,False
FIRE+FLOOD+ARCTIC+ENV,ACAB,1432.2,396.75,1697.2,387.0,0.975425,0.645,3.975,3.675,4.25,4,3,2,False,True,True,True,True,False,False,True,True,True,False
FIRE+FLOOD+ARCTIC+ENV,ACAC,1426.6,393.0,1625.2,389.0,0.989822,0.645,3.975,3.675,4.25,4,3,2,False,True,True,True,True,False,False,True,True,True,False
FIRE+FLOOD+ARCTIC+ENV,ACBA,1423.2,393.5,1677.4,403.5,1.025413,0.645,3.975,3.675,4.25,4,3,2,False,True,True,True,True,False,False,True,True,True,False
FIRE+FLOOD+ARCTIC+ENV,ACBB,1409.2,389.75,1612.6,430.75,1.105196,0.645,3.975,3.675,4.25,4,3,1,False,True,True,True,False,False,False,True,True,True,False
FIRE+FLOOD+ARCTIC+ENV,ACBC,1403.6,386.0,1540.6,432.75,1.121114,0.645,3.975,3.675,4.25,4,3,1,False,True,True,True,False,False,False,True,True,True,False
FIRE+FLOOD+ARCTIC+ENV,ACCA,1414.0,386.5,1583.4,407.5,1.054334,0.645,3.975,3.675,4.25,4,3,2,False,True,True,True,True,False,False,True,True,True,False
FIRE+FLOOD+ARCTIC+ENV,ACCB,1400.0,382.75,1518.6,434.75,1.135859,0.645,3.975,3.675,4.25,4,3,1,False,True,True,True,False,False,False,True,True,True,False
FIRE+FLOOD+ARCTIC+ENV,ACCC,1394.4,379.0,1446.6,436.75,1.152375,0.645,3.975,3.675,4.25,4,3,1,False,True,True,True,False,False,False,True,True,True,False
FIRE+FLOOD+ARCTIC+ENV,BAAA,1454.0,405.25,1889.2,375.75,0.927205,0.645,3.975,3.675,4.25,4,3,3,False,True,True,True,True,False,False,True,True,True,False
FIRE+FLOOD+ARCTIC+ENV,BAAB,1440.0,401.5,1824.4,403.0,1.003736,0.645,3.975,3.675,4.25,4,3,2,False,True,True,True,True,False,False,True,True,True,False
FIRE+FLOOD+ARCTIC+ENV,BAAC,1434.4,397.75,1752.4,405.0,1.018228,0.645,3.975,3.675,4.25,4,3,2,False,True,True,True,True,False,False,True,True,True,False
FIRE+FLOOD+ARCTIC+ENV,BABA,1431.0,398.25,1804.6,419.5,1.053358,0.645,3.975,3.675,4.25,4,3,2,False,True,True,True,True,False,False,True,True,True,False
FIRE+FLOOD+ARCTIC+ENV,BABB,1417.0,394.5,1739.8,446.75,1.132446,0.645,3.975,3.675,4.25,4,3,1,False,True,True,True,False,False,False,True,True,True,False
FIRE+FLOOD+ARCTIC+ENV,BABC,1411.4,390.75,1667.8,448.75,1.148433,0.645,3.975,3.675,4.25,4,3,1,False,True,True,True,False,False,False,True,True,True,False
FIRE+FLOOD+ARCTIC+ENV,BACA,1421.8,391.25,1710.6,423.5,1.082428,0.645,3.975,3.675,4.25,4,3,2,False,True,True,True,True,False,False,True,True,True,False
FIRE+FLOOD+ARCTIC+ENV,BACB,1407.8,387.5,1645.8,450.75,1.163226,0.645,3.975,3.675,4.25,4,3,1,False,True,True,True,False,False,False,True,True,True,False
FIRE+FLOOD+ARCTIC+ENV,BACC,1402.2,383.75,1573.8,452.75,1.179805,0.645,3.975,3.675,4.25,4,3,1,False,True,True,True,False,False,False,True,True,True,False
FIRE+FLOOD+ARCTIC+ENV,BBAA,1437.0,400.75,1781.2,379.0,0.945727,0.645,3.975,3.675,4.25,4,3,2,False,True,True,True,True,False,False,True,True,True,False
FIRE+FLOOD+ARCTIC+ENV,BBAB,1423.0,397.0,1716.4,406.25,1.0233,0.645,3.975,3.675,4.25,4,3,1,False,True,True,True,False,False,False,True,True,True,False
FIRE+FLOOD+ARCTIC+ENV,BBAC,1417.4,393.25,1644.4,408.25,1.038144,0.645,3.975,3.675,4.25,4,3,1,False,True,True,True,False,False,False,True,True,True,False
FIRE+FLOOD+ARCTIC+ENV,BBBA,1414.0,393.75,1696.6,422.75,1.073651,0.645,3.975,3.675,4.25,4,3,1,False,True,True,True,False,False,False,True,True,True,False
FIRE+FLOOD+ARCTIC+ENV,BBBB,1400.0,390.0,1631.8,450.0,1.153846,0.645,3.975,3.675,4.25,4,3,0,False,True,True,True,False,False,False,True,True,True,False
FIRE+FLOOD+ARCTIC+ENV,BBBC,1394.4,386.25,1559.8,452.0,1.170227,0.645,3.975,3.675,4.25,4,3,0,False,True,True,True,False,False,False,True,True,True,False
FIRE+FLOOD+ARCTIC+ENV,BBCA,1404.8,386.75,1602.6,426.75,1.103426,0.645,3.975,3.675,4.25,4,3,1,False,True,True,True,False,False,False,True,True,True,False
FIRE+FLOOD+ARCTIC+ENV,BBCB,1390.8,383.0,1537.8,454.0,1.185379,0.645,3.975,3.675,4.25,4,3,0,False,True,True,True,False,False,False,True,True,True,False
FIRE+FLOOD+ARCTIC+ENV,BBCC,1385.2,379.25,1465.8,456.0,1.202373,0.645,3.975,3.675,4.25,4,3,0,False,True,True,True,False,False,False,True,True,True,False
FIRE+FLOOD+ARCTIC+ENV,BCAA,1430.2,396.25,1661.2,360.5,0.909779,0.645,3.975,3.675,4.25,4,3,2,False,True,True,True,True,False,False,True,True,True,False
FIRE+FLOOD+ARCTIC+ENV,BCAB,1416.2,392.5,1596.4,387.75,0.987898,0.645,3.975,3.675,4.25,4,3,1,False,True,True,True,False,False,False,True,True,True,False
FIRE+FLOOD+ARCTIC+ENV,BCAC,1410.6,388.75,1524.4,389.75,1.002572,0.645,3.975,3.675,4.25,4,3,1,False,True,True,True,False,False,False,True,True,True,False
FIRE+FLOOD+ARCTIC+ENV,BCBA,1407.2,389.25,1576.6,404.25,1.038536,0.645,3.975,3.675,4.25,4,3,1,False,True,True,True,False,False,False,True,True,True,False
FIRE+FLOOD+ARCTIC+ENV,BCBB,1393.2,385.5,1511.8,431.5,1.119326,0.645,3.975,3.675,4.25,4,3,0,False,True,True,True,False,False,False,True,True,True,False
FIRE+FLOOD+ARCTIC+ENV,BCBC,1387.6,381.75,1439.8,433.5,1.13556,0.645,3.975,3.675,4.25,4,3,0,False,True,True,True,False,False,False,True,True,True,False
FIRE+FLOOD+ARCTIC+ENV,BCCA,1398.0,382.25,1482.6,408.25,1.068018,0.645,3.975,3.675,4.25,4,3,1,False,True,True,True,False,False,False,True,True,True,False
FIRE+FLOOD+ARCTIC+ENV,BCCB,1384.0,378.5,1417.8,435.5,1.150594,0.645,3.975,3.675,4.25,4,3,0,False,True,True,True,False,False,False,True,True,True,False
FIRE+FLOOD+ARCTIC+ENV,BCCC,1378.4,374.75,1345.8,437.5,1.167445,0.645,3.975,3.675,4.25,4,3,0,False,True,True,True,False,False,False,True,True,True,False
FIRE+FLOOD+ARCTIC+ENV,CAAA,1447.6,401.0,1777.2,358.25,0.893392,0.645,3.975,3.675,4.25,4,3,3,False,True,True,True,True,False,False,True,True,True,False
FIRE+FLOOD+ARCTIC+ENV,CAAB,1433.6,397.25,1712.4,385.5,0.970422,0.645,3.975,3.675,4.25,4,3,2,False,True,True,True,True,False,False,True,True,True,False
FIRE+FLOOD+ARCTIC+ENV,CAAC,1428.0,393.5,1640.4,387.5,0.984752,0.645,3.975,3.675,4.25,4,3,2,False,True,True,True,True,False,False,True,True,True,False
FIRE+FLOOD+ARCTIC+ENV,CABA,1424.6,394.0,1692.6,402.0,1.020305,0.645,3.975,3.675,4.25,4,3,2,False,True,True,True,True,False,False,True,True,True,False
FIRE+FLOOD+ARCTIC+ENV,CABB,1410.6,390.25,1627.8,429.25,1.099936,0.645,3.975,3.675,4.25,4,3,1,False,True,True,True,False,False,False,True,True,True,False
FIRE+FLOOD+ARCTIC+ENV,CABC,1405.0,386.5,1555.8,431.25,1.115783,0.645,3.975,3.675,4.25,4,3,1,False,True,True,True,False,False,False,True,True,True,False
FIRE+FLOOD+ARCTIC+ENV,CACA,1415.4,387.0,1598.6,406.0,1.049096,0.645,3.975,3.675,4.25,4,3,2,False,True,True,True,True,False,False,True,True,True,False
FIRE+FLOOD+ARCTIC+ENV,CACB,1401.4,383.25,1533.8,433.25,1.130463,0.645,3.975,3.675,4.25,4,3,1,False,True,True,True,False,False,False,True,True,True,False
FIRE+FLOOD+ARCTIC+ENV,CACC,1395.8,379.5,1461.8,435.25,1.146904,0.645,3.975,3.675,4.25,4,3,1,False,True,True,True,False,False,False,True,True,True,False
FIRE+FLOOD+ARCTIC+ENV,CBAA,1430.6,396.5,1669.2,361.5,0.911728,0.645,3.975,3.675,4.25,4,3,2,False,True,True,True,True,False,False,True,True,True,False
FIRE+FLOOD+ARCTIC+ENV,CBAB,1416.6,392.75,1604.4,388.75,0.989815,0.645,3.975,3.675,4.25,4,3,1,False,True,True,True,False,False,False,True,True,True,False
FIRE+FLOOD+ARCTIC+ENV,CBAC,1411.0,389.0,1532.4,390.75,1.004499,0.645,3.975,3.675,4.25,4,3,1,False,True,True,True,False,False,False,True,True,True,False
FIRE+FLOOD+ARCTIC+ENV,CBBA,1407.6,389.5,1584.6,405.25,1.040436,0.645,3.975,3.675,4.25,4,3,1,False,True,True,True,False,False,False,True,True,True,False
FIRE+FLOOD+ARCTIC+ENV,CBBB,1393.6,385.75,1519.8,432.5,1.121192,0.645,3.975,3.675,4.25,4,3,0,False,True,True,True,False,False,False,True,True,True,False
FIRE+FLOOD+ARCTIC+ENV,CBBC,1388.0,382.0,1447.8,434.5,1.137435,0.645,3.975,3.675,4.25,4,3,0,False,True,True,True,False,False,False,True,True,True,False
FIRE+FLOOD+ARCTIC+ENV,CBCA,1398.4,382.5,1490.6,409.25,1.069935,0.645,3.975,3.675,4.25,4,3,1,False,True,True,True,False,False,False,True,True,True,False
FIRE+FLOOD+ARCTIC+ENV,CBCB,1384.4,378.75,1425.8,436.5,1.152475,0.645,3.975,3.675,4.25,4,3,0,False,True,True,True,False,False,False,True,True,True,False
FIRE+FLOOD+ARCTIC+ENV,CBCC,1378.8,375.0,1353.8,438.5,1.169333,0.645,3.975,3.675,4.25,4,3,0,False,True,True,True,False,False,False,True,True,True,False
FIRE+FLOOD+ARCTIC+ENV,CCAA,1423.8,392.0,1549.2,343.0,0.875,0.645,3.975,3.675,4.25,4,3,2,False,True,True,True,True,False,False,True,True,True,False
FIRE+FLOOD+ARCTIC+ENV,CCAB,1409.8,388.25,1484.4,370.25,0.953638,0.645,3.975,3.675,4.25,4,3,1,False,True,True,True,False,False,False,True,True,True,False
FIRE+FLOOD+ARCTIC+ENV,CCAC,1404.2,384.5,1412.4,372.25,0.96814,0.645,3.975,3.675,4.25,4,3,1,False,True,True,True,False,False,False,True,True,True,False
FIRE+FLOOD+ARCTIC+ENV,CCBA,1400.8,385.0,1464.6,386.75,1.004545,0.645,3.975,3.675,4.25,4,3,1,False,True,True,True,False,False,False,True,True,True,False
FIRE+FLOOD+ARCTIC+ENV,CCBB,1386.8,381.25,1399.8,414.0,1.085902,0.645,3.975,3.675,4.25,4,3,0,False,True,True,True,False,False,False,True,True,True,False
FIRE+FLOOD+ARCTIC+ENV,CCBC,1381.2,377.5,1327.8,416.0,1.101987,0.645,3.975,3.675,4.25,4,3,0,False,True,True,True,False,False,False,True,True,True,False
FIRE+FLOOD+ARCTIC+ENV,CCCA,1391.6,378.0,1370.6,390.75,1.03373,0.645,3.975,3.675,4.25,4,3,1,False,True,True,True,False,False,False,True,True,True,False
FIRE+FLOOD+ARCTIC+ENV,CCCB,1377.6,374.25,1305.8,418.0,1.1169,0.645,3.975,3.675,4.25,4,3,0,False,True,True,True,False,False,False,True,True,True,False
FIRE+FLOOD+ARCTIC+ENV,CCCC,1372.0,370.5,1233.8,420.0,1.133603,0.645,3.975,3.675,4.25,4,3,0,False,True,True,True,False,False,False,True,True,True,False
FIRE+FLOOD+ARCTIC+SSA,AAAA,1522.5,430.5,1970.0,388.75,0.90302,0.6225,3.775,3.4,4.3,3,4,4,False,True,True,True,True,False,False,True,True,False,False
FIRE+FLOOD+ARCTIC+SSA,AAAB,1506.0,425.75,1908.8,420.75,0.988256,0.6225,3.775,3.4,4.3,3,4,3,False,True,True,True,True,False,False,True,True,False,False
FIRE+FLOOD+ARCTIC+SSA,AAAC,1499.4,421.0,1840.8,423.0,1.004751,0.6225,3.775,3.4,4.3,3,4,3,False,True,True,True,True,False,False,True,True,False,False
FIRE+FLOOD+ARCTIC+SSA,AABA,1499.5,423.5,1885.4,432.5,1.021251,0.6225,3.775,3.4,4.3,3,4,3,False,True,True,True,True,False,False,True,True,False,False
FIRE+FLOOD+ARCTIC+SSA,AABB,1483.0,418.75,1824.2,464.5,1.109254,0.6225,3.775,3.4,4.3,3,4,2,False,True,True,True,True,False,False,True,True,False,False
FIRE+FLOOD+ARCTIC+SSA,AABC,1476.4,414.0,1756.2,466.75,1.127415,0.6225,3.775,3.4,4.3,3,4,2,False,True,True,True,True,False,False,True,True,False,False
FIRE+FLOOD+ARCTIC+SSA,AACA,1490.3,416.5,1791.4,436.5,1.048019,0.6225,3.775,3.4,4.3,3,4,3,False,True,True,True,True,False,False,True,True,False,False
FIRE+FLOOD+ARCTIC+SSA,AACB,1473.8,411.75,1730.2,468.5,1.137826,0.6225,3.775,3.4,4.3,3,4,2,False,True,True,True,True,False,False,True,True,False,False
FIRE+FLOOD+ARCTIC+SSA,AACC,1467.2,407.0,1662.2,470.75,1.156634,0.6225,3.775,3.4,4.3,3,4,2,False,True,True,True,True,False,False,True,True,False,False
FIRE+FLOOD+ARCTIC+SSA,ABAA,1505.5,426.0,1862.0,392.0,0.920188,0.6225,3.775,3.4,4.3,3,4,3,False,True,True,True,True,False,False,True,True,False,False
FIRE+FLOOD+ARCTIC+SSA,ABAB,1489.0,421.25,1800.8,424.0,1.006528,0.6225,3.775,3.4,4.3,3,4,2,False,True,True,True,True,False,False,True,True,False,False
FIRE+FLOOD+ARCTIC+SSA,ABAC,1482.4,416.5,1732.8,426.25,1.023409,0.6225,3.775,3.4,4.3,3,4,2,False,True,True,True,True,False,False,True,True,False,False
FIRE+FLOOD+ARCTIC+SSA,ABBA,1482.5,419.0,1777.4,435.75,1.039976,0.6225,3.775,3.4,4.3,3,4,2,False,True,True,True,True,False,False,True,True,False,False
FIRE+FLOOD+ARCTIC+SSA,ABBB,1466.0,414.25,1716.2,467.75,1.129149,0.6225,3.775,3.4,4.3,3,4,1,False,True,True,True,False,False,False,True,True,False,False
FIRE+FLOOD+ARCTIC+SSA,ABBC,1459.4,409.5,1648.2,470.0,1.147741,0.6225,3.775,3.4,4.3,3,4,1,False,True,True,True,False,False,False,True,True,False,False
FIRE+FLOOD+ARCTIC+SSA,ABCA,1473.3,412.0,1683.4,439.75,1.067354,0.6225,3.775,3.4,4.3,3,4,2,False,True,True,True,True,False,False,True,True,False,False
FIRE+FLOOD+ARCTIC+SSA,ABCB,1456.8,407.25,1622.2,471.75,1.158379,0.6225,3.775,3.4,4.3,3,4,1,False,True,True,True,False,False,False,True,True,False,False
FIRE+FLOOD+ARCTIC+SSA,ABCC,1450.2,402.5,1554.2,474.0,1.17764,0.6225,3.775,3.4,4.3,3,4,1,False,True,True,True,False,False,False,True,True,False,False
FIRE+FLOOD+ARCTIC+SSA,ACAA,1498.7,421.5,1742.0,373.5,0.886121,0.6225,3.775,3.4,4.3,3,4,3,False,True,True,True,True,False,False,True,True,False,False
FIRE+FLOOD+ARCTIC+SSA,ACAB,1482.2,416.75,1680.8,405.5,0.973005,0.6225,3.775,3.4,4.3,3,4,2,False,True,True,True,True,False,False,True,True,False,False
FIRE+FLOOD+ARCTIC+SSA,ACAC,1475.6,412.0,1612.8,407.75,0.989684,0.6225,3.775,3.4,4.3,3,4,2,False,True,True,True,True,False,False,True,True,False,False
FIRE+FLOOD+ARCTIC+SSA,ACBA,1475.7,414.5,1657.4,417.25,1.006634,0.6225,3.775,3.4,4.3,3,4,2,False,True,True,True,True,False,False,True,True,False,False
FIRE+FLOOD+ARCTIC+SSA,ACBB,1459.2,409.75,1596.2,449.25,1.0964,0.6225,3.775,3.4,4.3,3,4,1,False,True,True,True,False,False,False,True,True,False,False
FIRE+FLOOD+ARCTIC+SSA,ACBC,1452.6,405.0,1528.2,451.5,1.114815,0.6225,3.775,3.4,4.3,3,4,1,False,True,True,True,False,False,False,True,True,False,False
FIRE+FLOOD+ARCTIC+SSA,ACCA,1466.5,407.5,1563.4,421.25,1.033742,0.6225,3.775,3.4,4.3,3,4,2,False,True,True,True,True,False,False,True,True,False,False
FIRE+FLOOD+ARCTIC+SSA,ACCB,1450.0,402.75,1502.2,453.25,1.125388,0.6225,3.775,3.4,4.3,3,4,1,False,True,True,True,False,False,False,True,True,False,False
FIRE+FLOOD+ARCTIC+SSA,ACCC,1443.4,398.0,1434.2,455.5,1.144472,0.6225,3.775,3.4,4.3,3,4,1,False,True,True,True,False,False,False,True,True,False,False
FIRE+FLOOD+ARCTIC+SSA,BAAA,1506.5,426.25,1869.2,389.5,0.913783,0.6225,3.775,3.4,4.3,3,4,3,False,True,True,True,True,False,False,True,True,False,False
FIRE+FLOOD+ARCTIC+SSA,BAAB,1490.0,421.5,1808.0,421.5,1.0,0.6225,3.775,3.4,4.3,3,4,2,False,True,True,True,True,False,False,True,True,False,False
FIRE+FLOOD+ARCTIC+SSA,BAAC,1483.4,416.75,1740.0,423.75,1.016797,0.6225,3.775,3.4,4.3,3,4,2,False,True,True,True,True,False,False,True,True,False,False
FIRE+FLOOD+ARCTIC+SSA,BABA,1483.5,419.25,1784.6,433.25,1.033393,0.6225,3.775,3.4,4.3,3,4,2,False,True,True,True,True,False,False,True,True,False,False
FIRE+FLOOD+ARCTIC+SSA,BABB,1467.0,414.5,1723.4,465.25,1.122437,0.6225,3.775,3.4,4.3,3,4,1,False,True,True,True,False,False,False,True,True,False,False
FIRE+FLOOD+ARCTIC+SSA,BABC,1460.4,409.75,1655.4,467.5,1.14094,0.6225,3.775,3.4,4.3,3,4,1,False,True,True,True,False,False,False,True,True,False,False
FIRE+FLOOD+ARCTIC+SSA,BACA,1474.3,412.25,1690.6,437.25,1.060643,0.6225,3.775,3.4,4.3,3,4,2,False,True,True,True,True,False,False,True,True,False,False
FIRE+FLOOD+ARCTIC+SSA,BACB,1457.8,407.5,1629.4,469.25,1.151534,0.6225,3.775,3.4,4.3,3,4,1,False,True,True,True,False,False,False,True,True,False,False
FIRE+FLOOD+ARCTIC+SSA,BACC,1451.2,402.75,1561.4,471.5,1.170701,0.6225,3.775,3.4,4.3,3,4,1,False,True,True,True,False,False,False,True,True,False,False
FIRE+FLOOD+ARCTIC+SSA,BBAA,1489.5,421.75,1761.2,392.75,0.931239,0.6225,3.775,3.4,4.3,3,4,2,False,True,True,True,True,False,False,True,True,False,False
FIRE+FLOOD+ARCTIC+SSA,BBAB,1473.0,417.0,1700.0,424.75,1.018585,0.6225,3.775,3.4,4.3,3,4,1,False,True,True,True,False,False,False,True,True,False,False
FIRE+FLOOD+ARCTIC+SSA,BBAC,1466.4,412.25,1632.0,427.0,1.035779,0.6225,3.775,3.4,4.3,3,4,1,False,True,True,True,False,False,False,True,True,False,False
FIRE+FLOOD+ARCTIC+SSA,BBBA,1466.5,414.75,1676.6,436.5,1.052441,0.6225,3.775,3.4,4.3,3,4,1,False,True,True,True,False,False,False,True,True,False,False
FIRE+FLOOD+ARCTIC+SSA,BBBB,1450.0,410.0,1615.4,468.5,1.142683,0.6225,3.775,3.4,4.3,3,4,0,False,True,True,True,False,False,False,True,True,False,False
FIRE+FLOOD+ARCTIC+SSA,BBBC,1443.4,405.25,1547.4,470.75,1.161629,0.6225,3.775,3.4,4.3,3,4,0,False,True,True,True,False,False,False,True,True,False,False
FIRE+FLOOD+ARCTIC+SSA,BBCA,1457.3,407.75,1582.6,440.5,1.080319,0.6225,3.775,3.4,4.3,3,4,1,False,True,True,True,False,False,False,True,True,False,False
FIRE+FLOOD+ARCTIC+SSA,BBCB,1440.8,403.0,1521.4,472.5,1.172457,0.6225,3.775,3.4,4.3,3,4,0,False,True,True,True,False,False,False,True,True,False,False
FIRE+FLOOD+ARCTIC+SSA,BBCC,1434.2,398.25,1453.4,474.75,1.19209,0.6225,3.775,3.4,4.3,3,4,0,False,True,True,True,False,False,False,True,True,False,False
FIRE+FLOOD+ARCTIC+SSA,BCAA,1482.7,417.25,1641.2,374.25,0.896944,0.6225,3.775,3.4,4.3,3,4,2,False,True,True,True,True,False,False,True,True,False,False
FIRE+FLOOD+ARCTIC+SSA,BCAB,1466.2,412.5,1580.0,406.25,0.984848,0.6225,3.775,3.4,4.3,3,4,1,False,True,True,True,False,False,False,True,True,False,False
FIRE+FLOOD+ARCTIC+SSA,BCAC,1459.6,407.75,1512.0,408.5,1.001839,0.6225,3.775,3.4,4.3,3,4,1,False,True,True,True,False,False,False,True,True,False,False
FIRE+FLOOD+ARCTIC+SSA,BCBA,1459.7,410.25,1556.6,418.0,1.018891,0.6225,3.775,3.4,4.3,3,4,1,False,True,True,True,False,False,False,True,True,False,False
FIRE+FLOOD+ARCTIC+SSA,BCBB,1443.2,405.5,1495.4,450.0,1.109741,0.6225,3.775,3.4,4.3,3,4,0,False,True,True,True,False,False,False,True,True,False,False
FIRE+FLOOD+ARCTIC+SSA,BCBC,1436.6,400.75,1427.4,452.25,1.128509,0.6225,3.775,3.4,4.3,3,4,0,False,True,True,True,False,False,False,True,True,False,False
FIRE+FLOOD+ARCTIC+SSA,BCCA,1450.5,403.25,1462.6,422.0,1.046497,0.6225,3.775,3.4,4.3,3,4,1,False,True,True,True,False,False,False,True,True,False,False
FIRE+FLOOD+ARCTIC+SSA,BCCB,1434.0,398.5,1401.4,454.0,1.139272,0.6225,3.775,3.4,4.3,3,4,0,False,True,True,True,False,False,False,True,True,False,False
FIRE+FLOOD+ARCTIC+SSA,BCCC,1427.4,393.75,1333.4,456.25,1.15873,0.6225,3.775,3.4,4.3,3,4,0,False,True,True,True,False,False,False,True,True,False,False
FIRE+FLOOD+ARCTIC+SSA,CAAA,1500.1,422.0,1757.2,372.0,0.881517,0.6225,3.775,3.4,4.3,3,4,3,False,True,True,True,True,False,False,True,True,False,False
FIRE+FLOOD+ARCTIC+SSA,CAAB,1483.6,417.25,1696.0,404.0,0.968244,0.6225,3.775,3.4,4.3,3,4,2,False,True,True,True,True,False,False,True,True,False,False
FIRE+FLOOD+ARCTIC+SSA,CAAC,1477.0,412.5,1628.0,406.25,0.984848,0.6225,3.775,3.4,4.3,3,4,2,False,True,True,True,True,False,False,True,True,False,False
FIRE+FLOOD+ARCTIC+SSA,CABA,1477.1,415.0,1672.6,415.75,1.001807,0.6225,3.775,3.4,4.3,3,4,2,False,True,True,True,True,False,False,True,True,False,False
FIRE+FLOOD+ARCTIC+SSA,CABB,1460.6,410.25,1611.4,447.75,1.091408,0.6225,3.775,3.4,4.3,3,4,1,False,True,True,True,False,False,False,True,True,False,False
FIRE+FLOOD+ARCTIC+SSA,CABC,1454.0,405.5,1543.4,450.0,1.109741,0.6225,3.775,3.4,4.3,3,4,1,False,True,True,True,False,False,False,True,True,False,False
FIRE+FLOOD+ARCTIC+SSA,CACA,1467.9,408.0,1578.6,419.75,1.028799,0.6225,3.775,3.4,4.3,3,4,2,False,True,True,True,True,False,False,True,True,False,False
FIRE+FLOOD+ARCTIC+SSA,CACB,1451.4,403.25,1517.4,451.75,1.120273,0.6225,3.775,3.4,4.3,3,4,1,False,True,True,True,False,False,False,True,True,False,False
FIRE+FLOOD+ARCTIC+SSA,CACC,1444.8,398.5,1449.4,454.0,1.139272,0.6225,3.775,3.4,4.3,3,4,1,False,True,True,True,False,False,False,True,True,False,False
FIRE+FLOOD+ARCTIC+SSA,CBAA,1483.1,417.5,1649.2,375.25,0.898802,0.6225,3.775,3.4,4.3,3,4,2,False,True,True,True,True,False,False,True,True,False,False
FIRE+FLOOD+ARCTIC+SSA,CBAB,1466.6,412.75,1588.0,407.25,0.986675,0.6225,3.775,3.4,4.3,3,4,1,False,True,True,True,False,False,False,True,True,False,False
FIRE+FLOOD+ARCTIC+SSA,CBAC,1460.0,408.0,1520.0,409.5,1.003676,0.6225,3.775,3.4,4.3,3,4,1,False,True,True,True,False,False,False,True,True,False,False
FIRE+FLOOD+ARCTIC+SSA,CBBA,1460.1,410.5,1564.6,419.0,1.020706,0.6225,3.775,3.4,4.3,3,4,1,False,True,True,True,False,False,False,True,True,False,False
FIRE+FLOOD+ARCTIC+SSA,CBBB,1443.6,405.75,1503.4,451.0,1.111522,0.6225,3.775,3.4,4.3,3,4,0,False,True,True,True,False,False,False,True,True,False,False
FIRE+FLOOD+ARCTIC+SSA,CBBC,1437.0,401.0,1435.4,453.25,1.130299,0.6225,3.775,3.4,4.3,3,4,0,False,True,True,True,False,False,False,True,True,False,False
FIRE+FLOOD+ARCTIC+SSA,CBCA,1450.9,403.5,1470.6,423.0,1.048327,0.6225,3.775,3.4,4.3,3,4,1,False,True,True,True,False,False,False,True,True,False,False
FIRE+FLOOD+ARCTIC+SSA,CBCB,1434.4,398.75,1409.4,455.0,1.141066,0.6225,3.775,3.4,4.3,3,4,0,False,True,True,True,False,False,False,True,True,False,False
FIRE+FLOOD+ARCTIC+SSA,CBCC,1427.8,394.0,1341.4,457.25,1.160533,0.6225,3.775,3.4,4.3,3,4,0,False,True,True,True,False,False,False,True,True,False,False
FIRE+FLOOD+ARCTIC+SSA,CCAA,1476.3,413.0,1529.2,356.75,0.863801,0.6225,3.775,3.4,4.3,3,4,2,False,True,True,True,True,False,False,True,True,False,False
FIRE+FLOOD+ARCTIC+SSA,CCAB,1459.8,408.25,1468.0,388.75,0.952235,0.6225,3.775,3.4,4.3,3,4,1,False,True,True,True,False,False,False,True,True,False,False
FIRE+FLOOD+ARCTIC+SSA,CCAC,1453.2,403.5,1400.0,391.0,0.969021,0.6225,3.775,3.4,4.3,3,4,1,False,True,True,True,False,False,False,True,True,False,False
FIRE+FLOOD+ARCTIC+SSA,CCBA,1453.3,406.0,1444.6,400.5,0.986453,0.6225,3.775,3.4,4.3,3,4,1,False,True,True,True,False,False,False,True,True,False,False
FIRE+FLOOD+ARCTIC+SSA,CCBB,1436.8,401.25,1383.4,432.5,1.077882,0.6225,3.775,3.4,4.3,3,4,0,False,True,True,True,False,False,False,True,True,False,False
FIRE+FLOOD+ARCTIC+SSA,CCBC,1430.2,396.5,1315.4,434.75,1.096469,0.6225,3.775,3.4,4.3,3,4,0,False,True,True,True,False,False,False,True,True,False,False
FIRE+FLOOD+ARCTIC+SSA,CCCA,1444.1,399.0,1350.6,404.5,1.013784,0.6225,3.775,3.4,4.3,3,4,1,False,True,True,True,False,False,False,True,True,False,False
FIRE+FLOOD+ARCTIC+SSA,CCCB,1427.6,394.25,1289.4,436.5,1.107166,0.6225,3.775,3.4,4.3,3,4,0,False,True,True,True,False,False,False,True,True,False,False
FIRE+FLOOD+ARCTIC+SSA,CCCC,1421.0,389.5,1221.4,438.75,1.126444,0.6225,3.775,3.4,4.3,3,4,0,False,True,True,True,False,False,False,True,True,False,False
FIRE+FLOOD+TRANS+ENV,AAAA,1249.5,336.0,1740.0,325.0,0.967262,0.7,4.375,4.075,4.525,4,2,4,True,True,True,True,True,True,True,True,True,True,False
FIRE+FLOOD+TRANS+ENV,AAAB,1235.5,332.25,1675.2,352.25,1.060196,0.7,4.375,4.075,4.525,4,2,3,True,True,True,True,True,True,True,True,True,True,False
FIRE+FLOOD+TRANS+ENV,AAAC,1229.9,328.5,1603.2,354.25,1.078387,0.7,4.375,4.075,4.525,4,2,3,True,True,True,True,True,True,True,True,True,True,False
FIRE+FLOOD+TRANS+ENV,AABA,1237.0,332.5,1700.4,358.75,1.078947,0.7,4.375,4.075,4.525,4,2,3,True,True,True,True,True,True,True,True,True,True,False
FIRE+FLOOD+TRANS+ENV,AABB,1223.0,328.75,1635.6,386.0,1.174144,0.7,4.375,4.075,4.525,4,2,2,True,True,True,True,True,True,True,True,True,True,False
FIRE+FLOOD+TRANS+ENV,AABC,1217.4,325.0,1563.6,388.0,1.193846,0.7,4.375,4.075,4.525,4,2,2,True,True,True,True,True,True,True,True,True,True,False
FIRE+FLOOD+TRANS+ENV,AACA,1232.0,329.0,1656.4,366.75,1.114742,0.7,4.375,4.075,4.525,4,2,3,True,True,True,True,True,True,True,True,True,True,False
FIRE+FLOOD+TRANS+ENV,AACB,1218.0,325.25,1591.6,394.0,1.211376,0.7,4.375,4.075,4.525,4,2,2,True,True,True,True,True,True,True,True,True,True,False
FIRE+FLOOD+TRANS+ENV,AACC,1212.4,321.5,1519.6,396.0,1.231726,0.7,4.375,4.075,4.525,4,2,2,True,True,True,True,True,True,True,True,True,True,False
FIRE+FLOOD+TRANS+ENV,ABAA,1232.5,331.5,1632.0,328.25,0.990196,0.7,4.375,4.075,4.525,4,2,3,True,True,True,True,True,True,True,True,True,True,False
FIRE+FLOOD+TRANS+ENV,ABAB,1218.5,327.75,1567.2,355.5,1.084668,0.7,4.375,4.075,4.525,4,2,2,True,True,True,True,True,True,True,True,True,True,False
FIRE+FLOOD+TRANS+ENV,ABAC,1212.9,324.0,1495.2,357.5,1.103395,0.7,4.375,4.075,4.525,4,2,2,True,True,True,True,True,True,True,True,True,True,False
FIRE+FLOOD+TRANS+ENV,ABBA,1220.0,328.0,1592.4,362.0,1.103659,0.7,4.375,4.075,4.525,4,2,2,True,True,True,True,True,True,True,True,True,True,False
FIRE+FLOOD+TRANS+ENV,ABBB,1206.0,324.25,1527.6,389.25,1.200463,0.7,4.375,4.075,4.525,4,2,1,False,True,True,True,False,True,True,True,True,True,False
FIRE+FLOOD+TRANS+ENV,ABBC,1200.4,320.5,1455.6,391.25,1.220749,0.7,4.375,4.075,4.525,4,2,1,False,True,True,True,False,True,True,True,True,True,False
FIRE+FLOOD+TRANS+ENV,ABCA,1215.0,324.5,1548.4,370.0,1.140216,0.7,4.375,4.075,4.525,4,2,2,True,True,True,True,True,True,True,True,True,True,False
FIRE+FLOOD+TRANS+ENV,ABCB,1201.0,320.75,1483.6,397.25,1.238504,0.7,4.375,4.075,4.525,4,2,1,False,True,True,True,False,True,True,True,True,True,False
FIRE+FLOOD+TRANS+ENV,ABCC,1195.4,317.0,1411.6,399.25,1.259464,0.7,4.375,4.075,4.525,4,2,1,False,True,True,True,False,True,True,True,True,True,False
FIRE+FLOOD+TRANS+ENV,ACAA,1225.7,327.0,1512.0,309.75,0.947248,0.7,4.375,4.075,4.525,4,2,3,True,True,True,True,True,True,True,True,True,True,False
FIRE+FLOOD+TRANS+ENV,ACAB,1211.7,323.25,1447.2,337.0,1.042537,0.7,4.375,4.075,4.525,4,2,2,True,True,True,True,True,True,True,True,True,True,False
FIRE+FLOOD+TRANS+ENV,ACAC,1206.1,319.5,1375.2,339.0,1.061033,0.7,4.375,4.075,4.525,4,2,2,True,True,True,True,True,True,True,True,True,True,False
FIRE+FLOOD+TRANS+ENV,ACBA,1213.2,323.5,1472.4,343.5,1.061824,0.7,4.375,4.075,4.525,4,2,2,True,True,True,True,True,True,True,True,True,True,False
FIRE+FLOOD+TRANS+ENV,ACBB,1199.2,319.75,1407.6,370.75,1.1595,0.7,4.375,4.075,4.525,4,2,1,False,True,True,True,False,True,True,True,True,True,False
FIRE+FLOOD+TRANS+ENV,ACBC,1193.6,316.0,1335.6,372.75,1.179589,0.7,4.375,4.075,4.525,4,2,1,False,True,True,True,False,True,True,True,True,True,False
FIRE+FLOOD+TRANS+ENV,ACCA,1208.2,320.0,1428.4,351.5,1.098437,0.7,4.375,4.075,4.525,4,2,2,True,True,True,True,True,True,True,True,True,True,False
FIRE+FLOOD+TRANS+ENV,ACCB,1194.2,316.25,1363.6,378.75,1.197628,0.7,4.375,4.075,4.525,4,2,1,False,True,True,True,False,True,True,True,True,True,False
FIRE+FLOOD+TRANS+ENV,ACCC,1188.6,312.5,1291.6,380.75,1.2184,0.7,4.375,4.075,4.525,4,2,1,False,True,True,True,False,True,True,True,True,True,False
FIRE+FLOOD+TRANS+ENV,BAAA,1233.5,331.75,1639.2,325.75,0.981914,0.7,4.375,4.075,4.525,4,2,3,True,True,True,True,True,True,True,True,True,True,False
FIRE+FLOOD+TRANS+ENV,BAAB,1219.5,328.0,1574.4,353.0,1.07622,0.7,4.375,4.075,4.525,4,2,2,True,True,True,True,True,True,True,True,True,True,False
FIRE+FLOOD+TRANS+ENV,BAAC,1213.9,324.25,1502.4,355.0,1.094834,0.7,4.375,4.075,4.525,4,2,2,True,True,True,True,True,True,True,True,True,True,False
FIRE+FLOOD+TRANS+ENV,BABA,1221.0,328.25,1599.6,359.5,1.095202,0.7,4.375,4.075,4.525,4,2,2,True,True,True,True,True,True,True,True,True,True,False
FIRE+FLOOD+TRANS+ENV,BABB,1207.0,324.5,1534.8,386.75,1.191834,0.7,4.375,4.075,4.525,4,2,1,False,True,True,True,False,True,True,True,True,True,False
FIRE+FLOOD+TRANS+ENV,BABC,1201.4,320.75,1462.8,388.75,1.212003,0.7,4.375,4.075,4.525,4,2,1,False,True,True,True,False,True,True,True,True,True,False
FIRE+FLOOD+TRANS+ENV,BACA,1216.0,324.75,1555.6,367.5,1.13164,0.7,4.375,4.075,4.525,4,2,2,True,True,True,True,True,True,True,True,True,True,False
FIRE+FLOOD+TRANS+ENV,BACB,1202.0,321.0,1490.8,394.75,1.229751,0.7,4.375,4.075,4.525,4,2,1,False,True,True,True,False,True,True,True,True,True,False
FIRE+FLOOD+TRANS+ENV,BACC,1196.4,317.25,1418.8,396.75,1.250591,0.7,4.375,4.075,4.525,4,2,1,False,True,True,True,False,True,True,True,True,True,False
FIRE+FLOOD+TRANS+ENV,BBAA,1216.5,327.25,1531.2,329.0,1.005348,0.7,4.375,4.075,4.525,4,2,2,True,True,True,True,True,True,True,True,True,True,False
FIRE+FLOOD+TRANS+ENV,BBAB,1202.5,323.5,1466.4,356.25,1.101236,0.7,4.375,4.075,4.525,4,2,1,False,True,True,True,False,True,True,True,True,True,False
FIRE+FLOOD+TRANS+ENV,BBAC,1196.9,319.75,1394.4,358.25,1.120407,0.7,4.375,4.075,4.525,4,2,1,False,True,True,True,False,True,True,True,True,True,False
FIRE+FLOOD+TRANS+ENV,BBBA,1204.0,323.75,1491.6,362.75,1.120463,0.7,4.375,4.075,4.525,4,2,1,False,True,True,True,False,True,True,True,True,True,False
FIRE+FLOOD+TRANS+ENV,BBBB,1190.0,320.0,1426.8,390.0,1.21875,0.7,4.375,4.075,4.525,4,2,0,False,True,True,True,False,True,True,True,True,True,False
FIRE+FLOOD+TRANS+ENV,BBBC,1184.4,316.25,1354.8,392.0,1.239526,0.7,4.375,4.075,4.525,4,2,0,False,True,True,True,False,True,True,True,True,True,False
FIRE+FLOOD+TRANS+ENV,BBCA,1199.0,320.25,1447.6,370.75,1.157689,0.7,4.375,4.075,4.525,4,2,1,False,True,True,True,False,True,True,True,True,True,False
FIRE+FLOOD+TRANS+ENV,BBCB,1185.0,316.5,1382.8,398.0,1.257504,0.7,4.375,4.075,4.525,4,2,0,False,True,True,True,False,True,True,True,True,True,False
FIRE+FLOOD+TRANS+ENV,BBCC,1179.4,312.75,1310.8,400.0,1.278977,0.7,4.375,4.075,4.525,4,2,0,False,True,True,True,False,True,True,True,True,True,False
FIRE+FLOOD+TRANS+ENV,BCAA,1209.7,322.75,1411.2,310.5,0.962045,0.7,4.375,4.075,4.525,4,2,2,True,True,True,True,True,True,True,True,True,True,False
FIRE+FLOOD+TRANS+ENV,BCAB,1195.7,319.0,1346.4,337.75,1.058777,0.7,4.375,4.075,4.525,4,2,1,False,True,True,True,False,True,True,True,True,True,False
FIRE+FLOOD+TRANS+ENV,BCAC,1190.1,315.25,1274.4,339.75,1.077716,0.7,4.375,4.075,4.525,4,2,1,False,True,True,True,False,True,True,True,True,True,False
FIRE+FLOOD+TRANS+ENV,BCBA,1197.2,319.25,1371.6,344.25,1.078309,0.7,4.375,4.075,4.525,4,2,1,False,True,True,True,False,True,True,True,True,True,False
FIRE+FLOOD+TRANS+ENV,BCBB,1183.2,315.5,1306.8,371.5,1.177496,0.7,4.375,4.075,4.525,4,2,0,False,True,True,True,False,True,True,True,True,True,False
FIRE+FLOOD+TRANS+ENV,BCBC,1177.6,311.75,1234.8,373.5,1.198075,0.7,4.375,4.075,4.525,4,2,0,False,True,True,True,False,True,True,True,True,True,False
FIRE+FLOOD+TRANS+ENV,BCCA,1192.2,315.75,1327.6,352.25,1.115598,0.7,4.375,4.075,4.525,4,2,1,False,True,True,True,False,True,True,True,True,True,False
FIRE+FLOOD+TRANS+ENV,BCCB,1178.2,312.0,1262.8,379.5,1.216346,0.7,4.375,4.075,4.525,4,2,0,False,True,True,True,False,True,True,True,True,True,False
FIRE+FLOOD+TRANS+ENV,BCCC,1172.6,308.25,1190.8,381.5,1.237632,0.7,4.375,4.075,4.525,4,2,0,False,True,True,True,False,True,True,True,True,True,False
FIRE+FLOOD+TRANS+ENV,CAAA,1227.1,327.5,1527.2,308.25,0.941221,0.7,4.375,4.075,4.525,4,2,3,True,True,True,True,True,True,True,True,True,True,False
FIRE+FLOOD+TRANS+ENV,CAAB,1213.1,323.75,1462.4,335.5,1.036293,0.7,4.375,4.075,4.525,4,2,2,True,True,True,True,True,True,True,True,True,True,False
FIRE+FLOOD+TRANS+ENV,CAAC,1207.5,320.0,1390.4,337.5,1.054688,0.7,4.375,4.075,4.525,4,2,2,True,True,True,True,True,True,True,True,True,True,False
FIRE+FLOOD+TRANS+ENV,CABA,1214.6,324.0,1487.6,342.0,1.055556,0.7,4.375,4.075,4.525,4,2,2,True,True,True,True,True,True,True,True,True,True,False
FIRE+FLOOD+TRANS+ENV,CABB,1200.6,320.25,1422.8,369.25,1.153005,0.7,4.375,4.075,4.525,4,2,1,False,True,True,True,False,True,True,True,True,True,False
FIRE+FLOOD+TRANS+ENV,CABC,1195.0,316.5,1350.8,371.25,1.172986,0.7,4.375,4.075,4.525,4,2,1,False,True,True,True,False,True,True,True,True,True,False
FIRE+FLOOD+TRANS+ENV,CACA,1209.6,320.5,1443.6,350.0,1.092044,0.7,4.375,4.075,4.525,4,2,2,True,True,True,True,True,True,True,True,True,True,False
FIRE+FLOOD+TRANS+ENV,CACB,1195.6,316.75,1378.8,377.25,1.191002,0.7,4.375,4.075,4.525,4,2,1,False,True,True,True,False,True,True,True,True,True,False
FIRE+FLOOD+TRANS+ENV,CACC,1190.0,313.0,1306.8,379.25,1.211661,0.7,4.375,4.075,4.525,4,2,1,False,True,True,True,False,True,True,True,True,True,False
FIRE+FLOOD+TRANS+ENV,CBAA,1210.1,323.0,1419.2,311.5,0.964396,0.7,4.375,4.075,4.525,4,2,2,True,True,True,True,True,True,True,True,True,True,False
FIRE+FLOOD+TRANS+ENV,CBAB,1196.1,319.25,1354.4,338.75,1.061081,0.7,4.375,4.075,4.525,4,2,1,False,True,True,True,False,True,True,True,True,True,False
FIRE+FLOOD+TRANS+ENV,CBAC,1190.5,315.5,1282.4,340.75,1.080032,0.7,4.375,4.075,4.525,4,2,1,False,True,True,True,False,True,True,True,True,True,False
FIRE+FLOOD+TRANS+ENV,CBBA,1197.6,319.5,1379.6,345.25,1.080595,0.7,4.375,4.075,4.525,4,2,1,False,True,True,True,False,True,True,True,True,True,False
FIRE+FLOOD+TRANS+ENV,CBBB,1183.6,315.75,1314.8,372.5,1.179731,0.7,4.375,4.075,4.525,4,2,0,False,True,True,True,False,True,True,True,True,True,False
FIRE+FLOOD+TRANS+ENV,CBBC,1178.0,312.0,1242.8,374.5,1.200321,0.7,4.375,4.075,4.525,4,2,0,False,True,True,True,False,True,True,True,True,True,False
FIRE+FLOOD+TRANS+ENV,CBCA,1192.6,316.0,1335.6,353.25,1.11788,0.7,4.375,4.075,4.525,4,2,1,False,True,True,True,False,True,True,True,True,True,False
FIRE+FLOOD+TRANS+ENV,CBCB,1178.6,312.25,1270.8,380.5,1.218575,0.7,4.375,4.075,4.525,4,2,0,False,True,True,True,False,True,True,True,True,True,False
FIRE+FLOOD+TRANS+ENV,CBCC,1173.0,308.5,1198.8,382.5,1.23987,0.7,4.375,4.075,4.525,4,2,0,False,True,True,True,False,True,True,True,True,True,False
FIRE+FLOOD+TRANS+ENV,CCAA,1203.3,318.5,1299.2,293.0,0.919937,0.7,4.375,4.075,4.525,4,2,2,True,True,True,True,True,True,True,True,True,True,False
FIRE+FLOOD+TRANS+ENV,CCAB,1189.3,314.75,1234.4,320.25,1.017474,0.7,4.375,4.075,4.525,4,2,1,False,True,True,True,False,True,True,True,True,True,False
FIRE+FLOOD+TRANS+ENV,CCAC,1183.7,311.0,1162.4,322.25,1.036174,0.7,4.375,4.075,4.525,4,2,1,False,True,True,True,False,True,True,True,True,True,False
FIRE+FLOOD+TRANS+ENV,CCBA,1190.8,315.0,1259.6,326.75,1.037302,0.7,4.375,4.075,4.525,4,2,1,False,True,True,True,False,True,True,True,True,True,False
FIRE+FLOOD+TRANS+ENV,CCBB,1176.8,311.25,1194.8,354.0,1.137349,0.7,4.375,4.075,4.525,4,2,0,False,True,True,True,False,True,True,True,True,True,False
FIRE+FLOOD+TRANS+ENV,CCBC,1171.2,307.5,1122.8,356.0,1.157724,0.7,4.375,4.075,4.525,4,2,0,False,True,True,True,False,True,True,True,True,True,False
FIRE+FLOOD+TRANS+ENV,CCCA,1185.8,311.5,1215.6,334.75,1.074639,0.7,4.375,4.075,4.525,4,2,1,False,True,True,True,False,True,True,True,True,True,False
FIRE+FLOOD+TRANS+ENV,CCCB,1171.8,307.75,1150.8,362.0,1.176279,0.7,4.375,4.075,4.525,4,2,0,False,True,True,True,False,True,True,True,True,True,False
FIRE+FLOOD+TRANS+ENV,CCCC,1166.2,304.0,1078.8,364.0,1.197368,0.7,4.375,4.075,4.525,4,2,0,False,True,True,True,False,True,True,True,True,True,False
FIRE+FLOOD+TRANS+SSA,AAAA,1302.0,357.0,1720.0,338.75,0.94888,0.6775,4.175,3.8,4.575,3,3,4,False,True,True,True,True,False,True,True,True,True,False
FIRE+FLOOD+TRANS+SSA,AAAB,1285.5,352.25,1658.8,370.75,1.05252,0.6775,4.175,3.8,4.575,3,3,3,True,True,True,True,True,True,True,True,True,True,False
FIRE+FLOOD+TRANS+SSA,AAAC,1278.9,347.5,1590.8,373.0,1.073381,0.6775,4.175,3.8,4.575,3,3,3,True,True,True,True,True,True,True,True,True,True,False
FIRE+FLOOD+TRANS+SSA,AABA,1289.5,353.5,1680.4,372.5,1.053748,0.6775,4.175,3.8,4.575,3,3,3,True,True,True,True,True,True,True,True,True,True,False
FIRE+FLOOD+TRANS+SSA,AABB,1273.0,348.75,1619.2,404.5,1.159857,0.6775,4.175,3.8,4.575,3,3,2,True,True,True,True,True,True,True,True,True,True,False
FIRE+FLOOD+TRANS+SSA,AABC,1266.4,344.0,1551.2,406.75,1.182413,0.6775,4.175,3.8,4.575,3,3,2,True,True,True,True,True,True,True,True,True,True,False
FIRE+FLOOD+TRANS+SSA,AACA,1284.5,350.0,1636.4,380.5,1.087143,0.6775,4.175,3.8,4.575,3,3,3,True,True,True,True,True,True,True,True,True,True,False
FIRE+FLOOD+TRANS+SSA,AACB,1268.0,345.25,1575.2,412.5,1.194786,0.6775,4.175,3.8,4.575,3,3,2,True,True,True,True,True,True,True,True,True,True,False
FIRE+FLOOD+TRANS+SSA,AACC,1261.4,340.5,1507.2,414.75,1.218062,0.6775,4.175,3.8,4.575,3,3,2,True,True,True,True,True,True,True,True,True,True,False
FIRE+FLOOD+TRANS+SSA,ABAA,1285.0,352.5,1612.0,342.0,0.970213,0.6775,4.175,3.8,4.575,3,3,3,True,True,True,True,True,True,True,True,True,True,False
FIRE+FLOOD+TRANS+SSA,ABAB,1268.5,347.75,1550.8,374.0,1.075485,0.6775,4.175,3.8,4.575,3,3,2,True,True,True,True,True,True,True,True,True,True,False
FIRE+FLOOD+TRANS+SSA,ABAC,1261.9,343.0,1482.8,376.25,1.096939,0.6775,4.175,3.8,4.575,3,3,2,True,True,True,True,True,True,True,True,True,True,False
FIRE+FLOOD+TRANS+SSA,ABBA,1272.5,349.0,1572.4,375.75,1.076648,0.6775,4.175,3.8,4.575,3,3,2,True,True,True,True,True,True,True,True,True,True,False
FIRE+FLOOD+TRANS+SSA,ABBB,1256.0,344.25,1511.2,407.75,1.184459,0.6775,4.175,3.8,4.575,3,3,1,False,True,True,True,False,True,True,True,True,True,False
FIRE+FLOOD+TRANS+SSA,ABBC,1249.4,339.5,1443.2,410.0,1.207658,0.6775,4.175,3.8,4.575,3,3,1,False,True,True,True,False,True,True,True,True,True,False
FIRE+FLOOD+TRANS+SSA,ABCA,1267.5,345.5,1528.4,383.75,1.110709,0.6775,4.175,3.8,4.575,3,3,2,True,True,True,True,True,True,True,True,True,True,False
FIRE+FLOOD+TRANS+SSA,ABCB,1251.0,340.75,1467.2,415.75,1.220103,0.6775,4.175,3.8,4.575,3,3,1,False,True,True,True,False,True,True,True,True,True,False
FIRE+FLOOD+TRANS+SSA,ABCC,1244.4,336.0,1399.2,418.0,1.244048,0.6775,4.175,3.8,4.575,3,3,1,False,True,True,True,False,True,True,True,True,True,False
FIRE+FLOOD+TRANS+SSA,ACAA,1278.2,348.0,1492.0,323.5,0.929598,0.6775,4.175,3.8,4.575,3,3,3,True,True,True,True,True,True,True,True,True,True,False
FIRE+FLOOD+TRANS+SSA,ACAB,1261.7,343.25,1430.8,355.5,1.035688,0.6775,4.175,3.8,4.575,3,3,2,True,True,True,True,True,True,True,True,True,True,False
FIRE+FLOOD+TRANS+SSA,ACAC,1255.1,338.5,1362.8,357.75,1.056869,0.6775,4.175,3.8,4.575,3,3,2,True,True,True,True,True,True,True,True,True,True,False
FIRE+FLOOD+TRANS+SSA,ACBA,1265.7,344.5,1452.4,357.25,1.03701,0.6775,4.175,3.8,4.575,3,3,2,True,True,True,True,True,True,True,True,True,True,False
FIRE+FLOOD+TRANS+SSA,ACBB,1249.2,339.75,1391.2,389.25,1.145695,0.6775,4.175,3.8,4.575,3,3,1,False,True,True,True,False,True,True,True,True,True,False
FIRE+FLOOD+TRANS+SSA,ACBC,1242.6,335.0,1323.2,391.5,1.168657,0.6775,4.175,3.8,4.575,3,3,1,False,True,True,True,False,True,True,True,True,True,False
FIRE+FLOOD+TRANS+SSA,ACCA,1260.7,341.0,1408.4,365.25,1.071114,0.6775,4.175,3.8,4.575,3,3,2,True,True,True,True,True,True,True,True,True,True,False
FIRE+FLOOD+TRANS+SSA,ACCB,1244.2,336.25,1347.2,397.25,1.181413,0.6775,4.175,3.8,4.575,3,3,1,False,True,True,True,False,True,True,True,True,True,False
FIRE+FLOOD+TRANS+SSA,ACCC,1237.6,331.5,1279.2,399.5,1.205128,0.6775,4.175,3.8,4.575,3,3,1,False,True,True,True,False,True,True,True,True,True,False
FIRE+FLOOD+TRANS+SSA,BAAA,1286.0,352.75,1619.2,339.5,0.962438,0.6775,4.175,3.8,4.575,3,3,3,True,True,True,True,True,True,True,True,True,True,False
FIRE+FLOOD+TRANS+SSA,BAAB,1269.5,348.0,1558.0,371.5,1.067529,0.6775,4.175,3.8,4.575,3,3,2,True,True,True,True,True,True,True,True,True,True,False
FIRE+FLOOD+TRANS+SSA,BAAC,1262.9,343.25,1490.0,373.75,1.088857,0.6775,4.175,3.8,4.575,3,3,2,True,True,True,True,True,True,True,True,True,True,False
FIRE+FLOOD+TRANS+SSA,BABA,1273.5,349.25,1579.6,373.25,1.068719,0.6775,4.175,3.8,4.575,3,3,2,True,True,True,True,True,True,True,True,True,True,False
FIRE+FLOOD+TRANS+SSA,BABB,1257.0,344.5,1518.4,405.25,1.176343,0.6775,4.175,3.8,4.575,3,3,1,False,True,True,True,False,True,True,True,True,True,False
FIRE+FLOOD+TRANS+SSA,BABC,1250.4,339.75,1450.4,407.5,1.199411,0.6775,4.175,3.8,4.575,3,3,1,False,True,True,True,False,True,True,True,True,True,False
FIRE+FLOOD+TRANS+SSA,BACA,1268.5,345.75,1535.6,381.25,1.102675,0.6775,4.175,3.8,4.575,3,3,2,True,True,True,True,True,True,True,True,True,True,False
FIRE+FLOOD+TRANS+SSA,BACB,1252.0,341.0,1474.4,413.25,1.211877,0.6775,4.175,3.8,4.575,3,3,1,False,True,True,True,False,True,True,True,True,True,False
FIRE+FLOOD+TRANS+SSA,BACC,1245.4,336.25,1406.4,415.5,1.235688,0.6775,4.175,3.8,4.575,3,3,1,False,True,True,True,False,True,True,True,True,True,False
FIRE+FLOOD+TRANS+SSA,BBAA,1269.0,348.25,1511.2,342.75,0.984207,0.6775,4.175,3.8,4.575,3,3,2,True,True,True,True,True,True,True,True,True,True,False
FIRE+FLOOD+TRANS+SSA,BBAB,1252.5,343.5,1450.0,374.75,1.090975,0.6775,4.175,3.8,4.575,3,3,1,False,True,True,True,False,True,True,True,True,True,False
FIRE+FLOOD+TRANS+SSA,BBAC,1245.9,338.75,1382.0,377.0,1.112915,0.6775,4.175,3.8,4.575,3,3,1,False,True,True,True,False,True,True,True,True,True,False
FIRE+FLOOD+TRANS+SSA,BBBA,1256.5,344.75,1471.6,376.5,1.092096,0.6775,4.175,3.8,4.575,3,3,1,False,True,True,True,False,True,True,True,True,True,False
FIRE+FLOOD+TRANS+SSA,BBBB,1240.0,340.0,1410.4,408.5,1.201471,0.6775,4.175,3.8,4.575,3,3,0,False,True,True,True,False,True,True,True,True,True,False
FIRE+FLOOD+TRANS+SSA,BBBC,1233.4,335.25,1342.4,410.75,1.225205,0.6775,4.175,3.8,4.575,3,3,0,False,True,True,True,False,True,True,True,True,True,False
FIRE+FLOOD+TRANS+SSA,BBCA,1251.5,341.25,1427.6,384.5,1.12674,0.6775,4.175,3.8,4.575,3,3,1,False,True,True,True,False,True,True,True,True,True,False
FIRE+FLOOD+TRANS+SSA,BBCB,1235.0,336.5,1366.4,416.5,1.237741,0.6775,4.175,3.8,4.575,3,3,0,False,True,True,True,False,True,True,True,True,True,False
FIRE+FLOOD+TRANS+SSA,BBCC,1228.4,331.75,1298.4,418.75,1.262246,0.6775,4.175,3.8,4.575,3,3,0,False,True,True,True,False,True,True,True,True,True,False
FIRE+FLOOD+TRANS+SSA,BCAA,1262.2,343.75,1391.2,324.25,0.943273,0.6775,4.175,3.8,4.575,3,3,2,True,True,True,True,True,True,True,True,True,True,False
FIRE+FLOOD+TRANS+SSA,BCAB,1245.7,339.0,1330.0,356.25,1.050885,0.6775,4.175,3.8,4.575,3,3,1,False,True,True,True,False,True,True,True,True,True,False
FIRE+FLOOD+TRANS+SSA,BCAC,1239.1,334.25,1262.0,358.5,1.07255,0.6775,4.175,3.8,4.575,3,3,1,False,True,True,True,False,True,True,True,True,True,False
FIRE+FLOOD+TRANS+SSA,BCBA,1249.7,340.25,1351.6,358.0,1.052168,0.6775,4.175,3.8,4.575,3,3,1,False,True,True,True,False,True,True,True,True,True,False
FIRE+FLOOD+TRANS+SSA,BCBB,1233.2,335.5,1290.4,390.0,1.162444,0.6775,4.175,3.8,4.575,3,3,0,False,True,True,True,False,True,True,True,True,True,False
FIRE+FLOOD+TRANS+SSA,BCBC,1226.6,330.75,1222.4,392.25,1.185941,0.6775,4.175,3.8,4.575,3,3,0,False,True,True,True,False,True,True,True,True,True,False
FIRE+FLOOD+TRANS+SSA,BCCA,1244.7,336.75,1307.6,366.0,1.08686,0.6775,4.175,3.8,4.575,3,3,1,False,True,True,True,False,True,True,True,True,True,False
FIRE+FLOOD+TRANS+SSA,BCCB,1228.2,332.0,1246.4,398.0,1.198795,0.6775,4.175,3.8,4.575,3,3,0,False,True,True,True,False,True,True,True,True,True,False
FIRE+FLOOD+TRANS+SSA,BCCC,1221.6,327.25,1178.4,400.25,1.223071,0.6775,4.175,3.8,4.575,3,3,0,False,True,True,True,False,True,True,True,True,True,False
FIRE+FLOOD+TRANS+SSA,CAAA,1279.6,348.5,1507.2,322.0,0.92396,0.6775,4.175,3.8,4.575,3,3,3,True,True,True,True,True,True,True,True,True,True,False
FIRE+FLOOD+TRANS+SSA,CAAB,1263.1,343.75,1446.0,354.0,1.029818,0.6775,4.175,3.8,4.575,3,3,2,True,True,True,True,True,True,True,True,True,True,False
FIRE+FLOOD+TRANS+SSA,CAAC,1256.5,339.0,1378.0,356.25,1.050885,0.6775,4.175,3.8,4.575,3,3,2,True,True,True,True,True,True,True,True,True,True,False
FIRE+FLOOD+TRANS+SSA,CABA,1267.1,345.0,1467.6,355.75,1.031159,0.6775,4.175,3.8,4.575,3,3,2,True,True,True,True,True,True,True,True,True,True,False
FIRE+FLOOD+TRANS+SSA,CABB,1250.6,340.25,1406.4,387.75,1.139603,0.6775,4.175,3.8,4.575,3,3,1,False,True,True,True,False,True,True,True,True,True,False
FIRE+FLOOD+TRANS+SSA,CABC,1244.0,335.5,1338.4,390.0,1.162444,0.6775,4.175,3.8,4.575,3,3,1,False,True,True,True,False,True,True,True,True,True,False
FIRE+FLOOD+TRANS+SSA,CACA,1262.1,341.5,1423.6,363.75,1.065154,0.6775,4.175,3.8,4.575,3,3,2,True,True,True,True,True,True,True,True,True,True,False
FIRE+FLOOD+TRANS+SSA,CACB,1245.6,336.75,1362.4,395.75,1.175204,0.6775,4.175,3.8,4.575,3,3,1,False,True,True,True,False,True,True,True,True,True,False
FIRE+FLOOD+TRANS+SSA,CACC,1239.0,332.0,1294.4,398.0,1.198795,0.6775,4.175,3.8,4.575,3,3,1,False,True,True,True,False,True,True,True,True,True,False
FIRE+FLOOD+TRANS+SSA,CBAA,1262.6,344.0,1399.2,325.25,0.945494,0.6775,4.175,3.8,4.575,3,3,2,True,True,True,True,True,True,True,True,True,True,False
FIRE+FLOOD+TRANS+SSA,CBAB,1246.1,339.25,1338.0,357.25,1.053058,0.6775,4.175,3.8,4.575,3,3,1,False,True,True,True,False,True,True,True,True,True,False
FIRE+FLOOD+TRANS+SSA,CBAC,1239.5,334.5,1270.0,359.5,1.074738,0.6775,4.175,3.8,4.575,3,3,1,False,True,True,True,False,True,True,True,True,True,False
FIRE+FLOOD+TRANS+SSA,CBBA,1250.1,340.5,1359.6,359.0,1.054332,0.6775,4.175,3.8,4.575,3,3,1,False,True,True,True,False,True,True,True,True,True,False
FIRE+FLOOD+TRANS+SSA,CBBB,1233.6,335.75,1298.4,391.0,1.164557,0.6775,4.175,3.8,4.575,3,3,0,False,True,True,True,False,True,True,True,True,True,False
FIRE+FLOOD+TRANS+SSA,CBBC,1227.0,331.0,1230.4,393.25,1.188066,0.6775,4.175,3.8,4.575,3,3,0,False,True,True,True,False,True,True,True,True,True,False
FIRE+FLOOD+TRANS+SSA,CBCA,1245.1,337.0,1315.6,367.0,1.089021,0.6775,4.175,3.8,4.575,3,3,1,False,True,True,True,False,True,True,True,True,True,False
FIRE+FLOOD+TRANS+SSA,CBCB,1228.6,332.25,1254.4,399.0,1.200903,0.6775,4.175,3.8,4.575,3,3,0,False,True,True,True,False,True,True,True,True,True,False
FIRE+FLOOD+TRANS+SSA,CBCC,1222.0,327.5,1186.4,401.25,1.225191,0.6775,4.175,3.8,4.575,3,3,0,False,True,True,True,False,True,True,True,True,True,False
FIRE+FLOOD+TRANS+SSA,CCAA,1255.8,339.5,1279.2,306.75,0.903535,0.6775,4.175,3.8,4.575,3,3,2,True,True,True,True,True,True,True,True,True,True,False
FIRE+FLOOD+TRANS+SSA,CCAB,1239.3,334.75,1218.0,338.75,1.011949,0.6775,4.175,3.8,4.575,3,3,1,False,True,True,True,False,True,True,True,True,True,False
FIRE+FLOOD+TRANS+SSA,CCAC,1232.7,330.0,1150.0,341.0,1.033333,0.6775,4.175,3.8,4.575,3,3,1,False,True,True,True,False,True,True,True,True,True,False
FIRE+FLOOD+TRANS+SSA,CCBA,1243.3,336.0,1239.6,340.5,1.013393,0.6775,4.175,3.8,4.575,3,3,1,False,True,True,True,False,True,True,True,True,True,False
FIRE+FLOOD+TRANS+SSA,CCBB,1226.8,331.25,1178.4,372.5,1.124528,0.6775,4.175,3.8,4.575,3,3,0,False,True,True,True,False,True,True,True,True,True,False
FIRE+FLOOD+TRANS+SSA,CCBC,1220.2,326.5,1110.4,374.75,1.147779,0.6775,4.175,3.8,4.575,3,3,0,False,True,True,True,False,True,True,True,True,True,False
FIRE+FLOOD+TRANS+SSA,CCCA,1238.3,332.5,1195.6,348.5,1.04812,0.6775,4.175,3.8,4.575,3,3,1,False,True,True,True,False,True,True,True,True,True,False
FIRE+FLOOD+TRANS+SSA,CCCB,1221.8,327.75,1134.4,380.5,1.160946,0.6775,4.175,3.8,4.575,3,3,0,False,True,True,True,False,True,True,True,True,True,False
FIRE+FLOOD+TRANS+SSA,CCCC,1215.2,323.0,1066.4,382.75,1.184985,0.6775,4.175,3.8,4.575,3,3,0,False,True,True,True,False,True,True,True,True,True,False
FIRE+FLOOD+ENV+SSA,AAAA,1333.5,362.25,1860.0,346.25,0.955832,0.6675,4.075,3.75,4.575,3,2,4,False,True,True,True,True,False,False,True,True,True,False
FIRE+FLOOD+ENV+SSA,AAAB,1317.0,357.5,1798.8,378.25,1.058042,0.6675,4.075,3.75,4.575,3,2,3,False,True,True,True,True,False,True,True,True,True,False
FIRE+FLOOD+ENV+SSA,AAAC,1310.4,352.75,1730.8,380.5,1.078668,0.6675,4.075,3.75,4.575,3,2,3,False,True,True,True,True,False,True,True,True,True,False
FIRE+FLOOD+ENV+SSA,AABA,1319.5,358.5,1795.2,373.5,1.041841,0.6675,4.075,3.75,4.575,3,2,3,False,True,True,True,True,False,True,True,True,True,False
FIRE+FLOOD+ENV+SSA,AABB,1303.0,353.75,1734.0,405.5,1.14629,0.6675,4.075,3.75,4.575,3,2,2,False,True,True,True,True,False,True,True,True,True,False
FIRE+FLOOD+ENV+SSA,AABC,1296.4,349.0,1666.0,407.75,1.168338,0.6675,4.075,3.75,4.575,3,2,2,True,True,True,True,True,True,True,True,True,True,False
FIRE+FLOOD+ENV+SSA,AACA,1313.9,354.75,1723.2,375.5,1.058492,0.6675,4.075,3.75,4.575,3,2,3,False,True,True,True,True,False,True,True,True,True,False
FIRE+FLOOD+ENV+SSA,AACB,1297.4,350.0,1662.0,407.5,1.164286,0.6675,4.075,3.75,4.575,3,2,2,True,True,True,True,True,True,True,True,True,True,False
FIRE+FLOOD+ENV+SSA,AACC,1290.8,345.25,1594.0,409.75,1.186821,0.6675,4.075,3.75,4.575,3,2,2,True,True,True,True,True,True,True,True,True,True,False
FIRE+FLOOD+ENV+SSA,ABAA,1316.5,357.75,1752.0,349.5,0.976939,0.6675,4.075,3.75,4.575,3,2,3,False,True,True,True,True,False,True,True,True,True,False
FIRE+FLOOD+ENV+SSA,ABAB,1300.0,353.0,1690.8,381.5,1.080737,0.6675,4.075,3.75,4.575,3,2,2,True,True,True,True,True,True,True,True,True,True,False
FIRE+FLOOD+ENV+SSA,ABAC,1293.4,348.25,1622.8,383.75,1.101938,0.6675,4.075,3.75,4.575,3,2,2,True,True,True,True,True,True,True,True,True,True,False
FIRE+FLOOD+ENV+SSA,ABBA,1302.5,354.0,1687.2,376.75,1.064266,0.6675,4.075,3.75,4.575,3,2,2,False,True,True,True,True,False,True,True,True,True,False
FIRE+FLOOD+ENV+SSA,ABBB,1286.0,349.25,1626.0,408.75,1.170365,0.6675,4.075,3.75,4.575,3,2,1,False,True,True,True,False,True,True,True,True,True,False
FIRE+FLOOD+ENV+SSA,ABBC,1279.4,344.5,1558.0,411.0,1.193033,0.6675,4.075,3.75,4.575,3,2,1,False,True,True,True,False,True,True,True,True,True,False
FIRE+FLOOD+ENV+SSA,ABCA,1296.9,350.25,1615.2,378.75,1.08137,0.6675,4.075,3.75,4.575,3,2,2,True,True,True,True,True,True,True,True,True,True,False
FIRE+FLOOD+ENV+SSA,ABCB,1280.4,345.5,1554.0,410.75,1.188857,0.6675,4.075,3.75,4.575,3,2,1,False,True,True,True,False,True,True,True,True,True,False
FIRE+FLOOD+ENV+SSA,ABCC,1273.8,340.75,1486.0,413.0,1.212032,0.6675,4.075,3.75,4.575,3,2,1,False,True,True,True,False,True,True,True,True,True,False
FIRE+FLOOD+ENV+SSA,ACAA,1309.7,353.25,1632.0,331.0,0.937013,0.6675,4.075,3.75,4.575,3,2,3,False,True,True,True,True,False,True,True,True,True,False
FIRE+FLOOD+ENV+SSA,ACAB,1293.2,348.5,1570.8,363.0,1.041607,0.6675,4.075,3.75,4.575,3,2,2,True,True,True,True,True,True,True,True,True,True,False
FIRE+FLOOD+ENV+SSA,ACAC,1286.6,343.75,1502.8,365.25,1.062545,0.6675,4.075,3.75,4.575,3,2,2,True,True,True,True,True,True,True,True,True,True,False
FIRE+FLOOD+ENV+SSA,ACBA,1295.7,349.5,1567.2,358.25,1.025036,0.6675,4.075,3.75,4.575,3,2,2,True,True,True,True,True,True,True,True,True,True,False
FIRE+FLOOD+ENV+SSA,ACBB,1279.2,344.75,1506.0,390.25,1.13198,0.6675,4.075,3.75,4.575,3,2,1,False,True,True,True,False,True,True,True,True,True,False
FIRE+FLOOD+ENV+SSA,ACBC,1272.6,340.0,1438.0,392.5,1.154412,0.6675,4.075,3.75,4.575,3,2,1,False,True,True,True,False,True,True,True,True,True,False
FIRE+FLOOD+ENV+SSA,ACCA,1290.1,345.75,1495.2,360.25,1.041938,0.6675,4.075,3.75,4.575,3,2,2,True,True,True,True,True,True,True,True,True,True,False
FIRE+FLOOD+ENV+SSA,ACCB,1273.6,341.0,1434.0,392.25,1.150293,0.6675,4.075,3.75,4.575,3,2,1,False,True,True,True,False,True,True,True,True,True,False
FIRE+FLOOD+ENV+SSA,ACCC,1267.0,336.25,1366.0,394.5,1.173234,0.6675,4.075,3.75,4.575,3,2,1,False,True,True,True,False,True,True,True,True,True,False
FIRE+FLOOD+ENV+SSA,BAAA,1317.5,358.0,1759.2,347.0,0.969274,0.6675,4.075,3.75,4.575,3,2,3,False,True,True,True,True,False,True,True,True,True,False
FIRE+FLOOD+ENV+SSA,BAAB,1301.0,353.25,1698.0,379.0,1.072895,0.6675,4.075,3.75,4.575,3,2,2,False,True,True,True,True,False,True,True,True,True,False
FIRE+FLOOD+ENV+SSA,BAAC,1294.4,348.5,1630.0,381.25,1.093974,0.6675,4.075,3.75,4.575,3,2,2,True,True,True,True,True,True,True,True,True,True,False
FIRE+FLOOD+ENV+SSA,BABA,1303.5,354.25,1694.4,374.25,1.056457,0.6675,4.075,3.75,4.575,3,2,2,False,True,True,True,True,False,True,True,True,True,False
FIRE+FLOOD+ENV+SSA,BABB,1287.0,349.5,1633.2,406.25,1.162375,0.6675,4.075,3.75,4.575,3,2,1,False,True,True,True,False,True,True,True,True,True,False
FIRE+FLOOD+ENV+SSA,BABC,1280.4,344.75,1565.2,408.5,1.184917,0.6675,4.075,3.75,4.575,3,2,1,False,True,True,True,False,True,True,True,True,True,False
FIRE+FLOOD+ENV+SSA,BACA,1297.9,350.5,1622.4,376.25,1.073466,0.6675,4.075,3.75,4.575,3,2,2,True,True,True,True,True,True,True,True,True,True,False
FIRE+FLOOD+ENV+SSA,BACB,1281.4,345.75,1561.2,408.25,1.180766,0.6675,4.075,3.75,4.575,3,2,1,False,True,True,True,False,True,True,True,True,True,False
FIRE+FLOOD+ENV+SSA,BACC,1274.8,341.0,1493.2,410.5,1.203812,0.6675,4.075,3.75,4.575,3,2,1,False,True,True,True,False,True,True,True,True,True,False
FIRE+FLOOD+ENV+SSA,BBAA,1300.5,353.5,1651.2,350.25,0.990806,0.6675,4.075,3.75,4.575,3,2,2,False,True,True,True,True,False,True,True,True,True,False
FIRE+FLOOD+ENV+SSA,BBAB,1284.0,348.75,1590.0,382.25,1.096057,0.6675,4.075,3.75,4.575,3,2,1,False,True,True,True,False,True,True,True,True,True,False
FIRE+FLOOD+ENV+SSA,BBAC,1277.4,344.0,1522.0,384.5,1.117733,0.6675,4.075,3.75,4.575,3,2,1,False,True,True,True,False,True,True,True,True,True,False
FIRE+FLOOD+ENV+SSA,BBBA,1286.5,349.75,1586.4,377.5,1.079342,0.6675,4.075,3.75,4.575,3,2,1,False,True,True,True,False,True,True,True,True,True,False
FIRE+FLOOD+ENV+SSA,BBBB,1270.0,345.0,1525.2,409.5,1.186957,0.6675,4.075,3.75,4.575,3,2,0,False,True,True,True,False,True,True,True,True,True,False
FIRE+FLOOD+ENV+SSA,BBBC,1263.4,340.25,1457.2,411.75,1.21014,0.6675,4.075,3.75,4.575,3,2,0,False,True,True,True,False,True,True,True,True,True,False
FIRE+FLOOD+ENV+SSA,BBCA,1280.9,346.0,1514.4,379.5,1.096821,0.6675,4.075,3.75,4.575,3,2,1,False,True,True,True,False,True,True,True,True,True,False
FIRE+FLOOD+ENV+SSA,BBCB,1264.4,341.25,1453.2,411.5,1.205861,0.6675,4.075,3.75,4.575,3,2,0,False,True,True,True,False,True,True,True,True,True,False
FIRE+FLOOD+ENV+SSA,BBCC,1257.8,336.5,1385.2,413.75,1.229569,0.6675,4.075,3.75,4.575,3,2,0,False,True,True,True,False,True,True,True,True,True,False
FIRE+FLOOD+ENV+SSA,BCAA,1293.7,349.0,1531.2,331.75,0.950573,0.6675,4.075,3.75,4.575,3,2,2,True,True,True,True,True,True,True,True,True,True,False
FIRE+FLOOD+ENV+SSA,BCAB,1277.2,344.25,1470.0,363.75,1.056645,0.6675,4.075,3.75,4.575,3,2,1,False,True,True,True,False,True,True,True,True,True,False
FIRE+FLOOD+ENV+SSA,BCAC,1270.6,339.5,1402.0,366.0,1.078056,0.6675,4.075,3.75,4.575,3,2,1,False,True,True,True,False,True,True,True,True,True,False
FIRE+FLOOD+ENV+SSA,BCBA,1279.7,345.25,1466.4,359.0,1.039826,0.6675,4.075,3.75,4.575,3,2,1,False,True,True,True,False,True,True,True,True,True,False
FIRE+FLOOD+ENV+SSA,BCBB,1263.2,340.5,1405.2,391.0,1.148311,0.6675,4.075,3.75,4.575,3,2,0,False,True,True,True,False,True,True,True,True,True,False
FIRE+FLOOD+ENV+SSA,BCBC,1256.6,335.75,1337.2,393.25,1.171258,0.6675,4.075,3.75,4.575,3,2,0,False,True,True,True,False,True,True,True,True,True,False
FIRE+FLOOD+ENV+SSA,BCCA,1274.1,341.5,1394.4,361.0,1.057101,0.6675,4.075,3.75,4.575,3,2,1,False,True,True,True,False,True,True,True,True,True,False
FIRE+FLOOD+ENV+SSA,BCCB,1257.6,336.75,1333.2,393.0,1.167038,0.6675,4.075,3.75,4.575,3,2,0,False,True,True,True,False,True,True,True,True,True,False
FIRE+FLOOD+ENV+SSA,BCCC,1251.0,332.0,1265.2,395.25,1.190512,0.6675,4.075,3.75,4.575,3,2,0,False,True,True,True,False,True,True,True,True,True,False
FIRE+FLOOD+ENV+SSA,CAAA,1311.1,353.75,1647.2,329.5,0.931449,0.6675,4.075,3.75,4.575,3,2,3,False,True,True,True,True,False,True,True,True,True,False
FIRE+FLOOD+ENV+SSA,CAAB,1294.6,349.0,1586.0,361.5,1.035817,0.6675,4.075,3.75,4.575,3,2,2,True,True,True,True,True,True,True,True,True,True,False
FIRE+FLOOD+ENV+SSA,CAAC,1288.0,344.25,1518.0,363.75,1.056645,0.6675,4.075,3.75,4.575,3,2,2,True,True,True,True,True,True,True,True,True,True,False
FIRE+FLOOD+ENV+SSA,CABA,1297.1,350.0,1582.4,356.75,1.019286,0.6675,4.075,3.75,4.575,3,2,2,True,True,True,True,True,True,True,True,True,True,False
FIRE+FLOOD+ENV+SSA,CABB,1280.6,345.25,1521.2,388.75,1.125996,0.6675,4.075,3.75,4.575,3,2,1,False,True,True,True,False,True,True,True,True,True,False
FIRE+FLOOD+ENV+SSA,CABC,1274.0,340.5,1453.2,391.0,1.148311,0.6675,4.075,3.75,4.575,3,2,1,False,True,True,True,False,True,True,True,True,True,False
FIRE+FLOOD+ENV+SSA,CACA,1291.5,346.25,1510.4,358.75,1.036101,0.6675,4.075,3.75,4.575,3,2,2,True,True,True,True,True,True,True,True,True,True,False
FIRE+FLOOD+ENV+SSA,CACB,1275.0,341.5,1449.2,390.75,1.144217,0.6675,4.075,3.75,4.575,3,2,1,False,True,True,True,False,True,True,True,True,True,False
FIRE+FLOOD+ENV+SSA,CACC,1268.4,336.75,1381.2,393.0,1.167038,0.6675,4.075,3.75,4.575,3,2,1,False,True,True,True,False,True,True,True,True,True,False
FIRE+FLOOD+ENV+SSA,CBAA,1294.1,349.25,1539.2,332.75,0.952756,0.6675,4.075,3.75,4.575,3,2,2,True,True,True,True,True,True,True,True,True,True,False
FIRE+FLOOD+ENV+SSA,CBAB,1277.6,344.5,1478.0,364.75,1.058781,0.6675,4.075,3.75,4.575,3,2,1,False,True,True,True,False,True,True,True,True,True,False
FIRE+FLOOD+ENV+SSA,CBAC,1271.0,339.75,1410.0,367.0,1.080206,0.6675,4.075,3.75,4.575,3,2,1,False,True,True,True,False,True,True,True,True,True,False
FIRE+FLOOD+ENV+SSA,CBBA,1280.1,345.5,1474.4,360.0,1.041968,0.6675,4.075,3.75,4.575,3,2,1,False,True,True,True,False,True,True,True,True,True,False
FIRE+FLOOD+ENV+SSA,CBBB,1263.6,340.75,1413.2,392.0,1.150404,0.6675,4.075,3.75,4.575,3,2,0,False,True,True,True,False,True,True,True,True,True,False
FIRE+FLOOD+ENV+SSA,CBBC,1257.0,336.0,1345.2,394.25,1.173363,0.6675,4.075,3.75,4.575,3,2,0,False,True,True,True,False,True,True,True,True,True,False
FIRE+FLOOD+ENV+SSA,CBCA,1274.5,341.75,1402.4,362.0,1.059254,0.6675,4.075,3.75,4.575,3,2,1,False,True,True,True,False,True,True,True,True,True,False
FIRE+FLOOD+ENV+SSA,CBCB,1258.0,337.0,1341.2,394.0,1.169139,0.6675,4.075,3.75,4.575,3,2,0,False,True,True,True,False,True,True,True,True,True,False
FIRE+FLOOD+ENV+SSA,CBCC,1251.4,332.25,1273.2,396.25,1.192626,0.6675,4.075,3.75,4.575,3,2,0,False,True,True,True,False,True,True,True,True,True,False
FIRE+FLOOD+ENV+SSA,CCAA,1287.3,344.75,1419.2,314.25,0.91153,0.6675,4.075,3.75,4.575,3,2,2,True,True,True,True,True,True,True,True,True,True,False
FIRE+FLOOD+ENV+SSA,CCAB,1270.8,340.0,1358.0,346.25,1.018382,0.6675,4.075,3.75,4.575,3,2,1,False,True,True,True,False,True,True,True,True,True,False
FIRE+FLOOD+ENV+SSA,CCAC,1264.2,335.25,1290.0,348.5,1.039523,0.6675,4.075,3.75,4.575,3,2,1,False,True,True,True,False,True,True,True,True,True,False
FIRE+FLOOD+ENV+SSA,CCBA,1273.3,341.0,1354.4,341.5,1.001466,0.6675,4.075,3.75,4.575,3,2,1,False,True,True,True,False,True,True,True,True,True,False
FIRE+FLOOD+ENV+SSA,CCBB,1256.8,336.25,1293.2,373.5,1.110781,0.6675,4.075,3.75,4.575,3,2,0,False,True,True,True,False,True,True,True,True,True,False
FIRE+FLOOD+ENV+SSA,CCBC,1250.2,331.5,1225.2,375.75,1.133484,0.6675,4.075,3.75,4.575,3,2,0,False,True,True,True,False,True,True,True,True,True,False
FIRE+FLOOD+ENV+SSA,CCCA,1267.7,337.25,1282.4,343.5,1.018532,0.6675,4.075,3.75,4.575,3,2,1,False,True,True,True,False,True,True,True,True,True,False
FIRE+FLOOD+ENV+SSA,CCCB,1251.2,332.5,1221.2,375.5,1.129323,0.6675,4.075,3.75,4.575,3,2,0,False,True,True,True,False,True,True,True,True,True,False
FIRE+FLOOD+ENV+SSA,CCCC,1244.6,327.75,1153.2,377.75,1.152555,0.6675,4.075,3.75,4.575,3,2,0,False,True,True,True,False,True,True,True,True,True,False
FIRE+AGRI+INFRA+ARCTIC,AAAA,1417.5,399.0,1560.0,343.75,0.861529,0.67,4.05,3.6,4.375,4,3,4,False,True,True,True,True,False,False,True,True,True,False
FIRE+AGRI+INFRA+ARCTIC,AAAB,1394.5,392.0,1475.4,387.5,0.98852,0.67,4.05,3.6,4.375,4,3,3,False,True,True,True,True,False,False,True,True,True,False
FIRE+AGRI+INFRA+ARCTIC,AAAC,1385.3,385.0,1381.4,391.5,1.016883,0.67,4.05,3.6,4.375,4,3,3,False,True,True,True,True,False,False,True,True,True,False
FIRE+AGRI+INFRA+ARCTIC,AABA,1402.0,395.0,1506.0,380.0,0.962025,0.67,4.05,3.6,4.375,4,3,3,False,True,True,True,True,False,False,True,True,True,False
FIRE+AGRI+INFRA+ARCTIC,AABB,1379.0,388.0,1421.4,423.75,1.092139,0.67,4.05,3.6,4.375,4,3,2,False,True,True,True,True,False,False,True,True,True,False
FIRE+AGRI+INFRA+ARCTIC,AABC,1369.8,381.0,1327.4,427.75,1.122703,0.67,4.05,3.6,4.375,4,3,2,False,True,True,True,True,False,False,True,True,True,False
FIRE+AGRI+INFRA+ARCTIC,AACA,1395.8,391.0,1446.0,387.0,0.98977,0.67,4.05,3.6,4.375,4,3,3,False,True,True,True,True,False,False,True,True,True,False
FIRE+AGRI+INFRA+ARCTIC,AACB,1372.8,384.0,1361.4,430.75,1.121745,0.67,4.05,3.6,4.375,4,3,2,False,True,True,True,True,False,False,True,True,True,False
FIRE+AGRI+INFRA+ARCTIC,AACC,1363.6,377.0,1267.4,434.75,1.153183,0.67,4.05,3.6,4.375,4,3,2,False,True,True,True,True,False,False,True,True,True,False
FIRE+AGRI+INFRA+ARCTIC,ABAA,1404.5,395.25,1518.6,391.75,0.991145,0.67,4.05,3.6,4.375,4,3,3,False,True,True,True,True,False,False,True,True,True,False
FIRE+AGRI+INFRA+ARCTIC,ABAB,1381.5,388.25,1434.0,435.5,1.1217,0.67,4.05,3.6,4.375,4,3,2,False,True,True,True,True,False,False,True,True,True,False
FIRE+AGRI+INFRA+ARCTIC,ABAC,1372.3,381.25,1340.0,439.5,1.152787,0.67,4.05,3.6,4.375,4,3,2,False,True,True,True,True,False,False,True,True,True,False
FIRE+AGRI+INFRA+ARCTIC,ABBA,1389.0,391.25,1464.6,428.0,1.09393,0.67,4.05,3.6,4.375,4,3,2,False,True,True,True,True,False,False,True,True,True,False
FIRE+AGRI+INFRA+ARCTIC,ABBB,1366.0,384.25,1380.0,471.75,1.227716,0.67,4.05,3.6,4.375,4,3,1,False,True,True,True,False,False,False,True,True,True,False
FIRE+AGRI+INFRA+ARCTIC,ABBC,1356.8,377.25,1286.0,475.75,1.2611,0.67,4.05,3.6,4.375,4,3,1,False,True,True,True,False,False,False,True,True,True,False
FIRE+AGRI+INFRA+ARCTIC,ABCA,1382.8,387.25,1404.6,435.0,1.123305,0.67,4.05,3.6,4.375,4,3,2,False,True,True,True,True,False,False,True,True,True,False
FIRE+AGRI+INFRA+ARCTIC,ABCB,1359.8,380.25,1320.0,478.75,1.25904,0.67,4.05,3.6,4.375,4,3,1,False,True,True,True,False,False,False,True,True,True,False
FIRE+AGRI+INFRA+ARCTIC,ABCC,1350.6,373.25,1226.0,482.75,1.293369,0.67,4.05,3.6,4.375,4,3,1,False,True,True,True,False,False,False,True,True,True,False
FIRE+AGRI+INFRA+ARCTIC,ACAA,1399.3,391.5,1472.6,411.25,1.050447,0.67,4.05,3.6,4.375,4,3,3,False,True,True,True,True,False,False,True,True,True,False
FIRE+AGRI+INFRA+ARCTIC,ACAB,1376.3,384.5,1388.0,455.0,1.183355,0.67,4.05,3.6,4.375,4,3,2,False,True,True,True,True,False,False,True,True,True,False
FIRE+AGRI+INFRA+ARCTIC,ACAC,1367.1,377.5,1294.0,459.0,1.215894,0.67,4.05,3.6,4.375,4,3,2,False,True,True,True,True,False,False,True,True,True,False
FIRE+AGRI+INFRA+ARCTIC,ACBA,1383.8,387.5,1418.6,447.5,1.154839,0.67,4.05,3.6,4.375,4,3,2,False,True,True,True,True,False,False,True,True,True,False
FIRE+AGRI+INFRA+ARCTIC,ACBB,1360.8,380.5,1334.0,491.25,1.291064,0.67,4.05,3.6,4.375,4,3,1,False,True,True,True,False,False,False,True,True,True,False
FIRE+AGRI+INFRA+ARCTIC,ACBC,1351.6,373.5,1240.0,495.25,1.325971,0.67,4.05,3.6,4.375,4,3,1,False,True,True,True,False,False,False,True,True,True,False
FIRE+AGRI+INFRA+ARCTIC,ACCA,1377.6,383.5,1358.6,454.5,1.185137,0.67,4.05,3.6,4.375,4,3,2,False,True,True,True,True,False,False,True,True,True,False
FIRE+AGRI+INFRA+ARCTIC,ACCB,1354.6,376.5,1274.0,498.25,1.323373,0.67,4.05,3.6,4.375,4,3,1,False,True,True,True,False,False,False,True,True,True,False
FIRE+AGRI+INFRA+ARCTIC,ACCC,1345.4,369.5,1180.0,502.25,1.359269,0.67,4.05,3.6,4.375,4,3,1,False,True,True,True,False,False,False,True,True,True,False
FIRE+AGRI+INFRA+ARCTIC,BAAA,1401.5,394.75,1459.2,344.5,0.872704,0.67,4.05,3.6,4.375,4,3,3,False,True,True,True,True,False,False,True,True,True,False
FIRE+AGRI+INFRA+ARCTIC,BAAB,1378.5,387.75,1374.6,388.25,1.001289,0.67,4.05,3.6,4.375,4,3,2,False,True,True,True,True,False,False,True,True,True,False
FIRE+AGRI+INFRA+ARCTIC,BAAC,1369.3,380.75,1280.6,392.25,1.030204,0.67,4.05,3.6,4.375,4,3,2,False,True,True,True,True,False,False,True,True,True,False
FIRE+AGRI+INFRA+ARCTIC,BABA,1386.0,390.75,1405.2,380.75,0.974408,0.67,4.05,3.6,4.375,4,3,2,False,True,True,True,True,False,False,True,True,True,False
FIRE+AGRI+INFRA+ARCTIC,BABB,1363.0,383.75,1320.6,424.5,1.106189,0.67,4.05,3.6,4.375,4,3,1,False,True,True,True,False,False,False,True,True,True,False
FIRE+AGRI+INFRA+ARCTIC,BABC,1353.8,376.75,1226.6,428.5,1.137359,0.67,4.05,3.6,4.375,4,3,1,False,True,True,True,False,False,False,True,True,True,False
FIRE+AGRI+INFRA+ARCTIC,BACA,1379.8,386.75,1345.2,387.75,1.002586,0.67,4.05,3.6,4.375,4,3,2,False,True,True,True,True,False,False,True,True,True,False
FIRE+AGRI+INFRA+ARCTIC,BACB,1356.8,379.75,1260.6,431.5,1.136274,0.67,4.05,3.6,4.375,4,3,1,False,True,True,True,False,False,False,True,True,True,False
FIRE+AGRI+INFRA+ARCTIC,BACC,1347.6,372.75,1166.6,435.5,1.168343,0.67,4.05,3.6,4.375,4,3,1,False,True,True,True,False,False,False,True,True,True,False
FIRE+AGRI+INFRA+ARCTIC,BBAA,1388.5,391.0,1417.8,392.5,1.003836,0.67,4.05,3.6,4.375,4,3,2,False,True,True,True,True,False,False,True,True,True,False
FIRE+AGRI+INFRA+ARCTIC,BBAB,1365.5,384.0,1333.2,436.25,1.136068,0.67,4.05,3.6,4.375,4,3,1,False,True,True,True,False,False,False,True,True,True,False
FIRE+AGRI+INFRA+ARCTIC,BBAC,1356.3,377.0,1239.2,440.25,1.167772,0.67,4.05,3.6,4.375,4,3,1,False,True,True,True,False,False,False,True,True,True,False
FIRE+AGRI+INFRA+ARCTIC,BBBA,1373.0,387.0,1363.8,428.75,1.107881,0.67,4.05,3.6,4.375,4,3,1,False,True,True,True,False,False,False,True,True,True,False
FIRE+AGRI+INFRA+ARCTIC,BBBB,1350.0,380.0,1279.2,472.5,1.243421,0.67,4.05,3.6,4.375,4,3,0,False,True,True,True,False,False,False,True,True,True,False
FIRE+AGRI+INFRA+ARCTIC,BBBC,1340.8,373.0,1185.2,476.5,1.27748,0.67,4.05,3.6,4.375,4,3,0,False,True,True,True,False,False,False,True,True,True,False
FIRE+AGRI+INFRA+ARCTIC,BBCA,1366.8,383.0,1303.8,435.75,1.137728,0.67,4.05,3.6,4.375,4,3,1,False,True,True,True,False,False,False,True,True,True,False
FIRE+AGRI+INFRA+ARCTIC,BBCB,1343.8,376.0,1219.2,479.5,1.275266,0.67,4.05,3.6,4.375,4,3,0,False,True,True,True,False,False,False,True,True,True,False
FIRE+AGRI+INFRA+ARCTIC,BBCC,1334.6,369.0,1125.2,483.5,1.310298,0.67,4.05,3.6,4.375,4,3,0,False,True,True,True,False,False,False,True,True,True,False
FIRE+AGRI+INFRA+ARCTIC,BCAA,1383.3,387.25,1371.8,412.0,1.063912,0.67,4.05,3.6,4.375,4,3,2,False,True,True,True,True,False,False,True,True,True,False
FIRE+AGRI+INFRA+ARCTIC,BCAB,1360.3,380.25,1287.2,455.75,1.198554,0.67,4.05,3.6,4.375,4,3,1,False,True,True,True,False,False,False,True,True,True,False
FIRE+AGRI+INFRA+ARCTIC,BCAC,1351.1,373.25,1193.2,459.75,1.231748,0.67,4.05,3.6,4.375,4,3,1,False,True,True,True,False,False,False,True,True,True,False
FIRE+AGRI+INFRA+ARCTIC,BCBA,1367.8,383.25,1317.8,448.25,1.169602,0.67,4.05,3.6,4.375,4,3,1,False,True,True,True,False,False,False,True,True,True,False
FIRE+AGRI+INFRA+ARCTIC,BCBB,1344.8,376.25,1233.2,492.0,1.307641,0.67,4.05,3.6,4.375,4,3,0,False,True,True,True,False,False,False,True,True,True,False
FIRE+AGRI+INFRA+ARCTIC,BCBC,1335.6,369.25,1139.2,496.0,1.343263,0.67,4.05,3.6,4.375,4,3,0,False,True,True,True,False,False,False,True,True,True,False
FIRE+AGRI+INFRA+ARCTIC,BCCA,1361.6,379.25,1257.8,455.25,1.200396,0.67,4.05,3.6,4.375,4,3,1,False,True,True,True,False,False,False,True,True,True,False
FIRE+AGRI+INFRA+ARCTIC,BCCB,1338.6,372.25,1173.2,499.0,1.340497,0.67,4.05,3.6,4.375,4,3,0,False,True,True,True,False,False,False,True,True,True,False
FIRE+AGRI+INFRA+ARCTIC,BCCC,1329.4,365.25,1079.2,503.0,1.377139,0.67,4.05,3.6,4.375,4,3,0,False,True,True,True,False,False,False,True,True,True,False
FIRE+AGRI+INFRA+ARCTIC,CAAA,1395.1,390.5,1347.2,327.0,0.837388,0.67,4.05,3.6,4.375,4,3,3,False,True,True,True,True,False,False,True,True,True,False
FIRE+AGRI+INFRA+ARCTIC,CAAB,1372.1,383.5,1262.6,370.75,0.966754,0.67,4.05,3.6,4.375,4,3,2,False,True,True,True,True,False,False,True,True,True,False
FIRE+AGRI+INFRA+ARCTIC,CAAC,1362.9,376.5,1168.6,374.75,0.995352,0.67,4.05,3.6,4.375,4,3,2,False,True,True,True,True,False,False,True,True,True,False
FIRE+AGRI+INFRA+ARCTIC,CABA,1379.6,386.5,1293.2,363.25,0.939845,0.67,4.05,3.6,4.375,4,3,2,False,True,True,True,True,False,False,True,True,True,False
FIRE+AGRI+INFRA+ARCTIC,CABB,1356.6,379.5,1208.6,407.0,1.072464,0.67,4.05,3.6,4.375,4,3,1,False,True,True,True,False,False,False,True,True,True,False
FIRE+AGRI+INFRA+ARCTIC,CABC,1347.4,372.5,1114.6,411.0,1.103356,0.67,4.05,3.6,4.375,4,3,1,False,True,True,True,False,False,False,True,True,True,False
FIRE+AGRI+INFRA+ARCTIC,CACA,1373.4,382.5,1233.2,370.25,0.967974,0.67,4.05,3.6,4.375,4,3,2,False,True,True,True,True,False,False,True,True,True,False
FIRE+AGRI+INFRA+ARCTIC,CACB,1350.4,375.5,1148.6,414.0,1.10253,0.67,4.05,3.6,4.375,4,3,1,False,True,True,True,False,False,False,True,True,True,False
FIRE+AGRI+INFRA+ARCTIC,CACC,1341.2,368.5,1054.6,418.0,1.134328,0.67,4.05,3.6,4.375,4,3,1,False,True,True,True,False,False,False,True,True,True,False
FIRE+AGRI+INFRA+ARCTIC,CBAA,1382.1,386.75,1305.8,375.0,0.969619,0.67,4.05,3.6,4.375,4,3,2,False,True,True,True,True,False,False,True,True,True,False
FIRE+AGRI+INFRA+ARCTIC,CBAB,1359.1,379.75,1221.2,418.75,1.102699,0.67,4.05,3.6,4.375,4,3,1,False,True,True,True,False,False,False,True,True,True,False
FIRE+AGRI+INFRA+ARCTIC,CBAC,1349.9,372.75,1127.2,422.75,1.134138,0.67,4.05,3.6,4.375,4,3,1,False,True,True,True,False,False,False,True,True,True,False
FIRE+AGRI+INFRA+ARCTIC,CBBA,1366.6,382.75,1251.8,411.25,1.074461,0.67,4.05,3.6,4.375,4,3,1,False,True,True,True,False,False,False,True,True,True,False
FIRE+AGRI+INFRA+ARCTIC,CBBB,1343.6,375.75,1167.2,455.0,1.210912,0.67,4.05,3.6,4.375,4,3,0,False,True,True,True,False,False,False,True,True,True,False
FIRE+AGRI+INFRA+ARCTIC,CBBC,1334.4,368.75,1073.2,459.0,1.244746,0.67,4.05,3.6,4.375,4,3,0,False,True,True,True,False,False,False,True,True,True,False
FIRE+AGRI+INFRA+ARCTIC,CBCA,1360.4,378.75,1191.8,418.25,1.10429,0.67,4.05,3.6,4.375,4,3,1,False,True,True,True,False,False,False,True,True,True,False
FIRE+AGRI+INFRA+ARCTIC,CBCB,1337.4,371.75,1107.2,462.0,1.242771,0.67,4.05,3.6,4.375,4,3,0,False,True,True,True,False,False,False,True,True,True,False
FIRE+AGRI+INFRA+ARCTIC,CBCC,1328.2,364.75,1013.2,466.0,1.277587,0.67,4.05,3.6,4.375,4,3,0,False,True,True,True,False,False,False,True,True,True,False
FIRE+AGRI+INFRA+ARCTIC,CCAA,1376.9,383.0,1259.8,394.5,1.030026,0.67,4.05,3.6,4.375,4,3,2,False,True,True,True,True,False,False,True,True,True,False
FIRE+AGRI+INFRA+ARCTIC,CCAB,1353.9,376.0,1175.2,438.25,1.165559,0.67,4.05,3.6,4.375,4,3,1,False,True,True,True,False,False,False,True,True,True,False
FIRE+AGRI+INFRA+ARCTIC,CCAC,1344.7,369.0,1081.2,442.25,1.198509,0.67,4.05,3.6,4.375,4,3,1,False,True,True,True,False,False,False,True,True,True,False
FIRE+AGRI+INFRA+ARCTIC,CCBA,1361.4,379.0,1205.8,430.75,1.136544,0.67,4.05,3.6,4.375,4,3,1,False,True,True,True,False,False,False,True,True,True,False
FIRE+AGRI+INFRA+ARCTIC,CCBB,1338.4,372.0,1121.2,474.5,1.275538,0.67,4.05,3.6,4.375,4,3,0,False,True,True,True,False,False,False,True,True,True,False
FIRE+AGRI+INFRA+ARCTIC,CCBC,1329.2,365.0,1027.2,478.5,1.310959,0.67,4.05,3.6,4.375,4,3,0,False,True,True,True,False,False,False,True,True,True,False
FIRE+AGRI+INFRA+ARCTIC,CCCA,1355.2,375.0,1145.8,437.75,1.167333,0.67,4.05,3.6,4.375,4,3,1,False,True,True,True,False,False,False,True,True,True,False
FIRE+AGRI+INFRA+ARCTIC,CCCB,1332.2,368.0,1061.2,481.5,1.308424,0.67,4.05,3.6,4.375,4,3,0,False,True,True,True,False,False,False,True,True,True,False
FIRE+AGRI+INFRA+ARCTIC,CCCC,1323.0,361.0,967.2,485.5,1.344875,0.67,4.05,3.6,4.375,4,3,0,False,True,True,True,False,False,False,False,True,True,False
FIRE+AGRI+INFRA+TRANS,AAAA,1197.0,325.5,1310.0,293.75,0.902458,0.725,4.45,4.0,4.65,4,2,4,True,True,True,True,True,True,True,True,True,True,False
FIRE+AGRI+INFRA+TRANS,AAAB,1184.5,322.0,1270.4,327.5,1.017081,0.725,4.45,4.0,4.65,4,2,3,True,True,True,True,True,True,True,True,True,True,False
FIRE+AGRI+INFRA+TRANS,AAAC,1179.5,318.5,1226.4,335.5,1.053375,0.725,4.45,4.0,4.65,4,2,3,True,True,True,True,True,True,True,True,True,True,True
FIRE+AGRI+INFRA+TRANS,AABA,1181.5,321.5,1256.0,330.0,1.026439,0.725,4.45,4.0,4.65,4,2,3,True,True,True,True,True,True,True,True,True,True,False
FIRE+AGRI+INFRA+TRANS,AABB,1169.0,318.0,1216.4,363.75,1.143868,0.725,4.45,4.0,4.65,4,2,2,True,True,True,True,True,True,True,True,True,True,True
FIRE+AGRI+INFRA+TRANS,AABC,1164.0,314.5,1172.4,371.75,1.182035,0.725,4.45,4.0,4.65,4,2,2,True,True,True,True,True,True,True,True,True,True,True
FIRE+AGRI+INFRA+TRANS,AACA,1175.3,317.5,1196.0,337.0,1.061417,0.725,4.45,4.0,4.65,4,2,3,True,True,True,True,True,True,True,True,True,True,True
FIRE+AGRI+INFRA+TRANS,AACB,1162.8,314.0,1156.4,370.75,1.180732,0.725,4.45,4.0,4.65,4,2,2,True,True,True,True,True,True,True,True,True,True,True
FIRE+AGRI+INFRA+TRANS,AACC,1157.8,310.5,1112.4,378.75,1.219807,0.725,4.45,4.0,4.65,4,2,2,True,True,True,True,True,True,True,True,True,True,True
FIRE+AGRI+INFRA+TRANS,ABAA,1184.0,321.75,1268.6,341.75,1.06216,0.725,4.45,4.0,4.65,4,2,3,True,True,True,True,True,True,True,True,True,True,False
FIRE+AGRI+INFRA+TRANS,ABAB,1171.5,318.25,1229.0,375.5,1.17989,0.725,4.45,4.0,4.65,4,2,2,True,True,True,True,True,True,True,True,True,True,True
FIRE+AGRI+INFRA+TRANS,ABAC,1166.5,314.75,1185.0,383.5,1.218427,0.725,4.45,4.0,4.65,4,2,2,True,True,True,True,True,True,True,True,True,True,True
FIRE+AGRI+INFRA+TRANS,ABBA,1168.5,317.75,1214.6,378.0,1.189614,0.725,4.45,4.0,4.65,4,2,2,True,True,True,True,True,True,True,True,True,True,True
FIRE+AGRI+INFRA+TRANS,ABBB,1156.0,314.25,1175.0,411.75,1.310263,0.725,4.45,4.0,4.65,4,2,1,False,True,True,True,False,True,True,True,True,True,False
FIRE+AGRI+INFRA+TRANS,ABBC,1151.0,310.75,1131.0,419.75,1.350764,0.725,4.45,4.0,4.65,4,2,1,False,True,True,True,False,True,True,True,True,True,False
FIRE+AGRI+INFRA+TRANS,ABCA,1162.3,313.75,1154.6,385.0,1.227092,0.725,4.45,4.0,4.65,4,2,2,True,True,True,True,True,True,True,True,True,True,True
FIRE+AGRI+INFRA+TRANS,ABCB,1149.8,310.25,1115.0,418.75,1.349718,0.725,4.45,4.0,4.65,4,2,1,False,True,True,True,False,True,True,True,True,True,False
FIRE+AGRI+INFRA+TRANS,ABCC,1144.8,306.75,1071.0,426.75,1.391198,0.725,4.45,4.0,4.65,4,2,1,False,True,True,True,False,True,True,True,True,True,False
FIRE+AGRI+INFRA+TRANS,ACAA,1178.8,318.0,1222.6,361.25,1.136006,0.725,4.45,4.0,4.65,4,2,3,True,True,True,True,True,True,True,True,True,True,True
FIRE+AGRI+INFRA+TRANS,ACAB,1166.3,314.5,1183.0,395.0,1.255962,0.725,4.45,4.0,4.65,4,2,2,True,True,True,True,True,True,True,True,True,True,True
FIRE+AGRI+INFRA+TRANS,ACAC,1161.3,311.0,1139.0,403.0,1.29582,0.725,4.45,4.0,4.65,4,2,2,True,True,True,True,True,True,True,True,True,True,True
FIRE+AGRI+INFRA+TRANS,ACBA,1163.3,314.0,1168.6,397.5,1.265924,0.725,4.45,4.0,4.65,4,2,2,True,True,True,True,True,True,True,True,True,True,True
FIRE+AGRI+INFRA+TRANS,ACBB,1150.8,310.5,1129.0,431.25,1.388889,0.725,4.45,4.0,4.65,4,2,1,False,True,True,True,False,True,True,True,True,True,False
FIRE+AGRI+INFRA+TRANS,ACBC,1145.8,307.0,1085.0,439.25,1.430782,0.725,4.45,4.0,4.65,4,2,1,False,True,True,True,False,True,True,True,True,True,False
FIRE+AGRI+INFRA+TRANS,ACCA,1157.1,310.0,1108.6,404.5,1.304839,0.725,4.45,4.0,4.65,4,2,2,True,True,True,True,True,True,True,True,True,True,True
FIRE+AGRI+INFRA+TRANS,ACCB,1144.6,306.5,1069.0,438.25,1.429853,0.725,4.45,4.0,4.65,4,2,1,False,True,True,True,False,True,True,True,True,True,False
FIRE+AGRI+INFRA+TRANS,ACCC,1139.6,303.0,1025.0,446.25,1.472772,0.725,4.45,4.0,4.65,4,2,1,False,True,True,True,False,True,True,True,True,True,False
FIRE+AGRI+INFRA+TRANS,BAAA,1181.0,321.25,1209.2,294.5,0.916732,0.725,4.45,4.0,4.65,4,2,3,True,True,True,True,True,True,True,True,True,True,False
FIRE+AGRI+INFRA+TRANS,BAAB,1168.5,317.75,1169.6,328.25,1.033045,0.725,4.45,4.0,4.65,4,2,2,True,True,True,True,True,True,True,True,True,True,True
FIRE+AGRI+INFRA+TRANS,BAAC,1163.5,314.25,1125.6,336.25,1.070008,0.725,4.45,4.0,4.65,4,2,2,True,True,True,True,True,True,True,True,True,True,True
FIRE+AGRI+INFRA+TRANS,BABA,1165.5,317.25,1155.2,330.75,1.042553,0.725,4.45,4.0,4.65,4,2,2,True,True,True,True,True,True,True,True,True,True,True
FIRE+AGRI+INFRA+TRANS,BABB,1153.0,313.75,1115.6,364.5,1.161753,0.725,4.45,4.0,4.65,4,2,1,False,True,True,True,False,True,True,True,True,True,False
FIRE+AGRI+INFRA+TRANS,BABC,1148.0,310.25,1071.6,372.5,1.200645,0.725,4.45,4.0,4.65,4,2,1,False,True,True,True,False,True,True,True,True,True,False
FIRE+AGRI+INFRA+TRANS,BACA,1159.3,313.25,1095.2,337.75,1.078212,0.725,4.45,4.0,4.65,4,2,2,True,True,True,True,True,True,True,True,True,True,True
FIRE+AGRI+INFRA+TRANS,BACB,1146.8,309.75,1055.6,371.5,1.199354,0.725,4.45,4.0,4.65,4,2,1,False,True,True,True,False,True,True,True,True,True,False
FIRE+AGRI+INFRA+TRANS,BACC,1141.8,306.25,1011.6,379.5,1.239184,0.725,4.45,4.0,4.65,4,2,1,False,True,True,True,False,True,True,True,True,True,False
FIRE+AGRI+INFRA+TRANS,BBAA,1168.0,317.5,1167.8,342.5,1.07874,0.725,4.45,4.0,4.65,4,2,2,True,True,True,True,True,True,True,True,True,True,True
FIRE+AGRI+INFRA+TRANS,BBAB,1155.5,314.0,1128.2,376.25,1.198248,0.725,4.45,4.0,4.65,4,2,1,False,True,True,True,False,True,True,True,True,True,False
FIRE+AGRI+INFRA+TRANS,BBAC,1150.5,310.5,1084.2,384.25,1.23752,0.725,4.45,4.0,4.65,4,2,1,False,True,True,True,False,True,True,True,True,True,False
FIRE+AGRI+INFRA+TRANS,BBBA,1152.5,313.5,1113.8,378.75,1.208134,0.725,4.45,4.0,4.65,4,2,1,False,True,True,True,False,True,True,True,True,True,False
FIRE+AGRI+INFRA+TRANS,BBBB,1140.0,310.0,1074.2,412.5,1.330645,0.725,4.45,4.0,4.65,4,2,0,False,True,True,True,False,True,True,True,True,True,False
FIRE+AGRI+INFRA+TRANS,BBBC,1135.0,306.5,1030.2,420.5,1.371941,0.725,4.45,4.0,4.65,4,2,0,False,True,True,True,False,True,True,True,True,True,False
FIRE+AGRI+INFRA+TRANS,BBCA,1146.3,309.5,1053.8,385.75,1.246365,0.725,4.45,4.0,4.65,4,2,1,False,True,True,True,False,True,True,True,True,True,False
FIRE+AGRI+INFRA+TRANS,BBCB,1133.8,306.0,1014.2,419.5,1.370915,0.725,4.45,4.0,4.65,4,2,0,False,True,True,True,False,True,True,True,True,True,False
FIRE+AGRI+INFRA+TRANS,BBCC,1128.8,302.5,970.2,427.5,1.413223,0.725,4.45,4.0,4.65,4,2,0,False,True,True,True,False,True,True,False,True,True,False
FIRE+AGRI+INFRA+TRANS,BCAA,1162.8,313.75,1121.8,362.0,1.153785,0.725,4.45,4.0,4.65,4,2,2,True,True,True,True,True,True,True,True,True,True,True
FIRE+AGRI+INFRA+TRANS,BCAB,1150.3,310.25,1082.2,395.75,1.275584,0.725,4.45,4.0,4.65,4,2,1,False,True,True,True,False,True,True,True,True,True,False
FIRE+AGRI+INFRA+TRANS,BCAC,1145.3,306.75,1038.2,403.75,1.316218,0.725,4.45,4.0,4.65,4,2,1,False,True,True,True,False,True,True,True,True,True,False
FIRE+AGRI+INFRA+TRANS,BCBA,1147.3,309.75,1067.8,398.25,1.285714,0.725,4.45,4.0,4.65,4,2,1,False,True,True,True,False,True,True,True,True,True,False
FIRE+AGRI+INFRA+TRANS,BCBB,1134.8,306.25,1028.2,432.0,1.410612,0.725,4.45,4.0,4.65,4,2,0,False,True,True,True,False,True,True,True,True,True,False
FIRE+AGRI+INFRA+TRANS,BCBC,1129.8,302.75,984.2,440.0,1.453344,0.725,4.45,4.0,4.65,4,2,0,False,True,True,True,False,True,True,False,True,True,False
FIRE+AGRI+INFRA+TRANS,BCCA,1141.1,305.75,1007.8,405.25,1.325429,0.725,4.45,4.0,4.65,4,2,1,False,True,True,True,False,True,True,True,True,True,False
FIRE+AGRI+INFRA+TRANS,BCCB,1128.6,302.25,968.2,439.0,1.45244,0.725,4.45,4.0,4.65,4,2,0,False,True,True,True,False,True,True,False,True,True,False
FIRE+AGRI+INFRA+TRANS,BCCC,1123.6,298.75,924.2,447.0,1.496234,0.725,4.45,4.0,4.65,4,2,0,False,True,True,True,False,True,True,False,True,True,False
FIRE+AGRI+INFRA+TRANS,CAAA,1174.6,317.0,1097.2,277.0,0.873817,0.725,4.45,4.0,4.65,4,2,3,True,True,True,True,True,True,True,True,True,True,True
FIRE+AGRI+INFRA+TRANS,CAAB,1162.1,313.5,1057.6,310.75,0.991228,0.725,4.45,4.0,4.65,4,2,2,True,True,True,True,True,True,True,True,True,True,True
FIRE+AGRI+INFRA+TRANS,CAAC,1157.1,310.0,1013.6,318.75,1.028226,0.725,4.45,4.0,4.65,4,2,2,True,True,True,True,True,True,True,True,True,True,True
FIRE+AGRI+INFRA+TRANS,CABA,1159.1,313.0,1043.2,313.25,1.000799,0.725,4.45,4.0,4.65,4,2,2,True,True,True,True,True,True,True,True,True,True,True
FIRE+AGRI+INFRA+TRANS,CABB,1146.6,309.5,1003.6,347.0,1.121163,0.725,4.45,4.0,4.65,4,2,1,False,True,True,True,False,True,True,True,True,True,False
FIRE+AGRI+INFRA+TRANS,CABC,1141.6,306.0,959.6,355.0,1.160131,0.725,4.45,4.0,4.65,4,2,1,False,True,True,True,False,True,True,False,True,True,False
FIRE+AGRI+INFRA+TRANS,CACA,1152.9,309.0,983.2,320.25,1.036408,0.725,4.45,4.0,4.65,4,2,2,False,True,True,True,True,True,True,False,True,True,False
FIRE+AGRI+INFRA+TRANS,CACB,1140.4,305.5,943.6,354.0,1.158756,0.725,4.45,4.0,4.65,4,2,1,False,True,True,True,False,True,True,False,True,True,False
FIRE+AGRI+INFRA+TRANS,CACC,1135.4,302.0,899.6,362.0,1.198675,0.725,4.45,4.0,4.65,4,2,1,False,True,True,True,False,True,True,False,True,True,False
FIRE+AGRI+INFRA+TRANS,CBAA,1161.6,313.25,1055.8,325.0,1.03751,0.725,4.45,4.0,4.65,4,2,2,True,True,True,True,True,True,True,True,True,True,True
FIRE+AGRI+INFRA+TRANS,CBAB,1149.1,309.75,1016.2,358.75,1.158192,0.725,4.45,4.0,4.65,4,2,1,False,True,True,True,False,True,True,True,True,True,False
FIRE+AGRI+INFRA+TRANS,CBAC,1144.1,306.25,972.2,366.75,1.197551,0.725,4.45,4.0,4.65,4,2,1,False,True,True,True,False,True,True,False,True,True,False
FIRE+AGRI+INFRA+TRANS,CBBA,1146.1,309.25,1001.8,361.25,1.168149,0.725,4.45,4.0,4.65,4,2,1,False,True,True,True,False,True,True,True,True,True,False
FIRE+AGRI+INFRA+TRANS,CBBB,1133.6,305.75,962.2,395.0,1.291905,0.725,4.45,4.0,4.65,4,2,0,False,True,True,True,False,True,True,False,True,True,False
FIRE+AGRI+INFRA+TRANS,CBBC,1128.6,302.25,918.2,403.0,1.333333,0.725,4.45,4.0,4.65,4,2,0,False,True,True,True,False,True,True,False,True,True,False
FIRE+AGRI+INFRA+TRANS,CBCA,1139.9,305.25,941.8,368.25,1.206388,0.725,4.45,4.0,4.65,4,2,1,False,True,True,True,False,True,True,False,True,True,False
FIRE+AGRI+INFRA+TRANS,CBCB,1127.4,301.75,902.2,402.0,1.332229,0.725,4.45,4.0,4.65,4,2,0,False,True,True,True,False,True,True,False,True,True,False
FIRE+AGRI+INFRA+TRANS,CBCC,1122.4,298.25,858.2,410.0,1.374686,0.725,4.45,4.0,4.65,4,2,0,False,True,True,True,False,True,True,False,True,True,False
FIRE+AGRI+INFRA+TRANS,CCAA,1156.4,309.5,1009.8,344.5,1.113086,0.725,4.45,4.0,4.65,4,2,2,True,True,True,True,True,True,True,True,True,True,True
FIRE+AGRI+INFRA+TRANS,CCAB,1143.9,306.0,970.2,378.25,1.236111,0.725,4.45,4.0,4.65,4,2,1,False,True,True,True,False,True,True,False,True,True,False
FIRE+AGRI+INFRA+TRANS,CCAC,1138.9,302.5,926.2,386.25,1.27686,0.725,4.45,4.0,4.65,4,2,1,False,True,True,True,False,True,True,False,True,True,False
FIRE+AGRI+INFRA+TRANS,CCBA,1140.9,305.5,955.8,380.75,1.246318,0.725,4.45,4.0,4.65,4,2,1,False,True,True,True,False,True,True,False,True,True,False
FIRE+AGRI+INFRA+TRANS,CCBB,1128.4,302.0,916.2,414.5,1.372517,0.725,4.45,4.0,4.65,4,2,0,False,True,True,True,False,True,True,False,True,True,False
FIRE+AGRI+INFRA+TRANS,CCBC,1123.4,298.5,872.2,422.5,1.41541,0.725,4.45,4.0,4.65,4,2,0,False,True,True,True,False,True,True,False,True,True,False
FIRE+AGRI+INFRA+TRANS,CCCA,1134.7,301.5,895.8,387.75,1.28607,0.725,4.45,4.0,4.65,4,2,1,False,True,True,True,False,True,True,False,True,True,False
FIRE+AGRI+INFRA+TRANS,CCCB,1122.2,298.0,856.2,421.5,1.41443,0.725,4.45,4.0,4.65,4,2,0,False,True,True,True,False,True,True,False,True,True,False
FIRE+AGRI+INFRA+TRANS,CCCC,1117.2,294.5,812.2,429.5,1.458404,0.725,4.45,4.0,4.65,4,2,0,False,True,True,True,False,True,True,False,True,True,False
FIRE+AGRI+INFRA+ENV,AAAA,1228.5,330.75,1450.0,301.25,0.910809,0.715,4.35,3.95,4.65,4,2,4,True,True,True,True,True,True,True,True,True,True,False
FIRE+AGRI+INFRA+ENV,AAAB,1214.5,327.0,1385.2,328.5,1.004587,0.715,4.35,3.95,4.65,4,2,3,True,True,True,True,True,True,True,True,True,True,False
FIRE+AGRI+INFRA+ENV,AAAC,1208.9,323.25,1313.2,330.5,1.022428,0.715,4.35,3.95,4.65,4,2,3,True,True,True,True,True,True,True,True,True,True,False
FIRE+AGRI+INFRA+ENV,AABA,1213.0,326.75,1396.0,337.5,1.0329,0.715,4.35,3.95,4.65,4,2,3,True,True,True,True,True,True,True,True,True,True,False
FIRE+AGRI+INFRA+ENV,AABB,1199.0,323.0,1331.2,364.75,1.129257,0.715,4.35,3.95,4.65,4,2,2,True,True,True,True,True,True,True,True,True,True,False
FIRE+AGRI+INFRA+ENV,AABC,1193.4,319.25,1259.2,366.75,1.148786,0.715,4.35,3.95,4.65,4,2,2,True,True,True,True,True,True,True,True,True,True,False
FIRE+AGRI+INFRA+ENV,AACA,1206.8,322.75,1336.0,344.5,1.06739,0.715,4.35,3.95,4.65,4,2,3,True,True,True,True,True,True,True,True,True,True,False
FIRE+AGRI+INFRA+ENV,AACB,1192.8,319.0,1271.2,371.75,1.165361,0.715,4.35,3.95,4.65,4,2,2,True,True,True,True,True,True,True,True,True,True,False
FIRE+AGRI+INFRA+ENV,AACC,1187.2,315.25,1199.2,373.75,1.185567,0.715,4.35,3.95,4.65,4,2,2,True,True,True,True,True,True,True,True,True,True,False
FIRE+AGRI+INFRA+ENV,ABAA,1215.5,327.0,1408.6,349.25,1.068043,0.715,4.35,3.95,4.65,4,2,3,True,True,True,True,True,True,True,True,True,True,False
FIRE+AGRI+INFRA+ENV,ABAB,1201.5,323.25,1343.8,376.5,1.164733,0.715,4.35,3.95,4.65,4,2,2,True,True,True,True,True,True,True,True,True,True,False
FIRE+AGRI+INFRA+ENV,ABAC,1195.9,319.5,1271.8,378.5,1.184664,0.715,4.35,3.95,4.65,4,2,2,True,True,True,True,True,True,True,True,True,True,False
FIRE+AGRI+INFRA+ENV,ABBA,1200.0,323.0,1354.6,385.5,1.193498,0.715,4.35,3.95,4.65,4,2,2,True,True,True,True,True,True,True,True,True,True,False
FIRE+AGRI+INFRA+ENV,ABBB,1186.0,319.25,1289.8,412.75,1.292874,0.715,4.35,3.95,4.65,4,2,1,False,True,True,True,False,True,True,True,True,True,False
FIRE+AGRI+INFRA+ENV,ABBC,1180.4,315.5,1217.8,414.75,1.31458,0.715,4.35,3.95,4.65,4,2,1,False,True,True,True,False,True,True,True,True,True,False
FIRE+AGRI+INFRA+ENV,ABCA,1193.8,319.0,1294.6,392.5,1.230408,0.715,4.35,3.95,4.65,4,2,2,True,True,True,True,True,True,True,True,True,True,False
FIRE+AGRI+INFRA+ENV,ABCB,1179.8,315.25,1229.8,419.75,1.331483,0.715,4.35,3.95,4.65,4,2,1,False,True,True,True,False,True,True,True,True,True,False
FIRE+AGRI+INFRA+ENV,ABCC,1174.2,311.5,1157.8,421.75,1.353933,0.715,4.35,3.95,4.65,4,2,1,False,True,True,True,False,True,True,True,True,True,False
FIRE+AGRI+INFRA+ENV,ACAA,1210.3,323.25,1362.6,368.75,1.140758,0.715,4.35,3.95,4.65,4,2,3,True,True,True,True,True,True,True,True,True,True,False
FIRE+AGRI+INFRA+ENV,ACAB,1196.3,319.5,1297.8,396.0,1.239437,0.715,4.35,3.95,4.65,4,2,2,True,True,True,True,True,True,True,True,True,True,False
FIRE+AGRI+INFRA+ENV,ACAC,1190.7,315.75,1225.8,398.0,1.260491,0.715,4.35,3.95,4.65,4,2,2,True,True,True,True,True,True,True,True,True,True,False
FIRE+AGRI+INFRA+ENV,ACBA,1194.8,319.25,1308.6,405.0,1.268598,0.715,4.35,3.95,4.65,4,2,2,True,True,True,True,True,True,True,True,True,True,False
FIRE+AGRI+INFRA+ENV,ACBB,1180.8,315.5,1243.8,432.25,1.370048,0.715,4.35,3.95,4.65,4,2,1,False,True,True,True,False,True,True,True,True,True,False
FIRE+AGRI+INFRA+ENV,ACBC,1175.2,311.75,1171.8,434.25,1.392943,0.715,4.35,3.95,4.65,4,2,1,False,True,True,True,False,True,True,True,True,True,False
FIRE+AGRI+INFRA+ENV,ACCA,1188.6,315.25,1248.6,412.0,1.306899,0.715,4.35,3.95,4.65,4,2,2,True,True,True,True,True,True,True,True,True,True,False
FIRE+AGRI+INFRA+ENV,ACCB,1174.6,311.5,1183.8,439.25,1.410112,0.715,4.35,3.95,4.65,4,2,1,False,True,True,True,False,True,True,True,True,True,False
FIRE+AGRI+INFRA+ENV,ACCC,1169.0,307.75,1111.8,441.25,1.433794,0.715,4.35,3.95,4.65,4,2,1,False,True,True,True,False,True,True,True,True,True,False
FIRE+AGRI+INFRA+ENV,BAAA,1212.5,326.5,1349.2,302.0,0.924962,0.715,4.35,3.95,4.65,4,2,3,True,True,True,True,True,True,True,True,True,True,False
FIRE+AGRI+INFRA+ENV,BAAB,1198.5,322.75,1284.4,329.25,1.020139,0.715,4.35,3.95,4.65,4,2,2,True,True,True,True,True,True,True,True,True,True,False
FIRE+AGRI+INFRA+ENV,BAAC,1192.9,319.0,1212.4,331.25,1.038401,0.715,4.35,3.95,4.65,4,2,2,True,True,True,True,True,True,True,True,True,True,False
FIRE+AGRI+INFRA+ENV,BABA,1197.0,322.5,1295.2,338.25,1.048837,0.715,4.35,3.95,4.65,4,2,2,True,True,True,True,True,True,True,True,True,True,False
FIRE+AGRI+INFRA+ENV,BABB,1183.0,318.75,1230.4,365.5,1.146667,0.715,4.35,3.95,4.65,4,2,1,False,True,True,True,False,True,True,True,True,True,False
FIRE+AGRI+INFRA+ENV,BABC,1177.4,315.0,1158.4,367.5,1.166667,0.715,4.35,3.95,4.65,4,2,1,False,True,True,True,False,True,True,True,True,True,False
FIRE+AGRI+INFRA+ENV,BACA,1190.8,318.5,1235.2,345.25,1.083987,0.715,4.35,3.95,4.65,4,2,2,True,True,True,True,True,True,True,True,True,True,False
FIRE+AGRI+INFRA+ENV,BACB,1176.8,314.75,1170.4,372.5,1.183479,0.715,4.35,3.95,4.65,4,2,1,False,True,True,True,False,True,True,True,True,True,False
FIRE+AGRI+INFRA+ENV,BACC,1171.2,311.0,1098.4,374.5,1.20418,0.715,4.35,3.95,4.65,4,2,1,False,True,True,True,False,True,True,True,True,True,False
FIRE+AGRI+INFRA+ENV,BBAA,1199.5,322.75,1307.8,350.0,1.084431,0.715,4.35,3.95,4.65,4,2,2,True,True,True,True,True,True,True,True,True,True,False
FIRE+AGRI+INFRA+ENV,BBAB,1185.5,319.0,1243.0,377.25,1.182602,0.715,4.35,3.95,4.65,4,2,1,False,True,True,True,False,True,True,True,True,True,False
FIRE+AGRI+INFRA+ENV,BBAC,1179.9,315.25,1171.0,379.25,1.203013,0.715,4.35,3.95,4.65,4,2,1,False,True,True,True,False,True,True,True,True,True,False
FIRE+AGRI+INFRA+ENV,BBBA,1184.0,318.75,1253.8,386.25,1.211765,0.715,4.35,3.95,4.65,4,2,1,False,True,True,True,False,True,True,True,True,True,False
FIRE+AGRI+INFRA+ENV,BBBB,1170.0,315.0,1189.0,413.5,1.312698,0.715,4.35,3.95,4.65,4,2,0,False,True,True,True,False,True,True,True,True,True,False
FIRE+AGRI+INFRA+ENV,BBBC,1164.4,311.25,1117.0,415.5,1.33494,0.715,4.35,3.95,4.65,4,2,0,False,True,True,True,False,True,True,True,True,True,False
FIRE+AGRI+INFRA+ENV,BBCA,1177.8,314.75,1193.8,393.25,1.249404,0.715,4.35,3.95,4.65,4,2,1,False,True,True,True,False,True,True,True,True,True,False
FIRE+AGRI+INFRA+ENV,BBCB,1163.8,311.0,1129.0,420.5,1.35209,0.715,4.35,3.95,4.65,4,2,0,False,True,True,True,False,True,True,True,True,True,False
FIRE+AGRI+INFRA+ENV,BBCC,1158.2,307.25,1057.0,422.5,1.375102,0.715,4.35,3.95,4.65,4,2,0,False,True,True,True,False,True,True,True,True,True,False
FIRE+AGRI+INFRA+ENV,BCAA,1194.3,319.0,1261.8,369.5,1.158307,0.715,4.35,3.95,4.65,4,2,2,True,True,True,True,True,True,True,True,True,True,False
FIRE+AGRI+INFRA+ENV,BCAB,1180.3,315.25,1197.0,396.75,1.258525,0.715,4.35,3.95,4.65,4,2,1,False,True,True,True,False,True,True,True,True,True,False
FIRE+AGRI+INFRA+ENV,BCAC,1174.7,311.5,1125.0,398.75,1.280096,0.715,4.35,3.95,4.65,4,2,1,False,True,True,True,False,True,True,True,True,True,False
FIRE+AGRI+INFRA+ENV,BCBA,1178.8,315.0,1207.8,405.75,1.288095,0.715,4.35,3.95,4.65,4,2,1,False,True,True,True,False,True,True,True,True,True,False
FIRE+AGRI+INFRA+ENV,BCBB,1164.8,311.25,1143.0,433.0,1.391165,0.715,4.35,3.95,4.65,4,2,0,False,True,True,True,False,True,True,True,True,True,False
FIRE+AGRI+INFRA+ENV,BCBC,1159.2,307.5,1071.0,435.0,1.414634,0.715,4.35,3.95,4.65,4,2,0,False,True,True,True,False,True,True,True,True,True,False
FIRE+AGRI+INFRA+ENV,BCCA,1172.6,311.0,1147.8,412.75,1.32717,0.715,4.35,3.95,4.65,4,2,1,False,True,True,True,False,True,True,True,True,True,False
FIRE+AGRI+INFRA+ENV,BCCB,1158.6,307.25,1083.0,440.0,1.432059,0.715,4.35,3.95,4.65,4,2,0,False,True,True,True,False,True,True,True,True,True,False
FIRE+AGRI+INFRA+ENV,BCCC,1153.0,303.5,1011.0,442.0,1.456343,0.715,4.35,3.95,4.65,4,2,0,False,True,True,True,False,True,True,True,True,True,False
FIRE+AGRI+INFRA+ENV,CAAA,1206.1,322.25,1237.2,284.5,0.882855,0.715,4.35,3.95,4.65,4,2,3,True,True,True,True,True,True,True,True,True,True,False
FIRE+AGRI+INFRA+ENV,CAAB,1192.1,318.5,1172.4,311.75,0.978807,0.715,4.35,3.95,4.65,4,2,2,True,True,True,True,True,True,True,True,True,True,False
FIRE+AGRI+INFRA+ENV,CAAC,1186.5,314.75,1100.4,313.75,0.996823,0.715,4.35,3.95,4.65,4,2,2,True,True,True,True,True,True,True,True,True,True,False
FIRE+AGRI+INFRA+ENV,CABA,1190.6,318.25,1183.2,320.75,1.007855,0.715,4.35,3.95,4.65,4,2,2,True,True,True,True,True,True,True,True,True,True,False
FIRE+AGRI+INFRA+ENV,CABB,1176.6,314.5,1118.4,348.0,1.106518,0.715,4.35,3.95,4.65,4,2,1,False,True,True,True,False,True,True,True,True,True,False
FIRE+AGRI+INFRA+ENV,CABC,1171.0,310.75,1046.4,350.0,1.126307,0.715,4.35,3.95,4.65,4,2,1,False,True,True,True,False,True,True,True,True,True,False
FIRE+AGRI+INFRA+ENV,CACA,1184.4,314.25,1123.2,327.75,1.042959,0.715,4.35,3.95,4.65,4,2,2,True,True,True,True,True,True,True,True,True,True,False
FIRE+AGRI+INFRA+ENV,CACB,1170.4,310.5,1058.4,355.0,1.143317,0.715,4.35,3.95,4.65,4,2,1,False,True,True,True,False,True,True,True,True,True,False
FIRE+AGRI+INFRA+ENV,CACC,1164.8,306.75,986.4,357.0,1.163814,0.715,4.35,3.95,4.65,4,2,1,False,True,True,True,False,True,True,False,True,True,False
FIRE+AGRI+INFRA+ENV,CBAA,1193.1,318.5,1195.8,332.5,1.043956,0.715,4.35,3.95,4.65,4,2,2,True,True,True,True,True,True,True,True,True,True,False
FIRE+AGRI+INFRA+ENV,CBAB,1179.1,314.75,1131.0,359.75,1.142971,0.715,4.35,3.95,4.65,4,2,1,False,True,True,True,False,True,True,True,True,True,False
FIRE+AGRI+INFRA+ENV,CBAC,1173.5,311.0,1059.0,361.75,1.163183,0.715,4.35,3.95,4.65,4,2,1,False,True,True,True,False,True,True,True,True,True,False
FIRE+AGRI+INFRA+ENV,CBBA,1177.6,314.5,1141.8,368.75,1.172496,0.715,4.35,3.95,4.65,4,2,1,False,True,True,True,False,True,True,True,True,True,False
FIRE+AGRI+INFRA+ENV,CBBB,1163.6,310.75,1077.0,396.0,1.274336,0.715,4.35,3.95,4.65,4,2,0,False,True,True,True,False,True,True,True,True,True,False
FIRE+AGRI+INFRA+ENV,CBBC,1158.0,307.0,1005.0,398.0,1.296417,0.715,4.35,3.95,4.65,4,2,0,False,True,True,True,False,True,True,True,True,True,False
FIRE+AGRI+INFRA+ENV,CBCA,1171.4,310.5,1081.8,375.75,1.210145,0.715,4.35,3.95,4.65,4,2,1,False,True,True,True,False,True,True,True,True,True,False
FIRE+AGRI+INFRA+ENV,CBCB,1157.4,306.75,1017.0,403.0,1.313773,0.715,4.35,3.95,4.65,4,2,0,False,True,True,True,False,True,True,True,True,True,False
FIRE+AGRI+INFRA+ENV,CBCC,1151.8,303.0,945.0,405.0,1.336634,0.715,4.35,3.95,4.65,4,2,0,False,True,True,True,False,True,True,False,True,True,False
FIRE+AGRI+INFRA+ENV,CCAA,1187.9,314.75,1149.8,352.0,1.118348,0.715,4.35,3.95,4.65,4,2,2,True,True,True,True,True,True,True,True,True,True,False
FIRE+AGRI+INFRA+ENV,CCAB,1173.9,311.0,1085.0,379.25,1.219453,0.715,4.35,3.95,4.65,4,2,1,False,True,True,True,False,True,True,True,True,True,False
FIRE+AGRI+INFRA+ENV,CCAC,1168.3,307.25,1013.0,381.25,1.240846,0.715,4.35,3.95,4.65,4,2,1,False,True,True,True,False,True,True,True,True,True,False
FIRE+AGRI+INFRA+ENV,CCBA,1172.4,310.75,1095.8,388.25,1.249397,0.715,4.35,3.95,4.65,4,2,1,False,True,True,True,False,True,True,True,True,True,False
FIRE+AGRI+INFRA+ENV,CCBB,1158.4,307.0,1031.0,415.5,1.35342,0.715,4.35,3.95,4.65,4,2,0,False,True,True,True,False,True,True,True,True,True,False
FIRE+AGRI+INFRA+ENV,CCBC,1152.8,303.25,959.0,417.5,1.376752,0.715,4.35,3.95,4.65,4,2,0,False,True,True,True,False,True,True,False,True,True,False
FIRE+AGRI+INFRA+ENV,CCCA,1166.2,306.75,1035.8,395.25,1.288509,0.715,4.35,3.95,4.65,4,2,1,False,True,True,True,False,True,True,True,True,True,False
FIRE+AGRI+INFRA+ENV,CCCB,1152.2,303.0,971.0,422.5,1.394389,0.715,4.35,3.95,4.65,4,2,0,False,True,True,True,False,True,True,False,True,True,False
FIRE+AGRI+INFRA+ENV,CCCC,1146.6,299.25,899.0,424.5,1.418546,0.715,4.35,3.95,4.65,4,2,0,False,True,True,True,False,True,True,False,True,True,False
FIRE+AGRI+INFRA+SSA,AAAA,1281.0,351.75,1430.0,315.0,0.895522,0.6925,4.15,3.675,4.7,3,3,4,True,True,True,True,True,True,True,True,True,True,False
FIRE+AGRI+INFRA+SSA,AAAB,1264.5,347.0,1368.8,347.0,1.0,0.6925,4.15,3.675,4.7,3,3,3,True,True,True,True,True,True,True,True,True,True,False
FIRE+AGRI+INFRA+SSA,AAAC,1257.9,342.25,1300.8,349.25,1.020453,0.6925,4.15,3.675,4.7,3,3,3,True,True,True,True,True,True,True,True,True,True,False
FIRE+AGRI+INFRA+SSA,AABA,1265.5,347.75,1376.0,351.25,1.010065,0.6925,4.15,3.675,4.7,3,3,3,True,True,True,True,True,True,True,True,True,True,False
FIRE+AGRI+INFRA+SSA,AABB,1249.0,343.0,1314.8,383.25,1.117347,0.6925,4.15,3.675,4.7,3,3,2,True,True,True,True,True,True,True,True,True,True,False
FIRE+AGRI+INFRA+SSA,AABC,1242.4,338.25,1246.8,385.5,1.13969,0.6925,4.15,3.675,4.7,3,3,2,True,True,True,True,True,True,True,True,True,True,False
FIRE+AGRI+INFRA+SSA,AACA,1259.3,343.75,1316.0,358.25,1.042182,0.6925,4.15,3.675,4.7,3,3,3,True,True,True,True,True,True,True,True,True,True,False
FIRE+AGRI+INFRA+SSA,AACB,1242.8,339.0,1254.8,390.25,1.15118,0.6925,4.15,3.675,4.7,3,3,2,True,True,True,True,True,True,True,True,True,True,False
FIRE+AGRI+INFRA+SSA,AACC,1236.2,334.25,1186.8,392.5,1.174271,0.6925,4.15,3.675,4.7,3,3,2,True,True,True,True,True,True,True,True,True,True,False
FIRE+AGRI+INFRA+SSA,ABAA,1268.0,348.0,1388.6,363.0,1.043103,0.6925,4.15,3.675,4.7,3,3,3,True,True,True,True,True,True,True,True,True,True,False
FIRE+AGRI+INFRA+SSA,ABAB,1251.5,343.25,1327.4,395.0,1.150765,0.6925,4.15,3.675,4.7,3,3,2,True,True,True,True,True,True,True,True,True,True,False
FIRE+AGRI+INFRA+SSA,ABAC,1244.9,338.5,1259.4,397.25,1.17356,0.6925,4.15,3.675,4.7,3,3,2,True,True,True,True,True,True,True,True,True,True,False
FIRE+AGRI+INFRA+SSA,ABBA,1252.5,344.0,1334.6,399.25,1.16061,0.6925,4.15,3.675,4.7,3,3,2,True,True,True,True,True,True,True,True,True,True,False
FIRE+AGRI+INFRA+SSA,ABBB,1236.0,339.25,1273.4,431.25,1.271186,0.6925,4.15,3.675,4.7,3,3,1,False,True,True,True,False,True,True,True,True,True,False
FIRE+AGRI+INFRA+SSA,ABBC,1229.4,334.5,1205.4,433.5,1.295964,0.6925,4.15,3.675,4.7,3,3,1,False,True,True,True,False,True,True,True,True,True,False
FIRE+AGRI+INFRA+SSA,ABCA,1246.3,340.0,1274.6,406.25,1.194853,0.6925,4.15,3.675,4.7,3,3,2,True,True,True,True,True,True,True,True,True,True,False
FIRE+AGRI+INFRA+SSA,ABCB,1229.8,335.25,1213.4,438.25,1.307233,0.6925,4.15,3.675,4.7,3,3,1,False,True,True,True,False,True,True,True,True,True,False
FIRE+AGRI+INFRA+SSA,ABCC,1223.2,330.5,1145.4,440.5,1.332829,0.6925,4.15,3.675,4.7,3,3,1,False,True,True,True,False,True,True,True,True,True,False
FIRE+AGRI+INFRA+SSA,ACAA,1262.8,344.25,1342.6,382.5,1.111111,0.6925,4.15,3.675,4.7,3,3,3,True,True,True,True,True,True,True,True,True,True,False
FIRE+AGRI+INFRA+SSA,ACAB,1246.3,339.5,1281.4,414.5,1.220913,0.6925,4.15,3.675,4.7,3,3,2,True,True,True,True,True,True,True,True,True,True,False
FIRE+AGRI+INFRA+SSA,ACAC,1239.7,334.75,1213.4,416.75,1.244959,0.6925,4.15,3.675,4.7,3,3,2,True,True,True,True,True,True,True,True,True,True,False
FIRE+AGRI+INFRA+SSA,ACBA,1247.3,340.25,1288.6,418.75,1.230713,0.6925,4.15,3.675,4.7,3,3,2,True,True,True,True,True,True,True,True,True,True,False
FIRE+AGRI+INFRA+SSA,ACBB,1230.8,335.5,1227.4,450.75,1.343517,0.6925,4.15,3.675,4.7,3,3,1,False,True,True,True,False,True,True,True,True,True,False
FIRE+AGRI+INFRA+SSA,ACBC,1224.2,330.75,1159.4,453.0,1.369615,0.6925,4.15,3.675,4.7,3,3,1,False,True,True,True,False,True,True,True,True,True,False
FIRE+AGRI+INFRA+SSA,ACCA,1241.1,336.25,1228.6,425.75,1.266171,0.6925,4.15,3.675,4.7,3,3,2,True,True,True,True,True,True,True,True,True,True,False
FIRE+AGRI+INFRA+SSA,ACCB,1224.6,331.5,1167.4,457.75,1.380845,0.6925,4.15,3.675,4.7,3,3,1,False,True,True,True,False,True,True,True,True,True,False
FIRE+AGRI+INFRA+SSA,ACCC,1218.0,326.75,1099.4,460.0,1.407804,0.6925,4.15,3.675,4.7,3,3,1,False,True,True,True,False,True,True,True,True,True,False
FIRE+AGRI+INFRA+SSA,BAAA,1265.0,347.5,1329.2,315.75,0.908633,0.6925,4.15,3.675,4.7,3,3,3,True,True,True,True,True,True,True,True,True,True,False
FIRE+AGRI+INFRA+SSA,BAAB,1248.5,342.75,1268.0,347.75,1.014588,0.6925,4.15,3.675,4.7,3,3,2,True,True,True,True,True,True,True,True,True,True,False
FIRE+AGRI+INFRA+SSA,BAAC,1241.9,338.0,1200.0,350.0,1.035503,0.6925,4.15,3.675,4.7,3,3,2,True,True,True,True,True,True,True,True,True,True,False
FIRE+AGRI+INFRA+SSA,BABA,1249.5,343.5,1275.2,352.0,1.024745,0.6925,4.15,3.675,4.7,3,3,2,True,True,True,True,True,True,True,True,True,True,False
FIRE+AGRI+INFRA+SSA,BABB,1233.0,338.75,1214.0,384.0,1.133579,0.6925,4.15,3.675,4.7,3,3,1,False,True,True,True,False,True,True,True,True,True,False
FIRE+AGRI+INFRA+SSA,BABC,1226.4,334.0,1146.0,386.25,1.156437,0.6925,4.15,3.675,4.7,3,3,1,False,True,True,True,False,True,True,True,True,True,False
FIRE+AGRI+INFRA+SSA,BACA,1243.3,339.5,1215.2,359.0,1.057437,0.6925,4.15,3.675,4.7,3,3,2,True,True,True,True,True,True,True,True,True,True,False
FIRE+AGRI+INFRA+SSA,BACB,1226.8,334.75,1154.0,391.0,1.168036,0.6925,4.15,3.675,4.7,3,3,1,False,True,True,True,False,True,True,True,True,True,False
FIRE+AGRI+INFRA+SSA,BACC,1220.2,330.0,1086.0,393.25,1.191667,0.6925,4.15,3.675,4.7,3,3,1,False,True,True,True,False,True,True,True,True,True,False
FIRE+AGRI+INFRA+SSA,BBAA,1252.0,343.75,1287.8,363.75,1.058182,0.6925,4.15,3.675,4.7,3,3,2,True,True,True,True,True,True,True,True,True,True,False
FIRE+AGRI+INFRA+SSA,BBAB,1235.5,339.0,1226.6,395.75,1.167404,0.6925,4.15,3.675,4.7,3,3,1,False,True,True,True,False,True,True,True,True,True,False
FIRE+AGRI+INFRA+SSA,BBAC,1228.9,334.25,1158.6,398.0,1.190726,0.6925,4.15,3.675,4.7,3,3,1,False,True,True,True,False,True,True,True,True,True,False
FIRE+AGRI+INFRA+SSA,BBBA,1236.5,339.75,1233.8,400.0,1.177336,0.6925,4.15,3.675,4.7,3,3,1,False,True,True,True,False,True,True,True,True,True,False
FIRE+AGRI+INFRA+SSA,BBBB,1220.0,335.0,1172.6,432.0,1.289552,0.6925,4.15,3.675,4.7,3,3,0,False,True,True,True,False,True,True,True,True,True,False
FIRE+AGRI+INFRA+SSA,BBBC,1213.4,330.25,1104.6,434.25,1.314913,0.6925,4.15,3.675,4.7,3,3,0,False,True,True,True,False,True,True,True,True,True,False
FIRE+AGRI+INFRA+SSA,BBCA,1230.3,335.75,1173.8,407.0,1.212211,0.6925,4.15,3.675,4.7,3,3,1,False,True,True,True,False,True,True,True,True,True,False
FIRE+AGRI+INFRA+SSA,BBCB,1213.8,331.0,1112.6,439.0,1.326284,0.6925,4.15,3.675,4.7,3,3,0,False,True,True,True,False,True,True,True,True,True,False
FIRE+AGRI+INFRA+SSA,BBCC,1207.2,326.25,1044.6,441.25,1.35249,0.6925,4.15,3.675,4.7,3,3,0,False,True,True,True,False,True,True,True,True,True,False
FIRE+AGRI+INFRA+SSA,BCAA,1246.8,340.0,1241.8,383.25,1.127206,0.6925,4.15,3.675,4.7,3,3,2,True,True,True,True,True,True,True,True,True,True,False
FIRE+AGRI+INFRA+SSA,BCAB,1230.3,335.25,1180.6,415.25,1.238628,0.6925,4.15,3.675,4.7,3,3,1,False,True,True,True,False,True,True,True,True,True,False
FIRE+AGRI+INFRA+SSA,BCAC,1223.7,330.5,1112.6,417.5,1.263238,0.6925,4.15,3.675,4.7,3,3,1,False,True,True,True,False,True,True,True,True,True,False
FIRE+AGRI+INFRA+SSA,BCBA,1231.3,336.0,1187.8,419.5,1.248512,0.6925,4.15,3.675,4.7,3,3,1,False,True,True,True,False,True,True,True,True,True,False
FIRE+AGRI+INFRA+SSA,BCBB,1214.8,331.25,1126.6,451.5,1.363019,0.6925,4.15,3.675,4.7,3,3,0,False,True,True,True,False,True,True,True,True,True,False
FIRE+AGRI+INFRA+SSA,BCBC,1208.2,326.5,1058.6,453.75,1.38974,0.6925,4.15,3.675,4.7,3,3,0,False,True,True,True,False,True,True,True,True,True,False
FIRE+AGRI+INFRA+SSA,BCCA,1225.1,332.0,1127.8,426.5,1.284639,0.6925,4.15,3.675,4.7,3,3,1,False,True,True,True,False,True,True,True,True,True,False
FIRE+AGRI+INFRA+SSA,BCCB,1208.6,327.25,1066.6,458.5,1.40107,0.6925,4.15,3.675,4.7,3,3,0,False,True,True,True,False,True,True,True,True,True,False
FIRE+AGRI+INFRA+SSA,BCCC,1202.0,322.5,998.6,460.75,1.428682,0.6925,4.15,3.675,4.7,3,3,0,False,True,True,True,False,True,True,False,True,True,False
FIRE+AGRI+INFRA+SSA,CAAA,1258.6,343.25,1217.2,298.25,0.8689,0.6925,4.15,3.675,4.7,3,3,3,True,True,True,True,True,True,True,True,True,True,False
FIRE+AGRI+INFRA+SSA,CAAB,1242.1,338.5,1156.0,330.25,0.975628,0.6925,4.15,3.675,4.7,3,3,2,True,True,True,True,True,True,True,True,True,True,False
FIRE+AGRI+INFRA+SSA,CAAC,1235.5,333.75,1088.0,332.5,0.996255,0.6925,4.15,3.675,4.7,3,3,2,True,True,True,True,True,True,True,True,True,True,False
FIRE+AGRI+INFRA+SSA,CABA,1243.1,339.25,1163.2,334.5,0.985999,0.6925,4.15,3.675,4.7,3,3,2,True,True,True,True,True,True,True,True,True,True,False
FIRE+AGRI+INFRA+SSA,CABB,1226.6,334.5,1102.0,366.5,1.095665,0.6925,4.15,3.675,4.7,3,3,1,False,True,True,True,False,True,True,True,True,True,False
FIRE+AGRI+INFRA+SSA,CABC,1220.0,329.75,1034.0,368.75,1.118271,0.6925,4.15,3.675,4.7,3,3,1,False,True,True,True,False,True,True,True,True,True,False
FIRE+AGRI+INFRA+SSA,CACA,1236.9,335.25,1103.2,341.5,1.018643,0.6925,4.15,3.675,4.7,3,3,2,True,True,True,True,True,True,True,True,True,True,False
FIRE+AGRI+INFRA+SSA,CACB,1220.4,330.5,1042.0,373.5,1.130106,0.6925,4.15,3.675,4.7,3,3,1,False,True,True,True,False,True,True,True,True,True,False
FIRE+AGRI+INFRA+SSA,CACC,1213.8,325.75,974.0,375.75,1.153492,0.6925,4.15,3.675,4.7,3,3,1,False,True,True,True,False,True,True,False,True,True,False
FIRE+AGRI+INFRA+SSA,CBAA,1245.6,339.5,1175.8,346.25,1.019882,0.6925,4.15,3.675,4.7,3,3,2,True,True,True,True,True,True,True,True,True,True,False
FIRE+AGRI+INFRA+SSA,CBAB,1229.1,334.75,1114.6,378.25,1.129948,0.6925,4.15,3.675,4.7,3,3,1,False,True,True,True,False,True,True,True,True,True,False
FIRE+AGRI+INFRA+SSA,CBAC,1222.5,330.0,1046.6,380.5,1.15303,0.6925,4.15,3.675,4.7,3,3,1,False,True,True,True,False,True,True,True,True,True,False
FIRE+AGRI+INFRA+SSA,CBBA,1230.1,335.5,1121.8,382.5,1.140089,0.6925,4.15,3.675,4.7,3,3,1,False,True,True,True,False,True,True,True,True,True,False
FIRE+AGRI+INFRA+SSA,CBBB,1213.6,330.75,1060.6,414.5,1.253212,0.6925,4.15,3.675,4.7,3,3,0,False,True,True,True,False,True,True,True,True,True,False
FIRE+AGRI+INFRA+SSA,CBBC,1207.0,326.0,992.6,416.75,1.278374,0.6925,4.15,3.675,4.7,3,3,0,False,True,True,True,False,True,True,False,True,True,False
FIRE+AGRI+INFRA+SSA,CBCA,1223.9,331.5,1061.8,389.5,1.174962,0.6925,4.15,3.675,4.7,3,3,1,False,True,True,True,False,True,True,True,True,True,False
FIRE+AGRI+INFRA+SSA,CBCB,1207.4,326.75,1000.6,421.5,1.289977,0.6925,4.15,3.675,4.7,3,3,0,False,True,True,True,False,True,True,True,True,True,False
FIRE+AGRI+INFRA+SSA,CBCC,1200.8,322.0,932.6,423.75,1.315994,0.6925,4.15,3.675,4.7,3,3,0,False,True,True,True,False,True,True,False,True,True,False
FIRE+AGRI+INFRA+SSA,CCAA,1240.4,335.75,1129.8,365.75,1.089352,0.6925,4.15,3.675,4.7,3,3,2,True,True,True,True,True,True,True,True,True,True,False
FIRE+AGRI+INFRA+SSA,CCAB,1223.9,331.0,1068.6,397.75,1.201662,0.6925,4.15,3.675,4.7,3,3,1,False,True,True,True,False,True,True,True,True,True,False
FIRE+AGRI+INFRA+SSA,CCAC,1217.3,326.25,1000.6,400.0,1.226054,0.6925,4.15,3.675,4.7,3,3,1,False,True,True,True,False,True,True,True,True,True,False
FIRE+AGRI+INFRA+SSA,CCBA,1224.9,331.75,1075.8,402.0,1.211756,0.6925,4.15,3.675,4.7,3,3,1,False,True,True,True,False,True,True,True,True,True,False
FIRE+AGRI+INFRA+SSA,CCBB,1208.4,327.0,1014.6,434.0,1.327217,0.6925,4.15,3.675,4.7,3,3,0,False,True,True,True,False,True,True,True,True,True,False
FIRE+AGRI+INFRA+SSA,CCBC,1201.8,322.25,946.6,436.25,1.353763,0.6925,4.15,3.675,4.7,3,3,0,False,True,True,True,False,True,True,False,True,True,False
FIRE+AGRI+INFRA+SSA,CCCA,1218.7,327.75,1015.8,409.0,1.247902,0.6925,4.15,3.675,4.7,3,3,1,False,True,True,True,False,True,True,True,True,True,False
FIRE+AGRI+INFRA+SSA,CCCB,1202.2,323.0,954.6,441.0,1.365325,0.6925,4.15,3.675,4.7,3,3,0,False,True,True,True,False,True,True,False,True,True,False
FIRE+AGRI+INFRA+SSA,CCCC,1195.6,318.25,886.6,443.25,1.392773,0.6925,4.15,3.675,4.7,3,3,0,False,True,True,True,False,True,True,False,True,True,False
FIRE+AGRI+ARCTIC+TRANS,AAAA,1354.5,388.5,1480.0,331.25,0.852638,0.685,4.225,3.7,4.4,4,3,4,False,True,True,True,True,False,False,True,True,True,False
FIRE+AGRI+ARCTIC+TRANS,AAAB,1342.0,385.0,1440.4,365.0,0.948052,0.685,4.225,3.7,4.4,4,3,3,False,True,True,True,True,False,False,True,True,True,False
FIRE+AGRI+ARCTIC+TRANS,AAAC,1337.0,381.5,1396.4,373.0,0.97772,0.685,4.225,3.7,4.4,4,3,3,False,True,True,True,True,False,False,True,True,True,False
FIRE+AGRI+ARCTIC+TRANS,AABA,1331.5,381.5,1395.4,375.0,0.982962,0.685,4.225,3.7,4.4,4,3,3,False,True,True,True,True,False,False,True,True,True,False
FIRE+AGRI+ARCTIC+TRANS,AABB,1319.0,378.0,1355.8,408.75,1.081349,0.685,4.225,3.7,4.4,4,3,2,False,True,True,True,True,False,False,True,True,True,False
FIRE+AGRI+ARCTIC+TRANS,AABC,1314.0,374.5,1311.8,416.75,1.112817,0.685,4.225,3.7,4.4,4,3,2,False,True,True,True,True,False,False,True,True,True,False
FIRE+AGRI+ARCTIC+TRANS,AACA,1322.3,374.5,1301.4,379.0,1.012016,0.685,4.225,3.7,4.4,4,3,3,False,True,True,True,True,False,False,True,True,True,False
FIRE+AGRI+ARCTIC+TRANS,AACB,1309.8,371.0,1261.8,412.75,1.112534,0.685,4.225,3.7,4.4,4,3,2,False,True,True,True,True,False,False,True,True,True,False
FIRE+AGRI+ARCTIC+TRANS,AACC,1304.8,367.5,1217.8,420.75,1.144898,0.685,4.225,3.7,4.4,4,3,2,False,True,True,True,True,False,False,True,True,True,False
FIRE+AGRI+ARCTIC+TRANS,ABAA,1341.5,384.75,1438.6,379.25,0.985705,0.685,4.225,3.7,4.4,4,3,3,False,True,True,True,True,False,False,True,True,True,False
FIRE+AGRI+ARCTIC+TRANS,ABAB,1329.0,381.25,1399.0,413.0,1.083279,0.685,4.225,3.7,4.4,4,3,2,False,True,True,True,True,False,False,True,True,True,False
FIRE+AGRI+ARCTIC+TRANS,ABAC,1324.0,377.75,1355.0,421.0,1.114494,0.685,4.225,3.7,4.4,4,3,2,False,True,True,True,True,False,False,True,True,True,False
FIRE+AGRI+ARCTIC+TRANS,ABBA,1318.5,377.75,1354.0,423.0,1.119788,0.685,4.225,3.7,4.4,4,3,2,False,True,True,True,True,False,False,True,True,True,False
FIRE+AGRI+ARCTIC+TRANS,ABBB,1306.0,374.25,1314.4,456.75,1.220441,0.685,4.225,3.7,4.4,4,3,1,False,True,True,True,False,False,False,True,True,True,False
FIRE+AGRI+ARCTIC+TRANS,ABBC,1301.0,370.75,1270.4,464.75,1.25354,0.685,4.225,3.7,4.4,4,3,1,False,True,True,True,False,False,False,True,True,True,False
FIRE+AGRI+ARCTIC+TRANS,ABCA,1309.3,370.75,1260.0,427.0,1.151719,0.685,4.225,3.7,4.4,4,3,2,False,True,True,True,True,False,False,True,True,True,False
FIRE+AGRI+ARCTIC+TRANS,ABCB,1296.8,367.25,1220.4,460.75,1.254595,0.685,4.225,3.7,4.4,4,3,1,False,True,True,True,False,True,False,True,True,True,False
FIRE+AGRI+ARCTIC+TRANS,ABCC,1291.8,363.75,1176.4,468.75,1.28866,0.685,4.225,3.7,4.4,4,3,1,False,True,True,True,False,True,False,True,True,True,False
FIRE+AGRI+ARCTIC+TRANS,ACAA,1336.3,381.0,1392.6,398.75,1.046588,0.685,4.225,3.7,4.4,4,3,3,False,True,True,True,True,False,False,True,True,True,False
FIRE+AGRI+ARCTIC+TRANS,ACAB,1323.8,377.5,1353.0,432.5,1.145695,0.685,4.225,3.7,4.4,4,3,2,False,True,True,True,True,False,False,True,True,True,False
FIRE+AGRI+ARCTIC+TRANS,ACAC,1318.8,374.0,1309.0,440.5,1.177807,0.685,4.225,3.7,4.4,4,3,2,False,True,True,True,True,False,False,True,True,True,False
FIRE+AGRI+ARCTIC+TRANS,ACBA,1313.3,374.0,1308.0,442.5,1.183155,0.685,4.225,3.7,4.4,4,3,2,False,True,True,True,True,False,False,True,True,True,False
FIRE+AGRI+ARCTIC+TRANS,ACBB,1300.8,370.5,1268.4,476.25,1.285425,0.685,4.225,3.7,4.4,4,3,1,False,True,True,True,False,False,False,True,True,True,False
FIRE+AGRI+ARCTIC+TRANS,ACBC,1295.8,367.0,1224.4,484.25,1.319482,0.685,4.225,3.7,4.4,4,3,1,False,True,True,True,False,True,False,True,True,True,False
FIRE+AGRI+ARCTIC+TRANS,ACCA,1304.1,367.0,1214.0,446.5,1.216621,0.685,4.225,3.7,4.4,4,3,2,False,True,True,True,True,False,False,True,True,True,False
FIRE+AGRI+ARCTIC+TRANS,ACCB,1291.6,363.5,1174.4,480.25,1.321183,0.685,4.225,3.7,4.4,4,3,1,False,True,True,True,False,True,False,True,True,True,False
FIRE+AGRI+ARCTIC+TRANS,ACCC,1286.6,360.0,1130.4,488.25,1.35625,0.685,4.225,3.7,4.4,4,3,1,False,True,True,True,False,True,True,True,True,True,False
FIRE+AGRI+ARCTIC+TRANS,BAAA,1338.5,384.25,1379.2,332.0,0.864021,0.685,4.225,3.7,4.4,4,3,3,False,True,True,True,True,False,False,True,True,True,False
FIRE+AGRI+ARCTIC+TRANS,BAAB,1326.0,380.75,1339.6,365.75,0.960604,0.685,4.225,3.7,4.4,4,3,2,False,True,True,True,True,False,False,True,True,True,False
FIRE+AGRI+ARCTIC+TRANS,BAAC,1321.0,377.25,1295.6,373.75,0.990722,0.685,4.225,3.7,4.4,4,3,2,False,True,True,True,True,False,False,True,True,True,False
FIRE+AGRI+ARCTIC+TRANS,BABA,1315.5,377.25,1294.6,375.75,0.996024,0.685,4.225,3.7,4.4,4,3,2,False,True,True,True,True,False,False,True,True,True,False
FIRE+AGRI+ARCTIC+TRANS,BABB,1303.0,373.75,1255.0,409.5,1.095652,0.685,4.225,3.7,4.4,4,3,1,False,True,True,True,False,False,False,True,True,True,False
FIRE+AGRI+ARCTIC+TRANS,BABC,1298.0,370.25,1211.0,417.5,1.127616,0.685,4.225,3.7,4.4,4,3,1,False,True,True,True,False,True,False,True,True,True,False
FIRE+AGRI+ARCTIC+TRANS,BACA,1306.3,370.25,1200.6,379.75,1.025658,0.685,4.225,3.7,4.4,4,3,2,False,True,True,True,True,False,False,True,True,True,False
FIRE+AGRI+ARCTIC+TRANS,BACB,1293.8,366.75,1161.0,413.5,1.127471,0.685,4.225,3.7,4.4,4,3,1,False,True,True,True,False,True,False,True,True,True,False
FIRE+AGRI+ARCTIC+TRANS,BACC,1288.8,363.25,1117.0,421.5,1.160358,0.685,4.225,3.7,4.4,4,3,1,False,True,True,True,False,True,False,True,True,True,False
FIRE+AGRI+ARCTIC+TRANS,BBAA,1325.5,380.5,1337.8,380.0,0.998686,0.685,4.225,3.7,4.4,4,3,2,False,True,True,True,True,False,False,True,True,True,False
FIRE+AGRI+ARCTIC+TRANS,BBAB,1313.0,377.0,1298.2,413.75,1.09748,0.685,4.225,3.7,4.4,4,3,1,False,True,True,True,False,False,False,True,True,True,False
FIRE+AGRI+ARCTIC+TRANS,BBAC,1308.0,373.5,1254.2,421.75,1.129183,0.685,4.225,3.7,4.4,4,3,1,False,True,True,True,False,False,False,True,True,True,False
FIRE+AGRI+ARCTIC+TRANS,BBBA,1302.5,373.5,1253.2,423.75,1.134538,0.685,4.225,3.7,4.4,4,3,1,False,True,True,True,False,False,False,True,True,True,False
FIRE+AGRI+ARCTIC+TRANS,BBBB,1290.0,370.0,1213.6,457.5,1.236486,0.685,4.225,3.7,4.4,4,3,0,False,True,True,True,False,True,False,True,True,True,False
FIRE+AGRI+ARCTIC+TRANS,BBBC,1285.0,366.5,1169.6,465.5,1.270123,0.685,4.225,3.7,4.4,4,3,0,False,True,True,True,False,True,False,True,True,True,False
FIRE+AGRI+ARCTIC+TRANS,BBCA,1293.3,366.5,1159.2,427.75,1.167121,0.685,4.225,3.7,4.4,4,3,1,False,True,True,True,False,True,False,True,True,True,False
FIRE+AGRI+ARCTIC+TRANS,BBCB,1280.8,363.0,1119.6,461.5,1.27135,0.685,4.225,3.7,4.4,4,3,0,False,True,True,True,False,True,False,True,True,True,False
FIRE+AGRI+ARCTIC+TRANS,BBCC,1275.8,359.5,1075.6,469.5,1.305981,0.685,4.225,3.7,4.4,4,3,0,False,True,True,True,False,True,True,True,True,True,False
FIRE+AGRI+ARCTIC+TRANS,BCAA,1320.3,376.75,1291.8,399.5,1.060385,0.685,4.225,3.7,4.4,4,3,2,False,True,True,True,True,False,False,True,True,True,False
FIRE+AGRI+ARCTIC+TRANS,BCAB,1307.8,373.25,1252.2,433.25,1.16075,0.685,4.225,3.7,4.4,4,3,1,False,True,True,True,False,False,False,True,True,True,False
FIRE+AGRI+ARCTIC+TRANS,BCAC,1302.8,369.75,1208.2,441.25,1.193374,0.685,4.225,3.7,4.4,4,3,1,False,True,True,True,False,False,False,True,True,True,False
FIRE+AGRI+ARCTIC+TRANS,BCBA,1297.3,369.75,1207.2,443.25,1.198783,0.685,4.225,3.7,4.4,4,3,1,False,True,True,True,False,True,False,True,True,True,False
FIRE+AGRI+ARCTIC+TRANS,BCBB,1284.8,366.25,1167.6,477.0,1.302389,0.685,4.225,3.7,4.4,4,3,0,False,True,True,True,False,True,False,True,True,True,False
FIRE+AGRI+ARCTIC+TRANS,BCBC,1279.8,362.75,1123.6,485.0,1.337009,0.685,4.225,3.7,4.4,4,3,0,False,True,True,True,False,True,False,True,True,True,False
FIRE+AGRI+ARCTIC+TRANS,BCCA,1288.1,362.75,1113.2,447.25,1.232943,0.685,4.225,3.7,4.4,4,3,1,False,True,True,True,False,True,False,True,True,True,False
FIRE+AGRI+ARCTIC+TRANS,BCCB,1275.6,359.25,1073.6,481.0,1.3389,0.685,4.225,3.7,4.4,4,3,0,False,True,True,True,False,True,True,True,True,True,False
FIRE+AGRI+ARCTIC+TRANS,BCCC,1270.6,355.75,1029.6,489.0,1.374561,0.685,4.225,3.7,4.4,4,3,0,False,True,True,True,False,True,True,True,True,True,False
FIRE+AGRI+ARCTIC+TRANS,CAAA,1332.1,380.0,1267.2,314.5,0.827632,0.685,4.225,3.7,4.4,4,3,3,False,True,True,True,True,False,False,True,True,True,False
FIRE+AGRI+ARCTIC+TRANS,CAAB,1319.6,376.5,1227.6,348.25,0.924967,0.685,4.225,3.7,4.4,4,3,2,False,True,True,True,True,False,False,True,True,True,False
FIRE+AGRI+ARCTIC+TRANS,CAAC,1314.6,373.0,1183.6,356.25,0.955094,0.685,4.225,3.7,4.4,4,3,2,False,True,True,True,True,False,False,True,True,True,False
FIRE+AGRI+ARCTIC+TRANS,CABA,1309.1,373.0,1182.6,358.25,0.960456,0.685,4.225,3.7,4.4,4,3,2,False,True,True,True,True,False,False,True,True,True,False
FIRE+AGRI+ARCTIC+TRANS,CABB,1296.6,369.5,1143.0,392.0,1.060893,0.685,4.225,3.7,4.4,4,3,1,False,True,True,True,False,True,False,True,True,True,False
FIRE+AGRI+ARCTIC+TRANS,CABC,1291.6,366.0,1099.0,400.0,1.092896,0.685,4.225,3.7,4.4,4,3,1,False,True,True,True,False,True,False,True,True,True,False
FIRE+AGRI+ARCTIC+TRANS,CACA,1299.9,366.0,1088.6,362.25,0.989754,0.685,4.225,3.7,4.4,4,3,2,False,True,True,True,True,True,False,True,True,True,False
FIRE+AGRI+ARCTIC+TRANS,CACB,1287.4,362.5,1049.0,396.0,1.092414,0.685,4.225,3.7,4.4,4,3,1,False,True,True,True,False,True,False,True,True,True,False
FIRE+AGRI+ARCTIC+TRANS,CACC,1282.4,359.0,1005.0,404.0,1.125348,0.685,4.225,3.7,4.4,4,3,1,False,True,True,True,False,True,True,True,True,True,False
FIRE+AGRI+ARCTIC+TRANS,CBAA,1319.1,376.25,1225.8,362.5,0.963455,0.685,4.225,3.7,4.4,4,3,2,False,True,True,True,True,False,False,True,True,True,False
FIRE+AGRI+ARCTIC+TRANS,CBAB,1306.6,372.75,1186.2,396.25,1.063045,0.685,4.225,3.7,4.4,4,3,1,False,True,True,True,False,False,False,True,True,True,False
FIRE+AGRI+ARCTIC+TRANS,CBAC,1301.6,369.25,1142.2,404.25,1.094787,0.685,4.225,3.7,4.4,4,3,1,False,True,True,True,False,False,False,True,True,True,False
FIRE+AGRI+ARCTIC+TRANS,CBBA,1296.1,369.25,1141.2,406.25,1.100203,0.685,4.225,3.7,4.4,4,3,1,False,True,True,True,False,True,False,True,True,True,False
FIRE+AGRI+ARCTIC+TRANS,CBBB,1283.6,365.75,1101.6,440.0,1.203008,0.685,4.225,3.7,4.4,4,3,0,False,True,True,True,False,True,False,True,True,True,False
FIRE+AGRI+ARCTIC+TRANS,CBBC,1278.6,362.25,1057.6,448.0,1.236715,0.685,4.225,3.7,4.4,4,3,0,False,True,True,True,False,True,False,True,True,True,False
FIRE+AGRI+ARCTIC+TRANS,CBCA,1286.9,362.25,1047.2,410.25,1.132505,0.685,4.225,3.7,4.4,4,3,1,False,True,True,True,False,True,False,True,True,True,False
FIRE+AGRI+ARCTIC+TRANS,CBCB,1274.4,358.75,1007.6,444.0,1.237631,0.685,4.225,3.7,4.4,4,3,0,False,True,True,True,False,True,True,True,True,True,False
FIRE+AGRI+ARCTIC+TRANS,CBCC,1269.4,355.25,963.6,452.0,1.272343,0.685,4.225,3.7,4.4,4,3,0,False,True,True,True,False,True,True,False,True,True,False
FIRE+AGRI+ARCTIC+TRANS,CCAA,1313.9,372.5,1179.8,382.0,1.025503,0.685,4.225,3.7,4.4,4,3,2,False,True,True,True,True,False,False,True,True,True,False
FIRE+AGRI+ARCTIC+TRANS,CCAB,1301.4,369.0,1140.2,415.75,1.126694,0.685,4.225,3.7,4.4,4,3,1,False,True,True,True,False,False,False,True,True,True,False
FIRE+AGRI+ARCTIC+TRANS,CCAC,1296.4,365.5,1096.2,423.75,1.159371,0.685,4.225,3.7,4.4,4,3,1,False,True,True,True,False,True,False,True,True,True,False
FIRE+AGRI+ARCTIC+TRANS,CCBA,1290.9,365.5,1095.2,425.75,1.164843,0.685,4.225,3.7,4.4,4,3,1,False,True,True,True,False,True,False,True,True,True,False
FIRE+AGRI+ARCTIC+TRANS,CCBB,1278.4,362.0,1055.6,459.5,1.269337,0.685,4.225,3.7,4.4,4,3,0,False,True,True,True,False,True,False,True,True,True,False
FIRE+AGRI+ARCTIC+TRANS,CCBC,1273.4,358.5,1011.6,467.5,1.304045,0.685,4.225,3.7,4.4,4,3,0,False,True,True,True,False,True,True,True,True,True,False
FIRE+AGRI+ARCTIC+TRANS,CCCA,1281.7,358.5,1001.2,429.75,1.198745,0.685,4.225,3.7,4.4,4,3,1,False,True,True,True,False,True,True,True,True,True,False
FIRE+AGRI+ARCTIC+TRANS,CCCB,1269.2,355.0,961.6,463.5,1.305634,0.685,4.225,3.7,4.4,4,3,0,False,True,True,True,False,True,True,False,True,True,False
FIRE+AGRI+ARCTIC+TRANS,CCCC,1264.2,351.5,917.6,471.5,1.341394,0.685,4.225,3.7,4.4,4,3,0,False,True,True,True,False,True,True,False,True,True,False
FIRE+AGRI+ARCTIC+ENV,AAAA,1386.0,393.75,1620.0,338.75,0.860317,0.675,4.125,3.65,4.4,4,3,4,False,True,True,True,True,False,False,True,True,True,False
FIRE+AGRI+ARCTIC+ENV,AAAB,1372.0,390.0,1555.2,366.0,0.938462,0.675,4.125,3.65,4.4,4,3,3,False,True,True,True,True,False,False,True,True,True,False
FIRE+AGRI+ARCTIC+ENV,AAAC,1366.4,386.25,1483.2,368.0,0.952751,0.675,4.125,3.65,4.4,4,3,3,False,True,True,True,True,False,False,True,True,True,False
FIRE+AGRI+ARCTIC+ENV,AABA,1363.0,386.75,1535.4,382.5,0.989011,0.675,4.125,3.65,4.4,4,3,3,False,True,True,True,True,False,False,True,True,True,False
FIRE+AGRI+ARCTIC+ENV,AABB,1349.0,383.0,1470.6,409.75,1.069843,0.675,4.125,3.65,4.4,4,3,2,False,True,True,True,True,False,False,True,True,True,False
FIRE+AGRI+ARCTIC+ENV,AABC,1343.4,379.25,1398.6,411.75,1.085695,0.675,4.125,3.65,4.4,4,3,2,False,True,True,True,True,False,False,True,True,True,False
FIRE+AGRI+ARCTIC+ENV,AACA,1353.8,379.75,1441.4,386.5,1.017775,0.675,4.125,3.65,4.4,4,3,3,False,True,True,True,True,False,False,True,True,True,False
FIRE+AGRI+ARCTIC+ENV,AACB,1339.8,376.0,1376.6,413.75,1.100399,0.675,4.125,3.65,4.4,4,3,2,False,True,True,True,True,False,False,True,True,True,False
FIRE+AGRI+ARCTIC+ENV,AACC,1334.2,372.25,1304.6,415.75,1.116857,0.675,4.125,3.65,4.4,4,3,2,False,True,True,True,True,False,False,True,True,True,False
FIRE+AGRI+ARCTIC+ENV,ABAA,1373.0,390.0,1578.6,386.75,0.991667,0.675,4.125,3.65,4.4,4,3,3,False,True,True,True,True,False,False,True,True,True,False
FIRE+AGRI+ARCTIC+ENV,ABAB,1359.0,386.25,1513.8,414.0,1.071845,0.675,4.125,3.65,4.4,4,3,2,False,True,True,True,True,False,False,True,True,True,False
FIRE+AGRI+ARCTIC+ENV,ABAC,1353.4,382.5,1441.8,416.0,1.087582,0.675,4.125,3.65,4.4,4,3,2,False,True,True,True,True,False,False,True,True,True,False
FIRE+AGRI+ARCTIC+ENV,ABBA,1350.0,383.0,1494.0,430.5,1.124021,0.675,4.125,3.65,4.4,4,3,2,False,True,True,True,True,False,False,True,True,True,False
FIRE+AGRI+ARCTIC+ENV,ABBB,1336.0,379.25,1429.2,457.75,1.206987,0.675,4.125,3.65,4.4,4,3,1,False,True,True,True,False,False,False,True,True,True,False
FIRE+AGRI+ARCTIC+ENV,ABBC,1330.4,375.5,1357.2,459.75,1.224368,0.675,4.125,3.65,4.4,4,3,1,False,True,True,True,False,False,False,True,True,True,False
FIRE+AGRI+ARCTIC+ENV,ABCA,1340.8,376.0,1400.0,434.5,1.155585,0.675,4.125,3.65,4.4,4,3,2,False,True,True,True,True,False,False,True,True,True,False
FIRE+AGRI+ARCTIC+ENV,ABCB,1326.8,372.25,1335.2,461.75,1.24043,0.675,4.125,3.65,4.4,4,3,1,False,True,True,True,False,False,False,True,True,True,False
FIRE+AGRI+ARCTIC+ENV,ABCC,1321.2,368.5,1263.2,463.75,1.25848,0.675,4.125,3.65,4.4,4,3,1,False,True,True,True,False,False,False,True,True,True,False
FIRE+AGRI+ARCTIC+ENV,ACAA,1367.8,386.25,1532.6,406.25,1.05178,0.675,4.125,3.65,4.4,4,3,3,False,True,True,True,True,False,False,True,True,True,False
FIRE+AGRI+ARCTIC+ENV,ACAB,1353.8,382.5,1467.8,433.5,1.133333,0.675,4.125,3.65,4.4,4,3,2,False,True,True,True,True,False,False,True,True,True,False
FIRE+AGRI+ARCTIC+ENV,ACAC,1348.2,378.75,1395.8,435.5,1.149835,0.675,4.125,3.65,4.4,4,3,2,False,True,True,True,True,False,False,True,True,True,False
FIRE+AGRI+ARCTIC+ENV,ACBA,1344.8,379.25,1448.0,450.0,1.186552,0.675,4.125,3.65,4.4,4,3,2,False,True,True,True,True,False,False,True,True,True,False
FIRE+AGRI+ARCTIC+ENV,ACBB,1330.8,375.5,1383.2,477.25,1.270972,0.675,4.125,3.65,4.4,4,3,1,False,True,True,True,False,False,False,True,True,True,False
FIRE+AGRI+ARCTIC+ENV,ACBC,1325.2,371.75,1311.2,479.25,1.289173,0.675,4.125,3.65,4.4,4,3,1,False,True,True,True,False,False,False,True,True,True,False
FIRE+AGRI+ARCTIC+ENV,ACCA,1335.6,372.25,1354.0,454.0,1.21961,0.675,4.125,3.65,4.4,4,3,2,False,True,True,True,True,False,False,True,True,True,False
FIRE+AGRI+ARCTIC+ENV,ACCB,1321.6,368.5,1289.2,481.25,1.30597,0.675,4.125,3.65,4.4,4,3,1,False,True,True,True,False,False,False,True,True,True,False
FIRE+AGRI+ARCTIC+ENV,ACCC,1316.0,364.75,1217.2,483.25,1.32488,0.675,4.125,3.65,4.4,4,3,1,False,True,True,True,False,False,False,True,True,True,False
FIRE+AGRI+ARCTIC+ENV,BAAA,1370.0,389.5,1519.2,339.5,0.87163,0.675,4.125,3.65,4.4,4,3,3,False,True,True,True,True,False,False,True,True,True,False
FIRE+AGRI+ARCTIC+ENV,BAAB,1356.0,385.75,1454.4,366.75,0.950745,0.675,4.125,3.65,4.4,4,3,2,False,True,True,True,True,False,False,True,True,True,False
FIRE+AGRI+ARCTIC+ENV,BAAC,1350.4,382.0,1382.4,368.75,0.965314,0.675,4.125,3.65,4.4,4,3,2,False,True,True,True,True,False,False,True,True,True,False
FIRE+AGRI+ARCTIC+ENV,BABA,1347.0,382.5,1434.6,383.25,1.001961,0.675,4.125,3.65,4.4,4,3,2,False,True,True,True,True,False,False,True,True,True,False
FIRE+AGRI+ARCTIC+ENV,BABB,1333.0,378.75,1369.8,410.5,1.083828,0.675,4.125,3.65,4.4,4,3,1,False,True,True,True,False,False,False,True,True,True,False
FIRE+AGRI+ARCTIC+ENV,BABC,1327.4,375.0,1297.8,412.5,1.1,0.675,4.125,3.65,4.4,4,3,1,False,True,True,True,False,False,False,True,True,True,False
FIRE+AGRI+ARCTIC+ENV,BACA,1337.8,375.5,1340.6,387.25,1.031292,0.675,4.125,3.65,4.4,4,3,2,False,True,True,True,True,False,False,True,True,True,False
FIRE+AGRI+ARCTIC+ENV,BACB,1323.8,371.75,1275.8,414.5,1.114997,0.675,4.125,3.65,4.4,4,3,1,False,True,True,True,False,False,False,True,True,True,False
FIRE+AGRI+ARCTIC+ENV,BACC,1318.2,368.0,1203.8,416.5,1.131793,0.675,4.125,3.65,4.4,4,3,1,False,True,True,True,False,False,False,True,True,True,False
FIRE+AGRI+ARCTIC+ENV,BBAA,1357.0,385.75,1477.8,387.5,1.004537,0.675,4.125,3.65,4.4,4,3,2,False,True,True,True,True,False,False,True,True,True,False
FIRE+AGRI+ARCTIC+ENV,BBAB,1343.0,382.0,1413.0,414.75,1.085733,0.675,4.125,3.65,4.4,4,3,1,False,True,True,True,False,False,False,True,True,True,False
FIRE+AGRI+ARCTIC+ENV,BBAC,1337.4,378.25,1341.0,416.75,1.101785,0.675,4.125,3.65,4.4,4,3,1,False,True,True,True,False,False,False,True,True,True,False
FIRE+AGRI+ARCTIC+ENV,BBBA,1334.0,378.75,1393.2,431.25,1.138614,0.675,4.125,3.65,4.4,4,3,1,False,True,True,True,False,False,False,True,True,True,False
FIRE+AGRI+ARCTIC+ENV,BBBB,1320.0,375.0,1328.4,458.5,1.222667,0.675,4.125,3.65,4.4,4,3,0,False,True,True,True,False,False,False,True,True,True,False
FIRE+AGRI+ARCTIC+ENV,BBBC,1314.4,371.25,1256.4,460.5,1.240404,0.675,4.125,3.65,4.4,4,3,0,False,True,True,True,False,False,False,True,True,True,False
FIRE+AGRI+ARCTIC+ENV,BBCA,1324.8,371.75,1299.2,435.25,1.170814,0.675,4.125,3.65,4.4,4,3,1,False,True,True,True,False,False,False,True,True,True,False
FIRE+AGRI+ARCTIC+ENV,BBCB,1310.8,368.0,1234.4,462.5,1.256793,0.675,4.125,3.65,4.4,4,3,0,False,True,True,True,False,False,False,True,True,True,False
FIRE+AGRI+ARCTIC+ENV,BBCC,1305.2,364.25,1162.4,464.5,1.275223,0.675,4.125,3.65,4.4,4,3,0,False,True,True,True,False,False,False,True,True,True,False
FIRE+AGRI+ARCTIC+ENV,BCAA,1351.8,382.0,1431.8,407.0,1.065445,0.675,4.125,3.65,4.4,4,3,2,False,True,True,True,True,False,False,True,True,True,False
FIRE+AGRI+ARCTIC+ENV,BCAB,1337.8,378.25,1367.0,434.25,1.14805,0.675,4.125,3.65,4.4,4,3,1,False,True,True,True,False,False,False,True,True,True,False
FIRE+AGRI+ARCTIC+ENV,BCAC,1332.2,374.5,1295.0,436.25,1.164887,0.675,4.125,3.65,4.4,4,3,1,False,True,True,True,False,False,False,True,True,True,False
FIRE+AGRI+ARCTIC+ENV,BCBA,1328.8,375.0,1347.2,450.75,1.202,0.675,4.125,3.65,4.4,4,3,1,False,True,True,True,False,False,False,True,True,True,False
FIRE+AGRI+ARCTIC+ENV,BCBB,1314.8,371.25,1282.4,478.0,1.287542,0.675,4.125,3.65,4.4,4,3,0,False,True,True,True,False,False,False,True,True,True,False
FIRE+AGRI+ARCTIC+ENV,BCBC,1309.2,367.5,1210.4,480.0,1.306122,0.675,4.125,3.65,4.4,4,3,0,False,True,True,True,False,False,False,True,True,True,False
FIRE+AGRI+ARCTIC+ENV,BCCA,1319.6,368.0,1253.2,454.75,1.235734,0.675,4.125,3.65,4.4,4,3,1,False,True,True,True,False,False,False,True,True,True,False
FIRE+AGRI+ARCTIC+ENV,BCCB,1305.6,364.25,1188.4,482.0,1.323267,0.675,4.125,3.65,4.4,4,3,0,False,True,True,True,False,False,False,True,True,True,False
FIRE+AGRI+ARCTIC+ENV,BCCC,1300.0,360.5,1116.4,484.0,1.34258,0.675,4.125,3.65,4.4,4,3,0,False,True,True,True,False,True,False,True,True,True,False
FIRE+AGRI+ARCTIC+ENV,CAAA,1363.6,385.25,1407.2,322.0,0.835821,0.675,4.125,3.65,4.4,4,3,3,False,True,True,True,True,False,False,True,True,True,False
FIRE+AGRI+ARCTIC+ENV,CAAB,1349.6,381.5,1342.4,349.25,0.915465,0.675,4.125,3.65,4.4,4,3,2,False,True,True,True,True,False,False,True,True,True,False
FIRE+AGRI+ARCTIC+ENV,CAAC,1344.0,377.75,1270.4,351.25,0.929848,0.675,4.125,3.65,4.4,4,3,2,False,True,True,True,True,False,False,True,True,True,False
FIRE+AGRI+ARCTIC+ENV,CABA,1340.6,378.25,1322.6,365.75,0.966953,0.675,4.125,3.65,4.4,4,3,2,False,True,True,True,True,False,False,True,True,True,False
FIRE+AGRI+ARCTIC+ENV,CABB,1326.6,374.5,1257.8,393.0,1.049399,0.675,4.125,3.65,4.4,4,3,1,False,True,True,True,False,False,False,True,True,True,False
FIRE+AGRI+ARCTIC+ENV,CABC,1321.0,370.75,1185.8,395.0,1.065408,0.675,4.125,3.65,4.4,4,3,1,False,True,True,True,False,False,False,True,True,True,False
FIRE+AGRI+ARCTIC+ENV,CACA,1331.4,371.25,1228.6,369.75,0.99596,0.675,4.125,3.65,4.4,4,3,2,False,True,True,True,True,False,False,True,True,True,False
FIRE+AGRI+ARCTIC+ENV,CACB,1317.4,367.5,1163.8,397.0,1.080272,0.675,4.125,3.65,4.4,4,3,1,False,True,True,True,False,False,False,True,True,True,False
FIRE+AGRI+ARCTIC+ENV,CACC,1311.8,363.75,1091.8,399.0,1.096907,0.675,4.125,3.65,4.4,4,3,1,False,True,True,True,False,False,False,True,True,True,False
FIRE+AGRI+ARCTIC+ENV,CBAA,1350.6,381.5,1365.8,370.0,0.969856,0.675,4.125,3.65,4.4,4,3,2,False,True,True,True,True,False,False,True,True,True,False
FIRE+AGRI+ARCTIC+ENV,CBAB,1336.6,377.75,1301.0,397.25,1.051621,0.675,4.125,3.65,4.4,4,3,1,False,True,True,True,False,False,False,True,True,True,False
FIRE+AGRI+ARCTIC+ENV,CBAC,1331.0,374.0,1229.0,399.25,1.067513,0.675,4.125,3.65,4.4,4,3,1,False,True,True,True,False,False,False,True,True,True,False
FIRE+AGRI+ARCTIC+ENV,CBBA,1327.6,374.5,1281.2,413.75,1.104806,0.675,4.125,3.65,4.4,4,3,1,False,True,True,True,False,False,False,True,True,True,False
FIRE+AGRI+ARCTIC+ENV,CBBB,1313.6,370.75,1216.4,441.0,1.189481,0.675,4.125,3.65,4.4,4,3,0,False,True,True,True,False,False,False,True,True,True,False
FIRE+AGRI+ARCTIC+ENV,CBBC,1308.0,367.0,1144.4,443.0,1.207084,0.675,4.125,3.65,4.4,4,3,0,False,True,True,True,False,False,False,True,True,True,False
FIRE+AGRI+ARCTIC+ENV,CBCA,1318.4,367.5,1187.2,417.75,1.136735,0.675,4.125,3.65,4.4,4,3,1,False,True,True,True,False,False,False,True,True,True,False
FIRE+AGRI+ARCTIC+ENV,CBCB,1304.4,363.75,1122.4,445.0,1.223368,0.675,4.125,3.65,4.4,4,3,0,False,True,True,True,False,False,False,True,True,True,False
FIRE+AGRI+ARCTIC+ENV,CBCC,1298.8,360.0,1050.4,447.0,1.241667,0.675,4.125,3.65,4.4,4,3,0,False,True,True,True,False,True,True,True,True,True,False
FIRE+AGRI+ARCTIC+ENV,CCAA,1345.4,377.75,1319.8,389.5,1.031105,0.675,4.125,3.65,4.4,4,3,2,False,True,True,True,True,False,False,True,True,True,False
FIRE+AGRI+ARCTIC+ENV,CCAB,1331.4,374.0,1255.0,416.75,1.114305,0.675,4.125,3.65,4.4,4,3,1,False,True,True,True,False,False,False,True,True,True,False
FIRE+AGRI+ARCTIC+ENV,CCAC,1325.8,370.25,1183.0,418.75,1.130993,0.675,4.125,3.65,4.4,4,3,1,False,True,True,True,False,False,False,True,True,True,False
FIRE+AGRI+ARCTIC+ENV,CCBA,1322.4,370.75,1235.2,433.25,1.168577,0.675,4.125,3.65,4.4,4,3,1,False,True,True,True,False,False,False,True,True,True,False
FIRE+AGRI+ARCTIC+ENV,CCBB,1308.4,367.0,1170.4,460.5,1.254768,0.675,4.125,3.65,4.4,4,3,0,False,True,True,True,False,False,False,True,True,True,False
FIRE+AGRI+ARCTIC+ENV,CCBC,1302.8,363.25,1098.4,462.5,1.273228,0.675,4.125,3.65,4.4,4,3,0,False,True,True,True,False,False,False,True,True,True,False
FIRE+AGRI+ARCTIC+ENV,CCCA,1313.2,363.75,1141.2,437.25,1.202062,0.675,4.125,3.65,4.4,4,3,1,False,True,True,True,False,False,False,True,True,True,False
FIRE+AGRI+ARCTIC+ENV,CCCB,1299.2,360.0,1076.4,464.5,1.290278,0.675,4.125,3.65,4.4,4,3,0,False,True,True,True,False,True,True,True,True,True,False
FIRE+AGRI+ARCTIC+ENV,CCCC,1293.6,356.25,1004.4,466.5,1.309474,0.675,4.125,3.65,4.4,4,3,0,False,True,True,True,False,True,True,True,True,True,False
FIRE+AGRI+ARCTIC+SSA,AAAA,1438.5,414.75,1600.0,352.5,0.84991,0.6525,3.925,3.375,4.45,3,4,4,False,True,True,True,True,False,False,True,True,True,False
FIRE+AGRI+ARCTIC+SSA,AAAB,1422.0,410.0,1538.8,384.5,0.937805,0.6525,3.925,3.375,4.45,3,4,3,False,True,True,True,True,False,False,True,True,True,False
FIRE+AGRI+ARCTIC+SSA,AAAC,1415.4,405.25,1470.8,386.75,0.954349,0.6525,3.925,3.375,4.45,3,4,3,False,True,True,True,True,False,False,True,True,True,False
FIRE+AGRI+ARCTIC+SSA,AABA,1415.5,407.75,1515.4,396.25,0.971796,0.6525,3.925,3.375,4.45,3,4,3,False,True,True,True,True,False,False,True,True,True,False
FIRE+AGRI+ARCTIC+SSA,AABB,1399.0,403.0,1454.2,428.25,1.062655,0.6525,3.925,3.375,4.45,3,4,2,False,True,True,True,True,False,False,True,True,True,False
FIRE+AGRI+ARCTIC+SSA,AABC,1392.4,398.25,1386.2,430.5,1.080979,0.6525,3.925,3.375,4.45,3,4,2,False,True,True,True,True,False,False,True,True,True,False
FIRE+AGRI+ARCTIC+SSA,AACA,1406.3,400.75,1421.4,400.25,0.998752,0.6525,3.925,3.375,4.45,3,4,3,False,True,True,True,True,False,False,True,True,True,False
FIRE+AGRI+ARCTIC+SSA,AACB,1389.8,396.0,1360.2,432.25,1.09154,0.6525,3.925,3.375,4.45,3,4,2,False,True,True,True,True,False,False,True,True,True,False
FIRE+AGRI+ARCTIC+SSA,AACC,1383.2,391.25,1292.2,434.5,1.110543,0.6525,3.925,3.375,4.45,3,4,2,False,True,True,True,True,False,False,True,True,True,False
FIRE+AGRI+ARCTIC+SSA,ABAA,1425.5,411.0,1558.6,400.5,0.974453,0.6525,3.925,3.375,4.45,3,4,3,False,True,True,True,True,False,False,True,True,True,False
FIRE+AGRI+ARCTIC+SSA,ABAB,1409.0,406.25,1497.4,432.5,1.064615,0.6525,3.925,3.375,4.45,3,4,2,False,True,True,True,True,False,False,True,True,True,False
FIRE+AGRI+ARCTIC+SSA,ABAC,1402.4,401.5,1429.4,434.75,1.082814,0.6525,3.925,3.375,4.45,3,4,2,False,True,True,True,True,False,False,True,True,True,False
FIRE+AGRI+ARCTIC+SSA,ABBA,1402.5,404.0,1474.0,444.25,1.099629,0.6525,3.925,3.375,4.45,3,4,2,False,True,True,True,True,False,False,True,True,True,False
FIRE+AGRI+ARCTIC+SSA,ABBB,1386.0,399.25,1412.8,476.25,1.192862,0.6525,3.925,3.375,4.45,3,4,1,False,True,True,True,False,False,False,True,True,True,False
FIRE+AGRI+ARCTIC+SSA,ABBC,1379.4,394.5,1344.8,478.5,1.212928,0.6525,3.925,3.375,4.45,3,4,1,False,True,True,True,False,False,False,True,True,True,False
FIRE+AGRI+ARCTIC+SSA,ABCA,1393.3,397.0,1380.0,448.25,1.129093,0.6525,3.925,3.375,4.45,3,4,2,False,True,True,True,True,False,False,True,True,True,False
FIRE+AGRI+ARCTIC+SSA,ABCB,1376.8,392.25,1318.8,480.25,1.224347,0.6525,3.925,3.375,4.45,3,4,1,False,True,True,True,False,False,False,True,True,True,False
FIRE+AGRI+ARCTIC+SSA,ABCC,1370.2,387.5,1250.8,482.5,1.245161,0.6525,3.925,3.375,4.45,3,4,1,False,True,True,True,False,False,False,True,True,True,False
FIRE+AGRI+ARCTIC+SSA,ACAA,1420.3,407.25,1512.6,420.0,1.031308,0.6525,3.925,3.375,4.45,3,4,3,False,True,True,True,True,False,False,True,True,True,False
FIRE+AGRI+ARCTIC+SSA,ACAB,1403.8,402.5,1451.4,452.0,1.122981,0.6525,3.925,3.375,4.45,3,4,2,False,True,True,True,True,False,False,True,True,True,False
FIRE+AGRI+ARCTIC+SSA,ACAC,1397.2,397.75,1383.4,454.25,1.142049,0.6525,3.925,3.375,4.45,3,4,2,False,True,True,True,True,False,False,True,True,True,False
FIRE+AGRI+ARCTIC+SSA,ACBA,1397.3,400.25,1428.0,463.75,1.158651,0.6525,3.925,3.375,4.45,3,4,2,False,True,True,True,True,False,False,True,True,True,False
FIRE+AGRI+ARCTIC+SSA,ACBB,1380.8,395.5,1366.8,495.75,1.253477,0.6525,3.925,3.375,4.45,3,4,1,False,True,True,True,False,False,False,True,True,True,False
FIRE+AGRI+ARCTIC+SSA,ACBC,1374.2,390.75,1298.8,498.0,1.274472,0.6525,3.925,3.375,4.45,3,4,1,False,True,True,True,False,False,False,True,True,True,False
FIRE+AGRI+ARCTIC+SSA,ACCA,1388.1,393.25,1334.0,467.75,1.189447,0.6525,3.925,3.375,4.45,3,4,2,False,True,True,True,True,False,False,True,True,True,False
FIRE+AGRI+ARCTIC+SSA,ACCB,1371.6,388.5,1272.8,499.75,1.286358,0.6525,3.925,3.375,4.45,3,4,1,False,True,True,True,False,False,False,True,True,True,False
FIRE+AGRI+ARCTIC+SSA,ACCC,1365.0,383.75,1204.8,502.0,1.308143,0.6525,3.925,3.375,4.45,3,4,1,False,True,True,True,False,False,False,True,True,True,False
FIRE+AGRI+ARCTIC+SSA,BAAA,1422.5,410.5,1499.2,353.25,0.860536,0.6525,3.925,3.375,4.45,3,4,3,False,True,True,True,True,False,False,True,True,True,False
FIRE+AGRI+ARCTIC+SSA,BAAB,1406.0,405.75,1438.0,385.25,0.949476,0.6525,3.925,3.375,4.45,3,4,2,False,True,True,True,True,False,False,True,True,True,False
FIRE+AGRI+ARCTIC+SSA,BAAC,1399.4,401.0,1370.0,387.5,0.966334,0.6525,3.925,3.375,4.45,3,4,2,False,True,True,True,True,False,False,True,True,True,False
FIRE+AGRI+ARCTIC+SSA,BABA,1399.5,403.5,1414.6,397.0,0.983891,0.6525,3.925,3.375,4.45,3,4,2,False,True,True,True,True,False,False,True,True,True,False
FIRE+AGRI+ARCTIC+SSA,BABB,1383.0,398.75,1353.4,429.0,1.075862,0.6525,3.925,3.375,4.45,3,4,1,False,True,True,True,False,False,False,True,True,True,False
FIRE+AGRI+ARCTIC+SSA,BABC,1376.4,394.0,1285.4,431.25,1.094543,0.6525,3.925,3.375,4.45,3,4,1,False,True,True,True,False,False,False,True,True,True,False
FIRE+AGRI+ARCTIC+SSA,BACA,1390.3,396.5,1320.6,401.0,1.011349,0.6525,3.925,3.375,4.45,3,4,2,False,True,True,True,True,False,False,True,True,True,False
FIRE+AGRI+ARCTIC+SSA,BACB,1373.8,391.75,1259.4,433.0,1.105297,0.6525,3.925,3.375,4.45,3,4,1,False,True,True,True,False,False,False,True,True,True,False
FIRE+AGRI+ARCTIC+SSA,BACC,1367.2,387.0,1191.4,435.25,1.124677,0.6525,3.925,3.375,4.45,3,4,1,False,True,True,True,False,False,False,True,True,True,False
FIRE+AGRI+ARCTIC+SSA,BBAA,1409.5,406.75,1457.8,401.25,0.986478,0.6525,3.925,3.375,4.45,3,4,2,False,True,True,True,True,False,False,True,True,True,False
FIRE+AGRI+ARCTIC+SSA,BBAB,1393.0,402.0,1396.6,433.25,1.077736,0.6525,3.925,3.375,4.45,3,4,1,False,True,True,True,False,False,False,True,True,True,False
FIRE+AGRI+ARCTIC+SSA,BBAC,1386.4,397.25,1328.6,435.5,1.096287,0.6525,3.925,3.375,4.45,3,4,1,False,True,True,True,False,False,False,True,True,True,False
FIRE+AGRI+ARCTIC+SSA,BBBA,1386.5,399.75,1373.2,445.0,1.113196,0.6525,3.925,3.375,4.45,3,4,1,False,True,True,True,False,False,False,True,True,True,False
FIRE+AGRI+ARCTIC+SSA,BBBB,1370.0,395.0,1312.0,477.0,1.207595,0.6525,3.925,3.375,4.45,3,4,0,False,True,True,True,False,False,False,True,True,True,False
FIRE+AGRI+ARCTIC+SSA,BBBC,1363.4,390.25,1244.0,479.25,1.228059,0.6525,3.925,3.375,4.45,3,4,0,False,True,True,True,False,False,False,True,True,True,False
FIRE+AGRI+ARCTIC+SSA,BBCA,1377.3,392.75,1279.2,449.0,1.143221,0.6525,3.925,3.375,4.45,3,4,1,False,True,True,True,False,False,False,True,True,True,False
FIRE+AGRI+ARCTIC+SSA,BBCB,1360.8,388.0,1218.0,481.0,1.239691,0.6525,3.925,3.375,4.45,3,4,0,False,True,True,True,False,False,False,True,True,True,False
FIRE+AGRI+ARCTIC+SSA,BBCC,1354.2,383.25,1150.0,483.25,1.260926,0.6525,3.925,3.375,4.45,3,4,0,False,True,True,True,False,False,False,True,True,True,False
FIRE+AGRI+ARCTIC+SSA,BCAA,1404.3,403.0,1411.8,420.75,1.044045,0.6525,3.925,3.375,4.45,3,4,2,False,True,True,True,True,False,False,True,True,True,False
FIRE+AGRI+ARCTIC+SSA,BCAB,1387.8,398.25,1350.6,452.75,1.136849,0.6525,3.925,3.375,4.45,3,4,1,False,True,True,True,False,False,False,True,True,True,False
FIRE+AGRI+ARCTIC+SSA,BCAC,1381.2,393.5,1282.6,455.0,1.15629,0.6525,3.925,3.375,4.45,3,4,1,False,True,True,True,False,False,False,True,True,True,False
FIRE+AGRI+ARCTIC+SSA,BCBA,1381.3,396.0,1327.2,464.5,1.17298,0.6525,3.925,3.375,4.45,3,4,1,False,True,True,True,False,False,False,True,True,True,False
FIRE+AGRI+ARCTIC+SSA,BCBB,1364.8,391.25,1266.0,496.5,1.26901,0.6525,3.925,3.375,4.45,3,4,0,False,True,True,True,False,False,False,True,True,True,False
FIRE+AGRI+ARCTIC+SSA,BCBC,1358.2,386.5,1198.0,498.75,1.290427,0.6525,3.925,3.375,4.45,3,4,0,False,True,True,True,False,False,False,True,True,True,False
FIRE+AGRI+ARCTIC+SSA,BCCA,1372.1,389.0,1233.2,468.5,1.20437,0.6525,3.925,3.375,4.45,3,4,1,False,True,True,True,False,False,False,True,True,True,False
FIRE+AGRI+ARCTIC+SSA,BCCB,1355.6,384.25,1172.0,500.5,1.302537,0.6525,3.925,3.375,4.45,3,4,0,False,True,True,True,False,False,False,True,True,True,False
FIRE+AGRI+ARCTIC+SSA,BCCC,1349.0,379.5,1104.0,502.75,1.324769,0.6525,3.925,3.375,4.45,3,4,0,False,True,True,True,False,False,False,True,True,True,False
FIRE+AGRI+ARCTIC+SSA,CAAA,1416.1,406.25,1387.2,335.75,0.826462,0.6525,3.925,3.375,4.45,3,4,3,False,True,True,True,True,False,False,True,True,True,False
FIRE+AGRI+ARCTIC+SSA,CAAB,1399.6,401.5,1326.0,367.75,0.91594,0.6525,3.925,3.375,4.45,3,4,2,False,True,True,True,True,False,False,True,True,True,False
FIRE+AGRI+ARCTIC+SSA,CAAC,1393.0,396.75,1258.0,370.0,0.932577,0.6525,3.925,3.375,4.45,3,4,2,False,True,True,True,True,False,False,True,True,True,False
FIRE+AGRI+ARCTIC+SSA,CABA,1393.1,399.25,1302.6,379.5,0.950532,0.6525,3.925,3.375,4.45,3,4,2,False,True,True,True,True,False,False,True,True,True,False
FIRE+AGRI+ARCTIC+SSA,CABB,1376.6,394.5,1241.4,411.5,1.043093,0.6525,3.925,3.375,4.45,3,4,1,False,True,True,True,False,False,False,True,True,True,False
FIRE+AGRI+ARCTIC+SSA,CABC,1370.0,389.75,1173.4,413.75,1.061578,0.6525,3.925,3.375,4.45,3,4,1,False,True,True,True,False,False,False,True,True,True,False
FIRE+AGRI+ARCTIC+SSA,CACA,1383.9,392.25,1208.6,383.5,0.977693,0.6525,3.925,3.375,4.45,3,4,2,False,True,True,True,True,False,False,True,True,True,False
FIRE+AGRI+ARCTIC+SSA,CACB,1367.4,387.5,1147.4,415.5,1.072258,0.6525,3.925,3.375,4.45,3,4,1,False,True,True,True,False,False,False,True,True,True,False
FIRE+AGRI+ARCTIC+SSA,CACC,1360.8,382.75,1079.4,417.75,1.091444,0.6525,3.925,3.375,4.45,3,4,1,False,True,True,True,False,False,False,True,True,True,False
FIRE+AGRI+ARCTIC+SSA,CBAA,1403.1,402.5,1345.8,383.75,0.953416,0.6525,3.925,3.375,4.45,3,4,2,False,True,True,True,True,False,False,True,True,True,False
FIRE+AGRI+ARCTIC+SSA,CBAB,1386.6,397.75,1284.6,415.75,1.045255,0.6525,3.925,3.375,4.45,3,4,1,False,True,True,True,False,False,False,True,True,True,False
FIRE+AGRI+ARCTIC+SSA,CBAC,1380.0,393.0,1216.6,418.0,1.063613,0.6525,3.925,3.375,4.45,3,4,1,False,True,True,True,False,False,False,True,True,True,False
FIRE+AGRI+ARCTIC+SSA,CBBA,1380.1,395.5,1261.2,427.5,1.08091,0.6525,3.925,3.375,4.45,3,4,1,False,True,True,True,False,False,False,True,True,True,False
FIRE+AGRI+ARCTIC+SSA,CBBB,1363.6,390.75,1200.0,459.5,1.175944,0.6525,3.925,3.375,4.45,3,4,0,False,True,True,True,False,False,False,True,True,True,False
FIRE+AGRI+ARCTIC+SSA,CBBC,1357.0,386.0,1132.0,461.75,1.196244,0.6525,3.925,3.375,4.45,3,4,0,False,True,True,True,False,False,False,True,True,True,False
FIRE+AGRI+ARCTIC+SSA,CBCA,1370.9,388.5,1167.2,431.5,1.110682,0.6525,3.925,3.375,4.45,3,4,1,False,True,True,True,False,False,False,True,True,True,False
FIRE+AGRI+ARCTIC+SSA,CBCB,1354.4,383.75,1106.0,463.5,1.207818,0.6525,3.925,3.375,4.45,3,4,0,False,True,True,True,False,False,False,True,True,True,False
FIRE+AGRI+ARCTIC+SSA,CBCC,1347.8,379.0,1038.0,465.75,1.228892,0.6525,3.925,3.375,4.45,3,4,0,False,True,True,True,False,False,False,True,True,True,False
FIRE+AGRI+ARCTIC+SSA,CCAA,1397.9,398.75,1299.8,403.25,1.011285,0.6525,3.925,3.375,4.45,3,4,2,False,True,True,True,True,False,False,True,True,True,False
FIRE+AGRI+ARCTIC+SSA,CCAB,1381.4,394.0,1238.6,435.25,1.104695,0.6525,3.925,3.375,4.45,3,4,1,False,True,True,True,False,False,False,True,True,True,False
FIRE+AGRI+ARCTIC+SSA,CCAC,1374.8,389.25,1170.6,437.5,1.123956,0.6525,3.925,3.375,4.45,3,4,1,False,True,True,True,False,False,False,True,True,True,False
FIRE+AGRI+ARCTIC+SSA,CCBA,1374.9,391.75,1215.2,447.0,1.141034,0.6525,3.925,3.375,4.45,3,4,1,False,True,True,True,False,False,False,True,True,True,False
FIRE+AGRI+ARCTIC+SSA,CCBB,1358.4,387.0,1154.0,479.0,1.237726,0.6525,3.925,3.375,4.45,3,4,0,False,True,True,True,False,False,False,True,True,True,False
FIRE+AGRI+ARCTIC+SSA,CCBC,1351.8,382.25,1086.0,481.25,1.258993,0.6525,3.925,3.375,4.45,3,4,0,False,True,True,True,False,False,False,True,True,True,False
FIRE+AGRI+ARCTIC+SSA,CCCA,1365.7,384.75,1121.2,451.0,1.17219,0.6525,3.925,3.375,4.45,3,4,1,False,True,True,True,False,False,False,True,True,True,False
FIRE+AGRI+ARCTIC+SSA,CCCB,1349.2,380.0,1060.0,483.0,1.271053,0.6525,3.925,3.375,4.45,3,4,0,False,True,True,True,False,False,False,True,True,True,False
FIRE+AGRI+ARCTIC+SSA,CCCC,1342.6,375.25,992.0,485.25,1.293138,0.6525,3.925,3.375,4.45,3,4,0,False,True,True,True,False,False,False,False,True,True,False
FIRE+AGRI+TRANS+ENV,AAAA,1165.5,320.25,1370.0,288.75,0.901639,0.73,4.525,4.05,4.675,4,2,4,True,True,True,True,True,True,True,True,True,True,True
FIRE+AGRI+TRANS+ENV,AAAB,1151.5,316.5,1305.2,316.0,0.99842,0.73,4.525,4.05,4.675,4,2,3,True,True,True,True,True,True,True,True,True,True,True
FIRE+AGRI+TRANS+ENV,AAAC,1145.9,312.75,1233.2,318.0,1.016787,0.73,4.525,4.05,4.675,4,2,3,True,True,True,True,True,True,True,True,True,True,True
FIRE+AGRI+TRANS+ENV,AABA,1153.0,316.75,1330.4,322.5,1.018153,0.73,4.525,4.05,4.675,4,2,3,True,True,True,True,True,True,True,True,True,True,True
FIRE+AGRI+TRANS+ENV,AABB,1139.0,313.0,1265.6,349.75,1.117412,0.73,4.525,4.05,4.675,4,2,2,True,True,True,True,True,True,True,True,True,True,True
FIRE+AGRI+TRANS+ENV,AABC,1133.4,309.25,1193.6,351.75,1.137429,0.73,4.525,4.05,4.675,4,2,2,True,True,True,True,True,True,True,True,True,True,True
FIRE+AGRI+TRANS+ENV,AACA,1148.0,313.25,1286.4,330.5,1.055068,0.73,4.525,4.05,4.675,4,2,3,True,True,True,True,True,True,True,True,True,True,True
FIRE+AGRI+TRANS+ENV,AACB,1134.0,309.5,1221.6,357.75,1.155897,0.73,4.525,4.05,4.675,4,2,2,True,True,True,True,True,True,True,True,True,True,True
FIRE+AGRI+TRANS+ENV,AACC,1128.4,305.75,1149.6,359.75,1.176615,0.73,4.525,4.05,4.675,4,2,2,True,True,True,True,True,True,True,True,True,True,True
FIRE+AGRI+TRANS+ENV,ABAA,1152.5,316.5,1328.6,336.75,1.063981,0.73,4.525,4.05,4.675,4,2,3,True,True,True,True,True,True,True,True,True,True,True
FIRE+AGRI+TRANS+ENV,ABAB,1138.5,312.75,1263.8,364.0,1.163869,0.73,4.525,4.05,4.675,4,2,2,True,True,True,True,True,True,True,True,True,True,True
FIRE+AGRI+TRANS+ENV,ABAC,1132.9,309.0,1191.8,366.0,1.184466,0.73,4.525,4.05,4.675,4,2,2,True,True,True,True,True,True,True,True,True,True,True
FIRE+AGRI+TRANS+ENV,ABBA,1140.0,313.0,1289.0,370.5,1.183706,0.73,4.525,4.05,4.675,4,2,2,True,True,True,True,True,True,True,True,True,True,True
FIRE+AGRI+TRANS+ENV,ABBB,1126.0,309.25,1224.2,397.75,1.286176,0.73,4.525,4.05,4.675,4,2,1,False,True,True,True,False,True,True,True,True,True,False
FIRE+AGRI+TRANS+ENV,ABBC,1120.4,305.5,1152.2,399.75,1.308511,0.73,4.525,4.05,4.675,4,2,1,False,True,True,True,False,True,True,True,True,True,False
FIRE+AGRI+TRANS+ENV,ABCA,1135.0,309.5,1245.0,378.5,1.22294,0.73,4.525,4.05,4.675,4,2,2,True,True,True,True,True,True,True,True,True,True,True
FIRE+AGRI+TRANS+ENV,ABCB,1121.0,305.75,1180.2,405.75,1.327065,0.73,4.525,4.05,4.675,4,2,1,False,True,True,True,False,True,True,True,True,True,False
FIRE+AGRI+TRANS+ENV,ABCC,1115.4,302.0,1108.2,407.75,1.350166,0.73,4.525,4.05,4.675,4,2,1,False,True,True,True,False,True,True,True,True,True,False
FIRE+AGRI+TRANS+ENV,ACAA,1147.3,312.75,1282.6,356.25,1.139089,0.73,4.525,4.05,4.675,4,2,3,True,True,True,True,True,True,True,True,True,True,True
FIRE+AGRI+TRANS+ENV,ACAB,1133.3,309.0,1217.8,383.5,1.2411,0.73,4.525,4.05,4.675,4,2,2,True,True,True,True,True,True,True,True,True,True,True
FIRE+AGRI+TRANS+ENV,ACAC,1127.7,305.25,1145.8,385.5,1.262899,0.73,4.525,4.05,4.675,4,2,2,True,True,True,True,True,True,True,True,True,True,True
FIRE+AGRI+TRANS+ENV,ACBA,1134.8,309.25,1243.0,390.0,1.261116,0.73,4.525,4.05,4.675,4,2,2,True,True,True,True,True,True,True,True,True,True,True
FIRE+AGRI+TRANS+ENV,ACBB,1120.8,305.5,1178.2,417.25,1.365794,0.73,4.525,4.05,4.675,4,2,1,False,True,True,True,False,True,True,True,True,True,False
FIRE+AGRI+TRANS+ENV,ACBC,1115.2,301.75,1106.2,419.25,1.389395,0.73,4.525,4.05,4.675,4,2,1,False,True,True,True,False,True,True,True,True,True,False
FIRE+AGRI+TRANS+ENV,ACCA,1129.8,305.75,1199.0,398.0,1.301717,0.73,4.525,4.05,4.675,4,2,2,True,True,True,True,True,True,True,True,True,True,True
FIRE+AGRI+TRANS+ENV,ACCB,1115.8,302.0,1134.2,425.25,1.408113,0.73,4.525,4.05,4.675,4,2,1,False,True,True,True,False,True,True,True,True,True,False
FIRE+AGRI+TRANS+ENV,ACCC,1110.2,298.25,1062.2,427.25,1.432523,0.73,4.525,4.05,4.675,4,2,1,False,True,True,True,False,True,True,True,True,True,False
FIRE+AGRI+TRANS+ENV,BAAA,1149.5,316.0,1269.2,289.5,0.916139,0.73,4.525,4.05,4.675,4,2,3,True,True,True,True,True,True,True,True,True,True,True
FIRE+AGRI+TRANS+ENV,BAAB,1135.5,312.25,1204.4,316.75,1.014412,0.73,4.525,4.05,4.675,4,2,2,True,True,True,True,True,True,True,True,True,True,True
FIRE+AGRI+TRANS+ENV,BAAC,1129.9,308.5,1132.4,318.75,1.033225,0.73,4.525,4.05,4.675,4,2,2,True,True,True,True,True,True,True,True,True,True,True
FIRE+AGRI+TRANS+ENV,BABA,1137.0,312.5,1229.6,323.25,1.0344,0.73,4.525,4.05,4.675,4,2,2,True,True,True,True,True,True,True,True,True,True,True
FIRE+AGRI+TRANS+ENV,BABB,1123.0,308.75,1164.8,350.5,1.135223,0.73,4.525,4.05,4.675,4,2,1,False,True,True,True,False,True,True,True,True,True,False
FIRE+AGRI+TRANS+ENV,BABC,1117.4,305.0,1092.8,352.5,1.155738,0.73,4.525,4.05,4.675,4,2,1,False,True,True,True,False,True,True,True,True,True,False
FIRE+AGRI+TRANS+ENV,BACA,1132.0,309.0,1185.6,331.25,1.072006,0.73,4.525,4.05,4.675,4,2,2,True,True,True,True,True,True,True,True,True,True,True
FIRE+AGRI+TRANS+ENV,BACB,1118.0,305.25,1120.8,358.5,1.174447,0.73,4.525,4.05,4.675,4,2,1,False,True,True,True,False,True,True,True,True,True,False
FIRE+AGRI+TRANS+ENV,BACC,1112.4,301.5,1048.8,360.5,1.195688,0.73,4.525,4.05,4.675,4,2,1,False,True,True,True,False,True,True,True,True,True,False
FIRE+AGRI+TRANS+ENV,BBAA,1136.5,312.25,1227.8,337.5,1.080865,0.73,4.525,4.05,4.675,4,2,2,True,True,True,True,True,True,True,True,True,True,True
FIRE+AGRI+TRANS+ENV,BBAB,1122.5,308.5,1163.0,364.75,1.182334,0.73,4.525,4.05,4.675,4,2,1,False,True,True,True,False,True,True,True,True,True,False
FIRE+AGRI+TRANS+ENV,BBAC,1116.9,304.75,1091.0,366.75,1.203445,0.73,4.525,4.05,4.675,4,2,1,False,True,True,True,False,True,True,True,True,True,False
FIRE+AGRI+TRANS+ENV,BBBA,1124.0,308.75,1188.2,371.25,1.202429,0.73,4.525,4.05,4.675,4,2,1,False,True,True,True,False,True,True,True,True,True,False
FIRE+AGRI+TRANS+ENV,BBBB,1110.0,305.0,1123.4,398.5,1.306557,0.73,4.525,4.05,4.675,4,2,0,False,True,True,True,False,True,True,True,True,True,False
FIRE+AGRI+TRANS+ENV,BBBC,1104.4,301.25,1051.4,400.5,1.329461,0.73,4.525,4.05,4.675,4,2,0,False,True,True,True,False,True,True,True,True,True,False
FIRE+AGRI+TRANS+ENV,BBCA,1119.0,305.25,1144.2,379.25,1.242424,0.73,4.525,4.05,4.675,4,2,1,False,True,True,True,False,True,True,True,True,True,False
FIRE+AGRI+TRANS+ENV,BBCB,1105.0,301.5,1079.4,406.5,1.348259,0.73,4.525,4.05,4.675,4,2,0,False,True,True,True,False,True,True,True,True,True,False
FIRE+AGRI+TRANS+ENV,BBCC,1099.4,297.75,1007.4,408.5,1.371956,0.73,4.525,4.05,4.675,4,2,0,False,True,True,True,False,True,True,True,True,True,False
FIRE+AGRI+TRANS+ENV,BCAA,1131.3,308.5,1181.8,357.0,1.157212,0.73,4.525,4.05,4.675,4,2,2,True,True,True,True,True,True,True,True,True,True,True
FIRE+AGRI+TRANS+ENV,BCAB,1117.3,304.75,1117.0,384.25,1.26087,0.73,4.525,4.05,4.675,4,2,1,False,True,True,True,False,True,True,True,True,True,False
FIRE+AGRI+TRANS+ENV,BCAC,1111.7,301.0,1045.0,386.25,1.283223,0.73,4.525,4.05,4.675,4,2,1,False,True,True,True,False,True,True,True,True,True,False
FIRE+AGRI+TRANS+ENV,BCBA,1118.8,305.0,1142.2,390.75,1.281148,0.73,4.525,4.05,4.675,4,2,1,False,True,True,True,False,True,True,True,True,True,False
FIRE+AGRI+TRANS+ENV,BCBB,1104.8,301.25,1077.4,418.0,1.387552,0.73,4.525,4.05,4.675,4,2,0,False,True,True,True,False,True,True,True,True,True,False
FIRE+AGRI+TRANS+ENV,BCBC,1099.2,297.5,1005.4,420.0,1.411765,0.73,4.525,4.05,4.675,4,2,0,False,True,True,True,False,True,True,True,True,True,False
FIRE+AGRI+TRANS+ENV,BCCA,1113.8,301.5,1098.2,398.75,1.322554,0.73,4.525,4.05,4.675,4,2,1,False,True,True,True,False,True,True,True,True,True,False
FIRE+AGRI+TRANS+ENV,BCCB,1099.8,297.75,1033.4,426.0,1.43073,0.73,4.525,4.05,4.675,4,2,0,False,True,True,True,False,True,True,True,True,True,False
FIRE+AGRI+TRANS+ENV,BCCC,1094.2,294.0,961.4,428.0,1.455782,0.73,4.525,4.05,4.675,4,2,0,False,True,True,True,False,True,True,False,True,True,False
FIRE+AGRI+TRANS+ENV,CAAA,1143.1,311.75,1157.2,272.0,0.872494,0.73,4.525,4.05,4.675,4,2,3,True,True,True,True,True,True,True,True,True,True,True
FIRE+AGRI+TRANS+ENV,CAAB,1129.1,308.0,1092.4,299.25,0.971591,0.73,4.525,4.05,4.675,4,2,2,True,True,True,True,True,True,True,True,True,True,True
FIRE+AGRI+TRANS+ENV,CAAC,1123.5,304.25,1020.4,301.25,0.99014,0.73,4.525,4.05,4.675,4,2,2,True,True,True,True,True,True,True,True,True,True,True
FIRE+AGRI+TRANS+ENV,CABA,1130.6,308.25,1117.6,305.75,0.99189,0.73,4.525,4.05,4.675,4,2,2,True,True,True,True,True,True,True,True,True,True,True
FIRE+AGRI+TRANS+ENV,CABB,1116.6,304.5,1052.8,333.0,1.093596,0.73,4.525,4.05,4.675,4,2,1,False,True,True,True,False,True,True,True,True,True,False
FIRE+AGRI+TRANS+ENV,CABC,1111.0,300.75,980.8,335.0,1.113882,0.73,4.525,4.05,4.675,4,2,1,False,True,True,True,False,True,True,False,True,True,False
FIRE+AGRI+TRANS+ENV,CACA,1125.6,304.75,1073.6,313.75,1.029532,0.73,4.525,4.05,4.675,4,2,2,True,True,True,True,True,True,True,True,True,True,True
FIRE+AGRI+TRANS+ENV,CACB,1111.6,301.0,1008.8,341.0,1.13289,0.73,4.525,4.05,4.675,4,2,1,False,True,True,True,False,True,True,True,True,True,False
FIRE+AGRI+TRANS+ENV,CACC,1106.0,297.25,936.8,343.0,1.153911,0.73,4.525,4.05,4.675,4,2,1,False,True,True,True,False,True,True,False,True,True,False
FIRE+AGRI+TRANS+ENV,CBAA,1130.1,308.0,1115.8,320.0,1.038961,0.73,4.525,4.05,4.675,4,2,2,True,True,True,True,True,True,True,True,True,True,True
FIRE+AGRI+TRANS+ENV,CBAB,1116.1,304.25,1051.0,347.25,1.141331,0.73,4.525,4.05,4.675,4,2,1,False,True,True,True,False,True,True,True,True,True,False
FIRE+AGRI+TRANS+ENV,CBAC,1110.5,300.5,979.0,349.25,1.16223,0.73,4.525,4.05,4.675,4,2,1,False,True,True,True,False,True,True,False,True,True,False
FIRE+AGRI+TRANS+ENV,CBBA,1117.6,304.5,1076.2,353.75,1.161741,0.73,4.525,4.05,4.675,4,2,1,False,True,True,True,False,True,True,True,True,True,False
FIRE+AGRI+TRANS+ENV,CBBB,1103.6,300.75,1011.4,381.0,1.266833,0.73,4.525,4.05,4.675,4,2,0,False,True,True,True,False,True,True,True,True,True,False
FIRE+AGRI+TRANS+ENV,CBBC,1098.0,297.0,939.4,383.0,1.289562,0.73,4.525,4.05,4.675,4,2,0,False,True,True,True,False,True,True,False,True,True,False
FIRE+AGRI+TRANS+ENV,CBCA,1112.6,301.0,1032.2,361.75,1.201827,0.73,4.525,4.05,4.675,4,2,1,False,True,True,True,False,True,True,True,True,True,False
FIRE+AGRI+TRANS+ENV,CBCB,1098.6,297.25,967.4,389.0,1.308663,0.73,4.525,4.05,4.675,4,2,0,False,True,True,True,False,True,True,False,True,True,False
FIRE+AGRI+TRANS+ENV,CBCC,1093.0,293.5,895.4,391.0,1.332198,0.73,4.525,4.05,4.675,4,2,0,False,True,True,True,False,True,True,False,True,True,False
FIRE+AGRI+TRANS+ENV,CCAA,1124.9,304.25,1069.8,339.5,1.115859,0.73,4.525,4.05,4.675,4,2,2,True,True,True,True,True,True,True,True,True,True,True
FIRE+AGRI+TRANS+ENV,CCAB,1110.9,300.5,1005.0,366.75,1.220466,0.73,4.525,4.05,4.675,4,2,1,False,True,True,True,False,True,True,True,True,True,False
FIRE+AGRI+TRANS+ENV,CCAC,1105.3,296.75,933.0,368.75,1.242628,0.73,4.525,4.05,4.675,4,2,1,False,True,True,True,False,True,True,False,True,True,False
FIRE+AGRI+TRANS+ENV,CCBA,1112.4,300.75,1030.2,373.25,1.241064,0.73,4.525,4.05,4.675,4,2,1,False,True,True,True,False,True,True,True,True,True,False
FIRE+AGRI+TRANS+ENV,CCBB,1098.4,297.0,965.4,400.5,1.348485,0.73,4.525,4.05,4.675,4,2,0,False,True,True,True,False,True,True,False,True,True,False
FIRE+AGRI+TRANS+ENV,CCBC,1092.8,293.25,893.4,402.5,1.372549,0.73,4.525,4.05,4.675,4,2,0,False,True,True,True,False,True,True,False,True,True,False
FIRE+AGRI+TRANS+ENV,CCCA,1107.4,297.25,986.2,381.25,1.28259,0.73,4.525,4.05,4.675,4,2,1,False,True,True,True,False,True,True,False,True,True,False
FIRE+AGRI+TRANS+ENV,CCCB,1093.4,293.5,921.4,408.5,1.391823,0.73,4.525,4.05,4.675,4,2,0,False,True,True,True,False,True,True,False,True,True,False
FIRE+AGRI+TRANS+ENV,CCCC,1087.8,289.75,849.4,410.5,1.416739,0.73,4.525,4.05,4.675,4,2,0,False,True,True,True,False,True,True,False,True,True,False
FIRE+AGRI+TRANS+SSA,AAAA,1218.0,341.25,1350.0,302.5,0.886447,0.7075,4.325,3.775,4.725,3,3,4,True,True,True,True,True,True,True,True,True,True,False
FIRE+AGRI+TRANS+SSA,AAAB,1201.5,336.5,1288.8,334.5,0.994056,0.7075,4.325,3.775,4.725,3,3,3,True,True,True,True,True,True,True,True,True,True,False
FIRE+AGRI+TRANS+SSA,AAAC,1194.9,331.75,1220.8,336.75,1.015072,0.7075,4.325,3.775,4.725,3,3,3,True,True,True,True,True,True,True,True,True,True,False
FIRE+AGRI+TRANS+SSA,AABA,1205.5,337.75,1310.4,336.25,0.995559,0.7075,4.325,3.775,4.725,3,3,3,True,True,True,True,True,True,True,True,True,True,False
FIRE+AGRI+TRANS+SSA,AABB,1189.0,333.0,1249.2,368.25,1.105856,0.7075,4.325,3.775,4.725,3,3,2,True,True,True,True,True,True,True,True,True,True,False
FIRE+AGRI+TRANS+SSA,AABC,1182.4,328.25,1181.2,370.5,1.128713,0.7075,4.325,3.775,4.725,3,3,2,True,True,True,True,True,True,True,True,True,True,False
FIRE+AGRI+TRANS+SSA,AACA,1200.5,334.25,1266.4,344.25,1.029918,0.7075,4.325,3.775,4.725,3,3,3,True,True,True,True,True,True,True,True,True,True,False
FIRE+AGRI+TRANS+SSA,AACB,1184.0,329.5,1205.2,376.25,1.141882,0.7075,4.325,3.775,4.725,3,3,2,True,True,True,True,True,True,True,True,True,True,False
FIRE+AGRI+TRANS+SSA,AACC,1177.4,324.75,1137.2,378.5,1.165512,0.7075,4.325,3.775,4.725,3,3,2,True,True,True,True,True,True,True,True,True,True,True
FIRE+AGRI+TRANS+SSA,ABAA,1205.0,337.5,1308.6,350.5,1.038519,0.7075,4.325,3.775,4.725,3,3,3,True,True,True,True,True,True,True,True,True,True,False
FIRE+AGRI+TRANS+SSA,ABAB,1188.5,332.75,1247.4,382.5,1.149512,0.7075,4.325,3.775,4.725,3,3,2,True,True,True,True,True,True,True,True,True,True,False
FIRE+AGRI+TRANS+SSA,ABAC,1181.9,328.0,1179.4,384.75,1.173018,0.7075,4.325,3.775,4.725,3,3,2,True,True,True,True,True,True,True,True,True,True,False
FIRE+AGRI+TRANS+SSA,ABBA,1192.5,334.0,1269.0,384.25,1.150449,0.7075,4.325,3.775,4.725,3,3,2,True,True,True,True,True,True,True,True,True,True,False
FIRE+AGRI+TRANS+SSA,ABBB,1176.0,329.25,1207.8,416.25,1.264237,0.7075,4.325,3.775,4.725,3,3,1,False,True,True,True,False,True,True,True,True,True,False
FIRE+AGRI+TRANS+SSA,ABBC,1169.4,324.5,1139.8,418.5,1.289676,0.7075,4.325,3.775,4.725,3,3,1,False,True,True,True,False,True,True,True,True,True,False
FIRE+AGRI+TRANS+SSA,ABCA,1187.5,330.5,1225.0,392.25,1.186838,0.7075,4.325,3.775,4.725,3,3,2,True,True,True,True,True,True,True,True,True,True,False
FIRE+AGRI+TRANS+SSA,ABCB,1171.0,325.75,1163.8,424.25,1.302379,0.7075,4.325,3.775,4.725,3,3,1,False,True,True,True,False,True,True,True,True,True,False
FIRE+AGRI+TRANS+SSA,ABCC,1164.4,321.0,1095.8,426.5,1.32866,0.7075,4.325,3.775,4.725,3,3,1,False,True,True,True,False,True,True,True,True,True,False
FIRE+AGRI+TRANS+SSA,ACAA,1199.8,333.75,1262.6,370.0,1.108614,0.7075,4.325,3.775,4.725,3,3,3,True,True,True,True,True,True,True,True,True,True,False
FIRE+AGRI+TRANS+SSA,ACAB,1183.3,329.0,1201.4,402.0,1.221884,0.7075,4.325,3.775,4.725,3,3,2,True,True,True,True,True,True,True,True,True,True,False
FIRE+AGRI+TRANS+SSA,ACAC,1176.7,324.25,1133.4,404.25,1.246723,0.7075,4.325,3.775,4.725,3,3,2,True,True,True,True,True,True,True,True,True,True,True
FIRE+AGRI+TRANS+SSA,ACBA,1187.3,330.25,1223.0,403.75,1.222559,0.7075,4.325,3.775,4.725,3,3,2,True,True,True,True,True,True,True,True,True,True,False
FIRE+AGRI+TRANS+SSA,ACBB,1170.8,325.5,1161.8,435.75,1.33871,0.7075,4.325,3.775,4.725,3,3,1,False,True,True,True,False,True,True,True,True,True,False
FIRE+AGRI+TRANS+SSA,ACBC,1164.2,320.75,1093.8,438.0,1.365549,0.7075,4.325,3.775,4.725,3,3,1,False,True,True,True,False,True,True,True,True,True,False
FIRE+AGRI+TRANS+SSA,ACCA,1182.3,326.75,1179.0,411.75,1.260138,0.7075,4.325,3.775,4.725,3,3,2,True,True,True,True,True,True,True,True,True,True,False
FIRE+AGRI+TRANS+SSA,ACCB,1165.8,322.0,1117.8,443.75,1.378106,0.7075,4.325,3.775,4.725,3,3,1,False,True,True,True,False,True,True,True,True,True,False
FIRE+AGRI+TRANS+SSA,ACCC,1159.2,317.25,1049.8,446.0,1.405831,0.7075,4.325,3.775,4.725,3,3,1,False,True,True,True,False,True,True,True,True,True,False
FIRE+AGRI+TRANS+SSA,BAAA,1202.0,337.0,1249.2,303.25,0.899852,0.7075,4.325,3.775,4.725,3,3,3,True,True,True,True,True,True,True,True,True,True,False
FIRE+AGRI+TRANS+SSA,BAAB,1185.5,332.25,1188.0,335.25,1.009029,0.7075,4.325,3.775,4.725,3,3,2,True,True,True,True,True,True,True,True,True,True,False
FIRE+AGRI+TRANS+SSA,BAAC,1178.9,327.5,1120.0,337.5,1.030534,0.7075,4.325,3.775,4.725,3,3,2,True,True,True,True,True,True,True,True,True,True,True
FIRE+AGRI+TRANS+SSA,BABA,1189.5,333.5,1209.6,337.0,1.010495,0.7075,4.325,3.775,4.725,3,3,2,True,True,True,True,True,True,True,True,True,True,False
FIRE+AGRI+TRANS+SSA,BABB,1173.0,328.75,1148.4,369.0,1.122433,0.7075,4.325,3.775,4.725,3,3,1,False,True,True,True,False,True,True,True,True,True,False
FIRE+AGRI+TRANS+SSA,BABC,1166.4,324.0,1080.4,371.25,1.145833,0.7075,4.325,3.775,4.725,3,3,1,False,True,True,True,False,True,True,True,True,True,False
FIRE+AGRI+TRANS+SSA,BACA,1184.5,330.0,1165.6,345.0,1.045455,0.7075,4.325,3.775,4.725,3,3,2,True,True,True,True,True,True,True,True,True,True,False
FIRE+AGRI+TRANS+SSA,BACB,1168.0,325.25,1104.4,377.0,1.159108,0.7075,4.325,3.775,4.725,3,3,1,False,True,True,True,False,True,True,True,True,True,False
FIRE+AGRI+TRANS+SSA,BACC,1161.4,320.5,1036.4,379.25,1.183307,0.7075,4.325,3.775,4.725,3,3,1,False,True,True,True,False,True,True,True,True,True,False
FIRE+AGRI+TRANS+SSA,BBAA,1189.0,333.25,1207.8,351.25,1.054014,0.7075,4.325,3.775,4.725,3,3,2,True,True,True,True,True,True,True,True,True,True,False
FIRE+AGRI+TRANS+SSA,BBAB,1172.5,328.5,1146.6,383.25,1.166667,0.7075,4.325,3.775,4.725,3,3,1,False,True,True,True,False,True,True,True,True,True,False
FIRE+AGRI+TRANS+SSA,BBAC,1165.9,323.75,1078.6,385.5,1.190734,0.7075,4.325,3.775,4.725,3,3,1,False,True,True,True,False,True,True,True,True,True,False
FIRE+AGRI+TRANS+SSA,BBBA,1176.5,329.75,1168.2,385.0,1.167551,0.7075,4.325,3.775,4.725,3,3,1,False,True,True,True,False,True,True,True,True,True,False
FIRE+AGRI+TRANS+SSA,BBBB,1160.0,325.0,1107.0,417.0,1.283077,0.7075,4.325,3.775,4.725,3,3,0,False,True,True,True,False,True,True,True,True,True,False
FIRE+AGRI+TRANS+SSA,BBBC,1153.4,320.25,1039.0,419.25,1.309133,0.7075,4.325,3.775,4.725,3,3,0,False,True,True,True,False,True,True,True,True,True,False
FIRE+AGRI+TRANS+SSA,BBCA,1171.5,326.25,1124.2,393.0,1.204598,0.7075,4.325,3.775,4.725,3,3,1,False,True,True,True,False,True,True,True,True,True,False
FIRE+AGRI+TRANS+SSA,BBCB,1155.0,321.5,1063.0,425.0,1.321928,0.7075,4.325,3.775,4.725,3,3,0,False,True,True,True,False,True,True,True,True,True,False
FIRE+AGRI+TRANS+SSA,BBCC,1148.4,316.75,995.0,427.25,1.348856,0.7075,4.325,3.775,4.725,3,3,0,False,True,True,True,False,True,True,False,True,True,False
FIRE+AGRI+TRANS+SSA,BCAA,1183.8,329.5,1161.8,370.75,1.12519,0.7075,4.325,3.775,4.725,3,3,2,True,True,True,True,True,True,True,True,True,True,False
FIRE+AGRI+TRANS+SSA,BCAB,1167.3,324.75,1100.6,402.75,1.240185,0.7075,4.325,3.775,4.725,3,3,1,False,True,True,True,False,True,True,True,True,True,False
FIRE+AGRI+TRANS+SSA,BCAC,1160.7,320.0,1032.6,405.0,1.265625,0.7075,4.325,3.775,4.725,3,3,1,False,True,True,True,False,True,True,True,True,True,False
FIRE+AGRI+TRANS+SSA,BCBA,1171.3,326.0,1122.2,404.5,1.240798,0.7075,4.325,3.775,4.725,3,3,1,False,True,True,True,False,True,True,True,True,True,False
FIRE+AGRI+TRANS+SSA,BCBB,1154.8,321.25,1061.0,436.5,1.358755,0.7075,4.325,3.775,4.725,3,3,0,False,True,True,True,False,True,True,True,True,True,False
FIRE+AGRI+TRANS+SSA,BCBC,1148.2,316.5,993.0,438.75,1.386256,0.7075,4.325,3.775,4.725,3,3,0,False,True,True,True,False,True,True,False,True,True,False
FIRE+AGRI+TRANS+SSA,BCCA,1166.3,322.5,1078.2,412.5,1.27907,0.7075,4.325,3.775,4.725,3,3,1,False,True,True,True,False,True,True,True,True,True,False
FIRE+AGRI+TRANS+SSA,BCCB,1149.8,317.75,1017.0,444.5,1.398899,0.7075,4.325,3.775,4.725,3,3,0,False,True,True,True,False,True,True,True,True,True,False
FIRE+AGRI+TRANS+SSA,BCCC,1143.2,313.0,949.0,446.75,1.427316,0.7075,4.325,3.775,4.725,3,3,0,False,True,True,True,False,True,True,False,True,True,False
FIRE+AGRI+TRANS+SSA,CAAA,1195.6,332.75,1137.2,285.75,0.858753,0.7075,4.325,3.775,4.725,3,3,3,True,True,True,True,True,True,True,True,True,True,False
FIRE+AGRI+TRANS+SSA,CAAB,1179.1,328.0,1076.0,317.75,0.96875,0.7075,4.325,3.775,4.725,3,3,2,True,True,True,True,True,True,True,True,True,True,True
FIRE+AGRI+TRANS+SSA,CAAC,1172.5,323.25,1008.0,320.0,0.989946,0.7075,4.325,3.775,4.725,3,3,2,True,True,True,True,True,True,True,True,True,True,True
FIRE+AGRI+TRANS+SSA,CABA,1183.1,329.25,1097.6,319.5,0.970387,0.7075,4.325,3.775,4.725,3,3,2,True,True,True,True,True,True,True,True,True,True,False
FIRE+AGRI+TRANS+SSA,CABB,1166.6,324.5,1036.4,351.5,1.083205,0.7075,4.325,3.775,4.725,3,3,1,False,True,True,True,False,True,True,True,True,True,False
FIRE+AGRI+TRANS+SSA,CABC,1160.0,319.75,968.4,353.75,1.106333,0.7075,4.325,3.775,4.725,3,3,1,False,True,True,True,False,True,True,False,True,True,False
FIRE+AGRI+TRANS+SSA,CACA,1178.1,325.75,1053.6,327.5,1.005372,0.7075,4.325,3.775,4.725,3,3,2,True,True,True,True,True,True,True,True,True,True,True
FIRE+AGRI+TRANS+SSA,CACB,1161.6,321.0,992.4,359.5,1.119938,0.7075,4.325,3.775,4.725,3,3,1,False,True,True,True,False,True,True,False,True,True,False
FIRE+AGRI+TRANS+SSA,CACC,1155.0,316.25,924.4,361.75,1.143874,0.7075,4.325,3.775,4.725,3,3,1,False,True,True,True,False,True,True,False,True,True,False
FIRE+AGRI+TRANS+SSA,CBAA,1182.6,329.0,1095.8,333.75,1.014438,0.7075,4.325,3.775,4.725,3,3,2,True,True,True,True,True,True,True,True,True,True,False
FIRE+AGRI+TRANS+SSA,CBAB,1166.1,324.25,1034.6,365.75,1.127988,0.7075,4.325,3.775,4.725,3,3,1,False,True,True,True,False,True,True,True,True,True,False
FIRE+AGRI+TRANS+SSA,CBAC,1159.5,319.5,966.6,368.0,1.1518,0.7075,4.325,3.775,4.725,3,3,1,False,True,True,True,False,True,True,False,True,True,False
FIRE+AGRI+TRANS+SSA,CBBA,1170.1,325.5,1056.2,367.5,1.129032,0.7075,4.325,3.775,4.725,3,3,1,False,True,True,True,False,True,True,True,True,True,False
FIRE+AGRI+TRANS+SSA,CBBB,1153.6,320.75,995.0,399.5,1.245518,0.7075,4.325,3.775,4.725,3,3,0,False,True,True,True,False,True,True,False,True,True,False
FIRE+AGRI+TRANS+SSA,CBBC,1147.0,316.0,927.0,401.75,1.271361,0.7075,4.325,3.775,4.725,3,3,0,False,True,True,True,False,True,True,False,True,True,False
FIRE+AGRI+TRANS+SSA,CBCA,1165.1,322.0,1012.2,375.5,1.166149,0.7075,4.325,3.775,4.725,3,3,1,False,True,True,True,False,True,True,True,True,True,False
FIRE+AGRI+TRANS+SSA,CBCB,1148.6,317.25,951.0,407.5,1.284476,0.7075,4.325,3.775,4.725,3,3,0,False,True,True,True,False,True,True,False,True,True,False
FIRE+AGRI+TRANS+SSA,CBCC,1142.0,312.5,883.0,409.75,1.3112,0.7075,4.325,3.775,4.725,3,3,0,False,True,True,True,False,True,True,False,True,True,False
FIRE+AGRI+TRANS+SSA,CCAA,1177.4,325.25,1049.8,353.25,1.086088,0.7075,4.325,3.775,4.725,3,3,2,True,True,True,True,True,True,True,True,True,True,True
FIRE+AGRI+TRANS+SSA,CCAB,1160.9,320.5,988.6,385.25,1.202028,0.7075,4.325,3.775,4.725,3,3,1,False,True,True,True,False,True,True,False,True,True,False
FIRE+AGRI+TRANS+SSA,CCAC,1154.3,315.75,920.6,387.5,1.227237,0.7075,4.325,3.775,4.725,3,3,1,False,True,True,True,False,True,True,False,True,True,False
FIRE+AGRI+TRANS+SSA,CCBA,1164.9,321.75,1010.2,387.0,1.202797,0.7075,4.325,3.775,4.725,3,3,1,False,True,True,True,False,True,True,True,True,True,False
FIRE+AGRI+TRANS+SSA,CCBB,1148.4,317.0,949.0,419.0,1.321767,0.7075,4.325,3.775,4.725,3,3,0,False,True,True,True,False,True,True,False,True,True,False
FIRE+AGRI+TRANS+SSA,CCBC,1141.8,312.25,881.0,421.25,1.349079,0.7075,4.325,3.775,4.725,3,3,0,False,True,True,True,False,True,True,False,True,True,False
FIRE+AGRI+TRANS+SSA,CCCA,1159.9,318.25,966.2,395.0,1.241163,0.7075,4.325,3.775,4.725,3,3,1,False,True,True,True,False,True,True,False,True,True,False
FIRE+AGRI+TRANS+SSA,CCCB,1143.4,313.5,905.0,427.0,1.362041,0.7075,4.325,3.775,4.725,3,3,0,False,True,True,True,False,True,True,False,True,True,False
FIRE+AGRI+TRANS+SSA,CCCC,1136.8,308.75,837.0,429.25,1.390283,0.7075,4.325,3.775,4.725,3,3,0,False,True,True,True,False,True,True,False,True,True,False
FIRE+AGRI+ENV+SSA,AAAA,1249.5,346.5,1490.0,310.0,0.894661,0.6975,4.225,3.725,4.725,3,3,4,True,True,True,True,True,True,True,True,True,True,False
FIRE+AGRI+ENV+SSA,AAAB,1233.0,341.75,1428.8,342.0,1.000732,0.6975,4.225,3.725,4.725,3,3,3,True,True,True,True,True,True,True,True,True,True,False
FIRE+AGRI+ENV+SSA,AAAC,1226.4,337.0,1360.8,344.25,1.021513,0.6975,4.225,3.725,4.725,3,3,3,True,True,True,True,True,True,True,True,True,True,False
FIRE+AGRI+ENV+SSA,AABA,1235.5,342.75,1425.2,337.25,0.983953,0.6975,4.225,3.725,4.725,3,3,3,True,True,True,True,True,True,True,True,True,True,False
FIRE+AGRI+ENV+SSA,AABB,1219.0,338.0,1364.0,369.25,1.092456,0.6975,4.225,3.725,4.725,3,3,2,True,True,True,True,True,True,True,True,True,True,False
FIRE+AGRI+ENV+SSA,AABC,1212.4,333.25,1296.0,371.5,1.114779,0.6975,4.225,3.725,4.725,3,3,2,True,True,True,True,True,True,True,True,True,True,False
FIRE+AGRI+ENV+SSA,AACA,1229.9,339.0,1353.2,339.25,1.000737,0.6975,4.225,3.725,4.725,3,3,3,True,True,True,True,True,True,True,True,True,True,False
FIRE+AGRI+ENV+SSA,AACB,1213.4,334.25,1292.0,371.25,1.110696,0.6975,4.225,3.725,4.725,3,3,2,True,True,True,True,True,True,True,True,True,True,False
FIRE+AGRI+ENV+SSA,AACC,1206.8,329.5,1224.0,373.5,1.133536,0.6975,4.225,3.725,4.725,3,3,2,True,True,True,True,True,True,True,True,True,True,False
FIRE+AGRI+ENV+SSA,ABAA,1236.5,342.75,1448.6,358.0,1.044493,0.6975,4.225,3.725,4.725,3,3,3,True,True,True,True,True,True,True,True,True,True,False
FIRE+AGRI+ENV+SSA,ABAB,1220.0,338.0,1387.4,390.0,1.153846,0.6975,4.225,3.725,4.725,3,3,2,True,True,True,True,True,True,True,True,True,True,False
FIRE+AGRI+ENV+SSA,ABAC,1213.4,333.25,1319.4,392.25,1.177044,0.6975,4.225,3.725,4.725,3,3,2,True,True,True,True,True,True,True,True,True,True,False
FIRE+AGRI+ENV+SSA,ABBA,1222.5,339.0,1383.8,385.25,1.136431,0.6975,4.225,3.725,4.725,3,3,2,True,True,True,True,True,True,True,True,True,True,False
FIRE+AGRI+ENV+SSA,ABBB,1206.0,334.25,1322.6,417.25,1.248317,0.6975,4.225,3.725,4.725,3,3,1,False,True,True,True,False,True,True,True,True,True,False
FIRE+AGRI+ENV+SSA,ABBC,1199.4,329.5,1254.6,419.5,1.273141,0.6975,4.225,3.725,4.725,3,3,1,False,True,True,True,False,True,True,True,True,True,False
FIRE+AGRI+ENV+SSA,ABCA,1216.9,335.25,1311.8,387.25,1.155108,0.6975,4.225,3.725,4.725,3,3,2,True,True,True,True,True,True,True,True,True,True,False
FIRE+AGRI+ENV+SSA,ABCB,1200.4,330.5,1250.6,419.25,1.268533,0.6975,4.225,3.725,4.725,3,3,1,False,True,True,True,False,True,True,True,True,True,False
FIRE+AGRI+ENV+SSA,ABCC,1193.8,325.75,1182.6,421.5,1.293937,0.6975,4.225,3.725,4.725,3,3,1,False,True,True,True,False,True,True,True,True,True,False
FIRE+AGRI+ENV+SSA,ACAA,1231.3,339.0,1402.6,377.5,1.113569,0.6975,4.225,3.725,4.725,3,3,3,True,True,True,True,True,True,True,True,True,True,False
FIRE+AGRI+ENV+SSA,ACAB,1214.8,334.25,1341.4,409.5,1.225131,0.6975,4.225,3.725,4.725,3,3,2,True,True,True,True,True,True,True,True,True,True,False
FIRE+AGRI+ENV+SSA,ACAC,1208.2,329.5,1273.4,411.75,1.249621,0.6975,4.225,3.725,4.725,3,3,2,True,True,True,True,True,True,True,True,True,True,False
FIRE+AGRI+ENV+SSA,ACBA,1217.3,335.25,1337.8,404.75,1.207308,0.6975,4.225,3.725,4.725,3,3,2,True,True,True,True,True,True,True,True,True,True,False
FIRE+AGRI+ENV+SSA,ACBB,1200.8,330.5,1276.6,436.75,1.321483,0.6975,4.225,3.725,4.725,3,3,1,False,True,True,True,False,True,True,True,True,True,False
FIRE+AGRI+ENV+SSA,ACBC,1194.2,325.75,1208.6,439.0,1.347659,0.6975,4.225,3.725,4.725,3,3,1,False,True,True,True,False,True,True,True,True,True,False
FIRE+AGRI+ENV+SSA,ACCA,1211.7,331.5,1265.8,406.75,1.226998,0.6975,4.225,3.725,4.725,3,3,2,True,True,True,True,True,True,True,True,True,True,False
FIRE+AGRI+ENV+SSA,ACCB,1195.2,326.75,1204.6,438.75,1.34277,0.6975,4.225,3.725,4.725,3,3,1,False,True,True,True,False,True,True,True,True,True,False
FIRE+AGRI+ENV+SSA,ACCC,1188.6,322.0,1136.6,441.0,1.369565,0.6975,4.225,3.725,4.725,3,3,1,False,True,True,True,False,True,True,True,True,True,False
FIRE+AGRI+ENV+SSA,BAAA,1233.5,342.25,1389.2,310.75,0.907962,0.6975,4.225,3.725,4.725,3,3,3,True,True,True,True,True,True,True,True,True,True,False
FIRE+AGRI+ENV+SSA,BAAB,1217.0,337.5,1328.0,342.75,1.015556,0.6975,4.225,3.725,4.725,3,3,2,True,True,True,True,True,True,True,True,True,True,False
FIRE+AGRI+ENV+SSA,BAAC,1210.4,332.75,1260.0,345.0,1.036814,0.6975,4.225,3.725,4.725,3,3,2,True,True,True,True,True,True,True,True,True,True,False
FIRE+AGRI+ENV+SSA,BABA,1219.5,338.5,1324.4,338.0,0.998523,0.6975,4.225,3.725,4.725,3,3,2,True,True,True,True,True,True,True,True,True,True,False
FIRE+AGRI+ENV+SSA,BABB,1203.0,333.75,1263.2,370.0,1.108614,0.6975,4.225,3.725,4.725,3,3,1,False,True,True,True,False,True,True,True,True,True,False
FIRE+AGRI+ENV+SSA,BABC,1196.4,329.0,1195.2,372.25,1.131459,0.6975,4.225,3.725,4.725,3,3,1,False,True,True,True,False,True,True,True,True,True,False
FIRE+AGRI+ENV+SSA,BACA,1213.9,334.75,1252.4,340.0,1.015683,0.6975,4.225,3.725,4.725,3,3,2,True,True,True,True,True,True,True,True,True,True,False
FIRE+AGRI+ENV+SSA,BACB,1197.4,330.0,1191.2,372.0,1.127273,0.6975,4.225,3.725,4.725,3,3,1,False,True,True,True,False,True,True,True,True,True,False
FIRE+AGRI+ENV+SSA,BACC,1190.8,325.25,1123.2,374.25,1.150653,0.6975,4.225,3.725,4.725,3,3,1,False,True,True,True,False,True,True,True,True,True,False
FIRE+AGRI+ENV+SSA,BBAA,1220.5,338.5,1347.8,358.75,1.059823,0.6975,4.225,3.725,4.725,3,3,2,True,True,True,True,True,True,True,True,True,True,False
FIRE+AGRI+ENV+SSA,BBAB,1204.0,333.75,1286.6,390.75,1.170787,0.6975,4.225,3.725,4.725,3,3,1,False,True,True,True,False,True,True,True,True,True,False
FIRE+AGRI+ENV+SSA,BBAC,1197.4,329.0,1218.6,393.0,1.194529,0.6975,4.225,3.725,4.725,3,3,1,False,True,True,True,False,True,True,True,True,True,False
FIRE+AGRI+ENV+SSA,BBBA,1206.5,334.75,1283.0,386.0,1.153099,0.6975,4.225,3.725,4.725,3,3,1,False,True,True,True,False,True,True,True,True,True,False
FIRE+AGRI+ENV+SSA,BBBB,1190.0,330.0,1221.8,418.0,1.266667,0.6975,4.225,3.725,4.725,3,3,0,False,True,True,True,False,True,True,True,True,True,False
FIRE+AGRI+ENV+SSA,BBBC,1183.4,325.25,1153.8,420.25,1.292083,0.6975,4.225,3.725,4.725,3,3,0,False,True,True,True,False,True,True,True,True,True,False
FIRE+AGRI+ENV+SSA,BBCA,1200.9,331.0,1211.0,388.0,1.172205,0.6975,4.225,3.725,4.725,3,3,1,False,True,True,True,False,True,True,True,True,True,False
FIRE+AGRI+ENV+SSA,BBCB,1184.4,326.25,1149.8,420.0,1.287356,0.6975,4.225,3.725,4.725,3,3,0,False,True,True,True,False,True,True,True,True,True,False
FIRE+AGRI+ENV+SSA,BBCC,1177.8,321.5,1081.8,422.25,1.313375,0.6975,4.225,3.725,4.725,3,3,0,False,True,True,True,False,True,True,True,True,True,False
FIRE+AGRI+ENV+SSA,BCAA,1215.3,334.75,1301.8,378.25,1.129948,0.6975,4.225,3.725,4.725,3,3,2,True,True,True,True,True,True,True,True,True,True,False
FIRE+AGRI+ENV+SSA,BCAB,1198.8,330.0,1240.6,410.25,1.243182,0.6975,4.225,3.725,4.725,3,3,1,False,True,True,True,False,True,True,True,True,True,False
FIRE+AGRI+ENV+SSA,BCAC,1192.2,325.25,1172.6,412.5,1.268255,0.6975,4.225,3.725,4.725,3,3,1,False,True,True,True,False,True,True,True,True,True,False
FIRE+AGRI+ENV+SSA,BCBA,1201.3,331.0,1237.0,405.5,1.225076,0.6975,4.225,3.725,4.725,3,3,1,False,True,True,True,False,True,True,True,True,True,False
FIRE+AGRI+ENV+SSA,BCBB,1184.8,326.25,1175.8,437.5,1.340996,0.6975,4.225,3.725,4.725,3,3,0,False,True,True,True,False,True,True,True,True,True,False
FIRE+AGRI+ENV+SSA,BCBC,1178.2,321.5,1107.8,439.75,1.367807,0.6975,4.225,3.725,4.725,3,3,0,False,True,True,True,False,True,True,True,True,True,False
FIRE+AGRI+ENV+SSA,BCCA,1195.7,327.25,1165.0,407.5,1.245225,0.6975,4.225,3.725,4.725,3,3,1,False,True,True,True,False,True,True,True,True,True,False
FIRE+AGRI+ENV+SSA,BCCB,1179.2,322.5,1103.8,439.5,1.362791,0.6975,4.225,3.725,4.725,3,3,0,False,True,True,True,False,True,True,True,True,True,False
FIRE+AGRI+ENV+SSA,BCCC,1172.6,317.75,1035.8,441.75,1.390244,0.6975,4.225,3.725,4.725,3,3,0,False,True,True,True,False,True,True,True,True,True,False
FIRE+AGRI+ENV+SSA,CAAA,1227.1,338.0,1277.2,293.25,0.867604,0.6975,4.225,3.725,4.725,3,3,3,True,True,True,True,True,True,True,True,True,True,False
FIRE+AGRI+ENV+SSA,CAAB,1210.6,333.25,1216.0,325.25,0.975994,0.6975,4.225,3.725,4.725,3,3,2,True,True,True,True,True,True,True,True,True,True,False
FIRE+AGRI+ENV+SSA,CAAC,1204.0,328.5,1148.0,327.5,0.996956,0.6975,4.225,3.725,4.725,3,3,2,True,True,True,True,True,True,True,True,True,True,False
FIRE+AGRI+ENV+SSA,CABA,1213.1,334.25,1212.4,320.5,0.958863,0.6975,4.225,3.725,4.725,3,3,2,True,True,True,True,True,True,True,True,True,True,False
FIRE+AGRI+ENV+SSA,CABB,1196.6,329.5,1151.2,352.5,1.069803,0.6975,4.225,3.725,4.725,3,3,1,False,True,True,True,False,True,True,True,True,True,False
FIRE+AGRI+ENV+SSA,CABC,1190.0,324.75,1083.2,354.75,1.092379,0.6975,4.225,3.725,4.725,3,3,1,False,True,True,True,False,True,True,True,True,True,False
FIRE+AGRI+ENV+SSA,CACA,1207.5,330.5,1140.4,322.5,0.975794,0.6975,4.225,3.725,4.725,3,3,2,True,True,True,True,True,True,True,True,True,True,False
FIRE+AGRI+ENV+SSA,CACB,1191.0,325.75,1079.2,354.5,1.088258,0.6975,4.225,3.725,4.725,3,3,1,False,True,True,True,False,True,True,True,True,True,False
FIRE+AGRI+ENV+SSA,CACC,1184.4,321.0,1011.2,356.75,1.111371,0.6975,4.225,3.725,4.725,3,3,1,False,True,True,True,False,True,True,True,True,True,False
FIRE+AGRI+ENV+SSA,CBAA,1214.1,334.25,1235.8,341.25,1.020942,0.6975,4.225,3.725,4.725,3,3,2,True,True,True,True,True,True,True,True,True,True,False
FIRE+AGRI+ENV+SSA,CBAB,1197.6,329.5,1174.6,373.25,1.132777,0.6975,4.225,3.725,4.725,3,3,1,False,True,True,True,False,True,True,True,True,True,False
FIRE+AGRI+ENV+SSA,CBAC,1191.0,324.75,1106.6,375.5,1.156274,0.6975,4.225,3.725,4.725,3,3,1,False,True,True,True,False,True,True,True,True,True,False
FIRE+AGRI+ENV+SSA,CBBA,1200.1,330.5,1171.0,368.5,1.114977,0.6975,4.225,3.725,4.725,3,3,1,False,True,True,True,False,True,True,True,True,True,False
FIRE+AGRI+ENV+SSA,CBBB,1183.6,325.75,1109.8,400.5,1.22947,0.6975,4.225,3.725,4.725,3,3,0,False,True,True,True,False,True,True,True,True,True,False
FIRE+AGRI+ENV+SSA,CBBC,1177.0,321.0,1041.8,402.75,1.254673,0.6975,4.225,3.725,4.725,3,3,0,False,True,True,True,False,True,True,True,True,True,False
FIRE+AGRI+ENV+SSA,CBCA,1194.5,326.75,1099.0,370.5,1.133894,0.6975,4.225,3.725,4.725,3,3,1,False,True,True,True,False,True,True,True,True,True,False
FIRE+AGRI+ENV+SSA,CBCB,1178.0,322.0,1037.8,402.5,1.25,0.6975,4.225,3.725,4.725,3,3,0,False,True,True,True,False,True,True,True,True,True,False
FIRE+AGRI+ENV+SSA,CBCC,1171.4,317.25,969.8,404.75,1.275808,0.6975,4.225,3.725,4.725,3,3,0,False,True,True,True,False,True,True,False,True,True,False
FIRE+AGRI+ENV+SSA,CCAA,1208.9,330.5,1189.8,360.75,1.091528,0.6975,4.225,3.725,4.725,3,3,2,True,True,True,True,True,True,True,True,True,True,False
FIRE+AGRI+ENV+SSA,CCAB,1192.4,325.75,1128.6,392.75,1.205679,0.6975,4.225,3.725,4.725,3,3,1,False,True,True,True,False,True,True,True,True,True,False
FIRE+AGRI+ENV+SSA,CCAC,1185.8,321.0,1060.6,395.0,1.23053,0.6975,4.225,3.725,4.725,3,3,1,False,True,True,True,False,True,True,True,True,True,False
FIRE+AGRI+ENV+SSA,CCBA,1194.9,326.75,1125.0,388.0,1.187452,0.6975,4.225,3.725,4.725,3,3,1,False,True,True,True,False,True,True,True,True,True,False
FIRE+AGRI+ENV+SSA,CCBB,1178.4,322.0,1063.8,420.0,1.304348,0.6975,4.225,3.725,4.725,3,3,0,False,True,True,True,False,True,True,True,True,True,False
FIRE+AGRI+ENV+SSA,CCBC,1171.8,317.25,995.8,422.25,1.330969,0.6975,4.225,3.725,4.725,3,3,0,False,True,True,True,False,True,True,False,True,True,False
FIRE+AGRI+ENV+SSA,CCCA,1189.3,323.0,1053.0,390.0,1.20743,0.6975,4.225,3.725,4.725,3,3,1,False,True,True,True,False,True,True,True,True,True,False
FIRE+AGRI+ENV+SSA,CCCB,1172.8,318.25,991.8,422.0,1.326002,0.6975,4.225,3.725,4.725,3,3,0,False,True,True,True,False,True,True,False,True,True,False
FIRE+AGRI+ENV+SSA,CCCC,1166.2,313.5,923.8,424.25,1.35327,0.6975,4.225,3.725,4.725,3,3,0,False,True,True,True,False,True,True,False,True,True,False
FIRE+INFRA+ARCTIC+TRANS,AAAA,1407.0,393.75,1550.0,352.5,0.895238,0.6775,4.1,3.675,4.35,4,3,4,False,True,True,True,True,False,False,True,True,True,False
FIRE+INFRA+ARCTIC+TRANS,AAAB,1394.5,390.25,1510.4,386.25,0.98975,0.6775,4.1,3.675,4.35,4,3,3,False,True,True,True,True,False,False,True,True,True,False
FIRE+INFRA+ARCTIC+TRANS,AAAC,1389.5,386.75,1466.4,394.25,1.019392,0.6775,4.1,3.675,4.35,4,3,3,False,True,True,True,True,False,False,True,True,True,False
FIRE+INFRA+ARCTIC+TRANS,AABA,1384.0,386.75,1465.4,396.25,1.024564,0.6775,4.1,3.675,4.35,4,3,3,False,True,True,True,True,False,False,True,True,True,False
FIRE+INFRA+ARCTIC+TRANS,AABB,1371.5,383.25,1425.8,430.0,1.121983,0.6775,4.1,3.675,4.35,4,3,2,False,True,True,True,True,False,False,True,True,True,False
FIRE+INFRA+ARCTIC+TRANS,AABC,1366.5,379.75,1381.8,438.0,1.15339,0.6775,4.1,3.675,4.35,4,3,2,False,True,True,True,True,False,False,True,True,True,False
FIRE+INFRA+ARCTIC+TRANS,AACA,1374.8,379.75,1371.4,400.25,1.053983,0.6775,4.1,3.675,4.35,4,3,3,False,True,True,True,True,False,False,True,True,True,False
FIRE+INFRA+ARCTIC+TRANS,AACB,1362.3,376.25,1331.8,434.0,1.153488,0.6775,4.1,3.675,4.35,4,3,2,False,True,True,True,True,False,False,True,True,True,False
FIRE+INFRA+ARCTIC+TRANS,AACC,1357.3,372.75,1287.8,442.0,1.185781,0.6775,4.1,3.675,4.35,4,3,2,False,True,True,True,True,False,False,True,True,True,False
FIRE+INFRA+ARCTIC+TRANS,ABAA,1391.5,389.75,1496.0,388.75,0.997434,0.6775,4.1,3.675,4.35,4,3,3,False,True,True,True,True,False,False,True,True,True,False
FIRE+INFRA+ARCTIC+TRANS,ABAB,1379.0,386.25,1456.4,422.5,1.093851,0.6775,4.1,3.675,4.35,4,3,2,False,True,True,True,True,False,False,True,True,True,False
FIRE+INFRA+ARCTIC+TRANS,ABAC,1374.0,382.75,1412.4,430.5,1.124755,0.6775,4.1,3.675,4.35,4,3,2,False,True,True,True,True,False,False,True,True,True,False
FIRE+INFRA+ARCTIC+TRANS,ABBA,1368.5,382.75,1411.4,432.5,1.12998,0.6775,4.1,3.675,4.35,4,3,2,False,True,True,True,True,False,False,True,True,True,False
FIRE+INFRA+ARCTIC+TRANS,ABBB,1356.0,379.25,1371.8,466.25,1.2294,0.6775,4.1,3.675,4.35,4,3,1,False,True,True,True,False,False,False,True,True,True,False
FIRE+INFRA+ARCTIC+TRANS,ABBC,1351.0,375.75,1327.8,474.25,1.262142,0.6775,4.1,3.675,4.35,4,3,1,False,True,True,True,False,False,False,True,True,True,False
FIRE+INFRA+ARCTIC+TRANS,ABCA,1359.3,375.75,1317.4,436.5,1.161677,0.6775,4.1,3.675,4.35,4,3,2,False,True,True,True,True,False,False,True,True,True,False
FIRE+INFRA+ARCTIC+TRANS,ABCB,1346.8,372.25,1277.8,470.25,1.263264,0.6775,4.1,3.675,4.35,4,3,1,False,True,True,True,False,False,False,True,True,True,False
FIRE+INFRA+ARCTIC+TRANS,ABCC,1341.8,368.75,1233.8,478.25,1.296949,0.6775,4.1,3.675,4.35,4,3,1,False,True,True,True,False,False,False,True,True,True,False
FIRE+INFRA+ARCTIC+TRANS,ACAA,1385.3,385.75,1436.0,395.75,1.025924,0.6775,4.1,3.675,4.35,4,3,3,False,True,True,True,True,False,False,True,True,True,False
FIRE+INFRA+ARCTIC+TRANS,ACAB,1372.8,382.25,1396.4,429.5,1.12361,0.6775,4.1,3.675,4.35,4,3,2,False,True,True,True,True,False,False,True,True,True,False
FIRE+INFRA+ARCTIC+TRANS,ACAC,1367.8,378.75,1352.4,437.5,1.155116,0.6775,4.1,3.675,4.35,4,3,2,False,True,True,True,True,False,False,True,True,True,False
FIRE+INFRA+ARCTIC+TRANS,ACBA,1362.3,378.75,1351.4,439.5,1.160396,0.6775,4.1,3.675,4.35,4,3,2,False,True,True,True,True,False,False,True,True,True,False
FIRE+INFRA+ARCTIC+TRANS,ACBB,1349.8,375.25,1311.8,473.25,1.261159,0.6775,4.1,3.675,4.35,4,3,1,False,True,True,True,False,False,False,True,True,True,False
FIRE+INFRA+ARCTIC+TRANS,ACBC,1344.8,371.75,1267.8,481.25,1.294553,0.6775,4.1,3.675,4.35,4,3,1,False,True,True,True,False,False,False,True,True,True,False
FIRE+INFRA+ARCTIC+TRANS,ACCA,1353.1,371.75,1257.4,443.5,1.193006,0.6775,4.1,3.675,4.35,4,3,2,False,True,True,True,True,False,False,True,True,True,False
FIRE+INFRA+ARCTIC+TRANS,ACCB,1340.6,368.25,1217.8,477.25,1.295995,0.6775,4.1,3.675,4.35,4,3,1,False,True,True,True,False,False,False,True,True,True,False
FIRE+INFRA+ARCTIC+TRANS,ACCC,1335.6,364.75,1173.8,485.25,1.330363,0.6775,4.1,3.675,4.35,4,3,1,False,True,True,True,False,False,False,True,True,True,False
FIRE+INFRA+ARCTIC+TRANS,BAAA,1391.0,389.5,1449.2,353.25,0.906932,0.6775,4.1,3.675,4.35,4,3,3,False,True,True,True,True,False,False,True,True,True,False
FIRE+INFRA+ARCTIC+TRANS,BAAB,1378.5,386.0,1409.6,387.0,1.002591,0.6775,4.1,3.675,4.35,4,3,2,False,True,True,True,True,False,False,True,True,True,False
FIRE+INFRA+ARCTIC+TRANS,BAAC,1373.5,382.5,1365.6,395.0,1.03268,0.6775,4.1,3.675,4.35,4,3,2,False,True,True,True,True,False,False,True,True,True,False
FIRE+INFRA+ARCTIC+TRANS,BABA,1368.0,382.5,1364.6,397.0,1.037908,0.6775,4.1,3.675,4.35,4,3,2,False,True,True,True,True,False,False,True,True,True,False
FIRE+INFRA+ARCTIC+TRANS,BABB,1355.5,379.0,1325.0,430.75,1.136544,0.6775,4.1,3.675,4.35,4,3,1,False,True,True,True,False,False,False,True,True,True,False
FIRE+INFRA+ARCTIC+TRANS,BABC,1350.5,375.5,1281.0,438.75,1.168442,0.6775,4.1,3.675,4.35,4,3,1,False,True,True,True,False,False,False,True,True,True,False
FIRE+INFRA+ARCTIC+TRANS,BACA,1358.8,375.5,1270.6,401.0,1.067909,0.6775,4.1,3.675,4.35,4,3,2,False,True,True,True,True,False,False,True,True,True,False
FIRE+INFRA+ARCTIC+TRANS,BACB,1346.3,372.0,1231.0,434.75,1.168683,0.6775,4.1,3.675,4.35,4,3,1,False,True,True,True,False,False,False,True,True,True,False
FIRE+INFRA+ARCTIC+TRANS,BACC,1341.3,368.5,1187.0,442.75,1.201493,0.6775,4.1,3.675,4.35,4,3,1,False,True,True,True,False,False,False,True,True,True,False
FIRE+INFRA+ARCTIC+TRANS,BBAA,1375.5,385.5,1395.2,389.5,1.010376,0.6775,4.1,3.675,4.35,4,3,2,False,True,True,True,True,False,False,True,True,True,False
FIRE+INFRA+ARCTIC+TRANS,BBAB,1363.0,382.0,1355.6,423.25,1.107984,0.6775,4.1,3.675,4.35,4,3,1,False,True,True,True,False,False,False,True,True,True,False
FIRE+INFRA+ARCTIC+TRANS,BBAC,1358.0,378.5,1311.6,431.25,1.139366,0.6775,4.1,3.675,4.35,4,3,1,False,True,True,True,False,False,False,True,True,True,False
FIRE+INFRA+ARCTIC+TRANS,BBBA,1352.5,378.5,1310.6,433.25,1.14465,0.6775,4.1,3.675,4.35,4,3,1,False,True,True,True,False,False,False,True,True,True,False
FIRE+INFRA+ARCTIC+TRANS,BBBB,1340.0,375.0,1271.0,467.0,1.245333,0.6775,4.1,3.675,4.35,4,3,0,False,True,True,True,False,False,False,True,True,True,False
FIRE+INFRA+ARCTIC+TRANS,BBBC,1335.0,371.5,1227.0,475.0,1.2786,0.6775,4.1,3.675,4.35,4,3,0,False,True,True,True,False,False,False,True,True,True,False
FIRE+INFRA+ARCTIC+TRANS,BBCA,1343.3,371.5,1216.6,437.25,1.176985,0.6775,4.1,3.675,4.35,4,3,1,False,True,True,True,False,False,False,True,True,True,False
FIRE+INFRA+ARCTIC+TRANS,BBCB,1330.8,368.0,1177.0,471.0,1.279891,0.6775,4.1,3.675,4.35,4,3,0,False,True,True,True,False,False,False,True,True,True,False
FIRE+INFRA+ARCTIC+TRANS,BBCC,1325.8,364.5,1133.0,479.0,1.314129,0.6775,4.1,3.675,4.35,4,3,0,False,True,True,True,False,False,False,True,True,True,False
FIRE+INFRA+ARCTIC+TRANS,BCAA,1369.3,381.5,1335.2,396.5,1.039318,0.6775,4.1,3.675,4.35,4,3,2,False,True,True,True,True,False,False,True,True,True,False
FIRE+INFRA+ARCTIC+TRANS,BCAB,1356.8,378.0,1295.6,430.25,1.138228,0.6775,4.1,3.675,4.35,4,3,1,False,True,True,True,False,False,False,True,True,True,False
FIRE+INFRA+ARCTIC+TRANS,BCAC,1351.8,374.5,1251.6,438.25,1.170227,0.6775,4.1,3.675,4.35,4,3,1,False,True,True,True,False,False,False,True,True,True,False
FIRE+INFRA+ARCTIC+TRANS,BCBA,1346.3,374.5,1250.6,440.25,1.175567,0.6775,4.1,3.675,4.35,4,3,1,False,True,True,True,False,False,False,True,True,True,False
FIRE+INFRA+ARCTIC+TRANS,BCBB,1333.8,371.0,1211.0,474.0,1.277628,0.6775,4.1,3.675,4.35,4,3,0,False,True,True,True,False,False,False,True,True,True,False
FIRE+INFRA+ARCTIC+TRANS,BCBC,1328.8,367.5,1167.0,482.0,1.311565,0.6775,4.1,3.675,4.35,4,3,0,False,True,True,True,False,False,False,True,True,True,False
FIRE+INFRA+ARCTIC+TRANS,BCCA,1337.1,367.5,1156.6,444.25,1.208844,0.6775,4.1,3.675,4.35,4,3,1,False,True,True,True,False,False,False,True,True,True,False
FIRE+INFRA+ARCTIC+TRANS,BCCB,1324.6,364.0,1117.0,478.0,1.313187,0.6775,4.1,3.675,4.35,4,3,0,False,True,True,True,False,False,False,True,True,True,False
FIRE+INFRA+ARCTIC+TRANS,BCCC,1319.6,360.5,1073.0,486.0,1.348128,0.6775,4.1,3.675,4.35,4,3,0,False,True,True,True,False,False,False,True,True,True,False
FIRE+INFRA+ARCTIC+TRANS,CAAA,1384.6,385.25,1337.2,335.75,0.871512,0.6775,4.1,3.675,4.35,4,3,3,False,True,True,True,True,False,False,True,True,True,False
FIRE+INFRA+ARCTIC+TRANS,CAAB,1372.1,381.75,1297.6,369.5,0.967911,0.6775,4.1,3.675,4.35,4,3,2,False,True,True,True,True,False,False,True,True,True,False
FIRE+INFRA+ARCTIC+TRANS,CAAC,1367.1,378.25,1253.6,377.5,0.998017,0.6775,4.1,3.675,4.35,4,3,2,False,True,True,True,True,False,False,True,True,True,False
FIRE+INFRA+ARCTIC+TRANS,CABA,1361.6,378.25,1252.6,379.5,1.003305,0.6775,4.1,3.675,4.35,4,3,2,False,True,True,True,True,False,False,True,True,True,False
FIRE+INFRA+ARCTIC+TRANS,CABB,1349.1,374.75,1213.0,413.25,1.102735,0.6775,4.1,3.675,4.35,4,3,1,False,True,True,True,False,False,False,True,True,True,False
FIRE+INFRA+ARCTIC+TRANS,CABC,1344.1,371.25,1169.0,421.25,1.13468,0.6775,4.1,3.675,4.35,4,3,1,False,True,True,True,False,False,False,True,True,True,False
FIRE+INFRA+ARCTIC+TRANS,CACA,1352.4,371.25,1158.6,383.5,1.032997,0.6775,4.1,3.675,4.35,4,3,2,False,True,True,True,True,False,False,True,True,True,False
FIRE+INFRA+ARCTIC+TRANS,CACB,1339.9,367.75,1119.0,417.25,1.134602,0.6775,4.1,3.675,4.35,4,3,1,False,True,True,True,False,False,False,True,True,True,False
FIRE+INFRA+ARCTIC+TRANS,CACC,1334.9,364.25,1075.0,425.25,1.167467,0.6775,4.1,3.675,4.35,4,3,1,False,True,True,True,False,False,False,True,True,True,False
FIRE+INFRA+ARCTIC+TRANS,CBAA,1369.1,381.25,1283.2,372.0,0.975738,0.6775,4.1,3.675,4.35,4,3,2,False,True,True,True,True,False,False,True,True,True,False
FIRE+INFRA+ARCTIC+TRANS,CBAB,1356.6,377.75,1243.6,405.75,1.074123,0.6775,4.1,3.675,4.35,4,3,1,False,True,True,True,False,False,False,True,True,True,False
FIRE+INFRA+ARCTIC+TRANS,CBAC,1351.6,374.25,1199.6,413.75,1.105544,0.6775,4.1,3.675,4.35,4,3,1,False,True,True,True,False,False,False,True,True,True,False
FIRE+INFRA+ARCTIC+TRANS,CBBA,1346.1,374.25,1198.6,415.75,1.110888,0.6775,4.1,3.675,4.35,4,3,1,False,True,True,True,False,False,False,True,True,True,False
FIRE+INFRA+ARCTIC+TRANS,CBBB,1333.6,370.75,1159.0,449.5,1.212407,0.6775,4.1,3.675,4.35,4,3,0,False,True,True,True,False,False,False,True,True,True,False
FIRE+INFRA+ARCTIC+TRANS,CBBC,1328.6,367.25,1115.0,457.5,1.245745,0.6775,4.1,3.675,4.35,4,3,0,False,True,True,True,False,False,False,True,True,True,False
FIRE+INFRA+ARCTIC+TRANS,CBCA,1336.9,367.25,1104.6,419.75,1.142954,0.6775,4.1,3.675,4.35,4,3,1,False,True,True,True,False,False,False,True,True,True,False
FIRE+INFRA+ARCTIC+TRANS,CBCB,1324.4,363.75,1065.0,453.5,1.246735,0.6775,4.1,3.675,4.35,4,3,0,False,True,True,True,False,False,False,True,True,True,False
FIRE+INFRA+ARCTIC+TRANS,CBCC,1319.4,360.25,1021.0,461.5,1.281055,0.6775,4.1,3.675,4.35,4,3,0,False,True,True,True,False,False,False,True,True,True,False
FIRE+INFRA+ARCTIC+TRANS,CCAA,1362.9,377.25,1223.2,379.0,1.004639,0.6775,4.1,3.675,4.35,4,3,2,False,True,True,True,True,False,False,True,True,True,False
FIRE+INFRA+ARCTIC+TRANS,CCAB,1350.4,373.75,1183.6,412.75,1.104348,0.6775,4.1,3.675,4.35,4,3,1,False,True,True,True,False,False,False,True,True,True,False
FIRE+INFRA+ARCTIC+TRANS,CCAC,1345.4,370.25,1139.6,420.75,1.136394,0.6775,4.1,3.675,4.35,4,3,1,False,True,True,True,False,False,False,True,True,True,False
FIRE+INFRA+ARCTIC+TRANS,CCBA,1339.9,370.25,1138.6,422.75,1.141796,0.6775,4.1,3.675,4.35,4,3,1,False,True,True,True,False,False,False,True,True,True,False
FIRE+INFRA+ARCTIC+TRANS,CCBB,1327.4,366.75,1099.0,456.5,1.244717,0.6775,4.1,3.675,4.35,4,3,0,False,True,True,True,False,False,False,True,True,True,False
FIRE+INFRA+ARCTIC+TRANS,CCBC,1322.4,363.25,1055.0,464.5,1.278734,0.6775,4.1,3.675,4.35,4,3,0,False,True,True,True,False,False,False,True,True,True,False
FIRE+INFRA+ARCTIC+TRANS,CCCA,1330.7,363.25,1044.6,426.75,1.174811,0.6775,4.1,3.675,4.35,4,3,1,False,True,True,True,False,False,False,True,True,True,False
FIRE+INFRA+ARCTIC+TRANS,CCCB,1318.2,359.75,1005.0,460.5,1.280056,0.6775,4.1,3.675,4.35,4,3,0,False,True,True,True,False,False,True,True,True,True,False
FIRE+INFRA+ARCTIC+TRANS,CCCC,1313.2,356.25,961.0,468.5,1.315088,0.6775,4.1,3.675,4.35,4,3,0,False,True,True,True,False,False,True,False,True,True,False
FIRE+INFRA+ARCTIC+ENV,AAAA,1438.5,399.0,1690.0,360.0,0.902256,0.6675,4.0,3.625,4.35,4,3,4,False,True,True,True,True,False,False,True,True,True,False
FIRE+INFRA+ARCTIC+ENV,AAAB,1424.5,395.25,1625.2,387.25,0.97976,0.6675,4.0,3.625,4.35,4,3,3,False,True,True,True,True,False,False,True,True,True,False
FIRE+INFRA+ARCTIC+ENV,AAAC,1418.9,391.5,1553.2,389.25,0.994253,0.6675,4.0,3.625,4.35,4,3,3,False,True,True,True,True,False,False,True,True,True,False
FIRE+INFRA+ARCTIC+ENV,AABA,1415.5,392.0,1605.4,403.75,1.029974,0.6675,4.0,3.625,4.35,4,3,3,False,True,True,True,True,False,False,True,True,True,False
FIRE+INFRA+ARCTIC+ENV,AABB,1401.5,388.25,1540.6,431.0,1.110109,0.6675,4.0,3.625,4.35,4,3,2,False,True,True,True,True,False,False,True,True,True,False
FIRE+INFRA+ARCTIC+ENV,AABC,1395.9,384.5,1468.6,433.0,1.126138,0.6675,4.0,3.625,4.35,4,3,2,False,True,True,True,True,False,False,True,True,True,False
FIRE+INFRA+ARCTIC+ENV,AACA,1406.3,385.0,1511.4,407.75,1.059091,0.6675,4.0,3.625,4.35,4,3,3,False,True,True,True,True,False,False,True,True,True,False
FIRE+INFRA+ARCTIC+ENV,AACB,1392.3,381.25,1446.6,435.0,1.140984,0.6675,4.0,3.625,4.35,4,3,2,False,True,True,True,True,False,False,True,True,True,False
FIRE+INFRA+ARCTIC+ENV,AACC,1386.7,377.5,1374.6,437.0,1.157616,0.6675,4.0,3.625,4.35,4,3,2,False,True,True,True,True,False,False,True,True,True,False
FIRE+INFRA+ARCTIC+ENV,ABAA,1423.0,395.0,1636.0,396.25,1.003165,0.6675,4.0,3.625,4.35,4,3,3,False,True,True,True,True,False,False,True,True,True,False
FIRE+INFRA+ARCTIC+ENV,ABAB,1409.0,391.25,1571.2,423.5,1.082428,0.6675,4.0,3.625,4.35,4,3,2,False,True,True,True,True,False,False,True,True,True,False
FIRE+INFRA+ARCTIC+ENV,ABAC,1403.4,387.5,1499.2,425.5,1.098065,0.6675,4.0,3.625,4.35,4,3,2,False,True,True,True,True,False,False,True,True,True,False
FIRE+INFRA+ARCTIC+ENV,ABBA,1400.0,388.0,1551.4,440.0,1.134021,0.6675,4.0,3.625,4.35,4,3,2,False,True,True,True,True,False,False,True,True,True,False
FIRE+INFRA+ARCTIC+ENV,ABBB,1386.0,384.25,1486.6,467.25,1.216005,0.6675,4.0,3.625,4.35,4,3,1,False,True,True,True,False,False,False,True,True,True,False
FIRE+INFRA+ARCTIC+ENV,ABBC,1380.4,380.5,1414.6,469.25,1.233246,0.6675,4.0,3.625,4.35,4,3,1,False,True,True,True,False,False,False,True,True,True,False
FIRE+INFRA+ARCTIC+ENV,ABCA,1390.8,381.0,1457.4,444.0,1.165354,0.6675,4.0,3.625,4.35,4,3,2,False,True,True,True,True,False,False,True,True,True,False
FIRE+INFRA+ARCTIC+ENV,ABCB,1376.8,377.25,1392.6,471.25,1.249172,0.6675,4.0,3.625,4.35,4,3,1,False,True,True,True,False,False,False,True,True,True,False
FIRE+INFRA+ARCTIC+ENV,ABCC,1371.2,373.5,1320.6,473.25,1.267068,0.6675,4.0,3.625,4.35,4,3,1,False,True,True,True,False,False,False,True,True,True,False
FIRE+INFRA+ARCTIC+ENV,ACAA,1416.8,391.0,1576.0,403.25,1.03133,0.6675,4.0,3.625,4.35,4,3,3,False,True,True,True,True,False,False,True,True,True,False
FIRE+INFRA+ARCTIC+ENV,ACAB,1402.8,387.25,1511.2,430.5,1.111685,0.6675,4.0,3.625,4.35,4,3,2,False,True,True,True,True,False,False,True,True,True,False
FIRE+INFRA+ARCTIC+ENV,ACAC,1397.2,383.5,1439.2,432.5,1.127771,0.6675,4.0,3.625,4.35,4,3,2,False,True,True,True,True,False,False,True,True,True,False
FIRE+INFRA+ARCTIC+ENV,ACBA,1393.8,384.0,1491.4,447.0,1.164062,0.6675,4.0,3.625,4.35,4,3,2,False,True,True,True,True,False,False,True,True,True,False
FIRE+INFRA+ARCTIC+ENV,ACBB,1379.8,380.25,1426.6,474.25,1.247206,0.6675,4.0,3.625,4.35,4,3,1,False,True,True,True,False,False,False,True,True,True,False
FIRE+INFRA+ARCTIC+ENV,ACBC,1374.2,376.5,1354.6,476.25,1.26494,0.6675,4.0,3.625,4.35,4,3,1,False,True,True,True,False,False,False,True,True,True,False
FIRE+INFRA+ARCTIC+ENV,ACCA,1384.6,377.0,1397.4,451.0,1.196286,0.6675,4.0,3.625,4.35,4,3,2,False,True,True,True,True,False,False,True,True,True,False
FIRE+INFRA+ARCTIC+ENV,ACCB,1370.6,373.25,1332.6,478.25,1.281313,0.6675,4.0,3.625,4.35,4,3,1,False,True,True,True,False,False,False,True,True,True,False
FIRE+INFRA+ARCTIC+ENV,ACCC,1365.0,369.5,1260.6,480.25,1.299729,0.6675,4.0,3.625,4.35,4,3,1,False,True,True,True,False,False,False,True,True,True,False
FIRE+INFRA+ARCTIC+ENV,BAAA,1422.5,394.75,1589.2,360.75,0.91387,0.6675,4.0,3.625,4.35,4,3,3,False,True,True,True,True,False,False,True,True,True,False
FIRE+INFRA+ARCTIC+ENV,BAAB,1408.5,391.0,1524.4,388.0,0.992327,0.6675,4.0,3.625,4.35,4,3,2,False,True,True,True,True,False,False,True,True,True,False
FIRE+INFRA+ARCTIC+ENV,BAAC,1402.9,387.25,1452.4,390.0,1.007101,0.6675,4.0,3.625,4.35,4,3,2,False,True,True,True,True,False,False,True,True,True,False
FIRE+INFRA+ARCTIC+ENV,BABA,1399.5,387.75,1504.6,404.5,1.043198,0.6675,4.0,3.625,4.35,4,3,2,False,True,True,True,True,False,False,True,True,True,False
FIRE+INFRA+ARCTIC+ENV,BABB,1385.5,384.0,1439.8,431.75,1.124349,0.6675,4.0,3.625,4.35,4,3,1,False,True,True,True,False,False,False,True,True,True,False
FIRE+INFRA+ARCTIC+ENV,BABC,1379.9,380.25,1367.8,433.75,1.140697,0.6675,4.0,3.625,4.35,4,3,1,False,True,True,True,False,False,False,True,True,True,False
FIRE+INFRA+ARCTIC+ENV,BACA,1390.3,380.75,1410.6,408.5,1.072882,0.6675,4.0,3.625,4.35,4,3,2,False,True,True,True,True,False,False,True,True,True,False
FIRE+INFRA+ARCTIC+ENV,BACB,1376.3,377.0,1345.8,435.75,1.155836,0.6675,4.0,3.625,4.35,4,3,1,False,True,True,True,False,False,False,True,True,True,False
FIRE+INFRA+ARCTIC+ENV,BACC,1370.7,373.25,1273.8,437.75,1.172806,0.6675,4.0,3.625,4.35,4,3,1,False,True,True,True,False,False,False,True,True,True,False
FIRE+INFRA+ARCTIC+ENV,BBAA,1407.0,390.75,1535.2,397.0,1.015995,0.6675,4.0,3.625,4.35,4,3,2,False,True,True,True,True,False,False,True,True,True,False
FIRE+INFRA+ARCTIC+ENV,BBAB,1393.0,387.0,1470.4,424.25,1.096253,0.6675,4.0,3.625,4.35,4,3,1,False,True,True,True,False,False,False,True,True,True,False
FIRE+INFRA+ARCTIC+ENV,BBAC,1387.4,383.25,1398.4,426.25,1.112198,0.6675,4.0,3.625,4.35,4,3,1,False,True,True,True,False,False,False,True,True,True,False
FIRE+INFRA+ARCTIC+ENV,BBBA,1384.0,383.75,1450.6,440.75,1.148534,0.6675,4.0,3.625,4.35,4,3,1,False,True,True,True,False,False,False,True,True,True,False
FIRE+INFRA+ARCTIC+ENV,BBBB,1370.0,380.0,1385.8,468.0,1.231579,0.6675,4.0,3.625,4.35,4,3,0,False,True,True,True,False,False,False,True,True,True,False
FIRE+INFRA+ARCTIC+ENV,BBBC,1364.4,376.25,1313.8,470.0,1.249169,0.6675,4.0,3.625,4.35,4,3,0,False,True,True,True,False,False,False,True,True,True,False
FIRE+INFRA+ARCTIC+ENV,BBCA,1374.8,376.75,1356.6,444.75,1.180491,0.6675,4.0,3.625,4.35,4,3,1,False,True,True,True,False,False,False,True,True,True,False
FIRE+INFRA+ARCTIC+ENV,BBCB,1360.8,373.0,1291.8,472.0,1.265416,0.6675,4.0,3.625,4.35,4,3,0,False,True,True,True,False,False,False,True,True,True,False
FIRE+INFRA+ARCTIC+ENV,BBCC,1355.2,369.25,1219.8,474.0,1.283683,0.6675,4.0,3.625,4.35,4,3,0,False,True,True,True,False,False,False,True,True,True,False
FIRE+INFRA+ARCTIC+ENV,BCAA,1400.8,386.75,1475.2,404.0,1.044602,0.6675,4.0,3.625,4.35,4,3,2,False,True,True,True,True,False,False,True,True,True,False
FIRE+INFRA+ARCTIC+ENV,BCAB,1386.8,383.0,1410.4,431.25,1.125979,0.6675,4.0,3.625,4.35,4,3,1,False,True,True,True,False,False,False,True,True,True,False
FIRE+INFRA+ARCTIC+ENV,BCAC,1381.2,379.25,1338.4,433.25,1.142386,0.6675,4.0,3.625,4.35,4,3,1,False,True,True,True,False,False,False,True,True,True,False
FIRE+INFRA+ARCTIC+ENV,BCBA,1377.8,379.75,1390.6,447.75,1.179065,0.6675,4.0,3.625,4.35,4,3,1,False,True,True,True,False,False,False,True,True,True,False
FIRE+INFRA+ARCTIC+ENV,BCBB,1363.8,376.0,1325.8,475.0,1.263298,0.6675,4.0,3.625,4.35,4,3,0,False,True,True,True,False,False,False,True,True,True,False
FIRE+INFRA+ARCTIC+ENV,BCBC,1358.2,372.25,1253.8,477.0,1.281397,0.6675,4.0,3.625,4.35,4,3,0,False,True,True,True,False,False,False,True,True,True,False
FIRE+INFRA+ARCTIC+ENV,BCCA,1368.6,372.75,1296.6,451.75,1.211938,0.6675,4.0,3.625,4.35,4,3,1,False,True,True,True,False,False,False,True,True,True,False
FIRE+INFRA+ARCTIC+ENV,BCCB,1354.6,369.0,1231.8,479.0,1.298103,0.6675,4.0,3.625,4.35,4,3,0,False,True,True,True,False,False,False,True,True,True,False
FIRE+INFRA+ARCTIC+ENV,BCCC,1349.0,365.25,1159.8,481.0,1.316906,0.6675,4.0,3.625,4.35,4,3,0,False,True,True,True,False,False,False,True,True,True,False
FIRE+INFRA+ARCTIC+ENV,CAAA,1416.1,390.5,1477.2,343.25,0.879001,0.6675,4.0,3.625,4.35,4,3,3,False,True,True,True,True,False,False,True,True,True,False
FIRE+INFRA+ARCTIC+ENV,CAAB,1402.1,386.75,1412.4,370.5,0.957983,0.6675,4.0,3.625,4.35,4,3,2,False,True,True,True,True,False,False,True,True,True,False
FIRE+INFRA+ARCTIC+ENV,CAAC,1396.5,383.0,1340.4,372.5,0.972585,0.6675,4.0,3.625,4.35,4,3,2,False,True,True,True,True,False,False,True,True,True,False
FIRE+INFRA+ARCTIC+ENV,CABA,1393.1,383.5,1392.6,387.0,1.009126,0.6675,4.0,3.625,4.35,4,3,2,False,True,True,True,True,False,False,True,True,True,False
FIRE+INFRA+ARCTIC+ENV,CABB,1379.1,379.75,1327.8,414.25,1.090849,0.6675,4.0,3.625,4.35,4,3,1,False,True,True,True,False,False,False,True,True,True,False
FIRE+INFRA+ARCTIC+ENV,CABC,1373.5,376.0,1255.8,416.25,1.107048,0.6675,4.0,3.625,4.35,4,3,1,False,True,True,True,False,False,False,True,True,True,False
FIRE+INFRA+ARCTIC+ENV,CACA,1383.9,376.5,1298.6,391.0,1.038513,0.6675,4.0,3.625,4.35,4,3,2,False,True,True,True,True,False,False,True,True,True,False
FIRE+INFRA+ARCTIC+ENV,CACB,1369.9,372.75,1233.8,418.25,1.122066,0.6675,4.0,3.625,4.35,4,3,1,False,True,True,True,False,False,False,True,True,True,False
FIRE+INFRA+ARCTIC+ENV,CACC,1364.3,369.0,1161.8,420.25,1.138889,0.6675,4.0,3.625,4.35,4,3,1,False,True,True,True,False,False,False,True,True,True,False
FIRE+INFRA+ARCTIC+ENV,CBAA,1400.6,386.5,1423.2,379.5,0.981889,0.6675,4.0,3.625,4.35,4,3,2,False,True,True,True,True,False,False,True,True,True,False
FIRE+INFRA+ARCTIC+ENV,CBAB,1386.6,382.75,1358.4,406.75,1.062704,0.6675,4.0,3.625,4.35,4,3,1,False,True,True,True,False,False,False,True,True,True,False
FIRE+INFRA+ARCTIC+ENV,CBAC,1381.0,379.0,1286.4,408.75,1.078496,0.6675,4.0,3.625,4.35,4,3,1,False,True,True,True,False,False,False,True,True,True,False
FIRE+INFRA+ARCTIC+ENV,CBBA,1377.6,379.5,1338.6,423.25,1.115283,0.6675,4.0,3.625,4.35,4,3,1,False,True,True,True,False,False,False,True,True,True,False
FIRE+INFRA+ARCTIC+ENV,CBBB,1363.6,375.75,1273.8,450.5,1.198935,0.6675,4.0,3.625,4.35,4,3,0,False,True,True,True,False,False,False,True,True,True,False
FIRE+INFRA+ARCTIC+ENV,CBBC,1358.0,372.0,1201.8,452.5,1.216398,0.6675,4.0,3.625,4.35,4,3,0,False,True,True,True,False,False,False,True,True,True,False
FIRE+INFRA+ARCTIC+ENV,CBCA,1368.4,372.5,1244.6,427.25,1.14698,0.6675,4.0,3.625,4.35,4,3,1,False,True,True,True,False,False,False,True,True,True,False
FIRE+INFRA+ARCTIC+ENV,CBCB,1354.4,368.75,1179.8,454.5,1.232542,0.6675,4.0,3.625,4.35,4,3,0,False,True,True,True,False,False,False,True,True,True,False
FIRE+INFRA+ARCTIC+ENV,CBCC,1348.8,365.0,1107.8,456.5,1.250685,0.6675,4.0,3.625,4.35,4,3,0,False,True,True,True,False,False,False,True,True,True,False
FIRE+INFRA+ARCTIC+ENV,CCAA,1394.4,382.5,1363.2,386.5,1.010458,0.6675,4.0,3.625,4.35,4,3,2,False,True,True,True,True,False,False,True,True,True,False
FIRE+INFRA+ARCTIC+ENV,CCAB,1380.4,378.75,1298.4,413.75,1.092409,0.6675,4.0,3.625,4.35,4,3,1,False,True,True,True,False,False,False,True,True,True,False
FIRE+INFRA+ARCTIC+ENV,CCAC,1374.8,375.0,1226.4,415.75,1.108667,0.6675,4.0,3.625,4.35,4,3,1,False,True,True,True,False,False,False,True,True,True,False
FIRE+INFRA+ARCTIC+ENV,CCBA,1371.4,375.5,1278.6,430.25,1.145806,0.6675,4.0,3.625,4.35,4,3,1,False,True,True,True,False,False,False,True,True,True,False
FIRE+INFRA+ARCTIC+ENV,CCBB,1357.4,371.75,1213.8,457.5,1.230666,0.6675,4.0,3.625,4.35,4,3,0,False,True,True,True,False,False,False,True,True,True,False
FIRE+INFRA+ARCTIC+ENV,CCBC,1351.8,368.0,1141.8,459.5,1.248641,0.6675,4.0,3.625,4.35,4,3,0,False,True,True,True,False,False,False,True,True,True,False
FIRE+INFRA+ARCTIC+ENV,CCCA,1362.2,368.5,1184.6,434.25,1.178426,0.6675,4.0,3.625,4.35,4,3,1,False,True,True,True,False,False,False,True,True,True,False
FIRE+INFRA+ARCTIC+ENV,CCCB,1348.2,364.75,1119.8,461.5,1.26525,0.6675,4.0,3.625,4.35,4,3,0,False,True,True,True,False,False,False,True,True,True,False
FIRE+INFRA+ARCTIC+ENV,CCCC,1342.6,361.0,1047.8,463.5,1.283934,0.6675,4.0,3.625,4.35,4,3,0,False,True,True,True,False,False,False,True,True,True,False
FIRE+INFRA+ARCTIC+SSA,AAAA,1491.0,420.0,1670.0,373.75,0.889881,0.645,3.8,3.35,4.4,3,4,4,False,True,True,True,True,False,False,True,True,True,False
FIRE+INFRA+ARCTIC+SSA,AAAB,1474.5,415.25,1608.8,405.75,0.977122,0.645,3.8,3.35,4.4,3,4,3,False,True,True,True,True,False,False,True,True,True,False
FIRE+INFRA+ARCTIC+SSA,AAAC,1467.9,410.5,1540.8,408.0,0.99391,0.645,3.8,3.35,4.4,3,4,3,False,True,True,True,True,False,False,True,True,True,False
FIRE+INFRA+ARCTIC+SSA,AABA,1468.0,413.0,1585.4,417.5,1.010896,0.645,3.8,3.35,4.4,3,4,3,False,True,True,True,True,False,False,True,True,True,False
FIRE+INFRA+ARCTIC+SSA,AABB,1451.5,408.25,1524.2,449.5,1.101041,0.645,3.8,3.35,4.4,3,4,2,False,True,True,True,True,False,False,True,True,True,False
FIRE+INFRA+ARCTIC+SSA,AABC,1444.9,403.5,1456.2,451.75,1.119579,0.645,3.8,3.35,4.4,3,4,2,False,True,True,True,True,False,False,True,True,True,False
FIRE+INFRA+ARCTIC+SSA,AACA,1458.8,406.0,1491.4,421.5,1.038177,0.645,3.8,3.35,4.4,3,4,3,False,True,True,True,True,False,False,True,True,True,False
FIRE+INFRA+ARCTIC+SSA,AACB,1442.3,401.25,1430.2,453.5,1.130218,0.645,3.8,3.35,4.4,3,4,2,False,True,True,True,True,False,False,True,True,True,False
FIRE+INFRA+ARCTIC+SSA,AACC,1435.7,396.5,1362.2,455.75,1.149433,0.645,3.8,3.35,4.4,3,4,2,False,True,True,True,True,False,False,True,True,True,False
FIRE+INFRA+ARCTIC+SSA,ABAA,1475.5,416.0,1616.0,410.0,0.985577,0.645,3.8,3.35,4.4,3,4,3,False,True,True,True,True,False,False,True,True,True,False
FIRE+INFRA+ARCTIC+SSA,ABAB,1459.0,411.25,1554.8,442.0,1.074772,0.645,3.8,3.35,4.4,3,4,2,False,True,True,True,True,False,False,True,True,True,False
FIRE+INFRA+ARCTIC+SSA,ABAC,1452.4,406.5,1486.8,444.25,1.092866,0.645,3.8,3.35,4.4,3,4,2,False,True,True,True,True,False,False,True,True,True,False
FIRE+INFRA+ARCTIC+SSA,ABBA,1452.5,409.0,1531.4,453.75,1.109413,0.645,3.8,3.35,4.4,3,4,2,False,True,True,True,True,False,False,True,True,True,False
FIRE+INFRA+ARCTIC+SSA,ABBB,1436.0,404.25,1470.2,485.75,1.201608,0.645,3.8,3.35,4.4,3,4,1,False,True,True,True,False,False,False,True,True,True,False
FIRE+INFRA+ARCTIC+SSA,ABBC,1429.4,399.5,1402.2,488.0,1.221527,0.645,3.8,3.35,4.4,3,4,1,False,True,True,True,False,False,False,True,True,True,False
FIRE+INFRA+ARCTIC+SSA,ABCA,1443.3,402.0,1437.4,457.75,1.138682,0.645,3.8,3.35,4.4,3,4,2,False,True,True,True,True,False,False,True,True,True,False
FIRE+INFRA+ARCTIC+SSA,ABCB,1426.8,397.25,1376.2,489.75,1.232851,0.645,3.8,3.35,4.4,3,4,1,False,True,True,True,False,False,False,True,True,True,False
FIRE+INFRA+ARCTIC+SSA,ABCC,1420.2,392.5,1308.2,492.0,1.253503,0.645,3.8,3.35,4.4,3,4,1,False,True,True,True,False,False,False,True,True,True,False
FIRE+INFRA+ARCTIC+SSA,ACAA,1469.3,412.0,1556.0,417.0,1.012136,0.645,3.8,3.35,4.4,3,4,3,False,True,True,True,True,False,False,True,True,True,False
FIRE+INFRA+ARCTIC+SSA,ACAB,1452.8,407.25,1494.8,449.0,1.102517,0.645,3.8,3.35,4.4,3,4,2,False,True,True,True,True,False,False,True,True,True,False
FIRE+INFRA+ARCTIC+SSA,ACAC,1446.2,402.5,1426.8,451.25,1.121118,0.645,3.8,3.35,4.4,3,4,2,False,True,True,True,True,False,False,True,True,True,False
FIRE+INFRA+ARCTIC+SSA,ACBA,1446.3,405.0,1471.4,460.75,1.137654,0.645,3.8,3.35,4.4,3,4,2,False,True,True,True,True,False,False,True,True,True,False
FIRE+INFRA+ARCTIC+SSA,ACBB,1429.8,400.25,1410.2,492.75,1.231106,0.645,3.8,3.35,4.4,3,4,1,False,True,True,True,False,False,False,True,True,True,False
FIRE+INFRA+ARCTIC+SSA,ACBC,1423.2,395.5,1342.2,495.0,1.25158,0.645,3.8,3.35,4.4,3,4,1,False,True,True,True,False,False,False,True,True,True,False
FIRE+INFRA+ARCTIC+SSA,ACCA,1437.1,398.0,1377.4,464.75,1.167714,0.645,3.8,3.35,4.4,3,4,2,False,True,True,True,True,False,False,True,True,True,False
FIRE+INFRA+ARCTIC+SSA,ACCB,1420.6,393.25,1316.2,496.75,1.263191,0.645,3.8,3.35,4.4,3,4,1,False,True,True,True,False,False,False,True,True,True,False
FIRE+INFRA+ARCTIC+SSA,ACCC,1414.0,388.5,1248.2,499.0,1.284427,0.645,3.8,3.35,4.4,3,4,1,False,True,True,True,False,False,False,True,True,True,False
FIRE+INFRA+ARCTIC+SSA,BAAA,1475.0,415.75,1569.2,374.5,0.900782,0.645,3.8,3.35,4.4,3,4,3,False,True,True,True,True,False,False,True,True,True,False
FIRE+INFRA+ARCTIC+SSA,BAAB,1458.5,411.0,1508.0,406.5,0.989051,0.645,3.8,3.35,4.4,3,4,2,False,True,True,True,True,False,False,True,True,True,False
FIRE+INFRA+ARCTIC+SSA,BAAC,1451.9,406.25,1440.0,408.75,1.006154,0.645,3.8,3.35,4.4,3,4,2,False,True,True,True,True,False,False,True,True,True,False
FIRE+INFRA+ARCTIC+SSA,BABA,1452.0,408.75,1484.6,418.25,1.023242,0.645,3.8,3.35,4.4,3,4,2,False,True,True,True,True,False,False,True,True,True,False
FIRE+INFRA+ARCTIC+SSA,BABB,1435.5,404.0,1423.4,450.25,1.11448,0.645,3.8,3.35,4.4,3,4,1,False,True,True,True,False,False,False,True,True,True,False
FIRE+INFRA+ARCTIC+SSA,BABC,1428.9,399.25,1355.4,452.5,1.133375,0.645,3.8,3.35,4.4,3,4,1,False,True,True,True,False,False,False,True,True,True,False
FIRE+INFRA+ARCTIC+SSA,BACA,1442.8,401.75,1390.6,422.25,1.051027,0.645,3.8,3.35,4.4,3,4,2,False,True,True,True,True,False,False,True,True,True,False
FIRE+INFRA+ARCTIC+SSA,BACB,1426.3,397.0,1329.4,454.25,1.144207,0.645,3.8,3.35,4.4,3,4,1,False,True,True,True,False,False,False,True,True,True,False
FIRE+INFRA+ARCTIC+SSA,BACC,1419.7,392.25,1261.4,456.5,1.163799,0.645,3.8,3.35,4.4,3,4,1,False,True,True,True,False,False,False,True,True,True,False
FIRE+INFRA+ARCTIC+SSA,BBAA,1459.5,411.75,1515.2,410.75,0.997571,0.645,3.8,3.35,4.4,3,4,2,False,True,True,True,True,False,False,True,True,True,False
FIRE+INFRA+ARCTIC+SSA,BBAB,1443.0,407.0,1454.0,442.75,1.087838,0.645,3.8,3.35,4.4,3,4,1,False,True,True,True,False,False,False,True,True,True,False
FIRE+INFRA+ARCTIC+SSA,BBAC,1436.4,402.25,1386.0,445.0,1.106277,0.645,3.8,3.35,4.4,3,4,1,False,True,True,True,False,False,False,True,True,True,False
FIRE+INFRA+ARCTIC+SSA,BBBA,1436.5,404.75,1430.6,454.5,1.122915,0.645,3.8,3.35,4.4,3,4,1,False,True,True,True,False,False,False,True,True,True,False
FIRE+INFRA+ARCTIC+SSA,BBBB,1420.0,400.0,1369.4,486.5,1.21625,0.645,3.8,3.35,4.4,3,4,0,False,True,True,True,False,False,False,True,True,True,False
FIRE+INFRA+ARCTIC+SSA,BBBC,1413.4,395.25,1301.4,488.75,1.236559,0.645,3.8,3.35,4.4,3,4,0,False,True,True,True,False,False,False,True,True,True,False
FIRE+INFRA+ARCTIC+SSA,BBCA,1427.3,397.75,1336.6,458.5,1.152734,0.645,3.8,3.35,4.4,3,4,1,False,True,True,True,False,False,False,True,True,True,False
FIRE+INFRA+ARCTIC+SSA,BBCB,1410.8,393.0,1275.4,490.5,1.248092,0.645,3.8,3.35,4.4,3,4,0,False,True,True,True,False,False,False,True,True,True,False
FIRE+INFRA+ARCTIC+SSA,BBCC,1404.2,388.25,1207.4,492.75,1.269156,0.645,3.8,3.35,4.4,3,4,0,False,True,True,True,False,False,False,True,True,True,False
FIRE+INFRA+ARCTIC+SSA,BCAA,1453.3,407.75,1455.2,417.75,1.024525,0.645,3.8,3.35,4.4,3,4,2,False,True,True,True,True,False,False,True,True,True,False
FIRE+INFRA+ARCTIC+SSA,BCAB,1436.8,403.0,1394.0,449.75,1.116005,0.645,3.8,3.35,4.4,3,4,1,False,True,True,True,False,False,False,True,True,True,False
FIRE+INFRA+ARCTIC+SSA,BCAC,1430.2,398.25,1326.0,452.0,1.134965,0.645,3.8,3.35,4.4,3,4,1,False,True,True,True,False,False,False,True,True,True,False
FIRE+INFRA+ARCTIC+SSA,BCBA,1430.3,400.75,1370.6,461.5,1.151591,0.645,3.8,3.35,4.4,3,4,1,False,True,True,True,False,False,False,True,True,True,False
FIRE+INFRA+ARCTIC+SSA,BCBB,1413.8,396.0,1309.4,493.5,1.246212,0.645,3.8,3.35,4.4,3,4,0,False,True,True,True,False,False,False,True,True,True,False
FIRE+INFRA+ARCTIC+SSA,BCBC,1407.2,391.25,1241.4,495.75,1.267093,0.645,3.8,3.35,4.4,3,4,0,False,True,True,True,False,False,False,True,True,True,False
FIRE+INFRA+ARCTIC+SSA,BCCA,1421.1,393.75,1276.6,465.5,1.182222,0.645,3.8,3.35,4.4,3,4,1,False,True,True,True,False,False,False,True,True,True,False
FIRE+INFRA+ARCTIC+SSA,BCCB,1404.6,389.0,1215.4,497.5,1.27892,0.645,3.8,3.35,4.4,3,4,0,False,True,True,True,False,False,False,True,True,True,False
FIRE+INFRA+ARCTIC+SSA,BCCC,1398.0,384.25,1147.4,499.75,1.300586,0.645,3.8,3.35,4.4,3,4,0,False,True,True,True,False,False,False,True,True,True,False
FIRE+INFRA+ARCTIC+SSA,CAAA,1468.6,411.5,1457.2,357.0,0.867558,0.645,3.8,3.35,4.4,3,4,3,False,True,True,True,True,False,False,True,True,True,False
FIRE+INFRA+ARCTIC+SSA,CAAB,1452.1,406.75,1396.0,389.0,0.956361,0.645,3.8,3.35,4.4,3,4,2,False,True,True,True,True,False,False,True,True,True,False
FIRE+INFRA+ARCTIC+SSA,CAAC,1445.5,402.0,1328.0,391.25,0.973259,0.645,3.8,3.35,4.4,3,4,2,False,True,True,True,True,False,False,True,True,True,False
FIRE+INFRA+ARCTIC+SSA,CABA,1445.6,404.5,1372.6,400.75,0.990729,0.645,3.8,3.35,4.4,3,4,2,False,True,True,True,True,False,False,True,True,True,False
FIRE+INFRA+ARCTIC+SSA,CABB,1429.1,399.75,1311.4,432.75,1.082552,0.645,3.8,3.35,4.4,3,4,1,False,True,True,True,False,False,False,True,True,True,False
FIRE+INFRA+ARCTIC+SSA,CABC,1422.5,395.0,1243.4,435.0,1.101266,0.645,3.8,3.35,4.4,3,4,1,False,True,True,True,False,False,False,True,True,True,False
FIRE+INFRA+ARCTIC+SSA,CACA,1436.4,397.5,1278.6,404.75,1.018239,0.645,3.8,3.35,4.4,3,4,2,False,True,True,True,True,False,False,True,True,True,False
FIRE+INFRA+ARCTIC+SSA,CACB,1419.9,392.75,1217.4,436.75,1.112031,0.645,3.8,3.35,4.4,3,4,1,False,True,True,True,False,False,False,True,True,True,False
FIRE+INFRA+ARCTIC+SSA,CACC,1413.3,388.0,1149.4,439.0,1.131443,0.645,3.8,3.35,4.4,3,4,1,False,True,True,True,False,False,False,True,True,True,False
FIRE+INFRA+ARCTIC+SSA,CBAA,1453.1,407.5,1403.2,393.25,0.965031,0.645,3.8,3.35,4.4,3,4,2,False,True,True,True,True,False,False,True,True,True,False
FIRE+INFRA+ARCTIC+SSA,CBAB,1436.6,402.75,1342.0,425.25,1.055866,0.645,3.8,3.35,4.4,3,4,1,False,True,True,True,False,False,False,True,True,True,False
FIRE+INFRA+ARCTIC+SSA,CBAC,1430.0,398.0,1274.0,427.5,1.074121,0.645,3.8,3.35,4.4,3,4,1,False,True,True,True,False,False,False,True,True,True,False
FIRE+INFRA+ARCTIC+SSA,CBBA,1430.1,400.5,1318.6,437.0,1.091136,0.645,3.8,3.35,4.4,3,4,1,False,True,True,True,False,False,False,True,True,True,False
FIRE+INFRA+ARCTIC+SSA,CBBB,1413.6,395.75,1257.4,469.0,1.185092,0.645,3.8,3.35,4.4,3,4,0,False,True,True,True,False,False,False,True,True,True,False
FIRE+INFRA+ARCTIC+SSA,CBBC,1407.0,391.0,1189.4,471.25,1.205243,0.645,3.8,3.35,4.4,3,4,0,False,True,True,True,False,False,False,True,True,True,False
FIRE+INFRA+ARCTIC+SSA,CBCA,1420.9,393.5,1224.6,441.0,1.120712,0.645,3.8,3.35,4.4,3,4,1,False,True,True,True,False,False,False,True,True,True,False
FIRE+INFRA+ARCTIC+SSA,CBCB,1404.4,388.75,1163.4,473.0,1.21672,0.645,3.8,3.35,4.4,3,4,0,False,True,True,True,False,False,False,True,True,True,False
FIRE+INFRA+ARCTIC+SSA,CBCC,1397.8,384.0,1095.4,475.25,1.23763,0.645,3.8,3.35,4.4,3,4,0,False,True,True,True,False,False,False,True,True,True,False
FIRE+INFRA+ARCTIC+SSA,CCAA,1446.9,403.5,1343.2,400.25,0.991945,0.645,3.8,3.35,4.4,3,4,2,False,True,True,True,True,False,False,True,True,True,False
FIRE+INFRA+ARCTIC+SSA,CCAB,1430.4,398.75,1282.0,432.25,1.084013,0.645,3.8,3.35,4.4,3,4,1,False,True,True,True,False,False,False,True,True,True,False
FIRE+INFRA+ARCTIC+SSA,CCAC,1423.8,394.0,1214.0,434.5,1.102792,0.645,3.8,3.35,4.4,3,4,1,False,True,True,True,False,False,False,True,True,True,False
FIRE+INFRA+ARCTIC+SSA,CCBA,1423.9,396.5,1258.6,444.0,1.119798,0.645,3.8,3.35,4.4,3,4,1,False,True,True,True,False,False,False,True,True,True,False
FIRE+INFRA+ARCTIC+SSA,CCBB,1407.4,391.75,1197.4,476.0,1.215061,0.645,3.8,3.35,4.4,3,4,0,False,True,True,True,False,False,False,True,True,True,False
FIRE+INFRA+ARCTIC+SSA,CCBC,1400.8,387.0,1129.4,478.25,1.235788,0.645,3.8,3.35,4.4,3,4,0,False,True,True,True,False,False,False,True,True,True,False
FIRE+INFRA+ARCTIC+SSA,CCCA,1414.7,389.5,1164.6,448.0,1.150193,0.645,3.8,3.35,4.4,3,4,1,False,True,True,True,False,False,False,True,True,True,False
FIRE+INFRA+ARCTIC+SSA,CCCB,1398.2,384.75,1103.4,480.0,1.247563,0.645,3.8,3.35,4.4,3,4,0,False,True,True,True,False,False,False,True,True,True,False
FIRE+INFRA+ARCTIC+SSA,CCCC,1391.6,380.0,1035.4,482.25,1.269079,0.645,3.8,3.35,4.4,3,4,0,False,True,True,True,False,False,False,True,True,True,False
FIRE+INFRA+TRANS+ENV,AAAA,1218.0,325.5,1440.0,310.0,0.952381,0.7225,4.4,4.025,4.625,4,2,4,True,True,True,True,True,True,True,True,True,True,False
FIRE+INFRA+TRANS+ENV,AAAB,1204.0,321.75,1375.2,337.25,1.048174,0.7225,4.4,4.025,4.625,4,2,3,True,True,True,True,True,True,True,True,True,True,False
FIRE+INFRA+TRANS+ENV,AAAC,1198.4,318.0,1303.2,339.25,1.066824,0.7225,4.4,4.025,4.625,4,2,3,True,True,True,True,True,True,True,True,True,True,False
FIRE+INFRA+TRANS+ENV,AABA,1205.5,322.0,1400.4,343.75,1.067547,0.7225,4.4,4.025,4.625,4,2,3,True,True,True,True,True,True,True,True,True,True,False
FIRE+INFRA+TRANS+ENV,AABB,1191.5,318.25,1335.6,371.0,1.16575,0.7225,4.4,4.025,4.625,4,2,2,True,True,True,True,True,True,True,True,True,True,False
FIRE+INFRA+TRANS+ENV,AABC,1185.9,314.5,1263.6,373.0,1.18601,0.7225,4.4,4.025,4.625,4,2,2,True,True,True,True,True,True,True,True,True,True,False
FIRE+INFRA+TRANS+ENV,AACA,1200.5,318.5,1356.4,351.75,1.104396,0.7225,4.4,4.025,4.625,4,2,3,True,True,True,True,True,True,True,True,True,True,False
FIRE+INFRA+TRANS+ENV,AACB,1186.5,314.75,1291.6,379.0,1.20413,0.7225,4.4,4.025,4.625,4,2,2,True,True,True,True,True,True,True,True,True,True,False
FIRE+INFRA+TRANS+ENV,AACC,1180.9,311.0,1219.6,381.0,1.22508,0.7225,4.4,4.025,4.625,4,2,2,True,True,True,True,True,True,True,True,True,True,False
FIRE+INFRA+TRANS+ENV,ABAA,1202.5,321.5,1386.0,346.25,1.076983,0.7225,4.4,4.025,4.625,4,2,3,True,True,True,True,True,True,True,True,True,True,False
FIRE+INFRA+TRANS+ENV,ABAB,1188.5,317.75,1321.2,373.5,1.175452,0.7225,4.4,4.025,4.625,4,2,2,True,True,True,True,True,True,True,True,True,True,False
FIRE+INFRA+TRANS+ENV,ABAC,1182.9,314.0,1249.2,375.5,1.19586,0.7225,4.4,4.025,4.625,4,2,2,True,True,True,True,True,True,True,True,True,True,False
FIRE+INFRA+TRANS+ENV,ABBA,1190.0,318.0,1346.4,380.0,1.194969,0.7225,4.4,4.025,4.625,4,2,2,True,True,True,True,True,True,True,True,True,True,False
FIRE+INFRA+TRANS+ENV,ABBB,1176.0,314.25,1281.6,407.25,1.295943,0.7225,4.4,4.025,4.625,4,2,1,False,True,True,True,False,True,True,True,True,True,False
FIRE+INFRA+TRANS+ENV,ABBC,1170.4,310.5,1209.6,409.25,1.318035,0.7225,4.4,4.025,4.625,4,2,1,False,True,True,True,False,True,True,True,True,True,False
FIRE+INFRA+TRANS+ENV,ABCA,1185.0,314.5,1302.4,388.0,1.233704,0.7225,4.4,4.025,4.625,4,2,2,True,True,True,True,True,True,True,True,True,True,False
FIRE+INFRA+TRANS+ENV,ABCB,1171.0,310.75,1237.6,415.25,1.336283,0.7225,4.4,4.025,4.625,4,2,1,False,True,True,True,False,True,True,True,True,True,False
FIRE+INFRA+TRANS+ENV,ABCC,1165.4,307.0,1165.6,417.25,1.359121,0.7225,4.4,4.025,4.625,4,2,1,False,True,True,True,False,True,True,True,True,True,False
FIRE+INFRA+TRANS+ENV,ACAA,1196.3,317.5,1326.0,353.25,1.112598,0.7225,4.4,4.025,4.625,4,2,3,True,True,True,True,True,True,True,True,True,True,False
FIRE+INFRA+TRANS+ENV,ACAB,1182.3,313.75,1261.2,380.5,1.212749,0.7225,4.4,4.025,4.625,4,2,2,True,True,True,True,True,True,True,True,True,True,False
FIRE+INFRA+TRANS+ENV,ACAC,1176.7,310.0,1189.2,382.5,1.233871,0.7225,4.4,4.025,4.625,4,2,2,True,True,True,True,True,True,True,True,True,True,True
FIRE+INFRA+TRANS+ENV,ACBA,1183.8,314.0,1286.4,387.0,1.232484,0.7225,4.4,4.025,4.625,4,2,2,True,True,True,True,True,True,True,True,True,True,False
FIRE+INFRA+TRANS+ENV,ACBB,1169.8,310.25,1221.6,414.25,1.335214,0.7225,4.4,4.025,4.625,4,2,1,False,True,True,True,False,True,True,True,True,True,False
FIRE+INFRA+TRANS+ENV,ACBC,1164.2,306.5,1149.6,416.25,1.358075,0.7225,4.4,4.025,4.625,4,2,1,False,True,True,True,False,True,True,True,True,True,False
FIRE+INFRA+TRANS+ENV,ACCA,1178.8,310.5,1242.4,395.0,1.272142,0.7225,4.4,4.025,4.625,4,2,2,True,True,True,True,True,True,True,True,True,True,True
FIRE+INFRA+TRANS+ENV,ACCB,1164.8,306.75,1177.6,422.25,1.376528,0.7225,4.4,4.025,4.625,4,2,1,False,True,True,True,False,True,True,True,True,True,False
FIRE+INFRA+TRANS+ENV,ACCC,1159.2,303.0,1105.6,424.25,1.400165,0.7225,4.4,4.025,4.625,4,2,1,False,True,True,True,False,True,True,True,True,True,False
FIRE+INFRA+TRANS+ENV,BAAA,1202.0,321.25,1339.2,310.75,0.967315,0.7225,4.4,4.025,4.625,4,2,3,True,True,True,True,True,True,True,True,True,True,False
FIRE+INFRA+TRANS+ENV,BAAB,1188.0,317.5,1274.4,338.0,1.064567,0.7225,4.4,4.025,4.625,4,2,2,True,True,True,True,True,True,True,True,True,True,False
FIRE+INFRA+TRANS+ENV,BAAC,1182.4,313.75,1202.4,340.0,1.083665,0.7225,4.4,4.025,4.625,4,2,2,True,True,True,True,True,True,True,True,True,True,False
FIRE+INFRA+TRANS+ENV,BABA,1189.5,317.75,1299.6,344.5,1.084186,0.7225,4.4,4.025,4.625,4,2,2,True,True,True,True,True,True,True,True,True,True,False
FIRE+INFRA+TRANS+ENV,BABB,1175.5,314.0,1234.8,371.75,1.183917,0.7225,4.4,4.025,4.625,4,2,1,False,True,True,True,False,True,True,True,True,True,False
FIRE+INFRA+TRANS+ENV,BABC,1169.9,310.25,1162.8,373.75,1.204674,0.7225,4.4,4.025,4.625,4,2,1,False,True,True,True,False,True,True,True,True,True,False
FIRE+INFRA+TRANS+ENV,BACA,1184.5,314.25,1255.6,352.5,1.121718,0.7225,4.4,4.025,4.625,4,2,2,True,True,True,True,True,True,True,True,True,True,False
FIRE+INFRA+TRANS+ENV,BACB,1170.5,310.5,1190.8,379.75,1.223027,0.7225,4.4,4.025,4.625,4,2,1,False,True,True,True,False,True,True,True,True,True,False
FIRE+INFRA+TRANS+ENV,BACC,1164.9,306.75,1118.8,381.75,1.244499,0.7225,4.4,4.025,4.625,4,2,1,False,True,True,True,False,True,True,True,True,True,False
FIRE+INFRA+TRANS+ENV,BBAA,1186.5,317.25,1285.2,347.0,1.093775,0.7225,4.4,4.025,4.625,4,2,2,True,True,True,True,True,True,True,True,True,True,False
FIRE+INFRA+TRANS+ENV,BBAB,1172.5,313.5,1220.4,374.25,1.19378,0.7225,4.4,4.025,4.625,4,2,1,False,True,True,True,False,True,True,True,True,True,False
FIRE+INFRA+TRANS+ENV,BBAC,1166.9,309.75,1148.4,376.25,1.214689,0.7225,4.4,4.025,4.625,4,2,1,False,True,True,True,False,True,True,True,True,True,False
FIRE+INFRA+TRANS+ENV,BBBA,1174.0,313.75,1245.6,380.75,1.213546,0.7225,4.4,4.025,4.625,4,2,1,False,True,True,True,False,True,True,True,True,True,False
FIRE+INFRA+TRANS+ENV,BBBB,1160.0,310.0,1180.8,408.0,1.316129,0.7225,4.4,4.025,4.625,4,2,0,False,True,True,True,False,True,True,True,True,True,False
FIRE+INFRA+TRANS+ENV,BBBC,1154.4,306.25,1108.8,410.0,1.338776,0.7225,4.4,4.025,4.625,4,2,0,False,True,True,True,False,True,True,True,True,True,False
FIRE+INFRA+TRANS+ENV,BBCA,1169.0,310.25,1201.6,388.75,1.253022,0.7225,4.4,4.025,4.625,4,2,1,False,True,True,True,False,True,True,True,True,True,False
FIRE+INFRA+TRANS+ENV,BBCB,1155.0,306.5,1136.8,416.0,1.357259,0.7225,4.4,4.025,4.625,4,2,0,False,True,True,True,False,True,True,True,True,True,False
FIRE+INFRA+TRANS+ENV,BBCC,1149.4,302.75,1064.8,418.0,1.380677,0.7225,4.4,4.025,4.625,4,2,0,False,True,True,True,False,True,True,True,True,True,False
FIRE+INFRA+TRANS+ENV,BCAA,1180.3,313.25,1225.2,354.0,1.130088,0.7225,4.4,4.025,4.625,4,2,2,True,True,True,True,True,True,True,True,True,True,False
FIRE+INFRA+TRANS+ENV,BCAB,1166.3,309.5,1160.4,381.25,1.231826,0.7225,4.4,4.025,4.625,4,2,1,False,True,True,True,False,True,True,True,True,True,False
FIRE+INFRA+TRANS+ENV,BCAC,1160.7,305.75,1088.4,383.25,1.253475,0.7225,4.4,4.025,4.625,4,2,1,False,True,True,True,False,True,True,True,True,True,False
FIRE+INFRA+TRANS+ENV,BCBA,1167.8,309.75,1185.6,387.75,1.251816,0.7225,4.4,4.025,4.625,4,2,1,False,True,True,True,False,True,True,True,True,True,False
FIRE+INFRA+TRANS+ENV,BCBB,1153.8,306.0,1120.8,415.0,1.356209,0.7225,4.4,4.025,4.625,4,2,0,False,True,True,True,False,True,True,True,True,True,False
FIRE+INFRA+TRANS+ENV,BCBC,1148.2,302.25,1048.8,417.0,1.379653,0.7225,4.4,4.025,4.625,4,2,0,False,True,True,True,False,True,True,True,True,True,False
FIRE+INFRA+TRANS+ENV,BCCA,1162.8,306.25,1141.6,395.75,1.292245,0.7225,4.4,4.025,4.625,4,2,1,False,True,True,True,False,True,True,True,True,True,False
FIRE+INFRA+TRANS+ENV,BCCB,1148.8,302.5,1076.8,423.0,1.398347,0.7225,4.4,4.025,4.625,4,2,0,False,True,True,True,False,True,True,True,True,True,False
FIRE+INFRA+TRANS+ENV,BCCC,1143.2,298.75,1004.8,425.0,1.422594,0.7225,4.4,4.025,4.625,4,2,0,False,True,True,True,False,True,True,True,True,True,False
FIRE+INFRA+TRANS+ENV,CAAA,1195.6,317.0,1227.2,293.25,0.925079,0.7225,4.4,4.025,4.625,4,2,3,True,True,True,True,True,True,True,True,True,True,False
FIRE+INFRA+TRANS+ENV,CAAB,1181.6,313.25,1162.4,320.5,1.023144,0.7225,4.4,4.025,4.625,4,2,2,True,True,True,True,True,True,True,True,True,True,False
FIRE+INFRA+TRANS+ENV,CAAC,1176.0,309.5,1090.4,322.5,1.042003,0.7225,4.4,4.025,4.625,4,2,2,True,True,True,True,True,True,True,True,True,True,True
FIRE+INFRA+TRANS+ENV,CABA,1183.1,313.5,1187.6,327.0,1.043062,0.7225,4.4,4.025,4.625,4,2,2,True,True,True,True,True,True,True,True,True,True,False
FIRE+INFRA+TRANS+ENV,CABB,1169.1,309.75,1122.8,354.25,1.143664,0.7225,4.4,4.025,4.625,4,2,1,False,True,True,True,False,True,True,True,True,True,False
FIRE+INFRA+TRANS+ENV,CABC,1163.5,306.0,1050.8,356.25,1.164216,0.7225,4.4,4.025,4.625,4,2,1,False,True,True,True,False,True,True,True,True,True,False
FIRE+INFRA+TRANS+ENV,CACA,1178.1,310.0,1143.6,335.0,1.080645,0.7225,4.4,4.025,4.625,4,2,2,True,True,True,True,True,True,True,True,True,True,True
FIRE+INFRA+TRANS+ENV,CACB,1164.1,306.25,1078.8,362.25,1.182857,0.7225,4.4,4.025,4.625,4,2,1,False,True,True,True,False,True,True,True,True,True,False
FIRE+INFRA+TRANS+ENV,CACC,1158.5,302.5,1006.8,364.25,1.204132,0.7225,4.4,4.025,4.625,4,2,1,False,True,True,True,False,True,True,True,True,True,False
FIRE+INFRA+TRANS+ENV,CBAA,1180.1,313.0,1173.2,329.5,1.052716,0.7225,4.4,4.025,4.625,4,2,2,True,True,True,True,True,True,True,True,True,True,False
FIRE+INFRA+TRANS+ENV,CBAB,1166.1,309.25,1108.4,356.75,1.153597,0.7225,4.4,4.025,4.625,4,2,1,False,True,True,True,False,True,True,True,True,True,False
FIRE+INFRA+TRANS+ENV,CBAC,1160.5,305.5,1036.4,358.75,1.174304,0.7225,4.4,4.025,4.625,4,2,1,False,True,True,True,False,True,True,True,True,True,False
FIRE+INFRA+TRANS+ENV,CBBA,1167.6,309.5,1133.6,363.25,1.173667,0.7225,4.4,4.025,4.625,4,2,1,False,True,True,True,False,True,True,True,True,True,False
FIRE+INFRA+TRANS+ENV,CBBB,1153.6,305.75,1068.8,390.5,1.277187,0.7225,4.4,4.025,4.625,4,2,0,False,True,True,True,False,True,True,True,True,True,False
FIRE+INFRA+TRANS+ENV,CBBC,1148.0,302.0,996.8,392.5,1.299669,0.7225,4.4,4.025,4.625,4,2,0,False,True,True,True,False,True,True,False,True,True,False
FIRE+INFRA+TRANS+ENV,CBCA,1162.6,306.0,1089.6,371.25,1.213235,0.7225,4.4,4.025,4.625,4,2,1,False,True,True,True,False,True,True,True,True,True,False
FIRE+INFRA+TRANS+ENV,CBCB,1148.6,302.25,1024.8,398.5,1.318445,0.7225,4.4,4.025,4.625,4,2,0,False,True,True,True,False,True,True,True,True,True,False
FIRE+INFRA+TRANS+ENV,CBCC,1143.0,298.5,952.8,400.5,1.341709,0.7225,4.4,4.025,4.625,4,2,0,False,True,True,True,False,True,True,False,True,True,False
FIRE+INFRA+TRANS+ENV,CCAA,1173.9,309.0,1113.2,336.5,1.088997,0.7225,4.4,4.025,4.625,4,2,2,True,True,True,True,True,True,True,True,True,True,True
FIRE+INFRA+TRANS+ENV,CCAB,1159.9,305.25,1048.4,363.75,1.191646,0.7225,4.4,4.025,4.625,4,2,1,False,True,True,True,False,True,True,True,True,True,False
FIRE+INFRA+TRANS+ENV,CCAC,1154.3,301.5,976.4,365.75,1.213101,0.7225,4.4,4.025,4.625,4,2,1,False,True,True,True,False,True,True,False,True,True,False
FIRE+INFRA+TRANS+ENV,CCBA,1161.4,305.5,1073.6,370.25,1.211948,0.7225,4.4,4.025,4.625,4,2,1,False,True,True,True,False,True,True,True,True,True,False
FIRE+INFRA+TRANS+ENV,CCBB,1147.4,301.75,1008.8,397.5,1.317316,0.7225,4.4,4.025,4.625,4,2,0,False,True,True,True,False,True,True,True,True,True,False
FIRE+INFRA+TRANS+ENV,CCBC,1141.8,298.0,936.8,399.5,1.340604,0.7225,4.4,4.025,4.625,4,2,0,False,True,True,True,False,True,True,False,True,True,False
FIRE+INFRA+TRANS+ENV,CCCA,1156.4,302.0,1029.6,378.25,1.252483,0.7225,4.4,4.025,4.625,4,2,1,False,True,True,True,False,True,True,True,True,True,False
FIRE+INFRA+TRANS+ENV,CCCB,1142.4,298.25,964.8,405.5,1.359598,0.7225,4.4,4.025,4.625,4,2,0,False,True,True,True,False,True,True,False,True,True,False
FIRE+INFRA+TRANS+ENV,CCCC,1136.8,294.5,892.8,407.5,1.383701,0.7225,4.4,4.025,4.625,4,2,0,False,True,True,True,False,True,True,False,True,True,False
FIRE+INFRA+TRANS+SSA,AAAA,1270.5,346.5,1420.0,323.75,0.934343,0.7,4.2,3.75,4.675,3,3,4,True,True,True,True,True,True,True,True,True,True,False
FIRE+INFRA+TRANS+SSA,AAAB,1254.0,341.75,1358.8,355.75,1.040966,0.7,4.2,3.75,4.675,3,3,3,True,True,True,True,True,True,True,True,True,True,False
FIRE+INFRA+TRANS+SSA,AAAC,1247.4,337.0,1290.8,358.0,1.062315,0.7,4.2,3.75,4.675,3,3,3,True,True,True,True,True,True,True,True,True,True,False
FIRE+INFRA+TRANS+SSA,AABA,1258.0,343.0,1380.4,357.5,1.042274,0.7,4.2,3.75,4.675,3,3,3,True,True,True,True,True,True,True,True,True,True,False
FIRE+INFRA+TRANS+SSA,AABB,1241.5,338.25,1319.2,389.5,1.151515,0.7,4.2,3.75,4.675,3,3,2,True,True,True,True,True,True,True,True,True,True,False
FIRE+INFRA+TRANS+SSA,AABC,1234.9,333.5,1251.2,391.75,1.174663,0.7,4.2,3.75,4.675,3,3,2,True,True,True,True,True,True,True,True,True,True,False
FIRE+INFRA+TRANS+SSA,AACA,1253.0,339.5,1336.4,365.5,1.076583,0.7,4.2,3.75,4.675,3,3,3,True,True,True,True,True,True,True,True,True,True,False
FIRE+INFRA+TRANS+SSA,AACB,1236.5,334.75,1275.2,397.5,1.187453,0.7,4.2,3.75,4.675,3,3,2,True,True,True,True,True,True,True,True,True,True,False
FIRE+INFRA+TRANS+SSA,AACC,1229.9,330.0,1207.2,399.75,1.211364,0.7,4.2,3.75,4.675,3,3,2,True,True,True,True,True,True,True,True,True,True,False
FIRE+INFRA+TRANS+SSA,ABAA,1255.0,342.5,1366.0,360.0,1.051095,0.7,4.2,3.75,4.675,3,3,3,True,True,True,True,True,True,True,True,True,True,False
FIRE+INFRA+TRANS+SSA,ABAB,1238.5,337.75,1304.8,392.0,1.160622,0.7,4.2,3.75,4.675,3,3,2,True,True,True,True,True,True,True,True,True,True,False
FIRE+INFRA+TRANS+SSA,ABAC,1231.9,333.0,1236.8,394.25,1.183934,0.7,4.2,3.75,4.675,3,3,2,True,True,True,True,True,True,True,True,True,True,False
FIRE+INFRA+TRANS+SSA,ABBA,1242.5,339.0,1326.4,393.75,1.161504,0.7,4.2,3.75,4.675,3,3,2,True,True,True,True,True,True,True,True,True,True,False
FIRE+INFRA+TRANS+SSA,ABBB,1226.0,334.25,1265.2,425.75,1.273747,0.7,4.2,3.75,4.675,3,3,1,False,True,True,True,False,True,True,True,True,True,False
FIRE+INFRA+TRANS+SSA,ABBC,1219.4,329.5,1197.2,428.0,1.298938,0.7,4.2,3.75,4.675,3,3,1,False,True,True,True,False,True,True,True,True,True,False
FIRE+INFRA+TRANS+SSA,ABCA,1237.5,335.5,1282.4,401.75,1.197466,0.7,4.2,3.75,4.675,3,3,2,True,True,True,True,True,True,True,True,True,True,False
FIRE+INFRA+TRANS+SSA,ABCB,1221.0,330.75,1221.2,433.75,1.311413,0.7,4.2,3.75,4.675,3,3,1,False,True,True,True,False,True,True,True,True,True,False
FIRE+INFRA+TRANS+SSA,ABCC,1214.4,326.0,1153.2,436.0,1.337423,0.7,4.2,3.75,4.675,3,3,1,False,True,True,True,False,True,True,True,True,True,False
FIRE+INFRA+TRANS+SSA,ACAA,1248.8,338.5,1306.0,367.0,1.084195,0.7,4.2,3.75,4.675,3,3,3,True,True,True,True,True,True,True,True,True,True,False
FIRE+INFRA+TRANS+SSA,ACAB,1232.3,333.75,1244.8,399.0,1.195506,0.7,4.2,3.75,4.675,3,3,2,True,True,True,True,True,True,True,True,True,True,False
FIRE+INFRA+TRANS+SSA,ACAC,1225.7,329.0,1176.8,401.25,1.219605,0.7,4.2,3.75,4.675,3,3,2,True,True,True,True,True,True,True,True,True,True,False
FIRE+INFRA+TRANS+SSA,ACBA,1236.3,335.0,1266.4,400.75,1.196269,0.7,4.2,3.75,4.675,3,3,2,True,True,True,True,True,True,True,True,True,True,False
FIRE+INFRA+TRANS+SSA,ACBB,1219.8,330.25,1205.2,432.75,1.310371,0.7,4.2,3.75,4.675,3,3,1,False,True,True,True,False,True,True,True,True,True,False
FIRE+INFRA+TRANS+SSA,ACBC,1213.2,325.5,1137.2,435.0,1.336406,0.7,4.2,3.75,4.675,3,3,1,False,True,True,True,False,True,True,True,True,True,False
FIRE+INFRA+TRANS+SSA,ACCA,1231.3,331.5,1222.4,408.75,1.233032,0.7,4.2,3.75,4.675,3,3,2,True,True,True,True,True,True,True,True,True,True,False
FIRE+INFRA+TRANS+SSA,ACCB,1214.8,326.75,1161.2,440.75,1.348891,0.7,4.2,3.75,4.675,3,3,1,False,True,True,True,False,True,True,True,True,True,False
FIRE+INFRA+TRANS+SSA,ACCC,1208.2,322.0,1093.2,443.0,1.375776,0.7,4.2,3.75,4.675,3,3,1,False,True,True,True,False,True,True,True,True,True,False
FIRE+INFRA+TRANS+SSA,BAAA,1254.5,342.25,1319.2,324.5,0.948137,0.7,4.2,3.75,4.675,3,3,3,True,True,True,True,True,True,True,True,True,True,False
FIRE+INFRA+TRANS+SSA,BAAB,1238.0,337.5,1258.0,356.5,1.056296,0.7,4.2,3.75,4.675,3,3,2,True,True,True,True,True,True,True,True,True,True,False
FIRE+INFRA+TRANS+SSA,BAAC,1231.4,332.75,1190.0,358.75,1.078137,0.7,4.2,3.75,4.675,3,3,2,True,True,True,True,True,True,True,True,True,True,False
FIRE+INFRA+TRANS+SSA,BABA,1242.0,338.75,1279.6,358.25,1.057565,0.7,4.2,3.75,4.675,3,3,2,True,True,True,True,True,True,True,True,True,True,False
FIRE+INFRA+TRANS+SSA,BABB,1225.5,334.0,1218.4,390.25,1.168413,0.7,4.2,3.75,4.675,3,3,1,False,True,True,True,False,True,True,True,True,True,False
FIRE+INFRA+TRANS+SSA,BABC,1218.9,329.25,1150.4,392.5,1.192103,0.7,4.2,3.75,4.675,3,3,1,False,True,True,True,False,True,True,True,True,True,False
FIRE+INFRA+TRANS+SSA,BACA,1237.0,335.25,1235.6,366.25,1.092468,0.7,4.2,3.75,4.675,3,3,2,True,True,True,True,True,True,True,True,True,True,False
FIRE+INFRA+TRANS+SSA,BACB,1220.5,330.5,1174.4,398.25,1.204992,0.7,4.2,3.75,4.675,3,3,1,False,True,True,True,False,True,True,True,True,True,False
FIRE+INFRA+TRANS+SSA,BACC,1213.9,325.75,1106.4,400.5,1.22947,0.7,4.2,3.75,4.675,3,3,1,False,True,True,True,False,True,True,True,True,True,False
FIRE+INFRA+TRANS+SSA,BBAA,1239.0,338.25,1265.2,360.75,1.066519,0.7,4.2,3.75,4.675,3,3,2,True,True,True,True,True,True,True,True,True,True,False
FIRE+INFRA+TRANS+SSA,BBAB,1222.5,333.5,1204.0,392.75,1.177661,0.7,4.2,3.75,4.675,3,3,1,False,True,True,True,False,True,True,True,True,True,False
FIRE+INFRA+TRANS+SSA,BBAC,1215.9,328.75,1136.0,395.0,1.201521,0.7,4.2,3.75,4.675,3,3,1,False,True,True,True,False,True,True,True,True,True,False
FIRE+INFRA+TRANS+SSA,BBBA,1226.5,334.75,1225.6,394.5,1.178491,0.7,4.2,3.75,4.675,3,3,1,False,True,True,True,False,True,True,True,True,True,False
FIRE+INFRA+TRANS+SSA,BBBB,1210.0,330.0,1164.4,426.5,1.292424,0.7,4.2,3.75,4.675,3,3,0,False,True,True,True,False,True,True,True,True,True,False
FIRE+INFRA+TRANS+SSA,BBBC,1203.4,325.25,1096.4,428.75,1.318217,0.7,4.2,3.75,4.675,3,3,0,False,True,True,True,False,True,True,True,True,True,False
FIRE+INFRA+TRANS+SSA,BBCA,1221.5,331.25,1181.6,402.5,1.215094,0.7,4.2,3.75,4.675,3,3,1,False,True,True,True,False,True,True,True,True,True,False
FIRE+INFRA+TRANS+SSA,BBCB,1205.0,326.5,1120.4,434.5,1.330781,0.7,4.2,3.75,4.675,3,3,0,False,True,True,True,False,True,True,True,True,True,False
FIRE+INFRA+TRANS+SSA,BBCC,1198.4,321.75,1052.4,436.75,1.35742,0.7,4.2,3.75,4.675,3,3,0,False,True,True,True,False,True,True,True,True,True,False
FIRE+INFRA+TRANS+SSA,BCAA,1232.8,334.25,1205.2,367.75,1.100224,0.7,4.2,3.75,4.675,3,3,2,True,True,True,True,True,True,True,True,True,True,False
FIRE+INFRA+TRANS+SSA,BCAB,1216.3,329.5,1144.0,399.75,1.213202,0.7,4.2,3.75,4.675,3,3,1,False,True,True,True,False,True,True,True,True,True,False
FIRE+INFRA+TRANS+SSA,BCAC,1209.7,324.75,1076.0,402.0,1.237875,0.7,4.2,3.75,4.675,3,3,1,False,True,True,True,False,True,True,True,True,True,False
FIRE+INFRA+TRANS+SSA,BCBA,1220.3,330.75,1165.6,401.5,1.213908,0.7,4.2,3.75,4.675,3,3,1,False,True,True,True,False,True,True,True,True,True,False
FIRE+INFRA+TRANS+SSA,BCBB,1203.8,326.0,1104.4,433.5,1.329755,0.7,4.2,3.75,4.675,3,3,0,False,True,True,True,False,True,True,True,True,True,False
FIRE+INFRA+TRANS+SSA,BCBC,1197.2,321.25,1036.4,435.75,1.35642,0.7,4.2,3.75,4.675,3,3,0,False,True,True,True,False,True,True,True,True,True,False
FIRE+INFRA+TRANS+SSA,BCCA,1215.3,327.25,1121.6,409.5,1.251337,0.7,4.2,3.75,4.675,3,3,1,False,True,True,True,False,True,True,True,True,True,False
FIRE+INFRA+TRANS+SSA,BCCB,1198.8,322.5,1060.4,441.5,1.368992,0.7,4.2,3.75,4.675,3,3,0,False,True,True,True,False,True,True,True,True,True,False
FIRE+INFRA+TRANS+SSA,BCCC,1192.2,317.75,992.4,443.75,1.396538,0.7,4.2,3.75,4.675,3,3,0,False,True,True,True,False,True,True,False,True,True,False
FIRE+INFRA+TRANS+SSA,CAAA,1248.1,338.0,1207.2,307.0,0.908284,0.7,4.2,3.75,4.675,3,3,3,True,True,True,True,True,True,True,True,True,True,False
FIRE+INFRA+TRANS+SSA,CAAB,1231.6,333.25,1146.0,339.0,1.017254,0.7,4.2,3.75,4.675,3,3,2,True,True,True,True,True,True,True,True,True,True,False
FIRE+INFRA+TRANS+SSA,CAAC,1225.0,328.5,1078.0,341.25,1.038813,0.7,4.2,3.75,4.675,3,3,2,True,True,True,True,True,True,True,True,True,True,False
FIRE+INFRA+TRANS+SSA,CABA,1235.6,334.5,1167.6,340.75,1.018685,0.7,4.2,3.75,4.675,3,3,2,True,True,True,True,True,True,True,True,True,True,False
FIRE+INFRA+TRANS+SSA,CABB,1219.1,329.75,1106.4,372.75,1.130402,0.7,4.2,3.75,4.675,3,3,1,False,True,True,True,False,True,True,True,True,True,False
FIRE+INFRA+TRANS+SSA,CABC,1212.5,325.0,1038.4,375.0,1.153846,0.7,4.2,3.75,4.675,3,3,1,False,True,True,True,False,True,True,True,True,True,False
FIRE+INFRA+TRANS+SSA,CACA,1230.6,331.0,1123.6,348.75,1.053625,0.7,4.2,3.75,4.675,3,3,2,True,True,True,True,True,True,True,True,True,True,False
FIRE+INFRA+TRANS+SSA,CACB,1214.1,326.25,1062.4,380.75,1.16705,0.7,4.2,3.75,4.675,3,3,1,False,True,True,True,False,True,True,True,True,True,False
FIRE+INFRA+TRANS+SSA,CACC,1207.5,321.5,994.4,383.0,1.191291,0.7,4.2,3.75,4.675,3,3,1,False,True,True,True,False,True,True,False,True,True,False
FIRE+INFRA+TRANS+SSA,CBAA,1232.6,334.0,1153.2,343.25,1.027695,0.7,4.2,3.75,4.675,3,3,2,True,True,True,True,True,True,True,True,True,True,False
FIRE+INFRA+TRANS+SSA,CBAB,1216.1,329.25,1092.0,375.25,1.139711,0.7,4.2,3.75,4.675,3,3,1,False,True,True,True,False,True,True,True,True,True,False
FIRE+INFRA+TRANS+SSA,CBAC,1209.5,324.5,1024.0,377.5,1.163328,0.7,4.2,3.75,4.675,3,3,1,False,True,True,True,False,True,True,True,True,True,False
FIRE+INFRA+TRANS+SSA,CBBA,1220.1,330.5,1113.6,377.0,1.140696,0.7,4.2,3.75,4.675,3,3,1,False,True,True,True,False,True,True,True,True,True,False
FIRE+INFRA+TRANS+SSA,CBBB,1203.6,325.75,1052.4,409.0,1.255564,0.7,4.2,3.75,4.675,3,3,0,False,True,True,True,False,True,True,True,True,True,False
FIRE+INFRA+TRANS+SSA,CBBC,1197.0,321.0,984.4,411.25,1.281153,0.7,4.2,3.75,4.675,3,3,0,False,True,True,True,False,True,True,False,True,True,False
FIRE+INFRA+TRANS+SSA,CBCA,1215.1,327.0,1069.6,385.0,1.17737,0.7,4.2,3.75,4.675,3,3,1,False,True,True,True,False,True,True,True,True,True,False
FIRE+INFRA+TRANS+SSA,CBCB,1198.6,322.25,1008.4,417.0,1.294026,0.7,4.2,3.75,4.675,3,3,0,False,True,True,True,False,True,True,True,True,True,False
FIRE+INFRA+TRANS+SSA,CBCC,1192.0,317.5,940.4,419.25,1.320472,0.7,4.2,3.75,4.675,3,3,0,False,True,True,True,False,True,True,False,True,True,False
FIRE+INFRA+TRANS+SSA,CCAA,1226.4,330.0,1093.2,350.25,1.061364,0.7,4.2,3.75,4.675,3,3,2,True,True,True,True,True,True,True,True,True,True,False
FIRE+INFRA+TRANS+SSA,CCAB,1209.9,325.25,1032.0,382.25,1.17525,0.7,4.2,3.75,4.675,3,3,1,False,True,True,True,False,True,True,True,True,True,False
FIRE+INFRA+TRANS+SSA,CCAC,1203.3,320.5,964.0,384.5,1.199688,0.7,4.2,3.75,4.675,3,3,1,False,True,True,True,False,True,True,False,True,True,False
FIRE+INFRA+TRANS+SSA,CCBA,1213.9,326.5,1053.6,384.0,1.17611,0.7,4.2,3.75,4.675,3,3,1,False,True,True,True,False,True,True,True,True,True,False
FIRE+INFRA+TRANS+SSA,CCBB,1197.4,321.75,992.4,416.0,1.292929,0.7,4.2,3.75,4.675,3,3,0,False,True,True,True,False,True,True,False,True,True,False
FIRE+INFRA+TRANS+SSA,CCBC,1190.8,317.0,924.4,418.25,1.319401,0.7,4.2,3.75,4.675,3,3,0,False,True,True,True,False,True,True,False,True,True,False
FIRE+INFRA+TRANS+SSA,CCCA,1208.9,323.0,1009.6,392.0,1.213622,0.7,4.2,3.75,4.675,3,3,1,False,True,True,True,False,True,True,True,True,True,False
FIRE+INFRA+TRANS+SSA,CCCB,1192.4,318.25,948.4,424.0,1.332286,0.7,4.2,3.75,4.675,3,3,0,False,True,True,True,False,True,True,False,True,True,False
FIRE+INFRA+TRANS+SSA,CCCC,1185.8,313.5,880.4,426.25,1.359649,0.7,4.2,3.75,4.675,3,3,0,False,True,True,True,False,True,True,False,True,True,False
FIRE+INFRA+ENV+SSA,AAAA,1302.0,351.75,1560.0,331.25,0.94172,0.69,4.1,3.7,4.675,3,3,4,False,True,True,True,True,False,True,True,True,True,False
FIRE+INFRA+ENV+SSA,AAAB,1285.5,347.0,1498.8,363.25,1.04683,0.69,4.1,3.7,4.675,3,3,3,True,True,True,True,True,True,True,True,True,True,False
FIRE+INFRA+ENV+SSA,AAAC,1278.9,342.25,1430.8,365.5,1.067933,0.69,4.1,3.7,4.675,3,3,3,True,True,True,True,True,True,True,True,True,True,False
FIRE+INFRA+ENV+SSA,AABA,1288.0,348.0,1495.2,358.5,1.030172,0.69,4.1,3.7,4.675,3,3,3,True,True,True,True,True,True,True,True,True,True,False
FIRE+INFRA+ENV+SSA,AABB,1271.5,343.25,1434.0,390.5,1.137655,0.69,4.1,3.7,4.675,3,3,2,True,True,True,True,True,True,True,True,True,True,False
FIRE+INFRA+ENV+SSA,AABC,1264.9,338.5,1366.0,392.75,1.160266,0.69,4.1,3.7,4.675,3,3,2,True,True,True,True,True,True,True,True,True,True,False
FIRE+INFRA+ENV+SSA,AACA,1282.4,344.25,1423.2,360.5,1.047204,0.69,4.1,3.7,4.675,3,3,3,True,True,True,True,True,True,True,True,True,True,False
FIRE+INFRA+ENV+SSA,AACB,1265.9,339.5,1362.0,392.5,1.156112,0.69,4.1,3.7,4.675,3,3,2,True,True,True,True,True,True,True,True,True,True,False
FIRE+INFRA+ENV+SSA,AACC,1259.3,334.75,1294.0,394.75,1.179238,0.69,4.1,3.7,4.675,3,3,2,True,True,True,True,True,True,True,True,True,True,False
FIRE+INFRA+ENV+SSA,ABAA,1286.5,347.75,1506.0,367.5,1.056794,0.69,4.1,3.7,4.675,3,3,3,True,True,True,True,True,True,True,True,True,True,False
FIRE+INFRA+ENV+SSA,ABAB,1270.0,343.0,1444.8,399.5,1.164723,0.69,4.1,3.7,4.675,3,3,2,True,True,True,True,True,True,True,True,True,True,False
FIRE+INFRA+ENV+SSA,ABAC,1263.4,338.25,1376.8,401.75,1.187731,0.69,4.1,3.7,4.675,3,3,2,True,True,True,True,True,True,True,True,True,True,False
FIRE+INFRA+ENV+SSA,ABBA,1272.5,344.0,1441.2,394.75,1.147529,0.69,4.1,3.7,4.675,3,3,2,True,True,True,True,True,True,True,True,True,True,False
FIRE+INFRA+ENV+SSA,ABBB,1256.0,339.25,1380.0,426.75,1.257922,0.69,4.1,3.7,4.675,3,3,1,False,True,True,True,False,True,True,True,True,True,False
FIRE+INFRA+ENV+SSA,ABBC,1249.4,334.5,1312.0,429.0,1.282511,0.69,4.1,3.7,4.675,3,3,1,False,True,True,True,False,True,True,True,True,True,False
FIRE+INFRA+ENV+SSA,ABCA,1266.9,340.25,1369.2,396.75,1.166054,0.69,4.1,3.7,4.675,3,3,2,True,True,True,True,True,True,True,True,True,True,False
FIRE+INFRA+ENV+SSA,ABCB,1250.4,335.5,1308.0,428.75,1.277943,0.69,4.1,3.7,4.675,3,3,1,False,True,True,True,False,True,True,True,True,True,False
FIRE+INFRA+ENV+SSA,ABCC,1243.8,330.75,1240.0,431.0,1.303099,0.69,4.1,3.7,4.675,3,3,1,False,True,True,True,False,True,True,True,True,True,False
FIRE+INFRA+ENV+SSA,ACAA,1280.3,343.75,1446.0,374.5,1.089455,0.69,4.1,3.7,4.675,3,3,3,True,True,True,True,True,True,True,True,True,True,False
FIRE+INFRA+ENV+SSA,ACAB,1263.8,339.0,1384.8,406.5,1.199115,0.69,4.1,3.7,4.675,3,3,2,True,True,True,True,True,True,True,True,True,True,False
FIRE+INFRA+ENV+SSA,ACAC,1257.2,334.25,1316.8,408.75,1.222887,0.69,4.1,3.7,4.675,3,3,2,True,True,True,True,True,True,True,True,True,True,False
FIRE+INFRA+ENV+SSA,ACBA,1266.3,340.0,1381.2,401.75,1.181618,0.69,4.1,3.7,4.675,3,3,2,True,True,True,True,True,True,True,True,True,True,False
FIRE+INFRA+ENV+SSA,ACBB,1249.8,335.25,1320.0,433.75,1.293811,0.69,4.1,3.7,4.675,3,3,1,False,True,True,True,False,True,True,True,True,True,False
FIRE+INFRA+ENV+SSA,ACBC,1243.2,330.5,1252.0,436.0,1.319213,0.69,4.1,3.7,4.675,3,3,1,False,True,True,True,False,True,True,True,True,True,False
FIRE+INFRA+ENV+SSA,ACCA,1260.7,336.25,1309.2,403.75,1.200743,0.69,4.1,3.7,4.675,3,3,2,True,True,True,True,True,True,True,True,True,True,False
FIRE+INFRA+ENV+SSA,ACCB,1244.2,331.5,1248.0,435.75,1.31448,0.69,4.1,3.7,4.675,3,3,1,False,True,True,True,False,True,True,True,True,True,False
FIRE+INFRA+ENV+SSA,ACCC,1237.6,326.75,1180.0,438.0,1.340474,0.69,4.1,3.7,4.675,3,3,1,False,True,True,True,False,True,True,True,True,True,False
FIRE+INFRA+ENV+SSA,BAAA,1286.0,347.5,1459.2,332.0,0.955396,0.69,4.1,3.7,4.675,3,3,3,True,True,True,True,True,True,True,True,True,True,False
FIRE+INFRA+ENV+SSA,BAAB,1269.5,342.75,1398.0,364.0,1.061999,0.69,4.1,3.7,4.675,3,3,2,True,True,True,True,True,True,True,True,True,True,False
FIRE+INFRA+ENV+SSA,BAAC,1262.9,338.0,1330.0,366.25,1.08358,0.69,4.1,3.7,4.675,3,3,2,True,True,True,True,True,True,True,True,True,True,False
FIRE+INFRA+ENV+SSA,BABA,1272.0,343.75,1394.4,359.25,1.045091,0.69,4.1,3.7,4.675,3,3,2,True,True,True,True,True,True,True,True,True,True,False
FIRE+INFRA+ENV+SSA,BABB,1255.5,339.0,1333.2,391.25,1.15413,0.69,4.1,3.7,4.675,3,3,1,False,True,True,True,False,True,True,True,True,True,False
FIRE+INFRA+ENV+SSA,BABC,1248.9,334.25,1265.2,393.5,1.177263,0.69,4.1,3.7,4.675,3,3,1,False,True,True,True,False,True,True,True,True,True,False
FIRE+INFRA+ENV+SSA,BACA,1266.4,340.0,1322.4,361.25,1.0625,0.69,4.1,3.7,4.675,3,3,2,True,True,True,True,True,True,True,True,True,True,False
FIRE+INFRA+ENV+SSA,BACB,1249.9,335.25,1261.2,393.25,1.173005,0.69,4.1,3.7,4.675,3,3,1,False,True,True,True,False,True,True,True,True,True,False
FIRE+INFRA+ENV+SSA,BACC,1243.3,330.5,1193.2,395.5,1.196672,0.69,4.1,3.7,4.675,3,3,1,False,True,True,True,False,True,True,True,True,True,False
FIRE+INFRA+ENV+SSA,BBAA,1270.5,343.5,1405.2,368.25,1.072052,0.69,4.1,3.7,4.675,3,3,2,True,True,True,True,True,True,True,True,True,True,False
FIRE+INFRA+ENV+SSA,BBAB,1254.0,338.75,1344.0,400.25,1.18155,0.69,4.1,3.7,4.675,3,3,1,False,True,True,True,False,True,True,True,True,True,False
FIRE+INFRA+ENV+SSA,BBAC,1247.4,334.0,1276.0,402.5,1.20509,0.69,4.1,3.7,4.675,3,3,1,False,True,True,True,False,True,True,True,True,True,False
FIRE+INFRA+ENV+SSA,BBBA,1256.5,339.75,1340.4,395.5,1.164091,0.69,4.1,3.7,4.675,3,3,1,False,True,True,True,False,True,True,True,True,True,False
FIRE+INFRA+ENV+SSA,BBBB,1240.0,335.0,1279.2,427.5,1.276119,0.69,4.1,3.7,4.675,3,3,0,False,True,True,True,False,True,True,True,True,True,False
FIRE+INFRA+ENV+SSA,BBBC,1233.4,330.25,1211.2,429.75,1.301287,0.69,4.1,3.7,4.675,3,3,0,False,True,True,True,False,True,True,True,True,True,False
FIRE+INFRA+ENV+SSA,BBCA,1250.9,336.0,1268.4,397.5,1.183036,0.69,4.1,3.7,4.675,3,3,1,False,True,True,True,False,True,True,True,True,True,False
FIRE+INFRA+ENV+SSA,BBCB,1234.4,331.25,1207.2,429.5,1.296604,0.69,4.1,3.7,4.675,3,3,0,False,True,True,True,False,True,True,True,True,True,False
FIRE+INFRA+ENV+SSA,BBCC,1227.8,326.5,1139.2,431.75,1.322358,0.69,4.1,3.7,4.675,3,3,0,False,True,True,True,False,True,True,True,True,True,False
FIRE+INFRA+ENV+SSA,BCAA,1264.3,339.5,1345.2,375.25,1.105302,0.69,4.1,3.7,4.675,3,3,2,True,True,True,True,True,True,True,True,True,True,False
FIRE+INFRA+ENV+SSA,BCAB,1247.8,334.75,1284.0,407.25,1.21658,0.69,4.1,3.7,4.675,3,3,1,False,True,True,True,False,True,True,True,True,True,False
FIRE+INFRA+ENV+SSA,BCAC,1241.2,330.0,1216.0,409.5,1.240909,0.69,4.1,3.7,4.675,3,3,1,False,True,True,True,False,True,True,True,True,True,False
FIRE+INFRA+ENV+SSA,BCBA,1250.3,335.75,1280.4,402.5,1.198809,0.69,4.1,3.7,4.675,3,3,1,False,True,True,True,False,True,True,True,True,True,False
FIRE+INFRA+ENV+SSA,BCBB,1233.8,331.0,1219.2,434.5,1.312689,0.69,4.1,3.7,4.675,3,3,0,False,True,True,True,False,True,True,True,True,True,False
FIRE+INFRA+ENV+SSA,BCBC,1227.2,326.25,1151.2,436.75,1.338697,0.69,4.1,3.7,4.675,3,3,0,False,True,True,True,False,True,True,True,True,True,False
FIRE+INFRA+ENV+SSA,BCCA,1244.7,332.0,1208.4,404.5,1.218373,0.69,4.1,3.7,4.675,3,3,1,False,True,True,True,False,True,True,True,True,True,False
FIRE+INFRA+ENV+SSA,BCCB,1228.2,327.25,1147.2,436.5,1.333843,0.69,4.1,3.7,4.675,3,3,0,False,True,True,True,False,True,True,True,True,True,False
FIRE+INFRA+ENV+SSA,BCCC,1221.6,322.5,1079.2,438.75,1.360465,0.69,4.1,3.7,4.675,3,3,0,False,True,True,True,False,True,True,True,True,True,False
FIRE+INFRA+ENV+SSA,CAAA,1279.6,343.25,1347.2,314.5,0.916242,0.69,4.1,3.7,4.675,3,3,3,True,True,True,True,True,True,True,True,True,True,False
FIRE+INFRA+ENV+SSA,CAAB,1263.1,338.5,1286.0,346.5,1.023634,0.69,4.1,3.7,4.675,3,3,2,True,True,True,True,True,True,True,True,True,True,False
FIRE+INFRA+ENV+SSA,CAAC,1256.5,333.75,1218.0,348.75,1.044944,0.69,4.1,3.7,4.675,3,3,2,True,True,True,True,True,True,True,True,True,True,False
FIRE+INFRA+ENV+SSA,CABA,1265.6,339.5,1282.4,341.75,1.006627,0.69,4.1,3.7,4.675,3,3,2,True,True,True,True,True,True,True,True,True,True,False
FIRE+INFRA+ENV+SSA,CABB,1249.1,334.75,1221.2,373.75,1.116505,0.69,4.1,3.7,4.675,3,3,1,False,True,True,True,False,True,True,True,True,True,False
FIRE+INFRA+ENV+SSA,CABC,1242.5,330.0,1153.2,376.0,1.139394,0.69,4.1,3.7,4.675,3,3,1,False,True,True,True,False,True,True,True,True,True,False
FIRE+INFRA+ENV+SSA,CACA,1260.0,335.75,1210.4,343.75,1.023827,0.69,4.1,3.7,4.675,3,3,2,True,True,True,True,True,True,True,True,True,True,False
FIRE+INFRA+ENV+SSA,CACB,1243.5,331.0,1149.2,375.75,1.135196,0.69,4.1,3.7,4.675,3,3,1,False,True,True,True,False,True,True,True,True,True,False
FIRE+INFRA+ENV+SSA,CACC,1236.9,326.25,1081.2,378.0,1.158621,0.69,4.1,3.7,4.675,3,3,1,False,True,True,True,False,True,True,True,True,True,False
FIRE+INFRA+ENV+SSA,CBAA,1264.1,339.25,1293.2,350.75,1.033898,0.69,4.1,3.7,4.675,3,3,2,True,True,True,True,True,True,True,True,True,True,False
FIRE+INFRA+ENV+SSA,CBAB,1247.6,334.5,1232.0,382.75,1.144245,0.69,4.1,3.7,4.675,3,3,1,False,True,True,True,False,True,True,True,True,True,False
FIRE+INFRA+ENV+SSA,CBAC,1241.0,329.75,1164.0,385.0,1.167551,0.69,4.1,3.7,4.675,3,3,1,False,True,True,True,False,True,True,True,True,True,False
FIRE+INFRA+ENV+SSA,CBBA,1250.1,335.5,1228.4,378.0,1.126677,0.69,4.1,3.7,4.675,3,3,1,False,True,True,True,False,True,True,True,True,True,False
FIRE+INFRA+ENV+SSA,CBBB,1233.6,330.75,1167.2,410.0,1.239607,0.69,4.1,3.7,4.675,3,3,0,False,True,True,True,False,True,True,True,True,True,False
FIRE+INFRA+ENV+SSA,CBBC,1227.0,326.0,1099.2,412.25,1.264571,0.69,4.1,3.7,4.675,3,3,0,False,True,True,True,False,True,True,True,True,True,False
FIRE+INFRA+ENV+SSA,CBCA,1244.5,331.75,1156.4,380.0,1.145441,0.69,4.1,3.7,4.675,3,3,1,False,True,True,True,False,True,True,True,True,True,False
FIRE+INFRA+ENV+SSA,CBCB,1228.0,327.0,1095.2,412.0,1.259939,0.69,4.1,3.7,4.675,3,3,0,False,True,True,True,False,True,True,True,True,True,False
FIRE+INFRA+ENV+SSA,CBCC,1221.4,322.25,1027.2,414.25,1.285493,0.69,4.1,3.7,4.675,3,3,0,False,True,True,True,False,True,True,True,True,True,False
FIRE+INFRA+ENV+SSA,CCAA,1257.9,335.25,1233.2,357.75,1.067114,0.69,4.1,3.7,4.675,3,3,2,True,True,True,True,True,True,True,True,True,True,False
FIRE+INFRA+ENV+SSA,CCAB,1241.4,330.5,1172.0,389.75,1.179274,0.69,4.1,3.7,4.675,3,3,1,False,True,True,True,False,True,True,True,True,True,False
FIRE+INFRA+ENV+SSA,CCAC,1234.8,325.75,1104.0,392.0,1.203377,0.69,4.1,3.7,4.675,3,3,1,False,True,True,True,False,True,True,True,True,True,False
FIRE+INFRA+ENV+SSA,CCBA,1243.9,331.5,1168.4,385.0,1.161388,0.69,4.1,3.7,4.675,3,3,1,False,True,True,True,False,True,True,True,True,True,False
FIRE+INFRA+ENV+SSA,CCBB,1227.4,326.75,1107.2,417.0,1.276205,0.69,4.1,3.7,4.675,3,3,0,False,True,True,True,False,True,True,True,True,True,False
FIRE+INFRA+ENV+SSA,CCBC,1220.8,322.0,1039.2,419.25,1.302019,0.69,4.1,3.7,4.675,3,3,0,False,True,True,True,False,True,True,True,True,True,False
FIRE+INFRA+ENV+SSA,CCCA,1238.3,327.75,1096.4,387.0,1.180778,0.69,4.1,3.7,4.675,3,3,1,False,True,True,True,False,True,True,True,True,True,False
FIRE+INFRA+ENV+SSA,CCCB,1221.8,323.0,1035.2,419.0,1.297214,0.69,4.1,3.7,4.675,3,3,0,False,True,True,True,False,True,True,True,True,True,False
FIRE+INFRA+ENV+SSA,CCCC,1215.2,318.25,967.2,421.25,1.323645,0.69,4.1,3.7,4.675,3,3,0,False,True,True,True,False,True,True,False,True,True,False
FIRE+ARCTIC+TRANS+ENV,AAAA,1375.5,388.5,1610.0,347.5,0.894466,0.6825,4.175,3.725,4.375,4,3,4,False,True,True,True,True,False,False,True,True,True,False
FIRE+ARCTIC+TRANS+ENV,AAAB,1361.5,384.75,1545.2,374.75,0.974009,0.6825,4.175,3.725,4.375,4,3,3,False,True,True,True,True,False,False,True,True,True,False
FIRE+ARCTIC+TRANS+ENV,AAAC,1355.9,381.0,1473.2,376.75,0.988845,0.6825,4.175,3.725,4.375,4,3,3,False,True,True,True,True,False,False,True,True,True,False
FIRE+ARCTIC+TRANS+ENV,AABA,1363.0,385.0,1570.4,381.25,0.99026,0.6825,4.175,3.725,4.375,4,3,3,False,True,True,True,True,False,False,True,True,True,False
FIRE+ARCTIC+TRANS+ENV,AABB,1349.0,381.25,1505.6,408.5,1.071475,0.6825,4.175,3.725,4.375,4,3,2,False,True,True,True,True,False,False,True,True,True,False
FIRE+ARCTIC+TRANS+ENV,AABC,1343.4,377.5,1433.6,410.5,1.087417,0.6825,4.175,3.725,4.375,4,3,2,False,True,True,True,True,False,False,True,True,True,False
FIRE+ARCTIC+TRANS+ENV,AACA,1358.0,381.5,1526.4,389.25,1.020315,0.6825,4.175,3.725,4.375,4,3,3,False,True,True,True,True,False,False,True,True,True,False
FIRE+ARCTIC+TRANS+ENV,AACB,1344.0,377.75,1461.6,416.5,1.102581,0.6825,4.175,3.725,4.375,4,3,2,False,True,True,True,True,False,False,True,True,True,False
FIRE+ARCTIC+TRANS+ENV,AACC,1338.4,374.0,1389.6,418.5,1.118984,0.6825,4.175,3.725,4.375,4,3,2,False,True,True,True,True,False,False,True,True,True,False
FIRE+ARCTIC+TRANS+ENV,ABAA,1352.5,381.5,1525.4,391.25,1.025557,0.6825,4.175,3.725,4.375,4,3,3,False,True,True,True,True,False,False,True,True,True,False
FIRE+ARCTIC+TRANS+ENV,ABAB,1338.5,377.75,1460.6,418.5,1.107876,0.6825,4.175,3.725,4.375,4,3,2,False,True,True,True,True,False,False,True,True,True,False
FIRE+ARCTIC+TRANS+ENV,ABAC,1332.9,374.0,1388.6,420.5,1.124332,0.6825,4.175,3.725,4.375,4,3,2,False,True,True,True,True,False,False,True,True,True,False
FIRE+ARCTIC+TRANS+ENV,ABBA,1340.0,378.0,1485.8,425.0,1.124339,0.6825,4.175,3.725,4.375,4,3,2,False,True,True,True,True,False,False,True,True,True,False
FIRE+ARCTIC+TRANS+ENV,ABBB,1326.0,374.25,1421.0,452.25,1.208417,0.6825,4.175,3.725,4.375,4,3,1,False,True,True,True,False,False,False,True,True,True,False
FIRE+ARCTIC+TRANS+ENV,ABBC,1320.4,370.5,1349.0,454.25,1.226046,0.6825,4.175,3.725,4.375,4,3,1,False,True,True,True,False,False,False,True,True,True,False
FIRE+ARCTIC+TRANS+ENV,ABCA,1335.0,374.5,1441.8,433.0,1.156208,0.6825,4.175,3.725,4.375,4,3,2,False,True,True,True,True,False,False,True,True,True,False
FIRE+ARCTIC+TRANS+ENV,ABCB,1321.0,370.75,1377.0,460.25,1.241403,0.6825,4.175,3.725,4.375,4,3,1,False,True,True,True,False,False,False,True,True,True,False
FIRE+ARCTIC+TRANS+ENV,ABCC,1315.4,367.0,1305.0,462.25,1.259537,0.6825,4.175,3.725,4.375,4,3,1,False,True,True,True,False,False,False,True,True,True,False
FIRE+ARCTIC+TRANS+ENV,ACAA,1343.3,374.5,1431.4,395.25,1.055407,0.6825,4.175,3.725,4.375,4,3,3,False,True,True,True,True,False,False,True,True,True,False
FIRE+ARCTIC+TRANS+ENV,ACAB,1329.3,370.75,1366.6,422.5,1.139582,0.6825,4.175,3.725,4.375,4,3,2,False,True,True,True,True,False,False,True,True,True,False
FIRE+ARCTIC+TRANS+ENV,ACAC,1323.7,367.0,1294.6,424.5,1.156676,0.6825,4.175,3.725,4.375,4,3,2,False,True,True,True,True,False,False,True,True,True,False
FIRE+ARCTIC+TRANS+ENV,ACBA,1330.8,371.0,1391.8,429.0,1.156334,0.6825,4.175,3.725,4.375,4,3,2,False,True,True,True,True,False,False,True,True,True,False
FIRE+ARCTIC+TRANS+ENV,ACBB,1316.8,367.25,1327.0,456.25,1.242342,0.6825,4.175,3.725,4.375,4,3,1,False,True,True,True,False,False,False,True,True,True,False
FIRE+ARCTIC+TRANS+ENV,ACBC,1311.2,363.5,1255.0,458.25,1.26066,0.6825,4.175,3.725,4.375,4,3,1,False,True,True,True,False,False,False,True,True,True,False
FIRE+ARCTIC+TRANS+ENV,ACCA,1325.8,367.5,1347.8,437.0,1.189116,0.6825,4.175,3.725,4.375,4,3,2,False,True,True,True,True,False,False,True,True,True,False
FIRE+ARCTIC+TRANS+ENV,ACCB,1311.8,363.75,1283.0,464.25,1.276289,0.6825,4.175,3.725,4.375,4,3,1,False,True,True,True,False,False,False,True,True,True,False
FIRE+ARCTIC+TRANS+ENV,ACCC,1306.2,360.0,1211.0,466.25,1.295139,0.6825,4.175,3.725,4.375,4,3,1,False,True,True,True,False,False,True,True,True,True,False
FIRE+ARCTIC+TRANS+ENV,BAAA,1359.5,384.25,1509.2,348.25,0.906311,0.6825,4.175,3.725,4.375,4,3,3,False,True,True,True,True,False,False,True,True,True,False
FIRE+ARCTIC+TRANS+ENV,BAAB,1345.5,380.5,1444.4,375.5,0.986859,0.6825,4.175,3.725,4.375,4,3,2,False,True,True,True,True,False,False,True,True,True,False
FIRE+ARCTIC+TRANS+ENV,BAAC,1339.9,376.75,1372.4,377.5,1.001991,0.6825,4.175,3.725,4.375,4,3,2,False,True,True,True,True,False,False,True,True,True,False
FIRE+ARCTIC+TRANS+ENV,BABA,1347.0,380.75,1469.6,382.0,1.003283,0.6825,4.175,3.725,4.375,4,3,2,False,True,True,True,True,False,False,True,True,True,False
FIRE+ARCTIC+TRANS+ENV,BABB,1333.0,377.0,1404.8,409.25,1.085544,0.6825,4.175,3.725,4.375,4,3,1,False,True,True,True,False,False,False,True,True,True,False
FIRE+ARCTIC+TRANS+ENV,BABC,1327.4,373.25,1332.8,411.25,1.101808,0.6825,4.175,3.725,4.375,4,3,1,False,True,True,True,False,False,False,True,True,True,False
FIRE+ARCTIC+TRANS+ENV,BACA,1342.0,377.25,1425.6,390.0,1.033797,0.6825,4.175,3.725,4.375,4,3,2,False,True,True,True,True,False,False,True,True,True,False
FIRE+ARCTIC+TRANS+ENV,BACB,1328.0,373.5,1360.8,417.25,1.117135,0.6825,4.175,3.725,4.375,4,3,1,False,True,True,True,False,False,False,True,True,True,False
FIRE+ARCTIC+TRANS+ENV,BACC,1322.4,369.75,1288.8,419.25,1.133874,0.6825,4.175,3.725,4.375,4,3,1,False,True,True,True,False,False,False,True,True,True,False
FIRE+ARCTIC+TRANS+ENV,BBAA,1336.5,377.25,1424.6,392.0,1.039099,0.6825,4.175,3.725,4.375,4,3,2,False,True,True,True,True,False,False,True,True,True,False
FIRE+ARCTIC+TRANS+ENV,BBAB,1322.5,373.5,1359.8,419.25,1.12249,0.6825,4.175,3.725,4.375,4,3,1,False,True,True,True,False,False,False,True,True,True,False
FIRE+ARCTIC+TRANS+ENV,BBAC,1316.9,369.75,1287.8,421.25,1.139283,0.6825,4.175,3.725,4.375,4,3,1,False,True,True,True,False,False,False,True,True,True,False
FIRE+ARCTIC+TRANS+ENV,BBBA,1324.0,373.75,1385.0,425.75,1.13913,0.6825,4.175,3.725,4.375,4,3,1,False,True,True,True,False,False,False,True,True,True,False
FIRE+ARCTIC+TRANS+ENV,BBBB,1310.0,370.0,1320.2,453.0,1.224324,0.6825,4.175,3.725,4.375,4,3,0,False,True,True,True,False,False,False,True,True,True,False
FIRE+ARCTIC+TRANS+ENV,BBBC,1304.4,366.25,1248.2,455.0,1.242321,0.6825,4.175,3.725,4.375,4,3,0,False,True,True,True,False,False,False,True,True,True,False
FIRE+ARCTIC+TRANS+ENV,BBCA,1319.0,370.25,1341.0,433.75,1.171506,0.6825,4.175,3.725,4.375,4,3,1,False,True,True,True,False,False,False,True,True,True,False
FIRE+ARCTIC+TRANS+ENV,BBCB,1305.0,366.5,1276.2,461.0,1.257844,0.6825,4.175,3.725,4.375,4,3,0,False,True,True,True,False,False,False,True,True,True,False
FIRE+ARCTIC+TRANS+ENV,BBCC,1299.4,362.75,1204.2,463.0,1.276361,0.6825,4.175,3.725,4.375,4,3,0,False,True,True,True,False,True,False,True,True,True,False
FIRE+ARCTIC+TRANS+ENV,BCAA,1327.3,370.25,1330.6,396.0,1.069548,0.6825,4.175,3.725,4.375,4,3,2,False,True,True,True,True,False,False,True,True,True,False
FIRE+ARCTIC+TRANS+ENV,BCAB,1313.3,366.5,1265.8,423.25,1.154843,0.6825,4.175,3.725,4.375,4,3,1,False,True,True,True,False,False,False,True,True,True,False
FIRE+ARCTIC+TRANS+ENV,BCAC,1307.7,362.75,1193.8,425.25,1.172295,0.6825,4.175,3.725,4.375,4,3,1,False,True,True,True,False,False,False,True,True,True,False
FIRE+ARCTIC+TRANS+ENV,BCBA,1314.8,366.75,1291.0,429.75,1.171779,0.6825,4.175,3.725,4.375,4,3,1,False,True,True,True,False,False,False,True,True,True,False
FIRE+ARCTIC+TRANS+ENV,BCBB,1300.8,363.0,1226.2,457.0,1.258953,0.6825,4.175,3.725,4.375,4,3,0,False,True,True,True,False,False,False,True,True,True,False
FIRE+ARCTIC+TRANS+ENV,BCBC,1295.2,359.25,1154.2,459.0,1.277662,0.6825,4.175,3.725,4.375,4,3,0,False,True,True,True,False,True,True,True,True,True,False
FIRE+ARCTIC+TRANS+ENV,BCCA,1309.8,363.25,1247.0,437.75,1.205093,0.6825,4.175,3.725,4.375,4,3,1,False,True,True,True,False,False,False,True,True,True,False
FIRE+ARCTIC+TRANS+ENV,BCCB,1295.8,359.5,1182.2,465.0,1.293463,0.6825,4.175,3.725,4.375,4,3,0,False,True,True,True,False,True,True,True,True,True,False
FIRE+ARCTIC+TRANS+ENV,BCCC,1290.2,355.75,1110.2,467.0,1.31272,0.6825,4.175,3.725,4.375,4,3,0,False,True,True,True,False,True,True,True,True,True,False
FIRE+ARCTIC+TRANS+ENV,CAAA,1353.1,380.0,1397.2,330.75,0.870395,0.6825,4.175,3.725,4.375,4,3,3,False,True,True,True,True,False,False,True,True,True,False
FIRE+ARCTIC+TRANS+ENV,CAAB,1339.1,376.25,1332.4,358.0,0.951495,0.6825,4.175,3.725,4.375,4,3,2,False,True,True,True,True,False,False,True,True,True,False
FIRE+ARCTIC+TRANS+ENV,CAAC,1333.5,372.5,1260.4,360.0,0.966443,0.6825,4.175,3.725,4.375,4,3,2,False,True,True,True,True,False,False,True,True,True,False
FIRE+ARCTIC+TRANS+ENV,CABA,1340.6,376.5,1357.6,364.5,0.968127,0.6825,4.175,3.725,4.375,4,3,2,False,True,True,True,True,False,False,True,True,True,False
FIRE+ARCTIC+TRANS+ENV,CABB,1326.6,372.75,1292.8,391.75,1.050973,0.6825,4.175,3.725,4.375,4,3,1,False,True,True,True,False,False,False,True,True,True,False
FIRE+ARCTIC+TRANS+ENV,CABC,1321.0,369.0,1220.8,393.75,1.067073,0.6825,4.175,3.725,4.375,4,3,1,False,True,True,True,False,False,False,True,True,True,False
FIRE+ARCTIC+TRANS+ENV,CACA,1335.6,373.0,1313.6,372.5,0.99866,0.6825,4.175,3.725,4.375,4,3,2,False,True,True,True,True,False,False,True,True,True,False
FIRE+ARCTIC+TRANS+ENV,CACB,1321.6,369.25,1248.8,399.75,1.0826,0.6825,4.175,3.725,4.375,4,3,1,False,True,True,True,False,False,False,True,True,True,False
FIRE+ARCTIC+TRANS+ENV,CACC,1316.0,365.5,1176.8,401.75,1.099179,0.6825,4.175,3.725,4.375,4,3,1,False,True,True,True,False,False,False,True,True,True,False
FIRE+ARCTIC+TRANS+ENV,CBAA,1330.1,373.0,1312.6,374.5,1.004021,0.6825,4.175,3.725,4.375,4,3,2,False,True,True,True,True,False,False,True,True,True,False
FIRE+ARCTIC+TRANS+ENV,CBAB,1316.1,369.25,1247.8,401.75,1.088016,0.6825,4.175,3.725,4.375,4,3,1,False,True,True,True,False,False,False,True,True,True,False
FIRE+ARCTIC+TRANS+ENV,CBAC,1310.5,365.5,1175.8,403.75,1.104651,0.6825,4.175,3.725,4.375,4,3,1,False,True,True,True,False,False,False,True,True,True,False
FIRE+ARCTIC+TRANS+ENV,CBBA,1317.6,369.5,1273.0,408.25,1.104871,0.6825,4.175,3.725,4.375,4,3,1,False,True,True,True,False,False,False,True,True,True,False
FIRE+ARCTIC+TRANS+ENV,CBBB,1303.6,365.75,1208.2,435.5,1.190704,0.6825,4.175,3.725,4.375,4,3,0,False,True,True,True,False,False,False,True,True,True,False
FIRE+ARCTIC+TRANS+ENV,CBBC,1298.0,362.0,1136.2,437.5,1.208564,0.6825,4.175,3.725,4.375,4,3,0,False,True,True,True,False,True,False,True,True,True,False
FIRE+ARCTIC+TRANS+ENV,CBCA,1312.6,366.0,1229.0,416.25,1.137295,0.6825,4.175,3.725,4.375,4,3,1,False,True,True,True,False,False,False,True,True,True,False
FIRE+ARCTIC+TRANS+ENV,CBCB,1298.6,362.25,1164.2,443.5,1.224293,0.6825,4.175,3.725,4.375,4,3,0,False,True,True,True,False,True,False,True,True,True,False
FIRE+ARCTIC+TRANS+ENV,CBCC,1293.0,358.5,1092.2,445.5,1.242678,0.6825,4.175,3.725,4.375,4,3,0,False,True,True,True,False,True,True,True,True,True,False
FIRE+ARCTIC+TRANS+ENV,CCAA,1320.9,366.0,1218.6,378.5,1.034153,0.6825,4.175,3.725,4.375,4,3,2,False,True,True,True,True,False,False,True,True,True,False
FIRE+ARCTIC+TRANS+ENV,CCAB,1306.9,362.25,1153.8,405.75,1.120083,0.6825,4.175,3.725,4.375,4,3,1,False,True,True,True,False,False,False,True,True,True,False
FIRE+ARCTIC+TRANS+ENV,CCAC,1301.3,358.5,1081.8,407.75,1.137378,0.6825,4.175,3.725,4.375,4,3,1,False,True,True,True,False,False,True,True,True,True,False
FIRE+ARCTIC+TRANS+ENV,CCBA,1308.4,362.5,1179.0,412.25,1.137241,0.6825,4.175,3.725,4.375,4,3,1,False,True,True,True,False,False,False,True,True,True,False
FIRE+ARCTIC+TRANS+ENV,CCBB,1294.4,358.75,1114.2,439.5,1.225087,0.6825,4.175,3.725,4.375,4,3,0,False,True,True,True,False,True,True,True,True,True,False
FIRE+ARCTIC+TRANS+ENV,CCBC,1288.8,355.0,1042.2,441.5,1.243662,0.6825,4.175,3.725,4.375,4,3,0,False,True,True,True,False,True,True,True,True,True,False
FIRE+ARCTIC+TRANS+ENV,CCCA,1303.4,359.0,1135.0,420.25,1.170613,0.6825,4.175,3.725,4.375,4,3,1,False,True,True,True,False,False,True,True,True,True,False
FIRE+ARCTIC+TRANS+ENV,CCCB,1289.4,355.25,1070.2,447.5,1.259676,0.6825,4.175,3.725,4.375,4,3,0,False,True,True,True,False,True,True,True,True,True,False
FIRE+ARCTIC+TRANS+ENV,CCCC,1283.8,351.5,998.2,449.5,1.278805,0.6825,4.175,3.725,4.375,4,3,0,False,True,True,True,False,True,True,False,True,True,False
FIRE+ARCTIC+TRANS+SSA,AAAA,1428.0,409.5,1590.0,361.25,0.882173,0.66,3.975,3.45,4.425,3,4,4,False,True,True,True,True,False,False,True,True,True,False
FIRE+ARCTIC+TRANS+SSA,AAAB,1411.5,404.75,1528.8,393.25,0.971587,0.66,3.975,3.45,4.425,3,4,3,False,True,True,True,True,False,False,True,True,True,False
FIRE+ARCTIC+TRANS+SSA,AAAC,1404.9,400.0,1460.8,395.5,0.98875,0.66,3.975,3.45,4.425,3,4,3,False,True,True,True,True,False,False,True,True,True,False
FIRE+ARCTIC+TRANS+SSA,AABA,1415.5,406.0,1550.4,395.0,0.972906,0.66,3.975,3.45,4.425,3,4,3,False,True,True,True,True,False,False,True,True,True,False
FIRE+ARCTIC+TRANS+SSA,AABB,1399.0,401.25,1489.2,427.0,1.064174,0.66,3.975,3.45,4.425,3,4,2,False,True,True,True,True,False,False,True,True,True,False
FIRE+ARCTIC+TRANS+SSA,AABC,1392.4,396.5,1421.2,429.25,1.082598,0.66,3.975,3.45,4.425,3,4,2,False,True,True,True,True,False,False,True,True,True,False
FIRE+ARCTIC+TRANS+SSA,AACA,1410.5,402.5,1506.4,403.0,1.001242,0.66,3.975,3.45,4.425,3,4,3,False,True,True,True,True,False,False,True,True,True,False
FIRE+ARCTIC+TRANS+SSA,AACB,1394.0,397.75,1445.2,435.0,1.093652,0.66,3.975,3.45,4.425,3,4,2,False,True,True,True,True,False,False,True,True,True,False
FIRE+ARCTIC+TRANS+SSA,AACC,1387.4,393.0,1377.2,437.25,1.112595,0.66,3.975,3.45,4.425,3,4,2,False,True,True,True,True,False,False,True,True,True,False
FIRE+ARCTIC+TRANS+SSA,ABAA,1405.0,402.5,1505.4,405.0,1.006211,0.66,3.975,3.45,4.425,3,4,3,False,True,True,True,True,False,False,True,True,True,False
FIRE+ARCTIC+TRANS+SSA,ABAB,1388.5,397.75,1444.2,437.0,1.09868,0.66,3.975,3.45,4.425,3,4,2,False,True,True,True,True,False,False,True,True,True,False
FIRE+ARCTIC+TRANS+SSA,ABAC,1381.9,393.0,1376.2,439.25,1.117684,0.66,3.975,3.45,4.425,3,4,2,False,True,True,True,True,False,False,True,True,True,False
FIRE+ARCTIC+TRANS+SSA,ABBA,1392.5,399.0,1465.8,438.75,1.099624,0.66,3.975,3.45,4.425,3,4,2,False,True,True,True,True,False,False,True,True,True,False
FIRE+ARCTIC+TRANS+SSA,ABBB,1376.0,394.25,1404.6,470.75,1.194039,0.66,3.975,3.45,4.425,3,4,1,False,True,True,True,False,False,False,True,True,True,False
FIRE+ARCTIC+TRANS+SSA,ABBC,1369.4,389.5,1336.6,473.0,1.214377,0.66,3.975,3.45,4.425,3,4,1,False,True,True,True,False,False,False,True,True,True,False
FIRE+ARCTIC+TRANS+SSA,ABCA,1387.5,395.5,1421.8,446.75,1.129583,0.66,3.975,3.45,4.425,3,4,2,False,True,True,True,True,False,False,True,True,True,False
FIRE+ARCTIC+TRANS+SSA,ABCB,1371.0,390.75,1360.6,478.75,1.225208,0.66,3.975,3.45,4.425,3,4,1,False,True,True,True,False,False,False,True,True,True,False
FIRE+ARCTIC+TRANS+SSA,ABCC,1364.4,386.0,1292.6,481.0,1.246114,0.66,3.975,3.45,4.425,3,4,1,False,True,True,True,False,False,False,True,True,True,False
FIRE+ARCTIC+TRANS+SSA,ACAA,1395.8,395.5,1411.4,409.0,1.034134,0.66,3.975,3.45,4.425,3,4,3,False,True,True,True,True,False,False,True,True,True,False
FIRE+ARCTIC+TRANS+SSA,ACAB,1379.3,390.75,1350.2,441.0,1.128599,0.66,3.975,3.45,4.425,3,4,2,False,True,True,True,True,False,False,True,True,True,False
FIRE+ARCTIC+TRANS+SSA,ACAC,1372.7,386.0,1282.2,443.25,1.148316,0.66,3.975,3.45,4.425,3,4,2,False,True,True,True,True,False,False,True,True,True,False
FIRE+ARCTIC+TRANS+SSA,ACBA,1383.3,392.0,1371.8,442.75,1.129464,0.66,3.975,3.45,4.425,3,4,2,False,True,True,True,True,False,False,True,True,True,False
FIRE+ARCTIC+TRANS+SSA,ACBB,1366.8,387.25,1310.6,474.75,1.225952,0.66,3.975,3.45,4.425,3,4,1,False,True,True,True,False,False,False,True,True,True,False
FIRE+ARCTIC+TRANS+SSA,ACBC,1360.2,382.5,1242.6,477.0,1.247059,0.66,3.975,3.45,4.425,3,4,1,False,True,True,True,False,False,False,True,True,True,False
FIRE+ARCTIC+TRANS+SSA,ACCA,1378.3,388.5,1327.8,450.75,1.160232,0.66,3.975,3.45,4.425,3,4,2,False,True,True,True,True,False,False,True,True,True,False
FIRE+ARCTIC+TRANS+SSA,ACCB,1361.8,383.75,1266.6,482.75,1.25798,0.66,3.975,3.45,4.425,3,4,1,False,True,True,True,False,False,False,True,True,True,False
FIRE+ARCTIC+TRANS+SSA,ACCC,1355.2,379.0,1198.6,485.0,1.279683,0.66,3.975,3.45,4.425,3,4,1,False,True,True,True,False,False,False,True,True,True,False
FIRE+ARCTIC+TRANS+SSA,BAAA,1412.0,405.25,1489.2,362.0,0.893276,0.66,3.975,3.45,4.425,3,4,3,False,True,True,True,True,False,False,True,True,True,False
FIRE+ARCTIC+TRANS+SSA,BAAB,1395.5,400.5,1428.0,394.0,0.98377,0.66,3.975,3.45,4.425,3,4,2,False,True,True,True,True,False,False,True,True,True,False
FIRE+ARCTIC+TRANS+SSA,BAAC,1388.9,395.75,1360.0,396.25,1.001263,0.66,3.975,3.45,4.425,3,4,2,False,True,True,True,True,False,False,True,True,True,False
FIRE+ARCTIC+TRANS+SSA,BABA,1399.5,401.75,1449.6,395.75,0.985065,0.66,3.975,3.45,4.425,3,4,2,False,True,True,True,True,False,False,True,True,True,False
FIRE+ARCTIC+TRANS+SSA,BABB,1383.0,397.0,1388.4,427.75,1.077456,0.66,3.975,3.45,4.425,3,4,1,False,True,True,True,False,False,False,True,True,True,False
FIRE+ARCTIC+TRANS+SSA,BABC,1376.4,392.25,1320.4,430.0,1.09624,0.66,3.975,3.45,4.425,3,4,1,False,True,True,True,False,False,False,True,True,True,False
FIRE+ARCTIC+TRANS+SSA,BACA,1394.5,398.25,1405.6,403.75,1.01381,0.66,3.975,3.45,4.425,3,4,2,False,True,True,True,True,False,False,True,True,True,False
FIRE+ARCTIC+TRANS+SSA,BACB,1378.0,393.5,1344.4,435.75,1.10737,0.66,3.975,3.45,4.425,3,4,1,False,True,True,True,False,False,False,True,True,True,False
FIRE+ARCTIC+TRANS+SSA,BACC,1371.4,388.75,1276.4,438.0,1.126688,0.66,3.975,3.45,4.425,3,4,1,False,True,True,True,False,False,False,True,True,True,False
FIRE+ARCTIC+TRANS+SSA,BBAA,1389.0,398.25,1404.6,405.75,1.018832,0.66,3.975,3.45,4.425,3,4,2,False,True,True,True,True,False,False,True,True,True,False
FIRE+ARCTIC+TRANS+SSA,BBAB,1372.5,393.5,1343.4,437.75,1.112452,0.66,3.975,3.45,4.425,3,4,1,False,True,True,True,False,False,False,True,True,True,False
FIRE+ARCTIC+TRANS+SSA,BBAC,1365.9,388.75,1275.4,440.0,1.131833,0.66,3.975,3.45,4.425,3,4,1,False,True,True,True,False,False,False,True,True,True,False
FIRE+ARCTIC+TRANS+SSA,BBBA,1376.5,394.75,1365.0,439.5,1.113363,0.66,3.975,3.45,4.425,3,4,1,False,True,True,True,False,False,False,True,True,True,False
FIRE+ARCTIC+TRANS+SSA,BBBB,1360.0,390.0,1303.8,471.5,1.208974,0.66,3.975,3.45,4.425,3,4,0,False,True,True,True,False,False,False,True,True,True,False
FIRE+ARCTIC+TRANS+SSA,BBBC,1353.4,385.25,1235.8,473.75,1.229721,0.66,3.975,3.45,4.425,3,4,0,False,True,True,True,False,False,False,True,True,True,False
FIRE+ARCTIC+TRANS+SSA,BBCA,1371.5,391.25,1321.0,447.5,1.14377,0.66,3.975,3.45,4.425,3,4,1,False,True,True,True,False,False,False,True,True,True,False
FIRE+ARCTIC+TRANS+SSA,BBCB,1355.0,386.5,1259.8,479.5,1.240621,0.66,3.975,3.45,4.425,3,4,0,False,True,True,True,False,False,False,True,True,True,False
FIRE+ARCTIC+TRANS+SSA,BBCC,1348.4,381.75,1191.8,481.75,1.261952,0.66,3.975,3.45,4.425,3,4,0,False,True,True,True,False,False,False,True,True,True,False
FIRE+ARCTIC+TRANS+SSA,BCAA,1379.8,391.25,1310.6,409.75,1.047284,0.66,3.975,3.45,4.425,3,4,2,False,True,True,True,True,False,False,True,True,True,False
FIRE+ARCTIC+TRANS+SSA,BCAB,1363.3,386.5,1249.4,441.75,1.14295,0.66,3.975,3.45,4.425,3,4,1,False,True,True,True,False,False,False,True,True,True,False
FIRE+ARCTIC+TRANS+SSA,BCAC,1356.7,381.75,1181.4,444.0,1.163065,0.66,3.975,3.45,4.425,3,4,1,False,True,True,True,False,False,False,True,True,True,False
FIRE+ARCTIC+TRANS+SSA,BCBA,1367.3,387.75,1271.0,443.5,1.143778,0.66,3.975,3.45,4.425,3,4,1,False,True,True,True,False,False,False,True,True,True,False
FIRE+ARCTIC+TRANS+SSA,BCBB,1350.8,383.0,1209.8,475.5,1.241514,0.66,3.975,3.45,4.425,3,4,0,False,True,True,True,False,False,False,True,True,True,False
FIRE+ARCTIC+TRANS+SSA,BCBC,1344.2,378.25,1141.8,477.75,1.263054,0.66,3.975,3.45,4.425,3,4,0,False,True,True,True,False,False,False,True,True,True,False
FIRE+ARCTIC+TRANS+SSA,BCCA,1362.3,384.25,1227.0,451.5,1.175016,0.66,3.975,3.45,4.425,3,4,1,False,True,True,True,False,False,False,True,True,True,False
FIRE+ARCTIC+TRANS+SSA,BCCB,1345.8,379.5,1165.8,483.5,1.274045,0.66,3.975,3.45,4.425,3,4,0,False,True,True,True,False,False,False,True,True,True,False
FIRE+ARCTIC+TRANS+SSA,BCCC,1339.2,374.75,1097.8,485.75,1.296197,0.66,3.975,3.45,4.425,3,4,0,False,True,True,True,False,False,False,True,True,True,False
FIRE+ARCTIC+TRANS+SSA,CAAA,1405.6,401.0,1377.2,344.5,0.859102,0.66,3.975,3.45,4.425,3,4,3,False,True,True,True,True,False,False,True,True,True,False
FIRE+ARCTIC+TRANS+SSA,CAAB,1389.1,396.25,1316.0,376.5,0.950158,0.66,3.975,3.45,4.425,3,4,2,False,True,True,True,True,False,False,True,True,True,False
FIRE+ARCTIC+TRANS+SSA,CAAC,1382.5,391.5,1248.0,378.75,0.967433,0.66,3.975,3.45,4.425,3,4,2,False,True,True,True,True,False,False,True,True,True,False
FIRE+ARCTIC+TRANS+SSA,CABA,1393.1,397.5,1337.6,378.25,0.951572,0.66,3.975,3.45,4.425,3,4,2,False,True,True,True,True,False,False,True,True,True,False
FIRE+ARCTIC+TRANS+SSA,CABB,1376.6,392.75,1276.4,410.25,1.044558,0.66,3.975,3.45,4.425,3,4,1,False,True,True,True,False,False,False,True,True,True,False
FIRE+ARCTIC+TRANS+SSA,CABC,1370.0,388.0,1208.4,412.5,1.063144,0.66,3.975,3.45,4.425,3,4,1,False,True,True,True,False,False,False,True,True,True,False
FIRE+ARCTIC+TRANS+SSA,CACA,1388.1,394.0,1293.6,386.25,0.98033,0.66,3.975,3.45,4.425,3,4,2,False,True,True,True,True,False,False,True,True,True,False
FIRE+ARCTIC+TRANS+SSA,CACB,1371.6,389.25,1232.4,418.25,1.074502,0.66,3.975,3.45,4.425,3,4,1,False,True,True,True,False,False,False,True,True,True,False
FIRE+ARCTIC+TRANS+SSA,CACC,1365.0,384.5,1164.4,420.5,1.093628,0.66,3.975,3.45,4.425,3,4,1,False,True,True,True,False,False,False,True,True,True,False
FIRE+ARCTIC+TRANS+SSA,CBAA,1382.6,394.0,1292.6,388.25,0.985406,0.66,3.975,3.45,4.425,3,4,2,False,True,True,True,True,False,False,True,True,True,False
FIRE+ARCTIC+TRANS+SSA,CBAB,1366.1,389.25,1231.4,420.25,1.07964,0.66,3.975,3.45,4.425,3,4,1,False,True,True,True,False,False,False,True,True,True,False
FIRE+ARCTIC+TRANS+SSA,CBAC,1359.5,384.5,1163.4,422.5,1.09883,0.66,3.975,3.45,4.425,3,4,1,False,True,True,True,False,False,False,True,True,True,False
FIRE+ARCTIC+TRANS+SSA,CBBA,1370.1,390.5,1253.0,422.0,1.080666,0.66,3.975,3.45,4.425,3,4,1,False,True,True,True,False,False,False,True,True,True,False
FIRE+ARCTIC+TRANS+SSA,CBBB,1353.6,385.75,1191.8,454.0,1.176928,0.66,3.975,3.45,4.425,3,4,0,False,True,True,True,False,False,False,True,True,True,False
FIRE+ARCTIC+TRANS+SSA,CBBC,1347.0,381.0,1123.8,456.25,1.197507,0.66,3.975,3.45,4.425,3,4,0,False,True,True,True,False,False,False,True,True,True,False
FIRE+ARCTIC+TRANS+SSA,CBCA,1365.1,387.0,1209.0,430.0,1.111111,0.66,3.975,3.45,4.425,3,4,1,False,True,True,True,False,False,False,True,True,True,False
FIRE+ARCTIC+TRANS+SSA,CBCB,1348.6,382.25,1147.8,462.0,1.208633,0.66,3.975,3.45,4.425,3,4,0,False,True,True,True,False,False,False,True,True,True,False
FIRE+ARCTIC+TRANS+SSA,CBCC,1342.0,377.5,1079.8,464.25,1.229801,0.66,3.975,3.45,4.425,3,4,0,False,True,True,True,False,False,False,True,True,True,False
FIRE+ARCTIC+TRANS+SSA,CCAA,1373.4,387.0,1198.6,392.25,1.013566,0.66,3.975,3.45,4.425,3,4,2,False,True,True,True,True,False,False,True,True,True,False
FIRE+ARCTIC+TRANS+SSA,CCAB,1356.9,382.25,1137.4,424.25,1.109876,0.66,3.975,3.45,4.425,3,4,1,False,True,True,True,False,False,False,True,True,True,False
FIRE+ARCTIC+TRANS+SSA,CCAC,1350.3,377.5,1069.4,426.5,1.129801,0.66,3.975,3.45,4.425,3,4,1,False,True,True,True,False,False,False,True,True,True,False
FIRE+ARCTIC+TRANS+SSA,CCBA,1360.9,383.5,1159.0,426.0,1.110821,0.66,3.975,3.45,4.425,3,4,1,False,True,True,True,False,False,False,True,True,True,False
FIRE+ARCTIC+TRANS+SSA,CCBB,1344.4,378.75,1097.8,458.0,1.209241,0.66,3.975,3.45,4.425,3,4,0,False,True,True,True,False,False,False,True,True,True,False
FIRE+ARCTIC+TRANS+SSA,CCBC,1337.8,374.0,1029.8,460.25,1.230615,0.66,3.975,3.45,4.425,3,4,0,False,True,True,True,False,False,False,True,True,True,False
FIRE+ARCTIC+TRANS+SSA,CCCA,1355.9,380.0,1115.0,434.0,1.142105,0.66,3.975,3.45,4.425,3,4,1,False,True,True,True,False,False,False,True,True,True,False
FIRE+ARCTIC+TRANS+SSA,CCCB,1339.4,375.25,1053.8,466.0,1.241839,0.66,3.975,3.45,4.425,3,4,0,False,True,True,True,False,False,False,True,True,True,False
FIRE+ARCTIC+TRANS+SSA,CCCC,1332.8,370.5,985.8,468.25,1.263833,0.66,3.975,3.45,4.425,3,4,0,False,True,True,True,False,False,False,False,True,True,False
FIRE+ARCTIC+ENV+SSA,AAAA,1459.5,414.75,1730.0,368.75,0.88909,0.65,3.875,3.4,4.425,3,4,4,False,True,True,True,True,False,False,True,True,True,False
FIRE+ARCTIC+ENV+SSA,AAAB,1443.0,410.0,1668.8,400.75,0.977439,0.65,3.875,3.4,4.425,3,4,3,False,True,True,True,True,False,False,True,True,True,False
FIRE+ARCTIC+ENV+SSA,AAAC,1436.4,405.25,1600.8,403.0,0.994448,0.65,3.875,3.4,4.425,3,4,3,False,True,True,True,True,False,False,True,True,True,False
FIRE+ARCTIC+ENV+SSA,AABA,1445.5,411.0,1665.2,396.0,0.963504,0.65,3.875,3.4,4.425,3,4,3,False,True,True,True,True,False,False,True,True,True,False
FIRE+ARCTIC+ENV+SSA,AABB,1429.0,406.25,1604.0,428.0,1.053538,0.65,3.875,3.4,4.425,3,4,2,False,True,True,True,True,False,False,True,True,True,False
FIRE+ARCTIC+ENV+SSA,AABC,1422.4,401.5,1536.0,430.25,1.071606,0.65,3.875,3.4,4.425,3,4,2,False,True,True,True,True,False,False,True,True,True,False
FIRE+ARCTIC+ENV+SSA,AACA,1439.9,407.25,1593.2,398.0,0.977287,0.65,3.875,3.4,4.425,3,4,3,False,True,True,True,True,False,False,True,True,True,False
FIRE+ARCTIC+ENV+SSA,AACB,1423.4,402.5,1532.0,430.0,1.068323,0.65,3.875,3.4,4.425,3,4,2,False,True,True,True,True,False,False,True,True,True,False
FIRE+ARCTIC+ENV+SSA,AACC,1416.8,397.75,1464.0,432.25,1.086738,0.65,3.875,3.4,4.425,3,4,2,False,True,True,True,True,False,False,True,True,True,False
FIRE+ARCTIC+ENV+SSA,ABAA,1436.5,407.75,1645.4,412.5,1.011649,0.65,3.875,3.4,4.425,3,4,3,False,True,True,True,True,False,False,True,True,True,False
FIRE+ARCTIC+ENV+SSA,ABAB,1420.0,403.0,1584.2,444.5,1.102978,0.65,3.875,3.4,4.425,3,4,2,False,True,True,True,True,False,False,True,True,True,False
FIRE+ARCTIC+ENV+SSA,ABAC,1413.4,398.25,1516.2,446.75,1.121783,0.65,3.875,3.4,4.425,3,4,2,False,True,True,True,True,False,False,True,True,True,False
FIRE+ARCTIC+ENV+SSA,ABBA,1422.5,404.0,1580.6,439.75,1.08849,0.65,3.875,3.4,4.425,3,4,2,False,True,True,True,True,False,False,True,True,True,False
FIRE+ARCTIC+ENV+SSA,ABBB,1406.0,399.25,1519.4,471.75,1.18159,0.65,3.875,3.4,4.425,3,4,1,False,True,True,True,False,False,False,True,True,True,False
FIRE+ARCTIC+ENV+SSA,ABBC,1399.4,394.5,1451.4,474.0,1.201521,0.65,3.875,3.4,4.425,3,4,1,False,True,True,True,False,False,False,True,True,True,False
FIRE+ARCTIC+ENV+SSA,ABCA,1416.9,400.25,1508.6,441.75,1.103685,0.65,3.875,3.4,4.425,3,4,2,False,True,True,True,True,False,False,True,True,True,False
FIRE+ARCTIC+ENV+SSA,ABCB,1400.4,395.5,1447.4,473.75,1.197851,0.65,3.875,3.4,4.425,3,4,1,False,True,True,True,False,False,False,True,True,True,False
FIRE+ARCTIC+ENV+SSA,ABCC,1393.8,390.75,1379.4,476.0,1.21817,0.65,3.875,3.4,4.425,3,4,1,False,True,True,True,False,False,False,True,True,True,False
FIRE+ARCTIC+ENV+SSA,ACAA,1427.3,400.75,1551.4,416.5,1.039301,0.65,3.875,3.4,4.425,3,4,3,False,True,True,True,True,False,False,True,True,True,False
FIRE+ARCTIC+ENV+SSA,ACAB,1410.8,396.0,1490.2,448.5,1.132576,0.65,3.875,3.4,4.425,3,4,2,False,True,True,True,True,False,False,True,True,True,False
FIRE+ARCTIC+ENV+SSA,ACAC,1404.2,391.25,1422.2,450.75,1.152077,0.65,3.875,3.4,4.425,3,4,2,False,True,True,True,True,False,False,True,True,True,False
FIRE+ARCTIC+ENV+SSA,ACBA,1413.3,397.0,1486.6,443.75,1.117758,0.65,3.875,3.4,4.425,3,4,2,False,True,True,True,True,False,False,True,True,True,False
FIRE+ARCTIC+ENV+SSA,ACBB,1396.8,392.25,1425.4,475.75,1.212874,0.65,3.875,3.4,4.425,3,4,1,False,True,True,True,False,False,False,True,True,True,False
FIRE+ARCTIC+ENV+SSA,ACBC,1390.2,387.5,1357.4,478.0,1.233548,0.65,3.875,3.4,4.425,3,4,1,False,True,True,True,False,False,False,True,True,True,False
FIRE+ARCTIC+ENV+SSA,ACCA,1407.7,393.25,1414.6,445.75,1.133503,0.65,3.875,3.4,4.425,3,4,2,False,True,True,True,True,False,False,True,True,True,False
FIRE+ARCTIC+ENV+SSA,ACCB,1391.2,388.5,1353.4,477.75,1.22973,0.65,3.875,3.4,4.425,3,4,1,False,True,True,True,False,False,False,True,True,True,False
FIRE+ARCTIC+ENV+SSA,ACCC,1384.6,383.75,1285.4,480.0,1.250814,0.65,3.875,3.4,4.425,3,4,1,False,True,True,True,False,False,False,True,True,True,False
FIRE+ARCTIC+ENV+SSA,BAAA,1443.5,410.5,1629.2,369.5,0.900122,0.65,3.875,3.4,4.425,3,4,3,False,True,True,True,True,False,False,True,True,True,False
FIRE+ARCTIC+ENV+SSA,BAAB,1427.0,405.75,1568.0,401.5,0.989526,0.65,3.875,3.4,4.425,3,4,2,False,True,True,True,True,False,False,True,True,True,False
FIRE+ARCTIC+ENV+SSA,BAAC,1420.4,401.0,1500.0,403.75,1.006858,0.65,3.875,3.4,4.425,3,4,2,False,True,True,True,True,False,False,True,True,True,False
FIRE+ARCTIC+ENV+SSA,BABA,1429.5,406.75,1564.4,396.75,0.975415,0.65,3.875,3.4,4.425,3,4,2,False,True,True,True,True,False,False,True,True,True,False
FIRE+ARCTIC+ENV+SSA,BABB,1413.0,402.0,1503.2,428.75,1.066542,0.65,3.875,3.4,4.425,3,4,1,False,True,True,True,False,False,False,True,True,True,False
FIRE+ARCTIC+ENV+SSA,BABC,1406.4,397.25,1435.2,431.0,1.084959,0.65,3.875,3.4,4.425,3,4,1,False,True,True,True,False,False,False,True,True,True,False
FIRE+ARCTIC+ENV+SSA,BACA,1423.9,403.0,1492.4,398.75,0.989454,0.65,3.875,3.4,4.425,3,4,2,False,True,True,True,True,False,False,True,True,True,False
FIRE+ARCTIC+ENV+SSA,BACB,1407.4,398.25,1431.2,430.75,1.081607,0.65,3.875,3.4,4.425,3,4,1,False,True,True,True,False,False,False,True,True,True,False
FIRE+ARCTIC+ENV+SSA,BACC,1400.8,393.5,1363.2,433.0,1.100381,0.65,3.875,3.4,4.425,3,4,1,False,True,True,True,False,False,False,True,True,True,False
FIRE+ARCTIC+ENV+SSA,BBAA,1420.5,403.5,1544.6,413.25,1.024164,0.65,3.875,3.4,4.425,3,4,2,False,True,True,True,True,False,False,True,True,True,False
FIRE+ARCTIC+ENV+SSA,BBAB,1404.0,398.75,1483.4,445.25,1.116614,0.65,3.875,3.4,4.425,3,4,1,False,True,True,True,False,False,False,True,True,True,False
FIRE+ARCTIC+ENV+SSA,BBAC,1397.4,394.0,1415.4,447.5,1.135787,0.65,3.875,3.4,4.425,3,4,1,False,True,True,True,False,False,False,True,True,True,False
FIRE+ARCTIC+ENV+SSA,BBBA,1406.5,399.75,1479.8,440.5,1.101939,0.65,3.875,3.4,4.425,3,4,1,False,True,True,True,False,False,False,True,True,True,False
FIRE+ARCTIC+ENV+SSA,BBBB,1390.0,395.0,1418.6,472.5,1.196203,0.65,3.875,3.4,4.425,3,4,0,False,True,True,True,False,False,False,True,True,True,False
FIRE+ARCTIC+ENV+SSA,BBBC,1383.4,390.25,1350.6,474.75,1.216528,0.65,3.875,3.4,4.425,3,4,0,False,True,True,True,False,False,False,True,True,True,False
FIRE+ARCTIC+ENV+SSA,BBCA,1400.9,396.0,1407.8,442.5,1.117424,0.65,3.875,3.4,4.425,3,4,1,False,True,True,True,False,False,False,True,True,True,False
FIRE+ARCTIC+ENV+SSA,BBCB,1384.4,391.25,1346.6,474.5,1.21278,0.65,3.875,3.4,4.425,3,4,0,False,True,True,True,False,False,False,True,True,True,False
FIRE+ARCTIC+ENV+SSA,BBCC,1377.8,386.5,1278.6,476.75,1.233506,0.65,3.875,3.4,4.425,3,4,0,False,True,True,True,False,False,False,True,True,True,False
FIRE+ARCTIC+ENV+SSA,BCAA,1411.3,396.5,1450.6,417.25,1.052333,0.65,3.875,3.4,4.425,3,4,2,False,True,True,True,True,False,False,True,True,True,False
FIRE+ARCTIC+ENV+SSA,BCAB,1394.8,391.75,1389.4,449.25,1.146777,0.65,3.875,3.4,4.425,3,4,1,False,True,True,True,False,False,False,True,True,True,False
FIRE+ARCTIC+ENV+SSA,BCAC,1388.2,387.0,1321.4,451.5,1.166667,0.65,3.875,3.4,4.425,3,4,1,False,True,True,True,False,False,False,True,True,True,False
FIRE+ARCTIC+ENV+SSA,BCBA,1397.3,392.75,1385.8,444.5,1.131763,0.65,3.875,3.4,4.425,3,4,1,False,True,True,True,False,False,False,True,True,True,False
FIRE+ARCTIC+ENV+SSA,BCBB,1380.8,388.0,1324.6,476.5,1.228093,0.65,3.875,3.4,4.425,3,4,0,False,True,True,True,False,False,False,True,True,True,False
FIRE+ARCTIC+ENV+SSA,BCBC,1374.2,383.25,1256.6,478.75,1.249185,0.65,3.875,3.4,4.425,3,4,0,False,True,True,True,False,False,False,True,True,True,False
FIRE+ARCTIC+ENV+SSA,BCCA,1391.7,389.0,1313.8,446.5,1.147815,0.65,3.875,3.4,4.425,3,4,1,False,True,True,True,False,False,False,True,True,True,False
FIRE+ARCTIC+ENV+SSA,BCCB,1375.2,384.25,1252.6,478.5,1.245283,0.65,3.875,3.4,4.425,3,4,0,False,True,True,True,False,False,False,True,True,True,False
FIRE+ARCTIC+ENV+SSA,BCCC,1368.6,379.5,1184.6,480.75,1.266798,0.65,3.875,3.4,4.425,3,4,0,False,True,True,True,False,False,False,True,True,True,False
FIRE+ARCTIC+ENV+SSA,CAAA,1437.1,406.25,1517.2,352.0,0.866462,0.65,3.875,3.4,4.425,3,4,3,False,True,True,True,True,False,False,True,True,True,False
FIRE+ARCTIC+ENV+SSA,CAAB,1420.6,401.5,1456.0,384.0,0.956413,0.65,3.875,3.4,4.425,3,4,2,False,True,True,True,True,False,False,True,True,True,False
FIRE+ARCTIC+ENV+SSA,CAAC,1414.0,396.75,1388.0,386.25,0.973535,0.65,3.875,3.4,4.425,3,4,2,False,True,True,True,True,False,False,True,True,True,False
FIRE+ARCTIC+ENV+SSA,CABA,1423.1,402.5,1452.4,379.25,0.942236,0.65,3.875,3.4,4.425,3,4,2,False,True,True,True,True,False,False,True,True,True,False
FIRE+ARCTIC+ENV+SSA,CABB,1406.6,397.75,1391.2,411.25,1.033941,0.65,3.875,3.4,4.425,3,4,1,False,True,True,True,False,False,False,True,True,True,False
FIRE+ARCTIC+ENV+SSA,CABC,1400.0,393.0,1323.2,413.5,1.052163,0.65,3.875,3.4,4.425,3,4,1,False,True,True,True,False,False,False,True,True,True,False
FIRE+ARCTIC+ENV+SSA,CACA,1417.5,398.75,1380.4,381.25,0.956113,0.65,3.875,3.4,4.425,3,4,2,False,True,True,True,True,False,False,True,True,True,False
FIRE+ARCTIC+ENV+SSA,CACB,1401.0,394.0,1319.2,413.25,1.048858,0.65,3.875,3.4,4.425,3,4,1,False,True,True,True,False,False,False,True,True,True,False
FIRE+ARCTIC+ENV+SSA,CACC,1394.4,389.25,1251.2,415.5,1.067437,0.65,3.875,3.4,4.425,3,4,1,False,True,True,True,False,False,False,True,True,True,False
FIRE+ARCTIC+ENV+SSA,CBAA,1414.1,399.25,1432.6,395.75,0.991234,0.65,3.875,3.4,4.425,3,4,2,False,True,True,True,True,False,False,True,True,True,False
FIRE+ARCTIC+ENV+SSA,CBAB,1397.6,394.5,1371.4,427.75,1.084284,0.65,3.875,3.4,4.425,3,4,1,False,True,True,True,False,False,False,True,True,True,False
FIRE+ARCTIC+ENV+SSA,CBAC,1391.0,389.75,1303.4,430.0,1.103271,0.65,3.875,3.4,4.425,3,4,1,False,True,True,True,False,False,False,True,True,True,False
FIRE+ARCTIC+ENV+SSA,CBBA,1400.1,395.5,1367.8,423.0,1.069532,0.65,3.875,3.4,4.425,3,4,1,False,True,True,True,False,False,False,True,True,True,False
FIRE+ARCTIC+ENV+SSA,CBBB,1383.6,390.75,1306.6,455.0,1.164427,0.65,3.875,3.4,4.425,3,4,0,False,True,True,True,False,False,False,True,True,True,False
FIRE+ARCTIC+ENV+SSA,CBBC,1377.0,386.0,1238.6,457.25,1.184585,0.65,3.875,3.4,4.425,3,4,0,False,True,True,True,False,False,False,True,True,True,False
FIRE+ARCTIC+ENV+SSA,CBCA,1394.5,391.75,1295.8,425.0,1.084876,0.65,3.875,3.4,4.425,3,4,1,False,True,True,True,False,False,False,True,True,True,False
FIRE+ARCTIC+ENV+SSA,CBCB,1378.0,387.0,1234.6,457.0,1.180879,0.65,3.875,3.4,4.425,3,4,0,False,True,True,True,False,False,False,True,True,True,False
FIRE+ARCTIC+ENV+SSA,CBCC,1371.4,382.25,1166.6,459.25,1.201439,0.65,3.875,3.4,4.425,3,4,0,False,True,True,True,False,False,False,True,True,True,False
FIRE+ARCTIC+ENV+SSA,CCAA,1404.9,392.25,1338.6,399.75,1.01912,0.65,3.875,3.4,4.425,3,4,2,False,True,True,True,True,False,False,True,True,True,False
FIRE+ARCTIC+ENV+SSA,CCAB,1388.4,387.5,1277.4,431.75,1.114194,0.65,3.875,3.4,4.425,3,4,1,False,True,True,True,False,False,False,True,True,True,False
FIRE+ARCTIC+ENV+SSA,CCAC,1381.8,382.75,1209.4,434.0,1.133899,0.65,3.875,3.4,4.425,3,4,1,False,True,True,True,False,False,False,True,True,True,False
FIRE+ARCTIC+ENV+SSA,CCBA,1390.9,388.5,1273.8,427.0,1.099099,0.65,3.875,3.4,4.425,3,4,1,False,True,True,True,False,False,False,True,True,True,False
FIRE+ARCTIC+ENV+SSA,CCBB,1374.4,383.75,1212.6,459.0,1.196091,0.65,3.875,3.4,4.425,3,4,0,False,True,True,True,False,False,False,True,True,True,False
FIRE+ARCTIC+ENV+SSA,CCBC,1367.8,379.0,1144.6,461.25,1.217018,0.65,3.875,3.4,4.425,3,4,0,False,True,True,True,False,False,False,True,True,True,False
FIRE+ARCTIC+ENV+SSA,CCCA,1385.3,384.75,1201.8,429.0,1.11501,0.65,3.875,3.4,4.425,3,4,1,False,True,True,True,False,False,False,True,True,True,False
FIRE+ARCTIC+ENV+SSA,CCCB,1368.8,380.0,1140.6,461.0,1.213158,0.65,3.875,3.4,4.425,3,4,0,False,True,True,True,False,False,False,True,True,True,False
FIRE+ARCTIC+ENV+SSA,CCCC,1362.2,375.25,1072.6,463.25,1.23451,0.65,3.875,3.4,4.425,3,4,0,False,True,True,True,False,False,False,True,True,True,False
FIRE+TRANS+ENV+SSA,AAAA,1239.0,341.25,1480.0,318.75,0.934066,0.705,4.275,3.8,4.7,3,3,4,True,True,True,True,True,True,True,True,True,True,False
FIRE+TRANS+ENV+SSA,AAAB,1222.5,336.5,1418.8,350.75,1.042348,0.705,4.275,3.8,4.7,3,3,3,True,True,True,True,True,True,True,True,True,True,False
FIRE+TRANS+ENV+SSA,AAAC,1215.9,331.75,1350.8,353.0,1.064054,0.705,4.275,3.8,4.7,3,3,3,True,True,True,True,True,True,True,True,True,True,False
FIRE+TRANS+ENV+SSA,AABA,1225.0,337.5,1415.2,346.0,1.025185,0.705,4.275,3.8,4.7,3,3,3,True,True,True,True,True,True,True,True,True,True,False
FIRE+TRANS+ENV+SSA,AABB,1208.5,332.75,1354.0,378.0,1.135988,0.705,4.275,3.8,4.7,3,3,2,True,True,True,True,True,True,True,True,True,True,False
FIRE+TRANS+ENV+SSA,AABC,1201.9,328.0,1286.0,380.25,1.159299,0.705,4.275,3.8,4.7,3,3,2,True,True,True,True,True,True,True,True,True,True,False
FIRE+TRANS+ENV+SSA,AACA,1219.4,333.75,1343.2,348.0,1.042697,0.705,4.275,3.8,4.7,3,3,3,True,True,True,True,True,True,True,True,True,True,False
FIRE+TRANS+ENV+SSA,AACB,1202.9,329.0,1282.0,380.0,1.155015,0.705,4.275,3.8,4.7,3,3,2,True,True,True,True,True,True,True,True,True,True,False
FIRE+TRANS+ENV+SSA,AACC,1196.3,324.25,1214.0,382.25,1.178874,0.705,4.275,3.8,4.7,3,3,2,True,True,True,True,True,True,True,True,True,True,False
FIRE+TRANS+ENV+SSA,ABAA,1226.5,337.75,1440.4,352.5,1.043671,0.705,4.275,3.8,4.7,3,3,3,True,True,True,True,True,True,True,True,True,True,False
FIRE+TRANS+ENV+SSA,ABAB,1210.0,333.0,1379.2,384.5,1.154655,0.705,4.275,3.8,4.7,3,3,2,True,True,True,True,True,True,True,True,True,True,False
FIRE+TRANS+ENV+SSA,ABAC,1203.4,328.25,1311.2,386.75,1.178218,0.705,4.275,3.8,4.7,3,3,2,True,True,True,True,True,True,True,True,True,True,False
FIRE+TRANS+ENV+SSA,ABBA,1212.5,334.0,1375.6,379.75,1.136976,0.705,4.275,3.8,4.7,3,3,2,True,True,True,True,True,True,True,True,True,True,False
FIRE+TRANS+ENV+SSA,ABBB,1196.0,329.25,1314.4,411.75,1.250569,0.705,4.275,3.8,4.7,3,3,1,False,True,True,True,False,True,True,True,True,True,False
FIRE+TRANS+ENV+SSA,ABBC,1189.4,324.5,1246.4,414.0,1.275809,0.705,4.275,3.8,4.7,3,3,1,False,True,True,True,False,True,True,True,True,True,False
FIRE+TRANS+ENV+SSA,ABCA,1206.9,330.25,1303.6,381.75,1.155942,0.705,4.275,3.8,4.7,3,3,2,True,True,True,True,True,True,True,True,True,True,False
FIRE+TRANS+ENV+SSA,ABCB,1190.4,325.5,1242.4,413.75,1.271121,0.705,4.275,3.8,4.7,3,3,1,False,True,True,True,False,True,True,True,True,True,False
FIRE+TRANS+ENV+SSA,ABCC,1183.8,320.75,1174.4,416.0,1.29696,0.705,4.275,3.8,4.7,3,3,1,False,True,True,True,False,True,True,True,True,True,False
FIRE+TRANS+ENV+SSA,ACAA,1221.5,334.25,1396.4,360.5,1.078534,0.705,4.275,3.8,4.7,3,3,3,True,True,True,True,True,True,True,True,True,True,False
FIRE+TRANS+ENV+SSA,ACAB,1205.0,329.5,1335.2,392.5,1.191199,0.705,4.275,3.8,4.7,3,3,2,True,True,True,True,True,True,True,True,True,True,False
FIRE+TRANS+ENV+SSA,ACAC,1198.4,324.75,1267.2,394.75,1.21555,0.705,4.275,3.8,4.7,3,3,2,True,True,True,True,True,True,True,True,True,True,False
FIRE+TRANS+ENV+SSA,ACBA,1207.5,330.5,1331.6,387.75,1.173222,0.705,4.275,3.8,4.7,3,3,2,True,True,True,True,True,True,True,True,True,True,False
FIRE+TRANS+ENV+SSA,ACBB,1191.0,325.75,1270.4,419.75,1.288565,0.705,4.275,3.8,4.7,3,3,1,False,True,True,True,False,True,True,True,True,True,False
FIRE+TRANS+ENV+SSA,ACBC,1184.4,321.0,1202.4,422.0,1.314642,0.705,4.275,3.8,4.7,3,3,1,False,True,True,True,False,True,True,True,True,True,False
FIRE+TRANS+ENV+SSA,ACCA,1201.9,326.75,1259.6,389.75,1.192808,0.705,4.275,3.8,4.7,3,3,2,True,True,True,True,True,True,True,True,True,True,False
FIRE+TRANS+ENV+SSA,ACCB,1185.4,322.0,1198.4,421.75,1.309783,0.705,4.275,3.8,4.7,3,3,1,False,True,True,True,False,True,True,True,True,True,False
FIRE+TRANS+ENV+SSA,ACCC,1178.8,317.25,1130.4,424.0,1.336485,0.705,4.275,3.8,4.7,3,3,1,False,True,True,True,False,True,True,True,True,True,False
FIRE+TRANS+ENV+SSA,BAAA,1223.0,337.0,1379.2,319.5,0.948071,0.705,4.275,3.8,4.7,3,3,3,True,True,True,True,True,True,True,True,True,True,False
FIRE+TRANS+ENV+SSA,BAAB,1206.5,332.25,1318.0,351.5,1.057938,0.705,4.275,3.8,4.7,3,3,2,True,True,True,True,True,True,True,True,True,True,False
FIRE+TRANS+ENV+SSA,BAAC,1199.9,327.5,1250.0,353.75,1.080153,0.705,4.275,3.8,4.7,3,3,2,True,True,True,True,True,True,True,True,True,True,False
FIRE+TRANS+ENV+SSA,BABA,1209.0,333.25,1314.4,346.75,1.04051,0.705,4.275,3.8,4.7,3,3,2,True,True,True,True,True,True,True,True,True,True,False
FIRE+TRANS+ENV+SSA,BABB,1192.5,328.5,1253.2,378.75,1.152968,0.705,4.275,3.8,4.7,3,3,1,False,True,True,True,False,True,True,True,True,True,False
FIRE+TRANS+ENV+SSA,BABC,1185.9,323.75,1185.2,381.0,1.176834,0.705,4.275,3.8,4.7,3,3,1,False,True,True,True,False,True,True,True,True,True,False
FIRE+TRANS+ENV+SSA,BACA,1203.4,329.5,1242.4,348.75,1.058422,0.705,4.275,3.8,4.7,3,3,2,True,True,True,True,True,True,True,True,True,True,False
FIRE+TRANS+ENV+SSA,BACB,1186.9,324.75,1181.2,380.75,1.17244,0.705,4.275,3.8,4.7,3,3,1,False,True,True,True,False,True,True,True,True,True,False
FIRE+TRANS+ENV+SSA,BACC,1180.3,320.0,1113.2,383.0,1.196875,0.705,4.275,3.8,4.7,3,3,1,False,True,True,True,False,True,True,True,True,True,False
FIRE+TRANS+ENV+SSA,BBAA,1210.5,333.5,1339.6,353.25,1.05922,0.705,4.275,3.8,4.7,3,3,2,True,True,True,True,True,True,True,True,True,True,False
FIRE+TRANS+ENV+SSA,BBAB,1194.0,328.75,1278.4,385.25,1.171863,0.705,4.275,3.8,4.7,3,3,1,False,True,True,True,False,True,True,True,True,True,False
FIRE+TRANS+ENV+SSA,BBAC,1187.4,324.0,1210.4,387.5,1.195988,0.705,4.275,3.8,4.7,3,3,1,False,True,True,True,False,True,True,True,True,True,False
FIRE+TRANS+ENV+SSA,BBBA,1196.5,329.75,1274.8,380.5,1.153904,0.705,4.275,3.8,4.7,3,3,1,False,True,True,True,False,True,True,True,True,True,False
FIRE+TRANS+ENV+SSA,BBBB,1180.0,325.0,1213.6,412.5,1.269231,0.705,4.275,3.8,4.7,3,3,0,False,True,True,True,False,True,True,True,True,True,False
FIRE+TRANS+ENV+SSA,BBBC,1173.4,320.25,1145.6,414.75,1.295082,0.705,4.275,3.8,4.7,3,3,0,False,True,True,True,False,True,True,True,True,True,False
FIRE+TRANS+ENV+SSA,BBCA,1190.9,326.0,1202.8,382.5,1.173313,0.705,4.275,3.8,4.7,3,3,1,False,True,True,True,False,True,True,True,True,True,False
FIRE+TRANS+ENV+SSA,BBCB,1174.4,321.25,1141.6,414.5,1.290272,0.705,4.275,3.8,4.7,3,3,0,False,True,True,True,False,True,True,True,True,True,False
FIRE+TRANS+ENV+SSA,BBCC,1167.8,316.5,1073.6,416.75,1.316746,0.705,4.275,3.8,4.7,3,3,0,False,True,True,True,False,True,True,True,True,True,False
FIRE+TRANS+ENV+SSA,BCAA,1205.5,330.0,1295.6,361.25,1.094697,0.705,4.275,3.8,4.7,3,3,2,True,True,True,True,True,True,True,True,True,True,False
FIRE+TRANS+ENV+SSA,BCAB,1189.0,325.25,1234.4,393.25,1.20907,0.705,4.275,3.8,4.7,3,3,1,False,True,True,True,False,True,True,True,True,True,False
FIRE+TRANS+ENV+SSA,BCAC,1182.4,320.5,1166.4,395.5,1.234009,0.705,4.275,3.8,4.7,3,3,1,False,True,True,True,False,True,True,True,True,True,False
FIRE+TRANS+ENV+SSA,BCBA,1191.5,326.25,1230.8,388.5,1.190805,0.705,4.275,3.8,4.7,3,3,1,False,True,True,True,False,True,True,True,True,True,False
FIRE+TRANS+ENV+SSA,BCBB,1175.0,321.5,1169.6,420.5,1.307932,0.705,4.275,3.8,4.7,3,3,0,False,True,True,True,False,True,True,True,True,True,False
FIRE+TRANS+ENV+SSA,BCBC,1168.4,316.75,1101.6,422.75,1.334649,0.705,4.275,3.8,4.7,3,3,0,False,True,True,True,False,True,True,True,True,True,False
FIRE+TRANS+ENV+SSA,BCCA,1185.9,322.5,1158.8,390.5,1.210853,0.705,4.275,3.8,4.7,3,3,1,False,True,True,True,False,True,True,True,True,True,False
FIRE+TRANS+ENV+SSA,BCCB,1169.4,317.75,1097.6,422.5,1.329662,0.705,4.275,3.8,4.7,3,3,0,False,True,True,True,False,True,True,True,True,True,False
FIRE+TRANS+ENV+SSA,BCCC,1162.8,313.0,1029.6,424.75,1.357029,0.705,4.275,3.8,4.7,3,3,0,False,True,True,True,False,True,True,True,True,True,False
FIRE+TRANS+ENV+SSA,CAAA,1216.6,332.75,1267.2,302.0,0.907588,0.705,4.275,3.8,4.7,3,3,3,True,True,True,True,True,True,True,True,True,True,False
FIRE+TRANS+ENV+SSA,CAAB,1200.1,328.0,1206.0,334.0,1.018293,0.705,4.275,3.8,4.7,3,3,2,True,True,True,True,True,True,True,True,True,True,False
FIRE+TRANS+ENV+SSA,CAAC,1193.5,323.25,1138.0,336.25,1.040217,0.705,4.275,3.8,4.7,3,3,2,True,True,True,True,True,True,True,True,True,True,False
FIRE+TRANS+ENV+SSA,CABA,1202.6,329.0,1202.4,329.25,1.00076,0.705,4.275,3.8,4.7,3,3,2,True,True,True,True,True,True,True,True,True,True,False
FIRE+TRANS+ENV+SSA,CABB,1186.1,324.25,1141.2,361.25,1.114109,0.705,4.275,3.8,4.7,3,3,1,False,True,True,True,False,True,True,True,True,True,False
FIRE+TRANS+ENV+SSA,CABC,1179.5,319.5,1073.2,363.5,1.137715,0.705,4.275,3.8,4.7,3,3,1,False,True,True,True,False,True,True,True,True,True,False
FIRE+TRANS+ENV+SSA,CACA,1197.0,325.25,1130.4,331.25,1.018447,0.705,4.275,3.8,4.7,3,3,2,True,True,True,True,True,True,True,True,True,True,False
FIRE+TRANS+ENV+SSA,CACB,1180.5,320.5,1069.2,363.25,1.133385,0.705,4.275,3.8,4.7,3,3,1,False,True,True,True,False,True,True,True,True,True,False
FIRE+TRANS+ENV+SSA,CACC,1173.9,315.75,1001.2,365.5,1.157561,0.705,4.275,3.8,4.7,3,3,1,False,True,True,True,False,True,True,True,True,True,False
FIRE+TRANS+ENV+SSA,CBAA,1204.1,329.25,1227.6,335.75,1.019742,0.705,4.275,3.8,4.7,3,3,2,True,True,True,True,True,True,True,True,True,True,False
FIRE+TRANS+ENV+SSA,CBAB,1187.6,324.5,1166.4,367.75,1.133282,0.705,4.275,3.8,4.7,3,3,1,False,True,True,True,False,True,True,True,True,True,False
FIRE+TRANS+ENV+SSA,CBAC,1181.0,319.75,1098.4,370.0,1.157154,0.705,4.275,3.8,4.7,3,3,1,False,True,True,True,False,True,True,True,True,True,False
FIRE+TRANS+ENV+SSA,CBBA,1190.1,325.5,1162.8,363.0,1.115207,0.705,4.275,3.8,4.7,3,3,1,False,True,True,True,False,True,True,True,True,True,False
FIRE+TRANS+ENV+SSA,CBBB,1173.6,320.75,1101.6,395.0,1.231489,0.705,4.275,3.8,4.7,3,3,0,False,True,True,True,False,True,True,True,True,True,False
FIRE+TRANS+ENV+SSA,CBBC,1167.0,316.0,1033.6,397.25,1.25712,0.705,4.275,3.8,4.7,3,3,0,False,True,True,True,False,True,True,True,True,True,False
FIRE+TRANS+ENV+SSA,CBCA,1184.5,321.75,1090.8,365.0,1.134421,0.705,4.275,3.8,4.7,3,3,1,False,True,True,True,False,True,True,True,True,True,False
FIRE+TRANS+ENV+SSA,CBCB,1168.0,317.0,1029.6,397.0,1.252366,0.705,4.275,3.8,4.7,3,3,0,False,True,True,True,False,True,True,True,True,True,False
FIRE+TRANS+ENV+SSA,CBCC,1161.4,312.25,961.6,399.25,1.278623,0.705,4.275,3.8,4.7,3,3,0,False,True,True,True,False,True,True,False,True,True,False
FIRE+TRANS+ENV+SSA,CCAA,1199.1,325.75,1183.6,343.75,1.055257,0.705,4.275,3.8,4.7,3,3,2,True,True,True,True,True,True,True,True,True,True,False
FIRE+TRANS+ENV+SSA,CCAB,1182.6,321.0,1122.4,375.75,1.170561,0.705,4.275,3.8,4.7,3,3,1,False,True,True,True,False,True,True,True,True,True,False
FIRE+TRANS+ENV+SSA,CCAC,1176.0,316.25,1054.4,378.0,1.195257,0.705,4.275,3.8,4.7,3,3,1,False,True,True,True,False,True,True,True,True,True,False
FIRE+TRANS+ENV+SSA,CCBA,1185.1,322.0,1118.8,371.0,1.152174,0.705,4.275,3.8,4.7,3,3,1,False,True,True,True,False,True,True,True,True,True,False
FIRE+TRANS+ENV+SSA,CCBB,1168.6,317.25,1057.6,403.0,1.270292,0.705,4.275,3.8,4.7,3,3,0,False,True,True,True,False,True,True,True,True,True,False
FIRE+TRANS+ENV+SSA,CCBC,1162.0,312.5,989.6,405.25,1.2968,0.705,4.275,3.8,4.7,3,3,0,False,True,True,True,False,True,True,False,True,True,False
FIRE+TRANS+ENV+SSA,CCCA,1179.5,318.25,1046.8,373.0,1.172035,0.705,4.275,3.8,4.7,3,3,1,False,True,True,True,False,True,True,True,True,True,False
FIRE+TRANS+ENV+SSA,CCCB,1163.0,313.5,985.6,405.0,1.291866,0.705,4.275,3.8,4.7,3,3,0,False,True,True,True,False,True,True,False,True,True,False
FIRE+TRANS+ENV+SSA,CCCC,1156.4,308.75,917.6,407.25,1.319028,0.705,4.275,3.8,4.7,3,3,0,False,True,True,True,False,True,True,False,True,True,False
FLOOD+AGRI+INFRA+ARCTIC,AAAA,1438.5,404.25,1600.0,356.25,0.881262,0.655,3.975,3.775,4.3,4,3,4,False,True,True,True,True,False,False,True,True,True,False
FLOOD+AGRI+INFRA+ARCTIC,AAAB,1415.5,397.25,1515.4,400.0,1.006923,0.655,3.975,3.775,4.3,4,3,3,False,True,True,True,True,False,False,True,True,True,False
FLOOD+AGRI+INFRA+ARCTIC,AAAC,1406.3,390.25,1421.4,404.0,1.035234,0.655,3.975,3.775,4.3,4,3,3,False,True,True,True,True,False,False,True,True,True,False
FLOOD+AGRI+INFRA+ARCTIC,AABA,1423.0,400.25,1546.0,392.5,0.980637,0.655,3.975,3.775,4.3,4,3,3,False,True,True,True,True,False,False,True,True,True,False
FLOOD+AGRI+INFRA+ARCTIC,AABB,1400.0,393.25,1461.4,436.25,1.109345,0.655,3.975,3.775,4.3,4,3,2,False,True,True,True,True,False,False,True,True,True,False
FLOOD+AGRI+INFRA+ARCTIC,AABC,1390.8,386.25,1367.4,440.25,1.139806,0.655,3.975,3.775,4.3,4,3,2,False,True,True,True,True,False,False,True,True,True,False
FLOOD+AGRI+INFRA+ARCTIC,AACA,1416.8,396.25,1486.0,399.5,1.008202,0.655,3.975,3.775,4.3,4,3,3,False,True,True,True,True,False,False,True,True,True,False
FLOOD+AGRI+INFRA+ARCTIC,AACB,1393.8,389.25,1401.4,443.25,1.138728,0.655,3.975,3.775,4.3,4,3,2,False,True,True,True,True,False,False,True,True,True,False
FLOOD+AGRI+INFRA+ARCTIC,AACC,1384.6,382.25,1307.4,447.25,1.170046,0.655,3.975,3.775,4.3,4,3,2,False,True,True,True,True,False,False,True,True,True,False
FLOOD+AGRI+INFRA+ARCTIC,ABAA,1425.5,400.5,1558.6,404.25,1.009363,0.655,3.975,3.775,4.3,4,3,3,False,True,True,True,True,False,False,True,True,True,False
FLOOD+AGRI+INFRA+ARCTIC,ABAB,1402.5,393.5,1474.0,448.0,1.138501,0.655,3.975,3.775,4.3,4,3,2,False,True,True,True,True,False,False,True,True,True,False
FLOOD+AGRI+INFRA+ARCTIC,ABAC,1393.3,386.5,1380.0,452.0,1.16947,0.655,3.975,3.775,4.3,4,3,2,False,True,True,True,True,False,False,True,True,True,False
FLOOD+AGRI+INFRA+ARCTIC,ABBA,1410.0,396.5,1504.6,440.5,1.110971,0.655,3.975,3.775,4.3,4,3,2,False,True,True,True,True,False,False,True,True,True,False
FLOOD+AGRI+INFRA+ARCTIC,ABBB,1387.0,389.5,1420.0,484.25,1.243261,0.655,3.975,3.775,4.3,4,3,1,False,True,True,True,False,False,False,True,True,True,False
FLOOD+AGRI+INFRA+ARCTIC,ABBC,1377.8,382.5,1326.0,488.25,1.276471,0.655,3.975,3.775,4.3,4,3,1,False,True,True,True,False,False,False,True,True,True,False
FLOOD+AGRI+INFRA+ARCTIC,ABCA,1403.8,392.5,1444.6,447.5,1.140127,0.655,3.975,3.775,4.3,4,3,2,False,True,True,True,True,False,False,True,True,True,False
FLOOD+AGRI+INFRA+ARCTIC,ABCB,1380.8,385.5,1360.0,491.25,1.274319,0.655,3.975,3.775,4.3,4,3,1,False,True,True,True,False,False,False,True,True,True,False
FLOOD+AGRI+INFRA+ARCTIC,ABCC,1371.6,378.5,1266.0,495.25,1.308454,0.655,3.975,3.775,4.3,4,3,1,False,True,True,True,False,False,False,True,True,True,False
FLOOD+AGRI+INFRA+ARCTIC,ACAA,1420.3,396.75,1512.6,423.75,1.068053,0.655,3.975,3.775,4.3,4,3,3,False,True,True,True,True,False,False,True,True,True,False
FLOOD+AGRI+INFRA+ARCTIC,ACAB,1397.3,389.75,1428.0,467.5,1.199487,0.655,3.975,3.775,4.3,4,3,2,False,True,True,True,True,False,False,True,True,True,False
FLOOD+AGRI+INFRA+ARCTIC,ACAC,1388.1,382.75,1334.0,471.5,1.231875,0.655,3.975,3.775,4.3,4,3,2,False,True,True,True,True,False,False,True,True,True,False
FLOOD+AGRI+INFRA+ARCTIC,ACBA,1404.8,392.75,1458.6,460.0,1.171229,0.655,3.975,3.775,4.3,4,3,2,False,True,True,True,True,False,False,True,True,True,False
FLOOD+AGRI+INFRA+ARCTIC,ACBB,1381.8,385.75,1374.0,503.75,1.305898,0.655,3.975,3.775,4.3,4,3,1,False,True,True,True,False,False,False,True,True,True,False
FLOOD+AGRI+INFRA+ARCTIC,ACBC,1372.6,378.75,1280.0,507.75,1.340594,0.655,3.975,3.775,4.3,4,3,1,False,True,True,True,False,False,False,True,True,True,False
FLOOD+AGRI+INFRA+ARCTIC,ACCA,1398.6,388.75,1398.6,467.0,1.201286,0.655,3.975,3.775,4.3,4,3,2,False,True,True,True,True,False,False,True,True,True,False
FLOOD+AGRI+INFRA+ARCTIC,ACCB,1375.6,381.75,1314.0,510.75,1.337917,0.655,3.975,3.775,4.3,4,3,1,False,True,True,True,False,False,False,True,True,True,False
FLOOD+AGRI+INFRA+ARCTIC,ACCC,1366.4,374.75,1220.0,514.75,1.373582,0.655,3.975,3.775,4.3,4,3,1,False,True,True,True,False,False,False,True,True,True,False
FLOOD+AGRI+INFRA+ARCTIC,BAAA,1421.5,399.75,1492.0,359.5,0.899312,0.655,3.975,3.775,4.3,4,3,3,False,True,True,True,True,False,False,True,True,True,False
FLOOD+AGRI+INFRA+ARCTIC,BAAB,1398.5,392.75,1407.4,403.25,1.026735,0.655,3.975,3.775,4.3,4,3,2,False,True,True,True,True,False,False,True,True,True,False
FLOOD+AGRI+INFRA+ARCTIC,BAAC,1389.3,385.75,1313.4,407.25,1.055736,0.655,3.975,3.775,4.3,4,3,2,False,True,True,True,True,False,False,True,True,True,False
FLOOD+AGRI+INFRA+ARCTIC,BABA,1406.0,395.75,1438.0,395.75,1.0,0.655,3.975,3.775,4.3,4,3,2,False,True,True,True,True,False,False,True,True,True,False
FLOOD+AGRI+INFRA+ARCTIC,BABB,1383.0,388.75,1353.4,439.5,1.130547,0.655,3.975,3.775,4.3,4,3,1,False,True,True,True,False,False,False,True,True,True,False
FLOOD+AGRI+INFRA+ARCTIC,BABC,1373.8,381.75,1259.4,443.5,1.161755,0.655,3.975,3.775,4.3,4,3,1,False,True,True,True,False,False,False,True,True,True,False
FLOOD+AGRI+INFRA+ARCTIC,BACA,1399.8,391.75,1378.0,402.75,1.028079,0.655,3.975,3.775,4.3,4,3,2,False,True,True,True,True,False,False,True,True,True,False
FLOOD+AGRI+INFRA+ARCTIC,BACB,1376.8,384.75,1293.4,446.5,1.160494,0.655,3.975,3.775,4.3,4,3,1,False,True,True,True,False,False,False,True,True,True,False
FLOOD+AGRI+INFRA+ARCTIC,BACC,1367.6,377.75,1199.4,450.5,1.192588,0.655,3.975,3.775,4.3,4,3,1,False,True,True,True,False,False,False,True,True,True,False
FLOOD+AGRI+INFRA+ARCTIC,BBAA,1408.5,396.0,1450.6,407.5,1.02904,0.655,3.975,3.775,4.3,4,3,2,False,True,True,True,True,False,False,True,True,True,False
FLOOD+AGRI+INFRA+ARCTIC,BBAB,1385.5,389.0,1366.0,451.25,1.160026,0.655,3.975,3.775,4.3,4,3,1,False,True,True,True,False,False,False,True,True,True,False
FLOOD+AGRI+INFRA+ARCTIC,BBAC,1376.3,382.0,1272.0,455.25,1.191754,0.655,3.975,3.775,4.3,4,3,1,False,True,True,True,False,False,False,True,True,True,False
FLOOD+AGRI+INFRA+ARCTIC,BBBA,1393.0,392.0,1396.6,443.75,1.132015,0.655,3.975,3.775,4.3,4,3,1,False,True,True,True,False,False,False,True,True,True,False
FLOOD+AGRI+INFRA+ARCTIC,BBBB,1370.0,385.0,1312.0,487.5,1.266234,0.655,3.975,3.775,4.3,4,3,0,False,True,True,True,False,False,False,True,True,True,False
FLOOD+AGRI+INFRA+ARCTIC,BBBC,1360.8,378.0,1218.0,491.5,1.300265,0.655,3.975,3.775,4.3,4,3,0,False,True,True,True,False,False,False,True,True,True,False
FLOOD+AGRI+INFRA+ARCTIC,BBCA,1386.8,388.0,1336.6,450.75,1.161727,0.655,3.975,3.775,4.3,4,3,1,False,True,True,True,False,False,False,True,True,True,False
FLOOD+AGRI+INFRA+ARCTIC,BBCB,1363.8,381.0,1252.0,494.5,1.2979,0.655,3.975,3.775,4.3,4,3,0,False,True,True,True,False,False,False,True,True,True,False
FLOOD+AGRI+INFRA+ARCTIC,BBCC,1354.6,374.0,1158.0,498.5,1.332888,0.655,3.975,3.775,4.3,4,3,0,False,True,True,True,False,False,False,True,True,True,False
FLOOD+AGRI+INFRA+ARCTIC,BCAA,1403.3,392.25,1404.6,427.0,1.088591,0.655,3.975,3.775,4.3,4,3,2,False,True,True,True,True,False,False,True,True,True,False
FLOOD+AGRI+INFRA+ARCTIC,BCAB,1380.3,385.25,1320.0,470.75,1.221934,0.655,3.975,3.775,4.3,4,3,1,False,True,True,True,False,False,False,True,True,True,False
FLOOD+AGRI+INFRA+ARCTIC,BCAC,1371.1,378.25,1226.0,474.75,1.255122,0.655,3.975,3.775,4.3,4,3,1,False,True,True,True,False,False,False,True,True,True,False
FLOOD+AGRI+INFRA+ARCTIC,BCBA,1387.8,388.25,1350.6,463.25,1.193175,0.655,3.975,3.775,4.3,4,3,1,False,True,True,True,False,False,False,True,True,True,False
FLOOD+AGRI+INFRA+ARCTIC,BCBB,1364.8,381.25,1266.0,507.0,1.329836,0.655,3.975,3.775,4.3,4,3,0,False,True,True,True,False,False,False,True,True,True,False
FLOOD+AGRI+INFRA+ARCTIC,BCBC,1355.6,374.25,1172.0,511.0,1.365397,0.655,3.975,3.775,4.3,4,3,0,False,True,True,True,False,False,False,True,True,True,False
FLOOD+AGRI+INFRA+ARCTIC,BCCA,1381.6,384.25,1290.6,470.25,1.223813,0.655,3.975,3.775,4.3,4,3,1,False,True,True,True,False,False,False,True,True,True,False
FLOOD+AGRI+INFRA+ARCTIC,BCCB,1358.6,377.25,1206.0,514.0,1.362492,0.655,3.975,3.775,4.3,4,3,0,False,True,True,True,False,False,False,True,True,True,False
FLOOD+AGRI+INFRA+ARCTIC,BCCC,1349.4,370.25,1112.0,518.0,1.399055,0.655,3.975,3.775,4.3,4,3,0,False,True,True,True,False,False,False,True,True,True,False
FLOOD+AGRI+INFRA+ARCTIC,CAAA,1414.7,395.25,1372.0,341.0,0.862745,0.655,3.975,3.775,4.3,4,3,3,False,True,True,True,True,False,False,True,True,True,False
FLOOD+AGRI+INFRA+ARCTIC,CAAB,1391.7,388.25,1287.4,384.75,0.990985,0.655,3.975,3.775,4.3,4,3,2,False,True,True,True,True,False,False,True,True,True,False
FLOOD+AGRI+INFRA+ARCTIC,CAAC,1382.5,381.25,1193.4,388.75,1.019672,0.655,3.975,3.775,4.3,4,3,2,False,True,True,True,True,False,False,True,True,True,False
FLOOD+AGRI+INFRA+ARCTIC,CABA,1399.2,391.25,1318.0,377.25,0.964217,0.655,3.975,3.775,4.3,4,3,2,False,True,True,True,True,False,False,True,True,True,False
FLOOD+AGRI+INFRA+ARCTIC,CABB,1376.2,384.25,1233.4,421.0,1.095641,0.655,3.975,3.775,4.3,4,3,1,False,True,True,True,False,False,False,True,True,True,False
FLOOD+AGRI+INFRA+ARCTIC,CABC,1367.0,377.25,1139.4,425.0,1.126574,0.655,3.975,3.775,4.3,4,3,1,False,True,True,True,False,False,False,True,True,True,False
FLOOD+AGRI+INFRA+ARCTIC,CACA,1393.0,387.25,1258.0,384.25,0.992253,0.655,3.975,3.775,4.3,4,3,2,False,True,True,True,True,False,False,True,True,True,False
FLOOD+AGRI+INFRA+ARCTIC,CACB,1370.0,380.25,1173.4,428.0,1.125575,0.655,3.975,3.775,4.3,4,3,1,False,True,True,True,False,False,False,True,True,True,False
FLOOD+AGRI+INFRA+ARCTIC,CACC,1360.8,373.25,1079.4,432.0,1.157401,0.655,3.975,3.775,4.3,4,3,1,False,True,True,True,False,False,False,True,True,True,False
FLOOD+AGRI+INFRA+ARCTIC,CBAA,1401.7,391.5,1330.6,389.0,0.993614,0.655,3.975,3.775,4.3,4,3,2,False,True,True,True,True,False,False,True,True,True,False
FLOOD+AGRI+INFRA+ARCTIC,CBAB,1378.7,384.5,1246.0,432.75,1.125488,0.655,3.975,3.775,4.3,4,3,1,False,True,True,True,False,False,False,True,True,True,False
FLOOD+AGRI+INFRA+ARCTIC,CBAC,1369.5,377.5,1152.0,436.75,1.156954,0.655,3.975,3.775,4.3,4,3,1,False,True,True,True,False,False,False,True,True,True,False
FLOOD+AGRI+INFRA+ARCTIC,CBBA,1386.2,387.5,1276.6,425.25,1.097419,0.655,3.975,3.775,4.3,4,3,1,False,True,True,True,False,False,False,True,True,True,False
FLOOD+AGRI+INFRA+ARCTIC,CBBB,1363.2,380.5,1192.0,469.0,1.232589,0.655,3.975,3.775,4.3,4,3,0,False,True,True,True,False,False,False,True,True,True,False
FLOOD+AGRI+INFRA+ARCTIC,CBBC,1354.0,373.5,1098.0,473.0,1.266399,0.655,3.975,3.775,4.3,4,3,0,False,True,True,True,False,False,False,True,True,True,False
FLOOD+AGRI+INFRA+ARCTIC,CBCA,1380.0,383.5,1216.6,432.25,1.127119,0.655,3.975,3.775,4.3,4,3,1,False,True,True,True,False,False,False,True,True,True,False
FLOOD+AGRI+INFRA+ARCTIC,CBCB,1357.0,376.5,1132.0,476.0,1.264276,0.655,3.975,3.775,4.3,4,3,0,False,True,True,True,False,False,False,True,True,True,False
FLOOD+AGRI+INFRA+ARCTIC,CBCC,1347.8,369.5,1038.0,480.0,1.299053,0.655,3.975,3.775,4.3,4,3,0,False,True,True,True,False,False,False,True,True,True,False
FLOOD+AGRI+INFRA+ARCTIC,CCAA,1396.5,387.75,1284.6,408.5,1.053514,0.655,3.975,3.775,4.3,4,3,2,False,True,True,True,True,False,False,True,True,True,False
FLOOD+AGRI+INFRA+ARCTIC,CCAB,1373.5,380.75,1200.0,452.25,1.187787,0.655,3.975,3.775,4.3,4,3,1,False,True,True,True,False,False,False,True,True,True,False
FLOOD+AGRI+INFRA+ARCTIC,CCAC,1364.3,373.75,1106.0,456.25,1.220736,0.655,3.975,3.775,4.3,4,3,1,False,True,True,True,False,False,False,True,True,True,False
FLOOD+AGRI+INFRA+ARCTIC,CCBA,1381.0,383.75,1230.6,444.75,1.158958,0.655,3.975,3.775,4.3,4,3,1,False,True,True,True,False,False,False,True,True,True,False
FLOOD+AGRI+INFRA+ARCTIC,CCBB,1358.0,376.75,1146.0,488.5,1.296616,0.655,3.975,3.775,4.3,4,3,0,False,True,True,True,False,False,False,True,True,True,False
FLOOD+AGRI+INFRA+ARCTIC,CCBC,1348.8,369.75,1052.0,492.5,1.331981,0.655,3.975,3.775,4.3,4,3,0,False,True,True,True,False,False,False,True,True,True,False
FLOOD+AGRI+INFRA+ARCTIC,CCCA,1374.8,379.75,1170.6,451.75,1.189598,0.655,3.975,3.775,4.3,4,3,1,False,True,True,True,False,False,False,True,True,True,False
FLOOD+AGRI+INFRA+ARCTIC,CCCB,1351.8,372.75,1086.0,495.5,1.329309,0.655,3.975,3.775,4.3,4,3,0,False,True,True,True,False,False,False,True,True,True,False
FLOOD+AGRI+INFRA+ARCTIC,CCCC,1342.6,365.75,992.0,499.5,1.365687,0.655,3.975,3.775,4.3,4,3,0,False,True,True,True,False,False,False,False,True,True,False
FLOOD+AGRI+INFRA+TRANS,AAAA,1218.0,330.75,1350.0,306.25,0.925926,0.71,4.375,4.175,4.575,4,2,4,True,True,True,True,True,True,True,True,True,True,False
FLOOD+AGRI+INFRA+TRANS,AAAB,1205.5,327.25,1310.4,340.0,1.038961,0.71,4.375,4.175,4.575,4,2,3,True,True,True,True,True,True,True,True,True,True,False
FLOOD+AGRI+INFRA+TRANS,AAAC,1200.5,323.75,1266.4,348.0,1.074903,0.71,4.375,4.175,4.575,4,2,3,True,True,True,True,True,True,True,True,True,True,False
FLOOD+AGRI+INFRA+TRANS,AABA,1202.5,326.75,1296.0,342.5,1.048202,0.71,4.375,4.175,4.575,4,2,3,True,True,True,True,True,True,True,True,True,True,False
FLOOD+AGRI+INFRA+TRANS,AABB,1190.0,323.25,1256.4,376.25,1.16396,0.71,4.375,4.175,4.575,4,2,2,True,True,True,True,True,True,True,True,True,True,False
FLOOD+AGRI+INFRA+TRANS,AABC,1185.0,319.75,1212.4,384.25,1.20172,0.71,4.375,4.175,4.575,4,2,2,True,True,True,True,True,True,True,True,True,True,False
FLOOD+AGRI+INFRA+TRANS,AACA,1196.3,322.75,1236.0,349.5,1.082881,0.71,4.375,4.175,4.575,4,2,3,True,True,True,True,True,True,True,True,True,True,False
FLOOD+AGRI+INFRA+TRANS,AACB,1183.8,319.25,1196.4,383.25,1.20047,0.71,4.375,4.175,4.575,4,2,2,True,True,True,True,True,True,True,True,True,True,False
FLOOD+AGRI+INFRA+TRANS,AACC,1178.8,315.75,1152.4,391.25,1.239113,0.71,4.375,4.175,4.575,4,2,2,True,True,True,True,True,True,True,True,True,True,True
FLOOD+AGRI+INFRA+TRANS,ABAA,1205.0,327.0,1308.6,354.25,1.083333,0.71,4.375,4.175,4.575,4,2,3,True,True,True,True,True,True,True,True,True,True,False
FLOOD+AGRI+INFRA+TRANS,ABAB,1192.5,323.5,1269.0,388.0,1.199382,0.71,4.375,4.175,4.575,4,2,2,True,True,True,True,True,True,True,True,True,True,False
FLOOD+AGRI+INFRA+TRANS,ABAC,1187.5,320.0,1225.0,396.0,1.2375,0.71,4.375,4.175,4.575,4,2,2,True,True,True,True,True,True,True,True,True,True,False
FLOOD+AGRI+INFRA+TRANS,ABBA,1189.5,323.0,1254.6,390.5,1.208978,0.71,4.375,4.175,4.575,4,2,2,True,True,True,True,True,True,True,True,True,True,False
FLOOD+AGRI+INFRA+TRANS,ABBB,1177.0,319.5,1215.0,424.25,1.327856,0.71,4.375,4.175,4.575,4,2,1,False,True,True,True,False,True,True,True,True,True,False
FLOOD+AGRI+INFRA+TRANS,ABBC,1172.0,316.0,1171.0,432.25,1.36788,0.71,4.375,4.175,4.575,4,2,1,False,True,True,True,False,True,True,True,True,True,False
FLOOD+AGRI+INFRA+TRANS,ABCA,1183.3,319.0,1194.6,397.5,1.246082,0.71,4.375,4.175,4.575,4,2,2,True,True,True,True,True,True,True,True,True,True,False
FLOOD+AGRI+INFRA+TRANS,ABCB,1170.8,315.5,1155.0,431.25,1.366878,0.71,4.375,4.175,4.575,4,2,1,False,True,True,True,False,True,True,True,True,True,False
FLOOD+AGRI+INFRA+TRANS,ABCC,1165.8,312.0,1111.0,439.25,1.407853,0.71,4.375,4.175,4.575,4,2,1,False,True,True,True,False,True,True,True,True,True,False
FLOOD+AGRI+INFRA+TRANS,ACAA,1199.8,323.25,1262.6,373.75,1.156226,0.71,4.375,4.175,4.575,4,2,3,True,True,True,True,True,True,True,True,True,True,False
FLOOD+AGRI+INFRA+TRANS,ACAB,1187.3,319.75,1223.0,407.5,1.274433,0.71,4.375,4.175,4.575,4,2,2,True,True,True,True,True,True,True,True,True,True,False
FLOOD+AGRI+INFRA+TRANS,ACAC,1182.3,316.25,1179.0,415.5,1.313834,0.71,4.375,4.175,4.575,4,2,2,True,True,True,True,True,True,True,True,True,True,False
FLOOD+AGRI+INFRA+TRANS,ACBA,1184.3,319.25,1208.6,410.0,1.28426,0.71,4.375,4.175,4.575,4,2,2,True,True,True,True,True,True,True,True,True,True,False
FLOOD+AGRI+INFRA+TRANS,ACBB,1171.8,315.75,1169.0,443.75,1.405384,0.71,4.375,4.175,4.575,4,2,1,False,True,True,True,False,True,True,True,True,True,False
FLOOD+AGRI+INFRA+TRANS,ACBC,1166.8,312.25,1125.0,451.75,1.446757,0.71,4.375,4.175,4.575,4,2,1,False,True,True,True,False,True,True,True,True,True,False
FLOOD+AGRI+INFRA+TRANS,ACCA,1178.1,315.25,1148.6,417.0,1.32276,0.71,4.375,4.175,4.575,4,2,2,True,True,True,True,True,True,True,True,True,True,True
FLOOD+AGRI+INFRA+TRANS,ACCB,1165.6,311.75,1109.0,450.75,1.44587,0.71,4.375,4.175,4.575,4,2,1,False,True,True,True,False,True,True,True,True,True,False
FLOOD+AGRI+INFRA+TRANS,ACCC,1160.6,308.25,1065.0,458.75,1.48824,0.71,4.375,4.175,4.575,4,2,1,False,True,True,True,False,True,True,True,True,True,False
FLOOD+AGRI+INFRA+TRANS,BAAA,1201.0,326.25,1242.0,309.5,0.948659,0.71,4.375,4.175,4.575,4,2,3,True,True,True,True,True,True,True,True,True,True,False
FLOOD+AGRI+INFRA+TRANS,BAAB,1188.5,322.75,1202.4,343.25,1.063517,0.71,4.375,4.175,4.575,4,2,2,True,True,True,True,True,True,True,True,True,True,False
FLOOD+AGRI+INFRA+TRANS,BAAC,1183.5,319.25,1158.4,351.25,1.100235,0.71,4.375,4.175,4.575,4,2,2,True,True,True,True,True,True,True,True,True,True,False
FLOOD+AGRI+INFRA+TRANS,BABA,1185.5,322.25,1188.0,345.75,1.072925,0.71,4.375,4.175,4.575,4,2,2,True,True,True,True,True,True,True,True,True,True,False
FLOOD+AGRI+INFRA+TRANS,BABB,1173.0,318.75,1148.4,379.5,1.190588,0.71,4.375,4.175,4.575,4,2,1,False,True,True,True,False,True,True,True,True,True,False
FLOOD+AGRI+INFRA+TRANS,BABC,1168.0,315.25,1104.4,387.5,1.229183,0.71,4.375,4.175,4.575,4,2,1,False,True,True,True,False,True,True,True,True,True,False
FLOOD+AGRI+INFRA+TRANS,BACA,1179.3,318.25,1128.0,352.75,1.108405,0.71,4.375,4.175,4.575,4,2,2,True,True,True,True,True,True,True,True,True,True,True
FLOOD+AGRI+INFRA+TRANS,BACB,1166.8,314.75,1088.4,386.5,1.227959,0.71,4.375,4.175,4.575,4,2,1,False,True,True,True,False,True,True,True,True,True,False
FLOOD+AGRI+INFRA+TRANS,BACC,1161.8,311.25,1044.4,394.5,1.26747,0.71,4.375,4.175,4.575,4,2,1,False,True,True,True,False,True,True,True,True,True,False
FLOOD+AGRI+INFRA+TRANS,BBAA,1188.0,322.5,1200.6,357.5,1.108527,0.71,4.375,4.175,4.575,4,2,2,True,True,True,True,True,True,True,True,True,True,False
FLOOD+AGRI+INFRA+TRANS,BBAB,1175.5,319.0,1161.0,391.25,1.226489,0.71,4.375,4.175,4.575,4,2,1,False,True,True,True,False,True,True,True,True,True,False
FLOOD+AGRI+INFRA+TRANS,BBAC,1170.5,315.5,1117.0,399.25,1.265452,0.71,4.375,4.175,4.575,4,2,1,False,True,True,True,False,True,True,True,True,True,False
FLOOD+AGRI+INFRA+TRANS,BBBA,1172.5,318.5,1146.6,393.75,1.236264,0.71,4.375,4.175,4.575,4,2,1,False,True,True,True,False,True,True,True,True,True,False
FLOOD+AGRI+INFRA+TRANS,BBBB,1160.0,315.0,1107.0,427.5,1.357143,0.71,4.375,4.175,4.575,4,2,0,False,True,True,True,False,True,True,True,True,True,False
FLOOD+AGRI+INFRA+TRANS,BBBC,1155.0,311.5,1063.0,435.5,1.398074,0.71,4.375,4.175,4.575,4,2,0,False,True,True,True,False,True,True,True,True,True,False
FLOOD+AGRI+INFRA+TRANS,BBCA,1166.3,314.5,1086.6,400.75,1.274245,0.71,4.375,4.175,4.575,4,2,1,False,True,True,True,False,True,True,True,True,True,False
FLOOD+AGRI+INFRA+TRANS,BBCB,1153.8,311.0,1047.0,434.5,1.397106,0.71,4.375,4.175,4.575,4,2,0,False,True,True,True,False,True,True,True,True,True,False
FLOOD+AGRI+INFRA+TRANS,BBCC,1148.8,307.5,1003.0,442.5,1.439024,0.71,4.375,4.175,4.575,4,2,0,False,True,True,True,False,True,True,True,True,True,False
FLOOD+AGRI+INFRA+TRANS,BCAA,1182.8,318.75,1154.6,377.0,1.182745,0.71,4.375,4.175,4.575,4,2,2,True,True,True,True,True,True,True,True,True,True,False
FLOOD+AGRI+INFRA+TRANS,BCAB,1170.3,315.25,1115.0,410.75,1.302934,0.71,4.375,4.175,4.575,4,2,1,False,True,True,True,False,True,True,True,True,True,False
FLOOD+AGRI+INFRA+TRANS,BCAC,1165.3,311.75,1071.0,418.75,1.343224,0.71,4.375,4.175,4.575,4,2,1,False,True,True,True,False,True,True,True,True,True,False
FLOOD+AGRI+INFRA+TRANS,BCBA,1167.3,314.75,1100.6,413.25,1.312947,0.71,4.375,4.175,4.575,4,2,1,False,True,True,True,False,True,True,True,True,True,False
FLOOD+AGRI+INFRA+TRANS,BCBB,1154.8,311.25,1061.0,447.0,1.436145,0.71,4.375,4.175,4.575,4,2,0,False,True,True,True,False,True,True,True,True,True,False
FLOOD+AGRI+INFRA+TRANS,BCBC,1149.8,307.75,1017.0,455.0,1.478473,0.71,4.375,4.175,4.575,4,2,0,False,True,True,True,False,True,True,True,True,True,False
FLOOD+AGRI+INFRA+TRANS,BCCA,1161.1,310.75,1040.6,420.25,1.352373,0.71,4.375,4.175,4.575,4,2,1,False,True,True,True,False,True,True,True,True,True,False
FLOOD+AGRI+INFRA+TRANS,BCCB,1148.6,307.25,1001.0,454.0,1.477624,0.71,4.375,4.175,4.575,4,2,0,False,True,True,True,False,True,True,True,True,True,False
FLOOD+AGRI+INFRA+TRANS,BCCC,1143.6,303.75,957.0,462.0,1.520988,0.71,4.375,4.175,4.575,4,2,0,False,True,True,True,False,True,True,False,True,True,False
FLOOD+AGRI+INFRA+TRANS,CAAA,1194.2,321.75,1122.0,291.0,0.904429,0.71,4.375,4.175,4.575,4,2,3,True,True,True,True,True,True,True,True,True,True,False
FLOOD+AGRI+INFRA+TRANS,CAAB,1181.7,318.25,1082.4,324.75,1.020424,0.71,4.375,4.175,4.575,4,2,2,True,True,True,True,True,True,True,True,True,True,False
FLOOD+AGRI+INFRA+TRANS,CAAC,1176.7,314.75,1038.4,332.75,1.057188,0.71,4.375,4.175,4.575,4,2,2,True,True,True,True,True,True,True,True,True,True,True
FLOOD+AGRI+INFRA+TRANS,CABA,1178.7,317.75,1068.0,327.25,1.029898,0.71,4.375,4.175,4.575,4,2,2,True,True,True,True,True,True,True,True,True,True,True
FLOOD+AGRI+INFRA+TRANS,CABB,1166.2,314.25,1028.4,361.0,1.148767,0.71,4.375,4.175,4.575,4,2,1,False,True,True,True,False,True,True,True,True,True,False
FLOOD+AGRI+INFRA+TRANS,CABC,1161.2,310.75,984.4,369.0,1.18745,0.71,4.375,4.175,4.575,4,2,1,False,True,True,True,False,True,True,False,True,True,False
FLOOD+AGRI+INFRA+TRANS,CACA,1172.5,313.75,1008.0,334.25,1.065339,0.71,4.375,4.175,4.575,4,2,2,True,True,True,True,True,True,True,True,True,True,True
FLOOD+AGRI+INFRA+TRANS,CACB,1160.0,310.25,968.4,368.0,1.18614,0.71,4.375,4.175,4.575,4,2,1,False,True,True,True,False,True,True,False,True,True,False
FLOOD+AGRI+INFRA+TRANS,CACC,1155.0,306.75,924.4,376.0,1.225754,0.71,4.375,4.175,4.575,4,2,1,False,True,True,True,False,True,True,False,True,True,False
FLOOD+AGRI+INFRA+TRANS,CBAA,1181.2,318.0,1080.6,339.0,1.066038,0.71,4.375,4.175,4.575,4,2,2,True,True,True,True,True,True,True,True,True,True,False
FLOOD+AGRI+INFRA+TRANS,CBAB,1168.7,314.5,1041.0,372.75,1.185215,0.71,4.375,4.175,4.575,4,2,1,False,True,True,True,False,True,True,True,True,True,False
FLOOD+AGRI+INFRA+TRANS,CBAC,1163.7,311.0,997.0,380.75,1.224277,0.71,4.375,4.175,4.575,4,2,1,False,True,True,True,False,True,True,False,True,True,False
FLOOD+AGRI+INFRA+TRANS,CBBA,1165.7,314.0,1026.6,375.25,1.195064,0.71,4.375,4.175,4.575,4,2,1,False,True,True,True,False,True,True,True,True,True,False
FLOOD+AGRI+INFRA+TRANS,CBBB,1153.2,310.5,987.0,409.0,1.31723,0.71,4.375,4.175,4.575,4,2,0,False,True,True,True,False,True,True,False,True,True,False
FLOOD+AGRI+INFRA+TRANS,CBBC,1148.2,307.0,943.0,417.0,1.358306,0.71,4.375,4.175,4.575,4,2,0,False,True,True,True,False,True,True,False,True,True,False
FLOOD+AGRI+INFRA+TRANS,CBCA,1159.5,310.0,966.6,382.25,1.233065,0.71,4.375,4.175,4.575,4,2,1,False,True,True,True,False,True,True,False,True,True,False
FLOOD+AGRI+INFRA+TRANS,CBCB,1147.0,306.5,927.0,416.0,1.357259,0.71,4.375,4.175,4.575,4,2,0,False,True,True,True,False,True,True,False,True,True,False
FLOOD+AGRI+INFRA+TRANS,CBCC,1142.0,303.0,883.0,424.0,1.39934,0.71,4.375,4.175,4.575,4,2,0,False,True,True,True,False,True,True,False,True,True,False
FLOOD+AGRI+INFRA+TRANS,CCAA,1176.0,314.25,1034.6,358.5,1.140811,0.71,4.375,4.175,4.575,4,2,2,True,True,True,True,True,True,True,True,True,True,True
FLOOD+AGRI+INFRA+TRANS,CCAB,1163.5,310.75,995.0,392.25,1.262269,0.71,4.375,4.175,4.575,4,2,1,False,True,True,True,False,True,True,False,True,True,False
FLOOD+AGRI+INFRA+TRANS,CCAC,1158.5,307.25,951.0,400.25,1.302685,0.71,4.375,4.175,4.575,4,2,1,False,True,True,True,False,True,True,False,True,True,False
FLOOD+AGRI+INFRA+TRANS,CCBA,1160.5,310.25,980.6,394.75,1.272361,0.71,4.375,4.175,4.575,4,2,1,False,True,True,True,False,True,True,False,True,True,False
FLOOD+AGRI+INFRA+TRANS,CCBB,1148.0,306.75,941.0,428.5,1.396903,0.71,4.375,4.175,4.575,4,2,0,False,True,True,True,False,True,True,False,True,True,False
FLOOD+AGRI+INFRA+TRANS,CCBC,1143.0,303.25,897.0,436.5,1.439406,0.71,4.375,4.175,4.575,4,2,0,False,True,True,True,False,True,True,False,True,True,False
FLOOD+AGRI+INFRA+TRANS,CCCA,1154.3,306.25,920.6,401.75,1.311837,0.71,4.375,4.175,4.575,4,2,1,False,True,True,True,False,True,True,False,True,True,False
FLOOD+AGRI+INFRA+TRANS,CCCB,1141.8,302.75,881.0,435.5,1.438481,0.71,4.375,4.175,4.575,4,2,0,False,True,True,True,False,True,True,False,True,True,False
FLOOD+AGRI+INFRA+TRANS,CCCC,1136.8,299.25,837.0,443.5,1.482038,0.71,4.375,4.175,4.575,4,2,0,False,True,True,True,False,True,True,False,True,True,False
FLOOD+AGRI+INFRA+ENV,AAAA,1249.5,336.0,1490.0,313.75,0.93378,0.7,4.275,4.125,4.575,4,2,4,True,True,True,True,True,True,True,True,True,True,False
FLOOD+AGRI+INFRA+ENV,AAAB,1235.5,332.25,1425.2,341.0,1.026336,0.7,4.275,4.125,4.575,4,2,3,True,True,True,True,True,True,True,True,True,True,False
FLOOD+AGRI+INFRA+ENV,AAAC,1229.9,328.5,1353.2,343.0,1.04414,0.7,4.275,4.125,4.575,4,2,3,True,True,True,True,True,True,True,True,True,True,False
FLOOD+AGRI+INFRA+ENV,AABA,1234.0,332.0,1436.0,350.0,1.054217,0.7,4.275,4.125,4.575,4,2,3,True,True,True,True,True,True,True,True,True,True,False
FLOOD+AGRI+INFRA+ENV,AABB,1220.0,328.25,1371.2,377.25,1.149276,0.7,4.275,4.125,4.575,4,2,2,True,True,True,True,True,True,True,True,True,True,False
FLOOD+AGRI+INFRA+ENV,AABC,1214.4,324.5,1299.2,379.25,1.168721,0.7,4.275,4.125,4.575,4,2,2,True,True,True,True,True,True,True,True,True,True,False
FLOOD+AGRI+INFRA+ENV,AACA,1227.8,328.0,1376.0,357.0,1.088415,0.7,4.275,4.125,4.575,4,2,3,True,True,True,True,True,True,True,True,True,True,False
FLOOD+AGRI+INFRA+ENV,AACB,1213.8,324.25,1311.2,384.25,1.185042,0.7,4.275,4.125,4.575,4,2,2,True,True,True,True,True,True,True,True,True,True,False
FLOOD+AGRI+INFRA+ENV,AACC,1208.2,320.5,1239.2,386.25,1.205148,0.7,4.275,4.125,4.575,4,2,2,True,True,True,True,True,True,True,True,True,True,False
FLOOD+AGRI+INFRA+ENV,ABAA,1236.5,332.25,1448.6,361.75,1.088789,0.7,4.275,4.125,4.575,4,2,3,True,True,True,True,True,True,True,True,True,True,False
FLOOD+AGRI+INFRA+ENV,ABAB,1222.5,328.5,1383.8,389.0,1.18417,0.7,4.275,4.125,4.575,4,2,2,True,True,True,True,True,True,True,True,True,True,False
FLOOD+AGRI+INFRA+ENV,ABAC,1216.9,324.75,1311.8,391.0,1.204003,0.7,4.275,4.125,4.575,4,2,2,True,True,True,True,True,True,True,True,True,True,False
FLOOD+AGRI+INFRA+ENV,ABBA,1221.0,328.25,1394.6,398.0,1.21249,0.7,4.275,4.125,4.575,4,2,2,True,True,True,True,True,True,True,True,True,True,False
FLOOD+AGRI+INFRA+ENV,ABBB,1207.0,324.5,1329.8,425.25,1.310478,0.7,4.275,4.125,4.575,4,2,1,False,True,True,True,False,True,True,True,True,True,False
FLOOD+AGRI+INFRA+ENV,ABBC,1201.4,320.75,1257.8,427.25,1.332034,0.7,4.275,4.125,4.575,4,2,1,False,True,True,True,False,True,True,True,True,True,False
FLOOD+AGRI+INFRA+ENV,ABCA,1214.8,324.25,1334.6,405.0,1.249036,0.7,4.275,4.125,4.575,4,2,2,True,True,True,True,True,True,True,True,True,True,False
FLOOD+AGRI+INFRA+ENV,ABCB,1200.8,320.5,1269.8,432.25,1.348674,0.7,4.275,4.125,4.575,4,2,1,False,True,True,True,False,True,True,True,True,True,False
FLOOD+AGRI+INFRA+ENV,ABCC,1195.2,316.75,1197.8,434.25,1.370955,0.7,4.275,4.125,4.575,4,2,1,False,True,True,True,False,True,True,True,True,True,False
FLOOD+AGRI+INFRA+ENV,ACAA,1231.3,328.5,1402.6,381.25,1.160578,0.7,4.275,4.125,4.575,4,2,3,True,True,True,True,True,True,True,True,True,True,False
FLOOD+AGRI+INFRA+ENV,ACAB,1217.3,324.75,1337.8,408.5,1.257891,0.7,4.275,4.125,4.575,4,2,2,True,True,True,True,True,True,True,True,True,True,False
FLOOD+AGRI+INFRA+ENV,ACAC,1211.7,321.0,1265.8,410.5,1.278816,0.7,4.275,4.125,4.575,4,2,2,True,True,True,True,True,True,True,True,True,True,False
FLOOD+AGRI+INFRA+ENV,ACBA,1215.8,324.5,1348.6,417.5,1.286595,0.7,4.275,4.125,4.575,4,2,2,True,True,True,True,True,True,True,True,True,True,False
FLOOD+AGRI+INFRA+ENV,ACBB,1201.8,320.75,1283.8,444.75,1.386594,0.7,4.275,4.125,4.575,4,2,1,False,True,True,True,False,True,True,True,True,True,False
FLOOD+AGRI+INFRA+ENV,ACBC,1196.2,317.0,1211.8,446.75,1.409306,0.7,4.275,4.125,4.575,4,2,1,False,True,True,True,False,True,True,True,True,True,False
FLOOD+AGRI+INFRA+ENV,ACCA,1209.6,320.5,1288.6,424.5,1.324493,0.7,4.275,4.125,4.575,4,2,2,True,True,True,True,True,True,True,True,True,True,False
FLOOD+AGRI+INFRA+ENV,ACCB,1195.6,316.75,1223.8,451.75,1.426204,0.7,4.275,4.125,4.575,4,2,1,False,True,True,True,False,True,True,True,True,True,False
FLOOD+AGRI+INFRA+ENV,ACCC,1190.0,313.0,1151.8,453.75,1.449681,0.7,4.275,4.125,4.575,4,2,1,False,True,True,True,False,True,True,True,True,True,False
FLOOD+AGRI+INFRA+ENV,BAAA,1232.5,331.5,1382.0,317.0,0.956259,0.7,4.275,4.125,4.575,4,2,3,True,True,True,True,True,True,True,True,True,True,False
FLOOD+AGRI+INFRA+ENV,BAAB,1218.5,327.75,1317.2,344.25,1.050343,0.7,4.275,4.125,4.575,4,2,2,True,True,True,True,True,True,True,True,True,True,False
FLOOD+AGRI+INFRA+ENV,BAAC,1212.9,324.0,1245.2,346.25,1.068673,0.7,4.275,4.125,4.575,4,2,2,True,True,True,True,True,True,True,True,True,True,False
FLOOD+AGRI+INFRA+ENV,BABA,1217.0,327.5,1328.0,353.25,1.078626,0.7,4.275,4.125,4.575,4,2,2,True,True,True,True,True,True,True,True,True,True,False
FLOOD+AGRI+INFRA+ENV,BABB,1203.0,323.75,1263.2,380.5,1.17529,0.7,4.275,4.125,4.575,4,2,1,False,True,True,True,False,True,True,True,True,True,False
FLOOD+AGRI+INFRA+ENV,BABC,1197.4,320.0,1191.2,382.5,1.195312,0.7,4.275,4.125,4.575,4,2,1,False,True,True,True,False,True,True,True,True,True,False
FLOOD+AGRI+INFRA+ENV,BACA,1210.8,323.5,1268.0,360.25,1.113601,0.7,4.275,4.125,4.575,4,2,2,True,True,True,True,True,True,True,True,True,True,False
FLOOD+AGRI+INFRA+ENV,BACB,1196.8,319.75,1203.2,387.5,1.211884,0.7,4.275,4.125,4.575,4,2,1,False,True,True,True,False,True,True,True,True,True,False
FLOOD+AGRI+INFRA+ENV,BACC,1191.2,316.0,1131.2,389.5,1.232595,0.7,4.275,4.125,4.575,4,2,1,False,True,True,True,False,True,True,True,True,True,False
FLOOD+AGRI+INFRA+ENV,BBAA,1219.5,327.75,1340.6,365.0,1.113654,0.7,4.275,4.125,4.575,4,2,2,True,True,True,True,True,True,True,True,True,True,False
FLOOD+AGRI+INFRA+ENV,BBAB,1205.5,324.0,1275.8,392.25,1.210648,0.7,4.275,4.125,4.575,4,2,1,False,True,True,True,False,True,True,True,True,True,False
FLOOD+AGRI+INFRA+ENV,BBAC,1199.9,320.25,1203.8,394.25,1.231069,0.7,4.275,4.125,4.575,4,2,1,False,True,True,True,False,True,True,True,True,True,False
FLOOD+AGRI+INFRA+ENV,BBBA,1204.0,323.75,1286.6,401.25,1.239382,0.7,4.275,4.125,4.575,4,2,1,False,True,True,True,False,True,True,True,True,True,False
FLOOD+AGRI+INFRA+ENV,BBBB,1190.0,320.0,1221.8,428.5,1.339063,0.7,4.275,4.125,4.575,4,2,0,False,True,True,True,False,True,True,True,True,True,False
FLOOD+AGRI+INFRA+ENV,BBBC,1184.4,316.25,1149.8,430.5,1.361265,0.7,4.275,4.125,4.575,4,2,0,False,True,True,True,False,True,True,True,True,True,False
FLOOD+AGRI+INFRA+ENV,BBCA,1197.8,319.75,1226.6,408.25,1.276779,0.7,4.275,4.125,4.575,4,2,1,False,True,True,True,False,True,True,True,True,True,False
FLOOD+AGRI+INFRA+ENV,BBCB,1183.8,316.0,1161.8,435.5,1.378165,0.7,4.275,4.125,4.575,4,2,0,False,True,True,True,False,True,True,True,True,True,False
FLOOD+AGRI+INFRA+ENV,BBCC,1178.2,312.25,1089.8,437.5,1.401121,0.7,4.275,4.125,4.575,4,2,0,False,True,True,True,False,True,True,True,True,True,False
FLOOD+AGRI+INFRA+ENV,BCAA,1214.3,324.0,1294.6,384.5,1.186728,0.7,4.275,4.125,4.575,4,2,2,True,True,True,True,True,True,True,True,True,True,False
FLOOD+AGRI+INFRA+ENV,BCAB,1200.3,320.25,1229.8,411.75,1.285714,0.7,4.275,4.125,4.575,4,2,1,False,True,True,True,False,True,True,True,True,True,False
FLOOD+AGRI+INFRA+ENV,BCAC,1194.7,316.5,1157.8,413.75,1.307267,0.7,4.275,4.125,4.575,4,2,1,False,True,True,True,False,True,True,True,True,True,False
FLOOD+AGRI+INFRA+ENV,BCBA,1198.8,320.0,1240.6,420.75,1.314844,0.7,4.275,4.125,4.575,4,2,1,False,True,True,True,False,True,True,True,True,True,False
FLOOD+AGRI+INFRA+ENV,BCBB,1184.8,316.25,1175.8,448.0,1.416601,0.7,4.275,4.125,4.575,4,2,0,False,True,True,True,False,True,True,True,True,True,False
FLOOD+AGRI+INFRA+ENV,BCBC,1179.2,312.5,1103.8,450.0,1.44,0.7,4.275,4.125,4.575,4,2,0,False,True,True,True,False,True,True,True,True,True,False
FLOOD+AGRI+INFRA+ENV,BCCA,1192.6,316.0,1180.6,427.75,1.353639,0.7,4.275,4.125,4.575,4,2,1,False,True,True,True,False,True,True,True,True,True,False
FLOOD+AGRI+INFRA+ENV,BCCB,1178.6,312.25,1115.8,455.0,1.457166,0.7,4.275,4.125,4.575,4,2,0,False,True,True,True,False,True,True,True,True,True,False
FLOOD+AGRI+INFRA+ENV,BCCC,1173.0,308.5,1043.8,457.0,1.481361,0.7,4.275,4.125,4.575,4,2,0,False,True,True,True,False,True,True,True,True,True,False
FLOOD+AGRI+INFRA+ENV,CAAA,1225.7,327.0,1262.0,298.5,0.912844,0.7,4.275,4.125,4.575,4,2,3,True,True,True,True,True,True,True,True,True,True,False
FLOOD+AGRI+INFRA+ENV,CAAB,1211.7,323.25,1197.2,325.75,1.007734,0.7,4.275,4.125,4.575,4,2,2,True,True,True,True,True,True,True,True,True,True,False
FLOOD+AGRI+INFRA+ENV,CAAC,1206.1,319.5,1125.2,327.75,1.025822,0.7,4.275,4.125,4.575,4,2,2,True,True,True,True,True,True,True,True,True,True,False
FLOOD+AGRI+INFRA+ENV,CABA,1210.2,323.0,1208.0,334.75,1.036378,0.7,4.275,4.125,4.575,4,2,2,True,True,True,True,True,True,True,True,True,True,False
FLOOD+AGRI+INFRA+ENV,CABB,1196.2,319.25,1143.2,362.0,1.133908,0.7,4.275,4.125,4.575,4,2,1,False,True,True,True,False,True,True,True,True,True,False
FLOOD+AGRI+INFRA+ENV,CABC,1190.6,315.5,1071.2,364.0,1.153724,0.7,4.275,4.125,4.575,4,2,1,False,True,True,True,False,True,True,True,True,True,False
FLOOD+AGRI+INFRA+ENV,CACA,1204.0,319.0,1148.0,341.75,1.071317,0.7,4.275,4.125,4.575,4,2,2,True,True,True,True,True,True,True,True,True,True,False
FLOOD+AGRI+INFRA+ENV,CACB,1190.0,315.25,1083.2,369.0,1.1705,0.7,4.275,4.125,4.575,4,2,1,False,True,True,True,False,True,True,True,True,True,False
FLOOD+AGRI+INFRA+ENV,CACC,1184.4,311.5,1011.2,371.0,1.191011,0.7,4.275,4.125,4.575,4,2,1,False,True,True,True,False,True,True,True,True,True,False
FLOOD+AGRI+INFRA+ENV,CBAA,1212.7,323.25,1220.6,346.5,1.071926,0.7,4.275,4.125,4.575,4,2,2,True,True,True,True,True,True,True,True,True,True,False
FLOOD+AGRI+INFRA+ENV,CBAB,1198.7,319.5,1155.8,373.75,1.169797,0.7,4.275,4.125,4.575,4,2,1,False,True,True,True,False,True,True,True,True,True,False
FLOOD+AGRI+INFRA+ENV,CBAC,1193.1,315.75,1083.8,375.75,1.190024,0.7,4.275,4.125,4.575,4,2,1,False,True,True,True,False,True,True,True,True,True,False
FLOOD+AGRI+INFRA+ENV,CBBA,1197.2,319.25,1166.6,382.75,1.198904,0.7,4.275,4.125,4.575,4,2,1,False,True,True,True,False,True,True,True,True,True,False
FLOOD+AGRI+INFRA+ENV,CBBB,1183.2,315.5,1101.8,410.0,1.299525,0.7,4.275,4.125,4.575,4,2,0,False,True,True,True,False,True,True,True,True,True,False
FLOOD+AGRI+INFRA+ENV,CBBC,1177.6,311.75,1029.8,412.0,1.321572,0.7,4.275,4.125,4.575,4,2,0,False,True,True,True,False,True,True,True,True,True,False
FLOOD+AGRI+INFRA+ENV,CBCA,1191.0,315.25,1106.6,389.75,1.23632,0.7,4.275,4.125,4.575,4,2,1,False,True,True,True,False,True,True,True,True,True,False
FLOOD+AGRI+INFRA+ENV,CBCB,1177.0,311.5,1041.8,417.0,1.338684,0.7,4.275,4.125,4.575,4,2,0,False,True,True,True,False,True,True,True,True,True,False
FLOOD+AGRI+INFRA+ENV,CBCC,1171.4,307.75,969.8,419.0,1.361495,0.7,4.275,4.125,4.575,4,2,0,False,True,True,True,False,True,True,False,True,True,False
FLOOD+AGRI+INFRA+ENV,CCAA,1207.5,319.5,1174.6,366.0,1.14554,0.7,4.275,4.125,4.575,4,2,2,True,True,True,True,True,True,True,True,True,True,False
FLOOD+AGRI+INFRA+ENV,CCAB,1193.5,315.75,1109.8,393.25,1.245447,0.7,4.275,4.125,4.575,4,2,1,False,True,True,True,False,True,True,True,True,True,False
FLOOD+AGRI+INFRA+ENV,CCAC,1187.9,312.0,1037.8,395.25,1.266827,0.7,4.275,4.125,4.575,4,2,1,False,True,True,True,False,True,True,True,True,True,False
FLOOD+AGRI+INFRA+ENV,CCBA,1192.0,315.5,1120.6,402.25,1.27496,0.7,4.275,4.125,4.575,4,2,1,False,True,True,True,False,True,True,True,True,True,False
FLOOD+AGRI+INFRA+ENV,CCBB,1178.0,311.75,1055.8,429.5,1.377706,0.7,4.275,4.125,4.575,4,2,0,False,True,True,True,False,True,True,True,True,True,False
FLOOD+AGRI+INFRA+ENV,CCBC,1172.4,308.0,983.8,431.5,1.400974,0.7,4.275,4.125,4.575,4,2,0,False,True,True,True,False,True,True,False,True,True,False
FLOOD+AGRI+INFRA+ENV,CCCA,1185.8,311.5,1060.6,409.25,1.313804,0.7,4.275,4.125,4.575,4,2,1,False,True,True,True,False,True,True,True,True,True,False
FLOOD+AGRI+INFRA+ENV,CCCB,1171.8,307.75,995.8,436.5,1.418359,0.7,4.275,4.125,4.575,4,2,0,False,True,True,True,False,True,True,False,True,True,False
FLOOD+AGRI+INFRA+ENV,CCCC,1166.2,304.0,923.8,438.5,1.442434,0.7,4.275,4.125,4.575,4,2,0,False,True,True,True,False,True,True,False,True,True,False
FLOOD+AGRI+INFRA+SSA,AAAA,1302.0,357.0,1470.0,327.5,0.917367,0.6775,4.075,3.85,4.625,3,3,4,False,True,True,True,True,False,True,True,True,True,False
FLOOD+AGRI+INFRA+SSA,AAAB,1285.5,352.25,1408.8,359.5,1.020582,0.6775,4.075,3.85,4.625,3,3,3,True,True,True,True,True,True,True,True,True,True,False
FLOOD+AGRI+INFRA+SSA,AAAC,1278.9,347.5,1340.8,361.75,1.041007,0.6775,4.075,3.85,4.625,3,3,3,True,True,True,True,True,True,True,True,True,True,False
FLOOD+AGRI+INFRA+SSA,AABA,1286.5,353.0,1416.0,363.75,1.030453,0.6775,4.075,3.85,4.625,3,3,3,True,True,True,True,True,True,True,True,True,True,False
FLOOD+AGRI+INFRA+SSA,AABB,1270.0,348.25,1354.8,395.75,1.136396,0.6775,4.075,3.85,4.625,3,3,2,True,True,True,True,True,True,True,True,True,True,False
FLOOD+AGRI+INFRA+SSA,AABC,1263.4,343.5,1286.8,398.0,1.158661,0.6775,4.075,3.85,4.625,3,3,2,True,True,True,True,True,True,True,True,True,True,False
FLOOD+AGRI+INFRA+SSA,AACA,1280.3,349.0,1356.0,370.75,1.062321,0.6775,4.075,3.85,4.625,3,3,3,True,True,True,True,True,True,True,True,True,True,False
FLOOD+AGRI+INFRA+SSA,AACB,1263.8,344.25,1294.8,402.75,1.169935,0.6775,4.075,3.85,4.625,3,3,2,True,True,True,True,True,True,True,True,True,True,False
FLOOD+AGRI+INFRA+SSA,AACC,1257.2,339.5,1226.8,405.0,1.192931,0.6775,4.075,3.85,4.625,3,3,2,True,True,True,True,True,True,True,True,True,True,False
FLOOD+AGRI+INFRA+SSA,ABAA,1289.0,353.25,1428.6,375.5,1.062987,0.6775,4.075,3.85,4.625,3,3,3,True,True,True,True,True,True,True,True,True,True,False
FLOOD+AGRI+INFRA+SSA,ABAB,1272.5,348.5,1367.4,407.5,1.169297,0.6775,4.075,3.85,4.625,3,3,2,True,True,True,True,True,True,True,True,True,True,False
FLOOD+AGRI+INFRA+SSA,ABAC,1265.9,343.75,1299.4,409.75,1.192,0.6775,4.075,3.85,4.625,3,3,2,True,True,True,True,True,True,True,True,True,True,False
FLOOD+AGRI+INFRA+SSA,ABBA,1273.5,349.25,1374.6,411.75,1.178955,0.6775,4.075,3.85,4.625,3,3,2,True,True,True,True,True,True,True,True,True,True,False
FLOOD+AGRI+INFRA+SSA,ABBB,1257.0,344.5,1313.4,443.75,1.288099,0.6775,4.075,3.85,4.625,3,3,1,False,True,True,True,False,True,True,True,True,True,False
FLOOD+AGRI+INFRA+SSA,ABBC,1250.4,339.75,1245.4,446.0,1.31273,0.6775,4.075,3.85,4.625,3,3,1,False,True,True,True,False,True,True,True,True,True,False
FLOOD+AGRI+INFRA+SSA,ABCA,1267.3,345.25,1314.6,418.75,1.212889,0.6775,4.075,3.85,4.625,3,3,2,True,True,True,True,True,True,True,True,True,True,False
FLOOD+AGRI+INFRA+SSA,ABCB,1250.8,340.5,1253.4,450.75,1.323789,0.6775,4.075,3.85,4.625,3,3,1,False,True,True,True,False,True,True,True,True,True,False
FLOOD+AGRI+INFRA+SSA,ABCC,1244.2,335.75,1185.4,453.0,1.349218,0.6775,4.075,3.85,4.625,3,3,1,False,True,True,True,False,True,True,True,True,True,False
FLOOD+AGRI+INFRA+SSA,ACAA,1283.8,349.5,1382.6,395.0,1.130186,0.6775,4.075,3.85,4.625,3,3,3,True,True,True,True,True,True,True,True,True,True,False
FLOOD+AGRI+INFRA+SSA,ACAB,1267.3,344.75,1321.4,427.0,1.238579,0.6775,4.075,3.85,4.625,3,3,2,True,True,True,True,True,True,True,True,True,True,False
FLOOD+AGRI+INFRA+SSA,ACAC,1260.7,340.0,1253.4,429.25,1.2625,0.6775,4.075,3.85,4.625,3,3,2,True,True,True,True,True,True,True,True,True,True,False
FLOOD+AGRI+INFRA+SSA,ACBA,1268.3,345.5,1328.6,431.25,1.248191,0.6775,4.075,3.85,4.625,3,3,2,True,True,True,True,True,True,True,True,True,True,False
FLOOD+AGRI+INFRA+SSA,ACBB,1251.8,340.75,1267.4,463.25,1.359501,0.6775,4.075,3.85,4.625,3,3,1,False,True,True,True,False,True,True,True,True,True,False
FLOOD+AGRI+INFRA+SSA,ACBC,1245.2,336.0,1199.4,465.5,1.385417,0.6775,4.075,3.85,4.625,3,3,1,False,True,True,True,False,True,True,True,True,True,False
FLOOD+AGRI+INFRA+SSA,ACCA,1262.1,341.5,1268.6,438.25,1.283309,0.6775,4.075,3.85,4.625,3,3,2,True,True,True,True,True,True,True,True,True,True,False
FLOOD+AGRI+INFRA+SSA,ACCB,1245.6,336.75,1207.4,470.25,1.396437,0.6775,4.075,3.85,4.625,3,3,1,False,True,True,True,False,True,True,True,True,True,False
FLOOD+AGRI+INFRA+SSA,ACCC,1239.0,332.0,1139.4,472.5,1.423193,0.6775,4.075,3.85,4.625,3,3,1,False,True,True,True,False,True,True,True,True,True,False
FLOOD+AGRI+INFRA+SSA,BAAA,1285.0,352.5,1362.0,330.75,0.938298,0.6775,4.075,3.85,4.625,3,3,3,True,True,True,True,True,True,True,True,True,True,False
FLOOD+AGRI+INFRA+SSA,BAAB,1268.5,347.75,1300.8,362.75,1.043134,0.6775,4.075,3.85,4.625,3,3,2,True,True,True,True,True,True,True,True,True,True,False
FLOOD+AGRI+INFRA+SSA,BAAC,1261.9,343.0,1232.8,365.0,1.06414,0.6775,4.075,3.85,4.625,3,3,2,True,True,True,True,True,True,True,True,True,True,False
FLOOD+AGRI+INFRA+SSA,BABA,1269.5,348.5,1308.0,367.0,1.053085,0.6775,4.075,3.85,4.625,3,3,2,True,True,True,True,True,True,True,True,True,True,False
FLOOD+AGRI+INFRA+SSA,BABB,1253.0,343.75,1246.8,399.0,1.160727,0.6775,4.075,3.85,4.625,3,3,1,False,True,True,True,False,True,True,True,True,True,False
FLOOD+AGRI+INFRA+SSA,BABC,1246.4,339.0,1178.8,401.25,1.183628,0.6775,4.075,3.85,4.625,3,3,1,False,True,True,True,False,True,True,True,True,True,False
FLOOD+AGRI+INFRA+SSA,BACA,1263.3,344.5,1248.0,374.0,1.085631,0.6775,4.075,3.85,4.625,3,3,2,True,True,True,True,True,True,True,True,True,True,False
FLOOD+AGRI+INFRA+SSA,BACB,1246.8,339.75,1186.8,406.0,1.194996,0.6775,4.075,3.85,4.625,3,3,1,False,True,True,True,False,True,True,True,True,True,False
FLOOD+AGRI+INFRA+SSA,BACC,1240.2,335.0,1118.8,408.25,1.218657,0.6775,4.075,3.85,4.625,3,3,1,False,True,True,True,False,True,True,True,True,True,False
FLOOD+AGRI+INFRA+SSA,BBAA,1272.0,348.75,1320.6,378.75,1.086022,0.6775,4.075,3.85,4.625,3,3,2,True,True,True,True,True,True,True,True,True,True,False
FLOOD+AGRI+INFRA+SSA,BBAB,1255.5,344.0,1259.4,410.75,1.194041,0.6775,4.075,3.85,4.625,3,3,1,False,True,True,True,False,True,True,True,True,True,False
FLOOD+AGRI+INFRA+SSA,BBAC,1248.9,339.25,1191.4,413.0,1.217391,0.6775,4.075,3.85,4.625,3,3,1,False,True,True,True,False,True,True,True,True,True,False
FLOOD+AGRI+INFRA+SSA,BBBA,1256.5,344.75,1266.6,415.0,1.203771,0.6775,4.075,3.85,4.625,3,3,1,False,True,True,True,False,True,True,True,True,True,False
FLOOD+AGRI+INFRA+SSA,BBBB,1240.0,340.0,1205.4,447.0,1.314706,0.6775,4.075,3.85,4.625,3,3,0,False,True,True,True,False,True,True,True,True,True,False
FLOOD+AGRI+INFRA+SSA,BBBC,1233.4,335.25,1137.4,449.25,1.340045,0.6775,4.075,3.85,4.625,3,3,0,False,True,True,True,False,True,True,True,True,True,False
FLOOD+AGRI+INFRA+SSA,BBCA,1250.3,340.75,1206.6,422.0,1.238445,0.6775,4.075,3.85,4.625,3,3,1,False,True,True,True,False,True,True,True,True,True,False
FLOOD+AGRI+INFRA+SSA,BBCB,1233.8,336.0,1145.4,454.0,1.35119,0.6775,4.075,3.85,4.625,3,3,0,False,True,True,True,False,True,True,True,True,True,False
FLOOD+AGRI+INFRA+SSA,BBCC,1227.2,331.25,1077.4,456.25,1.377358,0.6775,4.075,3.85,4.625,3,3,0,False,True,True,True,False,True,True,True,True,True,False
FLOOD+AGRI+INFRA+SSA,BCAA,1266.8,345.0,1274.6,398.25,1.154348,0.6775,4.075,3.85,4.625,3,3,2,True,True,True,True,True,True,True,True,True,True,False
FLOOD+AGRI+INFRA+SSA,BCAB,1250.3,340.25,1213.4,430.25,1.264511,0.6775,4.075,3.85,4.625,3,3,1,False,True,True,True,False,True,True,True,True,True,False
FLOOD+AGRI+INFRA+SSA,BCAC,1243.7,335.5,1145.4,432.5,1.289121,0.6775,4.075,3.85,4.625,3,3,1,False,True,True,True,False,True,True,True,True,True,False
FLOOD+AGRI+INFRA+SSA,BCBA,1251.3,341.0,1220.6,434.5,1.274194,0.6775,4.075,3.85,4.625,3,3,1,False,True,True,True,False,True,True,True,True,True,False
FLOOD+AGRI+INFRA+SSA,BCBB,1234.8,336.25,1159.4,466.5,1.387361,0.6775,4.075,3.85,4.625,3,3,0,False,True,True,True,False,True,True,True,True,True,False
FLOOD+AGRI+INFRA+SSA,BCBC,1228.2,331.5,1091.4,468.75,1.414027,0.6775,4.075,3.85,4.625,3,3,0,False,True,True,True,False,True,True,True,True,True,False
FLOOD+AGRI+INFRA+SSA,BCCA,1245.1,337.0,1160.6,441.5,1.310089,0.6775,4.075,3.85,4.625,3,3,1,False,True,True,True,False,True,True,True,True,True,False
FLOOD+AGRI+INFRA+SSA,BCCB,1228.6,332.25,1099.4,473.5,1.425132,0.6775,4.075,3.85,4.625,3,3,0,False,True,True,True,False,True,True,True,True,True,False
FLOOD+AGRI+INFRA+SSA,BCCC,1222.0,327.5,1031.4,475.75,1.452672,0.6775,4.075,3.85,4.625,3,3,0,False,True,True,True,False,True,True,True,True,True,False
FLOOD+AGRI+INFRA+SSA,CAAA,1278.2,348.0,1242.0,312.25,0.89727,0.6775,4.075,3.85,4.625,3,3,3,True,True,True,True,True,True,True,True,True,True,False
FLOOD+AGRI+INFRA+SSA,CAAB,1261.7,343.25,1180.8,344.25,1.002913,0.6775,4.075,3.85,4.625,3,3,2,True,True,True,True,True,True,True,True,True,True,False
FLOOD+AGRI+INFRA+SSA,CAAC,1255.1,338.5,1112.8,346.5,1.023634,0.6775,4.075,3.85,4.625,3,3,2,True,True,True,True,True,True,True,True,True,True,False
FLOOD+AGRI+INFRA+SSA,CABA,1262.7,344.0,1188.0,348.5,1.013081,0.6775,4.075,3.85,4.625,3,3,2,True,True,True,True,True,True,True,True,True,True,False
FLOOD+AGRI+INFRA+SSA,CABB,1246.2,339.25,1126.8,380.5,1.121592,0.6775,4.075,3.85,4.625,3,3,1,False,True,True,True,False,True,True,True,True,True,False
FLOOD+AGRI+INFRA+SSA,CABC,1239.6,334.5,1058.8,382.75,1.144245,0.6775,4.075,3.85,4.625,3,3,1,False,True,True,True,False,True,True,True,True,True,False
FLOOD+AGRI+INFRA+SSA,CACA,1256.5,340.0,1128.0,355.5,1.045588,0.6775,4.075,3.85,4.625,3,3,2,True,True,True,True,True,True,True,True,True,True,False
FLOOD+AGRI+INFRA+SSA,CACB,1240.0,335.25,1066.8,387.5,1.155854,0.6775,4.075,3.85,4.625,3,3,1,False,True,True,True,False,True,True,True,True,True,False
FLOOD+AGRI+INFRA+SSA,CACC,1233.4,330.5,998.8,389.75,1.179274,0.6775,4.075,3.85,4.625,3,3,1,False,True,True,True,False,True,True,False,True,True,False
FLOOD+AGRI+INFRA+SSA,CBAA,1265.2,344.25,1200.6,360.25,1.046478,0.6775,4.075,3.85,4.625,3,3,2,True,True,True,True,True,True,True,True,True,True,False
FLOOD+AGRI+INFRA+SSA,CBAB,1248.7,339.5,1139.4,392.25,1.155376,0.6775,4.075,3.85,4.625,3,3,1,False,True,True,True,False,True,True,True,True,True,False
FLOOD+AGRI+INFRA+SSA,CBAC,1242.1,334.75,1071.4,394.5,1.178491,0.6775,4.075,3.85,4.625,3,3,1,False,True,True,True,False,True,True,True,True,True,False
FLOOD+AGRI+INFRA+SSA,CBBA,1249.7,340.25,1146.6,396.5,1.16532,0.6775,4.075,3.85,4.625,3,3,1,False,True,True,True,False,True,True,True,True,True,False
FLOOD+AGRI+INFRA+SSA,CBBB,1233.2,335.5,1085.4,428.5,1.277198,0.6775,4.075,3.85,4.625,3,3,0,False,True,True,True,False,True,True,True,True,True,False
FLOOD+AGRI+INFRA+SSA,CBBC,1226.6,330.75,1017.4,430.75,1.302343,0.6775,4.075,3.85,4.625,3,3,0,False,True,True,True,False,True,True,True,True,True,False
FLOOD+AGRI+INFRA+SSA,CBCA,1243.5,336.25,1086.6,403.5,1.2,0.6775,4.075,3.85,4.625,3,3,1,False,True,True,True,False,True,True,True,True,True,False
FLOOD+AGRI+INFRA+SSA,CBCB,1227.0,331.5,1025.4,435.5,1.313725,0.6775,4.075,3.85,4.625,3,3,0,False,True,True,True,False,True,True,True,True,True,False
FLOOD+AGRI+INFRA+SSA,CBCC,1220.4,326.75,957.4,437.75,1.339709,0.6775,4.075,3.85,4.625,3,3,0,False,True,True,True,False,True,True,False,True,True,False
FLOOD+AGRI+INFRA+SSA,CCAA,1260.0,340.5,1154.6,379.75,1.115272,0.6775,4.075,3.85,4.625,3,3,2,True,True,True,True,True,True,True,True,True,True,False
FLOOD+AGRI+INFRA+SSA,CCAB,1243.5,335.75,1093.4,411.75,1.226359,0.6775,4.075,3.85,4.625,3,3,1,False,True,True,True,False,True,True,True,True,True,False
FLOOD+AGRI+INFRA+SSA,CCAC,1236.9,331.0,1025.4,414.0,1.250755,0.6775,4.075,3.85,4.625,3,3,1,False,True,True,True,False,True,True,True,True,True,False
FLOOD+AGRI+INFRA+SSA,CCBA,1244.5,336.5,1100.6,416.0,1.236256,0.6775,4.075,3.85,4.625,3,3,1,False,True,True,True,False,True,True,True,True,True,False
FLOOD+AGRI+INFRA+SSA,CCBB,1228.0,331.75,1039.4,448.0,1.350414,0.6775,4.075,3.85,4.625,3,3,0,False,True,True,True,False,True,True,True,True,True,False
FLOOD+AGRI+INFRA+SSA,CCBC,1221.4,327.0,971.4,450.25,1.376911,0.6775,4.075,3.85,4.625,3,3,0,False,True,True,True,False,True,True,False,True,True,False
FLOOD+AGRI+INFRA+SSA,CCCA,1238.3,332.5,1040.6,423.0,1.27218,0.6775,4.075,3.85,4.625,3,3,1,False,True,True,True,False,True,True,True,True,True,False
FLOOD+AGRI+INFRA+SSA,CCCB,1221.8,327.75,979.4,455.0,1.388253,0.6775,4.075,3.85,4.625,3,3,0,False,True,True,True,False,True,True,False,True,True,False
FLOOD+AGRI+INFRA+SSA,CCCC,1215.2,323.0,911.4,457.25,1.415635,0.6775,4.075,3.85,4.625,3,3,0,False,True,True,True,False,True,True,False,True,True,False
FLOOD+AGRI+ARCTIC+TRANS,AAAA,1375.5,393.75,1520.0,343.75,0.873016,0.67,4.15,3.875,4.325,4,3,4,False,True,True,True,True,False,False,True,True,True,False
FLOOD+AGRI+ARCTIC+TRANS,AAAB,1363.0,390.25,1480.4,377.5,0.967329,0.67,4.15,3.875,4.325,4,3,3,False,True,True,True,True,False,False,True,True,True,False
FLOOD+AGRI+ARCTIC+TRANS,AAAC,1358.0,386.75,1436.4,385.5,0.996768,0.67,4.15,3.875,4.325,4,3,3,False,True,True,True,True,False,False,True,True,True,False
FLOOD+AGRI+ARCTIC+TRANS,AABA,1352.5,386.75,1435.4,387.5,1.001939,0.67,4.15,3.875,4.325,4,3,3,False,True,True,True,True,False,False,True,True,True,False
FLOOD+AGRI+ARCTIC+TRANS,AABB,1340.0,383.25,1395.8,421.25,1.099152,0.67,4.15,3.875,4.325,4,3,2,False,True,True,True,True,False,False,True,True,True,False
FLOOD+AGRI+ARCTIC+TRANS,AABC,1335.0,379.75,1351.8,429.25,1.130349,0.67,4.15,3.875,4.325,4,3,2,False,True,True,True,True,False,False,True,True,True,False
FLOOD+AGRI+ARCTIC+TRANS,AACA,1343.3,379.75,1341.4,391.5,1.030941,0.67,4.15,3.875,4.325,4,3,3,False,True,True,True,True,False,False,True,True,True,False
FLOOD+AGRI+ARCTIC+TRANS,AACB,1330.8,376.25,1301.8,425.25,1.130233,0.67,4.15,3.875,4.325,4,3,2,False,True,True,True,True,False,False,True,True,True,False
FLOOD+AGRI+ARCTIC+TRANS,AACC,1325.8,372.75,1257.8,433.25,1.162307,0.67,4.15,3.875,4.325,4,3,2,False,True,True,True,True,False,False,True,True,True,False
FLOOD+AGRI+ARCTIC+TRANS,ABAA,1362.5,390.0,1478.6,391.75,1.004487,0.67,4.15,3.875,4.325,4,3,3,False,True,True,True,True,False,False,True,True,True,False
FLOOD+AGRI+ARCTIC+TRANS,ABAB,1350.0,386.5,1439.0,425.5,1.100906,0.67,4.15,3.875,4.325,4,3,2,False,True,True,True,True,False,False,True,True,True,False
FLOOD+AGRI+ARCTIC+TRANS,ABAC,1345.0,383.0,1395.0,433.5,1.131854,0.67,4.15,3.875,4.325,4,3,2,False,True,True,True,True,False,False,True,True,True,False
FLOOD+AGRI+ARCTIC+TRANS,ABBA,1339.5,383.0,1394.0,435.5,1.137076,0.67,4.15,3.875,4.325,4,3,2,False,True,True,True,True,False,False,True,True,True,False
FLOOD+AGRI+ARCTIC+TRANS,ABBB,1327.0,379.5,1354.4,469.25,1.236495,0.67,4.15,3.875,4.325,4,3,1,False,True,True,True,False,False,False,True,True,True,False
FLOOD+AGRI+ARCTIC+TRANS,ABBC,1322.0,376.0,1310.4,477.25,1.269282,0.67,4.15,3.875,4.325,4,3,1,False,True,True,True,False,False,False,True,True,True,False
FLOOD+AGRI+ARCTIC+TRANS,ABCA,1330.3,376.0,1300.0,439.5,1.168883,0.67,4.15,3.875,4.325,4,3,2,False,True,True,True,True,False,False,True,True,True,False
FLOOD+AGRI+ARCTIC+TRANS,ABCB,1317.8,372.5,1260.4,473.25,1.27047,0.67,4.15,3.875,4.325,4,3,1,False,True,True,True,False,False,False,True,True,True,False
FLOOD+AGRI+ARCTIC+TRANS,ABCC,1312.8,369.0,1216.4,481.25,1.304201,0.67,4.15,3.875,4.325,4,3,1,False,True,True,True,False,False,False,True,True,True,False
FLOOD+AGRI+ARCTIC+TRANS,ACAA,1357.3,386.25,1432.6,411.25,1.064725,0.67,4.15,3.875,4.325,4,3,3,False,True,True,True,True,False,False,True,True,True,False
FLOOD+AGRI+ARCTIC+TRANS,ACAB,1344.8,382.75,1393.0,445.0,1.162639,0.67,4.15,3.875,4.325,4,3,2,False,True,True,True,True,False,False,True,True,True,False
FLOOD+AGRI+ARCTIC+TRANS,ACAC,1339.8,379.25,1349.0,453.0,1.194463,0.67,4.15,3.875,4.325,4,3,2,False,True,True,True,True,False,False,True,True,True,False
FLOOD+AGRI+ARCTIC+TRANS,ACBA,1334.3,379.25,1348.0,455.0,1.199736,0.67,4.15,3.875,4.325,4,3,2,False,True,True,True,True,False,False,True,True,True,False
FLOOD+AGRI+ARCTIC+TRANS,ACBB,1321.8,375.75,1308.4,488.75,1.300732,0.67,4.15,3.875,4.325,4,3,1,False,True,True,True,False,False,False,True,True,True,False
FLOOD+AGRI+ARCTIC+TRANS,ACBC,1316.8,372.25,1264.4,496.75,1.334453,0.67,4.15,3.875,4.325,4,3,1,False,True,True,True,False,False,False,True,True,True,False
FLOOD+AGRI+ARCTIC+TRANS,ACCA,1325.1,372.25,1254.0,459.0,1.233042,0.67,4.15,3.875,4.325,4,3,2,False,True,True,True,True,False,False,True,True,True,False
FLOOD+AGRI+ARCTIC+TRANS,ACCB,1312.6,368.75,1214.4,492.75,1.336271,0.67,4.15,3.875,4.325,4,3,1,False,True,True,True,False,False,False,True,True,True,False
FLOOD+AGRI+ARCTIC+TRANS,ACCC,1307.6,365.25,1170.4,500.75,1.370979,0.67,4.15,3.875,4.325,4,3,1,False,True,True,True,False,False,False,True,True,True,False
FLOOD+AGRI+ARCTIC+TRANS,BAAA,1358.5,389.25,1412.0,347.0,0.891458,0.67,4.15,3.875,4.325,4,3,3,False,True,True,True,True,False,False,True,True,True,False
FLOOD+AGRI+ARCTIC+TRANS,BAAB,1346.0,385.75,1372.4,380.75,0.987038,0.67,4.15,3.875,4.325,4,3,2,False,True,True,True,True,False,False,True,True,True,False
FLOOD+AGRI+ARCTIC+TRANS,BAAC,1341.0,382.25,1328.4,388.75,1.017005,0.67,4.15,3.875,4.325,4,3,2,False,True,True,True,True,False,False,True,True,True,False
FLOOD+AGRI+ARCTIC+TRANS,BABA,1335.5,382.25,1327.4,390.75,1.022237,0.67,4.15,3.875,4.325,4,3,2,False,True,True,True,True,False,False,True,True,True,False
FLOOD+AGRI+ARCTIC+TRANS,BABB,1323.0,378.75,1287.8,424.5,1.120792,0.67,4.15,3.875,4.325,4,3,1,False,True,True,True,False,False,False,True,True,True,False
FLOOD+AGRI+ARCTIC+TRANS,BABC,1318.0,375.25,1243.8,432.5,1.152565,0.67,4.15,3.875,4.325,4,3,1,False,True,True,True,False,False,False,True,True,True,False
FLOOD+AGRI+ARCTIC+TRANS,BACA,1326.3,375.25,1233.4,394.75,1.051965,0.67,4.15,3.875,4.325,4,3,2,False,True,True,True,True,False,False,True,True,True,False
FLOOD+AGRI+ARCTIC+TRANS,BACB,1313.8,371.75,1193.8,428.5,1.152656,0.67,4.15,3.875,4.325,4,3,1,False,True,True,True,False,False,False,True,True,True,False
FLOOD+AGRI+ARCTIC+TRANS,BACC,1308.8,368.25,1149.8,436.5,1.185336,0.67,4.15,3.875,4.325,4,3,1,False,True,True,True,False,False,False,True,True,True,False
FLOOD+AGRI+ARCTIC+TRANS,BBAA,1345.5,385.5,1370.6,395.0,1.024643,0.67,4.15,3.875,4.325,4,3,2,False,True,True,True,True,False,False,True,True,True,False
FLOOD+AGRI+ARCTIC+TRANS,BBAB,1333.0,382.0,1331.0,428.75,1.122382,0.67,4.15,3.875,4.325,4,3,1,False,True,True,True,False,False,False,True,True,True,False
FLOOD+AGRI+ARCTIC+TRANS,BBAC,1328.0,378.5,1287.0,436.75,1.153897,0.67,4.15,3.875,4.325,4,3,1,False,True,True,True,False,False,False,True,True,True,False
FLOOD+AGRI+ARCTIC+TRANS,BBBA,1322.5,378.5,1286.0,438.75,1.159181,0.67,4.15,3.875,4.325,4,3,1,False,True,True,True,False,False,False,True,True,True,False
FLOOD+AGRI+ARCTIC+TRANS,BBBB,1310.0,375.0,1246.4,472.5,1.26,0.67,4.15,3.875,4.325,4,3,0,False,True,True,True,False,False,False,True,True,True,False
FLOOD+AGRI+ARCTIC+TRANS,BBBC,1305.0,371.5,1202.4,480.5,1.293405,0.67,4.15,3.875,4.325,4,3,0,False,True,True,True,False,False,False,True,True,True,False
FLOOD+AGRI+ARCTIC+TRANS,BBCA,1313.3,371.5,1192.0,442.75,1.19179,0.67,4.15,3.875,4.325,4,3,1,False,True,True,True,False,False,False,True,True,True,False
FLOOD+AGRI+ARCTIC+TRANS,BBCB,1300.8,368.0,1152.4,476.5,1.294837,0.67,4.15,3.875,4.325,4,3,0,False,True,True,True,False,False,False,True,True,True,False
FLOOD+AGRI+ARCTIC+TRANS,BBCC,1295.8,364.5,1108.4,484.5,1.329218,0.67,4.15,3.875,4.325,4,3,0,False,True,True,True,False,True,False,True,True,True,False
FLOOD+AGRI+ARCTIC+TRANS,BCAA,1340.3,381.75,1324.6,414.5,1.085789,0.67,4.15,3.875,4.325,4,3,2,False,True,True,True,True,False,False,True,True,True,False
FLOOD+AGRI+ARCTIC+TRANS,BCAB,1327.8,378.25,1285.0,448.25,1.185063,0.67,4.15,3.875,4.325,4,3,1,False,True,True,True,False,False,False,True,True,True,False
FLOOD+AGRI+ARCTIC+TRANS,BCAC,1322.8,374.75,1241.0,456.25,1.217478,0.67,4.15,3.875,4.325,4,3,1,False,True,True,True,False,False,False,True,True,True,False
FLOOD+AGRI+ARCTIC+TRANS,BCBA,1317.3,374.75,1240.0,458.25,1.222815,0.67,4.15,3.875,4.325,4,3,1,False,True,True,True,False,False,False,True,True,True,False
FLOOD+AGRI+ARCTIC+TRANS,BCBB,1304.8,371.25,1200.4,492.0,1.325253,0.67,4.15,3.875,4.325,4,3,0,False,True,True,True,False,False,False,True,True,True,False
FLOOD+AGRI+ARCTIC+TRANS,BCBC,1299.8,367.75,1156.4,500.0,1.359619,0.67,4.15,3.875,4.325,4,3,0,False,True,True,True,False,True,False,True,True,True,False
FLOOD+AGRI+ARCTIC+TRANS,BCCA,1308.1,367.75,1146.0,462.25,1.256968,0.67,4.15,3.875,4.325,4,3,1,False,True,True,True,False,False,False,True,True,True,False
FLOOD+AGRI+ARCTIC+TRANS,BCCB,1295.6,364.25,1106.4,496.0,1.361702,0.67,4.15,3.875,4.325,4,3,0,False,True,True,True,False,True,False,True,True,True,False
FLOOD+AGRI+ARCTIC+TRANS,BCCC,1290.6,360.75,1062.4,504.0,1.397089,0.67,4.15,3.875,4.325,4,3,0,False,True,True,True,False,True,False,True,True,True,False
FLOOD+AGRI+ARCTIC+TRANS,CAAA,1351.7,384.75,1292.0,328.5,0.853801,0.67,4.15,3.875,4.325,4,3,3,False,True,True,True,True,False,False,True,True,True,False
FLOOD+AGRI+ARCTIC+TRANS,CAAB,1339.2,381.25,1252.4,362.25,0.950164,0.67,4.15,3.875,4.325,4,3,2,False,True,True,True,True,False,False,True,True,True,False
FLOOD+AGRI+ARCTIC+TRANS,CAAC,1334.2,377.75,1208.4,370.25,0.980146,0.67,4.15,3.875,4.325,4,3,2,False,True,True,True,True,False,False,True,True,True,False
FLOOD+AGRI+ARCTIC+TRANS,CABA,1328.7,377.75,1207.4,372.25,0.98544,0.67,4.15,3.875,4.325,4,3,2,False,True,True,True,True,False,False,True,True,True,False
FLOOD+AGRI+ARCTIC+TRANS,CABB,1316.2,374.25,1167.8,406.0,1.084836,0.67,4.15,3.875,4.325,4,3,1,False,True,True,True,False,False,False,True,True,True,False
FLOOD+AGRI+ARCTIC+TRANS,CABC,1311.2,370.75,1123.8,414.0,1.116655,0.67,4.15,3.875,4.325,4,3,1,False,True,True,True,False,False,False,True,True,True,False
FLOOD+AGRI+ARCTIC+TRANS,CACA,1319.5,370.75,1113.4,376.25,1.014835,0.67,4.15,3.875,4.325,4,3,2,False,True,True,True,True,False,False,True,True,True,False
FLOOD+AGRI+ARCTIC+TRANS,CACB,1307.0,367.25,1073.8,410.0,1.116406,0.67,4.15,3.875,4.325,4,3,1,False,True,True,True,False,False,False,True,True,True,False
FLOOD+AGRI+ARCTIC+TRANS,CACC,1302.0,363.75,1029.8,418.0,1.149141,0.67,4.15,3.875,4.325,4,3,1,False,True,True,True,False,False,False,True,True,True,False
FLOOD+AGRI+ARCTIC+TRANS,CBAA,1338.7,381.0,1250.6,376.5,0.988189,0.67,4.15,3.875,4.325,4,3,2,False,True,True,True,True,False,False,True,True,True,False
FLOOD+AGRI+ARCTIC+TRANS,CBAB,1326.2,377.5,1211.0,410.25,1.086755,0.67,4.15,3.875,4.325,4,3,1,False,True,True,True,False,False,False,True,True,True,False
FLOOD+AGRI+ARCTIC+TRANS,CBAC,1321.2,374.0,1167.0,418.25,1.118316,0.67,4.15,3.875,4.325,4,3,1,False,True,True,True,False,False,False,True,True,True,False
FLOOD+AGRI+ARCTIC+TRANS,CBBA,1315.7,374.0,1166.0,420.25,1.123663,0.67,4.15,3.875,4.325,4,3,1,False,True,True,True,False,False,False,True,True,True,False
FLOOD+AGRI+ARCTIC+TRANS,CBBB,1303.2,370.5,1126.4,454.0,1.225371,0.67,4.15,3.875,4.325,4,3,0,False,True,True,True,False,False,False,True,True,True,False
FLOOD+AGRI+ARCTIC+TRANS,CBBC,1298.2,367.0,1082.4,462.0,1.258856,0.67,4.15,3.875,4.325,4,3,0,False,True,True,True,False,True,False,True,True,True,False
FLOOD+AGRI+ARCTIC+TRANS,CBCA,1306.5,367.0,1072.0,424.25,1.155995,0.67,4.15,3.875,4.325,4,3,1,False,True,True,True,False,False,False,True,True,True,False
FLOOD+AGRI+ARCTIC+TRANS,CBCB,1294.0,363.5,1032.4,458.0,1.259972,0.67,4.15,3.875,4.325,4,3,0,False,True,True,True,False,True,False,True,True,True,False
FLOOD+AGRI+ARCTIC+TRANS,CBCC,1289.0,360.0,988.4,466.0,1.294444,0.67,4.15,3.875,4.325,4,3,0,False,True,True,True,False,True,True,False,True,True,False
FLOOD+AGRI+ARCTIC+TRANS,CCAA,1333.5,377.25,1204.6,396.0,1.049702,0.67,4.15,3.875,4.325,4,3,2,False,True,True,True,True,False,False,True,True,True,False
FLOOD+AGRI+ARCTIC+TRANS,CCAB,1321.0,373.75,1165.0,429.75,1.149833,0.67,4.15,3.875,4.325,4,3,1,False,True,True,True,False,False,False,True,True,True,False
FLOOD+AGRI+ARCTIC+TRANS,CCAC,1316.0,370.25,1121.0,437.75,1.182309,0.67,4.15,3.875,4.325,4,3,1,False,True,True,True,False,False,False,True,True,True,False
FLOOD+AGRI+ARCTIC+TRANS,CCBA,1310.5,370.25,1120.0,439.75,1.187711,0.67,4.15,3.875,4.325,4,3,1,False,True,True,True,False,False,False,True,True,True,False
FLOOD+AGRI+ARCTIC+TRANS,CCBB,1298.0,366.75,1080.4,473.5,1.29107,0.67,4.15,3.875,4.325,4,3,0,False,True,True,True,False,True,False,True,True,True,False
FLOOD+AGRI+ARCTIC+TRANS,CCBC,1293.0,363.25,1036.4,481.5,1.325533,0.67,4.15,3.875,4.325,4,3,0,False,True,True,True,False,True,False,True,True,True,False
FLOOD+AGRI+ARCTIC+TRANS,CCCA,1301.3,363.25,1026.0,443.75,1.22161,0.67,4.15,3.875,4.325,4,3,1,False,True,True,True,False,False,False,True,True,True,False
FLOOD+AGRI+ARCTIC+TRANS,CCCB,1288.8,359.75,986.4,477.5,1.327311,0.67,4.15,3.875,4.325,4,3,0,False,True,True,True,False,True,True,False,True,True,False
FLOOD+AGRI+ARCTIC+TRANS,CCCC,1283.8,356.25,942.4,485.5,1.362807,0.67,4.15,3.875,4.325,4,3,0,False,True,True,True,False,True,True,False,True,True,False
FLOOD+AGRI+ARCTIC+ENV,AAAA,1407.0,399.0,1660.0,351.25,0.880326,0.66,4.05,3.825,4.325,4,3,4,False,True,True,True,True,False,False,True,True,True,False
FLOOD+AGRI+ARCTIC+ENV,AAAB,1393.0,395.25,1595.2,378.5,0.957622,0.66,4.05,3.825,4.325,4,3,3,False,True,True,True,True,False,False,True,True,True,False
FLOOD+AGRI+ARCTIC+ENV,AAAC,1387.4,391.5,1523.2,380.5,0.971903,0.66,4.05,3.825,4.325,4,3,3,False,True,True,True,True,False,False,True,True,True,False
FLOOD+AGRI+ARCTIC+ENV,AABA,1384.0,392.0,1575.4,395.0,1.007653,0.66,4.05,3.825,4.325,4,3,3,False,True,True,True,True,False,False,True,True,True,False
FLOOD+AGRI+ARCTIC+ENV,AABB,1370.0,388.25,1510.6,422.25,1.087572,0.66,4.05,3.825,4.325,4,3,2,False,True,True,True,True,False,False,True,True,True,False
FLOOD+AGRI+ARCTIC+ENV,AABC,1364.4,384.5,1438.6,424.25,1.103381,0.66,4.05,3.825,4.325,4,3,2,False,True,True,True,True,False,False,True,True,True,False
FLOOD+AGRI+ARCTIC+ENV,AACA,1374.8,385.0,1481.4,399.0,1.036364,0.66,4.05,3.825,4.325,4,3,3,False,True,True,True,True,False,False,True,True,True,False
FLOOD+AGRI+ARCTIC+ENV,AACB,1360.8,381.25,1416.6,426.25,1.118033,0.66,4.05,3.825,4.325,4,3,2,False,True,True,True,True,False,False,True,True,True,False
FLOOD+AGRI+ARCTIC+ENV,AACC,1355.2,377.5,1344.6,428.25,1.134437,0.66,4.05,3.825,4.325,4,3,2,False,True,True,True,True,False,False,True,True,True,False
FLOOD+AGRI+ARCTIC+ENV,ABAA,1394.0,395.25,1618.6,399.25,1.01012,0.66,4.05,3.825,4.325,4,3,3,False,True,True,True,True,False,False,True,True,True,False
FLOOD+AGRI+ARCTIC+ENV,ABAB,1380.0,391.5,1553.8,426.5,1.0894,0.66,4.05,3.825,4.325,4,3,2,False,True,True,True,True,False,False,True,True,True,False
FLOOD+AGRI+ARCTIC+ENV,ABAC,1374.4,387.75,1481.8,428.5,1.105093,0.66,4.05,3.825,4.325,4,3,2,False,True,True,True,True,False,False,True,True,True,False
FLOOD+AGRI+ARCTIC+ENV,ABBA,1371.0,388.25,1534.0,443.0,1.141017,0.66,4.05,3.825,4.325,4,3,2,False,True,True,True,True,False,False,True,True,True,False
FLOOD+AGRI+ARCTIC+ENV,ABBB,1357.0,384.5,1469.2,470.25,1.223017,0.66,4.05,3.825,4.325,4,3,1,False,True,True,True,False,False,False,True,True,True,False
FLOOD+AGRI+ARCTIC+ENV,ABBC,1351.4,380.75,1397.2,472.25,1.240315,0.66,4.05,3.825,4.325,4,3,1,False,True,True,True,False,False,False,True,True,True,False
FLOOD+AGRI+ARCTIC+ENV,ABCA,1361.8,381.25,1440.0,447.0,1.172459,0.66,4.05,3.825,4.325,4,3,2,False,True,True,True,True,False,False,True,True,True,False
FLOOD+AGRI+ARCTIC+ENV,ABCB,1347.8,377.5,1375.2,474.25,1.256291,0.66,4.05,3.825,4.325,4,3,1,False,True,True,True,False,False,False,True,True,True,False
FLOOD+AGRI+ARCTIC+ENV,ABCC,1342.2,373.75,1303.2,476.25,1.274247,0.66,4.05,3.825,4.325,4,3,1,False,True,True,True,False,False,False,True,True,True,False
FLOOD+AGRI+ARCTIC+ENV,ACAA,1388.8,391.5,1572.6,418.75,1.069604,0.66,4.05,3.825,4.325,4,3,3,False,True,True,True,True,False,False,True,True,True,False
FLOOD+AGRI+ARCTIC+ENV,ACAB,1374.8,387.75,1507.8,446.0,1.150226,0.66,4.05,3.825,4.325,4,3,2,False,True,True,True,True,False,False,True,True,True,False
FLOOD+AGRI+ARCTIC+ENV,ACAC,1369.2,384.0,1435.8,448.0,1.166667,0.66,4.05,3.825,4.325,4,3,2,False,True,True,True,True,False,False,True,True,True,False
FLOOD+AGRI+ARCTIC+ENV,ACBA,1365.8,384.5,1488.0,462.5,1.202861,0.66,4.05,3.825,4.325,4,3,2,False,True,True,True,True,False,False,True,True,True,False
FLOOD+AGRI+ARCTIC+ENV,ACBB,1351.8,380.75,1423.2,489.75,1.286277,0.66,4.05,3.825,4.325,4,3,1,False,True,True,True,False,False,False,True,True,True,False
FLOOD+AGRI+ARCTIC+ENV,ACBC,1346.2,377.0,1351.2,491.75,1.304377,0.66,4.05,3.825,4.325,4,3,1,False,True,True,True,False,False,False,True,True,True,False
FLOOD+AGRI+ARCTIC+ENV,ACCA,1356.6,377.5,1394.0,466.5,1.235762,0.66,4.05,3.825,4.325,4,3,2,False,True,True,True,True,False,False,True,True,True,False
FLOOD+AGRI+ARCTIC+ENV,ACCB,1342.6,373.75,1329.2,493.75,1.32107,0.66,4.05,3.825,4.325,4,3,1,False,True,True,True,False,False,False,True,True,True,False
FLOOD+AGRI+ARCTIC+ENV,ACCC,1337.0,370.0,1257.2,495.75,1.339865,0.66,4.05,3.825,4.325,4,3,1,False,True,True,True,False,False,False,True,True,True,False
FLOOD+AGRI+ARCTIC+ENV,BAAA,1390.0,394.5,1552.0,354.5,0.898606,0.66,4.05,3.825,4.325,4,3,3,False,True,True,True,True,False,False,True,True,True,False
FLOOD+AGRI+ARCTIC+ENV,BAAB,1376.0,390.75,1487.2,381.75,0.976967,0.66,4.05,3.825,4.325,4,3,2,False,True,True,True,True,False,False,True,True,True,False
FLOOD+AGRI+ARCTIC+ENV,BAAC,1370.4,387.0,1415.2,383.75,0.991602,0.66,4.05,3.825,4.325,4,3,2,False,True,True,True,True,False,False,True,True,True,False
FLOOD+AGRI+ARCTIC+ENV,BABA,1367.0,387.5,1467.4,398.25,1.027742,0.66,4.05,3.825,4.325,4,3,2,False,True,True,True,True,False,False,True,True,True,False
FLOOD+AGRI+ARCTIC+ENV,BABB,1353.0,383.75,1402.6,425.5,1.108795,0.66,4.05,3.825,4.325,4,3,1,False,True,True,True,False,False,False,True,True,True,False
FLOOD+AGRI+ARCTIC+ENV,BABC,1347.4,380.0,1330.6,427.5,1.125,0.66,4.05,3.825,4.325,4,3,1,False,True,True,True,False,False,False,True,True,True,False
FLOOD+AGRI+ARCTIC+ENV,BACA,1357.8,380.5,1373.4,402.25,1.057162,0.66,4.05,3.825,4.325,4,3,2,False,True,True,True,True,False,False,True,True,True,False
FLOOD+AGRI+ARCTIC+ENV,BACB,1343.8,376.75,1308.6,429.5,1.140013,0.66,4.05,3.825,4.325,4,3,1,False,True,True,True,False,False,False,True,True,True,False
FLOOD+AGRI+ARCTIC+ENV,BACC,1338.2,373.0,1236.6,431.5,1.156836,0.66,4.05,3.825,4.325,4,3,1,False,True,True,True,False,False,False,True,True,True,False
FLOOD+AGRI+ARCTIC+ENV,BBAA,1377.0,390.75,1510.6,402.5,1.03007,0.66,4.05,3.825,4.325,4,3,2,False,True,True,True,True,False,False,True,True,True,False
FLOOD+AGRI+ARCTIC+ENV,BBAB,1363.0,387.0,1445.8,429.75,1.110465,0.66,4.05,3.825,4.325,4,3,1,False,True,True,True,False,False,False,True,True,True,False
FLOOD+AGRI+ARCTIC+ENV,BBAC,1357.4,383.25,1373.8,431.75,1.126549,0.66,4.05,3.825,4.325,4,3,1,False,True,True,True,False,False,False,True,True,True,False
FLOOD+AGRI+ARCTIC+ENV,BBBA,1354.0,383.75,1426.0,446.25,1.162866,0.66,4.05,3.825,4.325,4,3,1,False,True,True,True,False,False,False,True,True,True,False
FLOOD+AGRI+ARCTIC+ENV,BBBB,1340.0,380.0,1361.2,473.5,1.246053,0.66,4.05,3.825,4.325,4,3,0,False,True,True,True,False,False,False,True,True,True,False
FLOOD+AGRI+ARCTIC+ENV,BBBC,1334.4,376.25,1289.2,475.5,1.263787,0.66,4.05,3.825,4.325,4,3,0,False,True,True,True,False,False,False,True,True,True,False
FLOOD+AGRI+ARCTIC+ENV,BBCA,1344.8,376.75,1332.0,450.25,1.19509,0.66,4.05,3.825,4.325,4,3,1,False,True,True,True,False,False,False,True,True,True,False
FLOOD+AGRI+ARCTIC+ENV,BBCB,1330.8,373.0,1267.2,477.5,1.280161,0.66,4.05,3.825,4.325,4,3,0,False,True,True,True,False,False,False,True,True,True,False
FLOOD+AGRI+ARCTIC+ENV,BBCC,1325.2,369.25,1195.2,479.5,1.298578,0.66,4.05,3.825,4.325,4,3,0,False,True,True,True,False,False,False,True,True,True,False
FLOOD+AGRI+ARCTIC+ENV,BCAA,1371.8,387.0,1464.6,422.0,1.090439,0.66,4.05,3.825,4.325,4,3,2,False,True,True,True,True,False,False,True,True,True,False
FLOOD+AGRI+ARCTIC+ENV,BCAB,1357.8,383.25,1399.8,449.25,1.172211,0.66,4.05,3.825,4.325,4,3,1,False,True,True,True,False,False,False,True,True,True,False
FLOOD+AGRI+ARCTIC+ENV,BCAC,1352.2,379.5,1327.8,451.25,1.189065,0.66,4.05,3.825,4.325,4,3,1,False,True,True,True,False,False,False,True,True,True,False
FLOOD+AGRI+ARCTIC+ENV,BCBA,1348.8,380.0,1380.0,465.75,1.225658,0.66,4.05,3.825,4.325,4,3,1,False,True,True,True,False,False,False,True,True,True,False
FLOOD+AGRI+ARCTIC+ENV,BCBB,1334.8,376.25,1315.2,493.0,1.310299,0.66,4.05,3.825,4.325,4,3,0,False,True,True,True,False,False,False,True,True,True,False
FLOOD+AGRI+ARCTIC+ENV,BCBC,1329.2,372.5,1243.2,495.0,1.328859,0.66,4.05,3.825,4.325,4,3,0,False,True,True,True,False,False,False,True,True,True,False
FLOOD+AGRI+ARCTIC+ENV,BCCA,1339.6,373.0,1286.0,469.75,1.259383,0.66,4.05,3.825,4.325,4,3,1,False,True,True,True,False,False,False,True,True,True,False
FLOOD+AGRI+ARCTIC+ENV,BCCB,1325.6,369.25,1221.2,497.0,1.345972,0.66,4.05,3.825,4.325,4,3,0,False,True,True,True,False,False,False,True,True,True,False
FLOOD+AGRI+ARCTIC+ENV,BCCC,1320.0,365.5,1149.2,499.0,1.365253,0.66,4.05,3.825,4.325,4,3,0,False,True,True,True,False,False,False,True,True,True,False
FLOOD+AGRI+ARCTIC+ENV,CAAA,1383.2,390.0,1432.0,336.0,0.861538,0.66,4.05,3.825,4.325,4,3,3,False,True,True,True,True,False,False,True,True,True,False
FLOOD+AGRI+ARCTIC+ENV,CAAB,1369.2,386.25,1367.2,363.25,0.940453,0.66,4.05,3.825,4.325,4,3,2,False,True,True,True,True,False,False,True,True,True,False
FLOOD+AGRI+ARCTIC+ENV,CAAC,1363.6,382.5,1295.2,365.25,0.954902,0.66,4.05,3.825,4.325,4,3,2,False,True,True,True,True,False,False,True,True,True,False
FLOOD+AGRI+ARCTIC+ENV,CABA,1360.2,383.0,1347.4,379.75,0.991514,0.66,4.05,3.825,4.325,4,3,2,False,True,True,True,True,False,False,True,True,True,False
FLOOD+AGRI+ARCTIC+ENV,CABB,1346.2,379.25,1282.6,407.0,1.073171,0.66,4.05,3.825,4.325,4,3,1,False,True,True,True,False,False,False,True,True,True,False
FLOOD+AGRI+ARCTIC+ENV,CABC,1340.6,375.5,1210.6,409.0,1.089214,0.66,4.05,3.825,4.325,4,3,1,False,True,True,True,False,False,False,True,True,True,False
FLOOD+AGRI+ARCTIC+ENV,CACA,1351.0,376.0,1253.4,383.75,1.020612,0.66,4.05,3.825,4.325,4,3,2,False,True,True,True,True,False,False,True,True,True,False
FLOOD+AGRI+ARCTIC+ENV,CACB,1337.0,372.25,1188.6,411.0,1.104097,0.66,4.05,3.825,4.325,4,3,1,False,True,True,True,False,False,False,True,True,True,False
FLOOD+AGRI+ARCTIC+ENV,CACC,1331.4,368.5,1116.6,413.0,1.12076,0.66,4.05,3.825,4.325,4,3,1,False,True,True,True,False,False,False,True,True,True,False
FLOOD+AGRI+ARCTIC+ENV,CBAA,1370.2,386.25,1390.6,384.0,0.994175,0.66,4.05,3.825,4.325,4,3,2,False,True,True,True,True,False,False,True,True,True,False
FLOOD+AGRI+ARCTIC+ENV,CBAB,1356.2,382.5,1325.8,411.25,1.075163,0.66,4.05,3.825,4.325,4,3,1,False,True,True,True,False,False,False,True,True,True,False
FLOOD+AGRI+ARCTIC+ENV,CBAC,1350.6,378.75,1253.8,413.25,1.091089,0.66,4.05,3.825,4.325,4,3,1,False,True,True,True,False,False,False,True,True,True,False
FLOOD+AGRI+ARCTIC+ENV,CBBA,1347.2,379.25,1306.0,427.75,1.127884,0.66,4.05,3.825,4.325,4,3,1,False,True,True,True,False,False,False,True,True,True,False
FLOOD+AGRI+ARCTIC+ENV,CBBB,1333.2,375.5,1241.2,455.0,1.211718,0.66,4.05,3.825,4.325,4,3,0,False,True,True,True,False,False,False,True,True,True,False
FLOOD+AGRI+ARCTIC+ENV,CBBC,1327.6,371.75,1169.2,457.0,1.229321,0.66,4.05,3.825,4.325,4,3,0,False,True,True,True,False,False,False,True,True,True,False
FLOOD+AGRI+ARCTIC+ENV,CBCA,1338.0,372.25,1212.0,431.75,1.159839,0.66,4.05,3.825,4.325,4,3,1,False,True,True,True,False,False,False,True,True,True,False
FLOOD+AGRI+ARCTIC+ENV,CBCB,1324.0,368.5,1147.2,459.0,1.24559,0.66,4.05,3.825,4.325,4,3,0,False,True,True,True,False,False,False,True,True,True,False
FLOOD+AGRI+ARCTIC+ENV,CBCC,1318.4,364.75,1075.2,461.0,1.263879,0.66,4.05,3.825,4.325,4,3,0,False,True,True,True,False,False,False,True,True,True,False
FLOOD+AGRI+ARCTIC+ENV,CCAA,1365.0,382.5,1344.6,403.5,1.054902,0.66,4.05,3.825,4.325,4,3,2,False,True,True,True,True,False,False,True,True,True,False
FLOOD+AGRI+ARCTIC+ENV,CCAB,1351.0,378.75,1279.8,430.75,1.137294,0.66,4.05,3.825,4.325,4,3,1,False,True,True,True,False,False,False,True,True,True,False
FLOOD+AGRI+ARCTIC+ENV,CCAC,1345.4,375.0,1207.8,432.75,1.154,0.66,4.05,3.825,4.325,4,3,1,False,True,True,True,False,False,False,True,True,True,False
FLOOD+AGRI+ARCTIC+ENV,CCBA,1342.0,375.5,1260.0,447.25,1.191079,0.66,4.05,3.825,4.325,4,3,1,False,True,True,True,False,False,False,True,True,True,False
FLOOD+AGRI+ARCTIC+ENV,CCBB,1328.0,371.75,1195.2,474.5,1.276395,0.66,4.05,3.825,4.325,4,3,0,False,True,True,True,False,False,False,True,True,True,False
FLOOD+AGRI+ARCTIC+ENV,CCBC,1322.4,368.0,1123.2,476.5,1.294837,0.66,4.05,3.825,4.325,4,3,0,False,True,True,True,False,False,False,True,True,True,False
FLOOD+AGRI+ARCTIC+ENV,CCCA,1332.8,368.5,1166.0,451.25,1.224559,0.66,4.05,3.825,4.325,4,3,1,False,True,True,True,False,False,False,True,True,True,False
FLOOD+AGRI+ARCTIC+ENV,CCCB,1318.8,364.75,1101.2,478.5,1.311857,0.66,4.05,3.825,4.325,4,3,0,False,True,True,True,False,False,False,True,True,True,False
FLOOD+AGRI+ARCTIC+ENV,CCCC,1313.2,361.0,1029.2,480.5,1.331025,0.66,4.05,3.825,4.325,4,3,0,False,True,True,True,False,False,False,True,True,True,False
FLOOD+AGRI+ARCTIC+SSA,AAAA,1459.5,420.0,1640.0,365.0,0.869048,0.6375,3.85,3.55,4.375,3,4,4,False,True,True,True,True,False,False,True,True,True,False
FLOOD+AGRI+ARCTIC+SSA,AAAB,1443.0,415.25,1578.8,397.0,0.956051,0.6375,3.85,3.55,4.375,3,4,3,False,True,True,True,True,False,False,True,True,True,False
FLOOD+AGRI+ARCTIC+SSA,AAAC,1436.4,410.5,1510.8,399.25,0.972594,0.6375,3.85,3.55,4.375,3,4,3,False,True,True,True,True,False,False,True,True,True,False
FLOOD+AGRI+ARCTIC+SSA,AABA,1436.5,413.0,1555.4,408.75,0.989709,0.6375,3.85,3.55,4.375,3,4,3,False,True,True,True,True,False,False,True,True,True,False
FLOOD+AGRI+ARCTIC+SSA,AABB,1420.0,408.25,1494.2,440.75,1.079608,0.6375,3.85,3.55,4.375,3,4,2,False,True,True,True,True,False,False,True,True,True,False
FLOOD+AGRI+ARCTIC+SSA,AABC,1413.4,403.5,1426.2,443.0,1.097893,0.6375,3.85,3.55,4.375,3,4,2,False,True,True,True,True,False,False,True,True,True,False
FLOOD+AGRI+ARCTIC+SSA,AACA,1427.3,406.0,1461.4,412.75,1.016626,0.6375,3.85,3.55,4.375,3,4,3,False,True,True,True,True,False,False,True,True,True,False
FLOOD+AGRI+ARCTIC+SSA,AACB,1410.8,401.25,1400.2,444.75,1.108411,0.6375,3.85,3.55,4.375,3,4,2,False,True,True,True,True,False,False,True,True,True,False
FLOOD+AGRI+ARCTIC+SSA,AACC,1404.2,396.5,1332.2,447.0,1.127364,0.6375,3.85,3.55,4.375,3,4,2,False,True,True,True,True,False,False,True,True,True,False
FLOOD+AGRI+ARCTIC+SSA,ABAA,1446.5,416.25,1598.6,413.0,0.992192,0.6375,3.85,3.55,4.375,3,4,3,False,True,True,True,True,False,False,True,True,True,False
FLOOD+AGRI+ARCTIC+SSA,ABAB,1430.0,411.5,1537.4,445.0,1.081409,0.6375,3.85,3.55,4.375,3,4,2,False,True,True,True,True,False,False,True,True,True,False
FLOOD+AGRI+ARCTIC+SSA,ABAC,1423.4,406.75,1469.4,447.25,1.09957,0.6375,3.85,3.55,4.375,3,4,2,False,True,True,True,True,False,False,True,True,True,False
FLOOD+AGRI+ARCTIC+SSA,ABBA,1423.5,409.25,1514.0,456.75,1.116066,0.6375,3.85,3.55,4.375,3,4,2,False,True,True,True,True,False,False,True,True,True,False
FLOOD+AGRI+ARCTIC+SSA,ABBB,1407.0,404.5,1452.8,488.75,1.208282,0.6375,3.85,3.55,4.375,3,4,1,False,True,True,True,False,False,False,True,True,True,False
FLOOD+AGRI+ARCTIC+SSA,ABBC,1400.4,399.75,1384.8,491.0,1.228268,0.6375,3.85,3.55,4.375,3,4,1,False,True,True,True,False,False,False,True,True,True,False
FLOOD+AGRI+ARCTIC+SSA,ABCA,1414.3,402.25,1420.0,460.75,1.145432,0.6375,3.85,3.55,4.375,3,4,2,False,True,True,True,True,False,False,True,True,True,False
FLOOD+AGRI+ARCTIC+SSA,ABCB,1397.8,397.5,1358.8,492.75,1.239623,0.6375,3.85,3.55,4.375,3,4,1,False,True,True,True,False,False,False,True,True,True,False
FLOOD+AGRI+ARCTIC+SSA,ABCC,1391.2,392.75,1290.8,495.0,1.260344,0.6375,3.85,3.55,4.375,3,4,1,False,True,True,True,False,False,False,True,True,True,False
FLOOD+AGRI+ARCTIC+SSA,ACAA,1441.3,412.5,1552.6,432.5,1.048485,0.6375,3.85,3.55,4.375,3,4,3,False,True,True,True,True,False,False,True,True,True,False
FLOOD+AGRI+ARCTIC+SSA,ACAB,1424.8,407.75,1491.4,464.5,1.139178,0.6375,3.85,3.55,4.375,3,4,2,False,True,True,True,True,False,False,True,True,True,False
FLOOD+AGRI+ARCTIC+SSA,ACAC,1418.2,403.0,1423.4,466.75,1.158189,0.6375,3.85,3.55,4.375,3,4,2,False,True,True,True,True,False,False,True,True,True,False
FLOOD+AGRI+ARCTIC+SSA,ACBA,1418.3,405.5,1468.0,476.25,1.174476,0.6375,3.85,3.55,4.375,3,4,2,False,True,True,True,True,False,False,True,True,True,False
FLOOD+AGRI+ARCTIC+SSA,ACBB,1401.8,400.75,1406.8,508.25,1.268247,0.6375,3.85,3.55,4.375,3,4,1,False,True,True,True,False,False,False,True,True,True,False
FLOOD+AGRI+ARCTIC+SSA,ACBC,1395.2,396.0,1338.8,510.5,1.289141,0.6375,3.85,3.55,4.375,3,4,1,False,True,True,True,False,False,False,True,True,True,False
FLOOD+AGRI+ARCTIC+SSA,ACCA,1409.1,398.5,1374.0,480.25,1.205144,0.6375,3.85,3.55,4.375,3,4,2,False,True,True,True,True,False,False,True,True,True,False
FLOOD+AGRI+ARCTIC+SSA,ACCB,1392.6,393.75,1312.8,512.25,1.300952,0.6375,3.85,3.55,4.375,3,4,1,False,True,True,True,False,False,False,True,True,True,False
FLOOD+AGRI+ARCTIC+SSA,ACCC,1386.0,389.0,1244.8,514.5,1.322622,0.6375,3.85,3.55,4.375,3,4,1,False,True,True,True,False,False,False,True,True,True,False
FLOOD+AGRI+ARCTIC+SSA,BAAA,1442.5,415.5,1532.0,368.25,0.886282,0.6375,3.85,3.55,4.375,3,4,3,False,True,True,True,True,False,False,True,True,True,False
FLOOD+AGRI+ARCTIC+SSA,BAAB,1426.0,410.75,1470.8,400.25,0.974437,0.6375,3.85,3.55,4.375,3,4,2,False,True,True,True,True,False,False,True,True,True,False
FLOOD+AGRI+ARCTIC+SSA,BAAC,1419.4,406.0,1402.8,402.5,0.991379,0.6375,3.85,3.55,4.375,3,4,2,False,True,True,True,True,False,False,True,True,True,False
FLOOD+AGRI+ARCTIC+SSA,BABA,1419.5,408.5,1447.4,412.0,1.008568,0.6375,3.85,3.55,4.375,3,4,2,False,True,True,True,True,False,False,True,True,True,False
FLOOD+AGRI+ARCTIC+SSA,BABB,1403.0,403.75,1386.2,444.0,1.09969,0.6375,3.85,3.55,4.375,3,4,1,False,True,True,True,False,False,False,True,True,True,False
FLOOD+AGRI+ARCTIC+SSA,BABC,1396.4,399.0,1318.2,446.25,1.118421,0.6375,3.85,3.55,4.375,3,4,1,False,True,True,True,False,False,False,True,True,True,False
FLOOD+AGRI+ARCTIC+SSA,BACA,1410.3,401.5,1353.4,416.0,1.036115,0.6375,3.85,3.55,4.375,3,4,2,False,True,True,True,True,False,False,True,True,True,False
FLOOD+AGRI+ARCTIC+SSA,BACB,1393.8,396.75,1292.2,448.0,1.129175,0.6375,3.85,3.55,4.375,3,4,1,False,True,True,True,False,False,False,True,True,True,False
FLOOD+AGRI+ARCTIC+SSA,BACC,1387.2,392.0,1224.2,450.25,1.148597,0.6375,3.85,3.55,4.375,3,4,1,False,True,True,True,False,False,False,True,True,True,False
FLOOD+AGRI+ARCTIC+SSA,BBAA,1429.5,411.75,1490.6,416.25,1.010929,0.6375,3.85,3.55,4.375,3,4,2,False,True,True,True,True,False,False,True,True,True,False
FLOOD+AGRI+ARCTIC+SSA,BBAB,1413.0,407.0,1429.4,448.25,1.101351,0.6375,3.85,3.55,4.375,3,4,1,False,True,True,True,False,False,False,True,True,True,False
FLOOD+AGRI+ARCTIC+SSA,BBAC,1406.4,402.25,1361.4,450.5,1.11995,0.6375,3.85,3.55,4.375,3,4,1,False,True,True,True,False,False,False,True,True,True,False
FLOOD+AGRI+ARCTIC+SSA,BBBA,1406.5,404.75,1406.0,460.0,1.136504,0.6375,3.85,3.55,4.375,3,4,1,False,True,True,True,False,False,False,True,True,True,False
FLOOD+AGRI+ARCTIC+SSA,BBBB,1390.0,400.0,1344.8,492.0,1.23,0.6375,3.85,3.55,4.375,3,4,0,False,True,True,True,False,False,False,True,True,True,False
FLOOD+AGRI+ARCTIC+SSA,BBBC,1383.4,395.25,1276.8,494.25,1.250474,0.6375,3.85,3.55,4.375,3,4,0,False,True,True,True,False,False,False,True,True,True,False
FLOOD+AGRI+ARCTIC+SSA,BBCA,1397.3,397.75,1312.0,464.0,1.166562,0.6375,3.85,3.55,4.375,3,4,1,False,True,True,True,False,False,False,True,True,True,False
FLOOD+AGRI+ARCTIC+SSA,BBCB,1380.8,393.0,1250.8,496.0,1.262087,0.6375,3.85,3.55,4.375,3,4,0,False,True,True,True,False,False,False,True,True,True,False
FLOOD+AGRI+ARCTIC+SSA,BBCC,1374.2,388.25,1182.8,498.25,1.283323,0.6375,3.85,3.55,4.375,3,4,0,False,True,True,True,False,False,False,True,True,True,False
FLOOD+AGRI+ARCTIC+SSA,BCAA,1424.3,408.0,1444.6,435.75,1.068015,0.6375,3.85,3.55,4.375,3,4,2,False,True,True,True,True,False,False,True,True,True,False
FLOOD+AGRI+ARCTIC+SSA,BCAB,1407.8,403.25,1383.4,467.75,1.15995,0.6375,3.85,3.55,4.375,3,4,1,False,True,True,True,False,False,False,True,True,True,False
FLOOD+AGRI+ARCTIC+SSA,BCAC,1401.2,398.5,1315.4,470.0,1.179423,0.6375,3.85,3.55,4.375,3,4,1,False,True,True,True,False,False,False,True,True,True,False
FLOOD+AGRI+ARCTIC+SSA,BCBA,1401.3,401.0,1360.0,479.5,1.195761,0.6375,3.85,3.55,4.375,3,4,1,False,True,True,True,False,False,False,True,True,True,False
FLOOD+AGRI+ARCTIC+SSA,BCBB,1384.8,396.25,1298.8,511.5,1.290852,0.6375,3.85,3.55,4.375,3,4,0,False,True,True,True,False,False,False,True,True,True,False
FLOOD+AGRI+ARCTIC+SSA,BCBC,1378.2,391.5,1230.8,513.75,1.312261,0.6375,3.85,3.55,4.375,3,4,0,False,True,True,True,False,False,False,True,True,True,False
FLOOD+AGRI+ARCTIC+SSA,BCCA,1392.1,394.0,1266.0,483.5,1.227157,0.6375,3.85,3.55,4.375,3,4,1,False,True,True,True,False,False,False,True,True,True,False
FLOOD+AGRI+ARCTIC+SSA,BCCB,1375.6,389.25,1204.8,515.5,1.324342,0.6375,3.85,3.55,4.375,3,4,0,False,True,True,True,False,False,False,True,True,True,False
FLOOD+AGRI+ARCTIC+SSA,BCCC,1369.0,384.5,1136.8,517.75,1.346554,0.6375,3.85,3.55,4.375,3,4,0,False,True,True,True,False,False,False,True,True,True,False
FLOOD+AGRI+ARCTIC+SSA,CAAA,1435.7,411.0,1412.0,349.75,0.850973,0.6375,3.85,3.55,4.375,3,4,3,False,True,True,True,True,False,False,True,True,True,False
FLOOD+AGRI+ARCTIC+SSA,CAAB,1419.2,406.25,1350.8,381.75,0.939692,0.6375,3.85,3.55,4.375,3,4,2,False,True,True,True,True,False,False,True,True,True,False
FLOOD+AGRI+ARCTIC+SSA,CAAC,1412.6,401.5,1282.8,384.0,0.956413,0.6375,3.85,3.55,4.375,3,4,2,False,True,True,True,True,False,False,True,True,True,False
FLOOD+AGRI+ARCTIC+SSA,CABA,1412.7,404.0,1327.4,393.5,0.97401,0.6375,3.85,3.55,4.375,3,4,2,False,True,True,True,True,False,False,True,True,True,False
FLOOD+AGRI+ARCTIC+SSA,CABB,1396.2,399.25,1266.2,425.5,1.065748,0.6375,3.85,3.55,4.375,3,4,1,False,True,True,True,False,False,False,True,True,True,False
FLOOD+AGRI+ARCTIC+SSA,CABC,1389.6,394.5,1198.2,427.75,1.084284,0.6375,3.85,3.55,4.375,3,4,1,False,True,True,True,False,False,False,True,True,True,False
FLOOD+AGRI+ARCTIC+SSA,CACA,1403.5,397.0,1233.4,397.5,1.001259,0.6375,3.85,3.55,4.375,3,4,2,False,True,True,True,True,False,False,True,True,True,False
FLOOD+AGRI+ARCTIC+SSA,CACB,1387.0,392.25,1172.2,429.5,1.094965,0.6375,3.85,3.55,4.375,3,4,1,False,True,True,True,False,False,False,True,True,True,False
FLOOD+AGRI+ARCTIC+SSA,CACC,1380.4,387.5,1104.2,431.75,1.114194,0.6375,3.85,3.55,4.375,3,4,1,False,True,True,True,False,False,False,True,True,True,False
FLOOD+AGRI+ARCTIC+SSA,CBAA,1422.7,407.25,1370.6,397.75,0.976673,0.6375,3.85,3.55,4.375,3,4,2,False,True,True,True,True,False,False,True,True,True,False
FLOOD+AGRI+ARCTIC+SSA,CBAB,1406.2,402.5,1309.4,429.75,1.067702,0.6375,3.85,3.55,4.375,3,4,1,False,True,True,True,False,False,False,True,True,True,False
FLOOD+AGRI+ARCTIC+SSA,CBAC,1399.6,397.75,1241.4,432.0,1.086109,0.6375,3.85,3.55,4.375,3,4,1,False,True,True,True,False,False,False,True,True,True,False
FLOOD+AGRI+ARCTIC+SSA,CBBA,1399.7,400.25,1286.0,441.5,1.103061,0.6375,3.85,3.55,4.375,3,4,1,False,True,True,True,False,False,False,True,True,True,False
FLOOD+AGRI+ARCTIC+SSA,CBBB,1383.2,395.5,1224.8,473.5,1.197219,0.6375,3.85,3.55,4.375,3,4,0,False,True,True,True,False,False,False,True,True,True,False
FLOOD+AGRI+ARCTIC+SSA,CBBC,1376.6,390.75,1156.8,475.75,1.21753,0.6375,3.85,3.55,4.375,3,4,0,False,True,True,True,False,False,False,True,True,True,False
FLOOD+AGRI+ARCTIC+SSA,CBCA,1390.5,393.25,1192.0,445.5,1.132867,0.6375,3.85,3.55,4.375,3,4,1,False,True,True,True,False,False,False,True,True,True,False
FLOOD+AGRI+ARCTIC+SSA,CBCB,1374.0,388.5,1130.8,477.5,1.229086,0.6375,3.85,3.55,4.375,3,4,0,False,True,True,True,False,False,False,True,True,True,False
FLOOD+AGRI+ARCTIC+SSA,CBCC,1367.4,383.75,1062.8,479.75,1.250163,0.6375,3.85,3.55,4.375,3,4,0,False,True,True,True,False,False,False,True,True,True,False
FLOOD+AGRI+ARCTIC+SSA,CCAA,1417.5,403.5,1324.6,417.25,1.034077,0.6375,3.85,3.55,4.375,3,4,2,False,True,True,True,True,False,False,True,True,True,False
FLOOD+AGRI+ARCTIC+SSA,CCAB,1401.0,398.75,1263.4,449.25,1.126646,0.6375,3.85,3.55,4.375,3,4,1,False,True,True,True,False,False,False,True,True,True,False
FLOOD+AGRI+ARCTIC+SSA,CCAC,1394.4,394.0,1195.4,451.5,1.145939,0.6375,3.85,3.55,4.375,3,4,1,False,True,True,True,False,False,False,True,True,True,False
FLOOD+AGRI+ARCTIC+SSA,CCBA,1394.5,396.5,1240.0,461.0,1.162673,0.6375,3.85,3.55,4.375,3,4,1,False,True,True,True,False,False,False,True,True,True,False
FLOOD+AGRI+ARCTIC+SSA,CCBB,1378.0,391.75,1178.8,493.0,1.258456,0.6375,3.85,3.55,4.375,3,4,0,False,True,True,True,False,False,False,True,True,True,False
FLOOD+AGRI+ARCTIC+SSA,CCBC,1371.4,387.0,1110.8,495.25,1.279716,0.6375,3.85,3.55,4.375,3,4,0,False,True,True,True,False,False,False,True,True,True,False
FLOOD+AGRI+ARCTIC+SSA,CCCA,1385.3,389.5,1146.0,465.0,1.193838,0.6375,3.85,3.55,4.375,3,4,1,False,True,True,True,False,False,False,True,True,True,False
FLOOD+AGRI+ARCTIC+SSA,CCCB,1368.8,384.75,1084.8,497.0,1.291748,0.6375,3.85,3.55,4.375,3,4,0,False,True,True,True,False,False,False,True,True,True,False
FLOOD+AGRI+ARCTIC+SSA,CCCC,1362.2,380.0,1016.8,499.25,1.313816,0.6375,3.85,3.55,4.375,3,4,0,False,True,True,True,False,False,False,True,True,True,False
FLOOD+AGRI+TRANS+ENV,AAAA,1186.5,325.5,1410.0,301.25,0.925499,0.715,4.45,4.225,4.6,4,2,4,True,True,True,True,True,True,True,True,True,True,False
FLOOD+AGRI+TRANS+ENV,AAAB,1172.5,321.75,1345.2,328.5,1.020979,0.715,4.45,4.225,4.6,4,2,3,True,True,True,True,True,True,True,True,True,True,True
FLOOD+AGRI+TRANS+ENV,AAAC,1166.9,318.0,1273.2,330.5,1.039308,0.715,4.45,4.225,4.6,4,2,3,True,True,True,True,True,True,True,True,True,True,True
FLOOD+AGRI+TRANS+ENV,AABA,1174.0,322.0,1370.4,335.0,1.040373,0.715,4.45,4.225,4.6,4,2,3,True,True,True,True,True,True,True,True,True,True,True
FLOOD+AGRI+TRANS+ENV,AABB,1160.0,318.25,1305.6,362.25,1.138256,0.715,4.45,4.225,4.6,4,2,2,True,True,True,True,True,True,True,True,True,True,True
FLOOD+AGRI+TRANS+ENV,AABC,1154.4,314.5,1233.6,364.25,1.158188,0.715,4.45,4.225,4.6,4,2,2,True,True,True,True,True,True,True,True,True,True,True
FLOOD+AGRI+TRANS+ENV,AACA,1169.0,318.5,1326.4,343.0,1.076923,0.715,4.45,4.225,4.6,4,2,3,True,True,True,True,True,True,True,True,True,True,True
FLOOD+AGRI+TRANS+ENV,AACB,1155.0,314.75,1261.6,370.25,1.17633,0.715,4.45,4.225,4.6,4,2,2,True,True,True,True,True,True,True,True,True,True,True
FLOOD+AGRI+TRANS+ENV,AACC,1149.4,311.0,1189.6,372.25,1.196945,0.715,4.45,4.225,4.6,4,2,2,True,True,True,True,True,True,True,True,True,True,True
FLOOD+AGRI+TRANS+ENV,ABAA,1173.5,321.75,1368.6,349.25,1.08547,0.715,4.45,4.225,4.6,4,2,3,True,True,True,True,True,True,True,True,True,True,True
FLOOD+AGRI+TRANS+ENV,ABAB,1159.5,318.0,1303.8,376.5,1.183962,0.715,4.45,4.225,4.6,4,2,2,True,True,True,True,True,True,True,True,True,True,True
FLOOD+AGRI+TRANS+ENV,ABAC,1153.9,314.25,1231.8,378.5,1.204455,0.715,4.45,4.225,4.6,4,2,2,True,True,True,True,True,True,True,True,True,True,True
FLOOD+AGRI+TRANS+ENV,ABBA,1161.0,318.25,1329.0,383.0,1.203456,0.715,4.45,4.225,4.6,4,2,2,True,True,True,True,True,True,True,True,True,True,True
FLOOD+AGRI+TRANS+ENV,ABBB,1147.0,314.5,1264.2,410.25,1.304452,0.715,4.45,4.225,4.6,4,2,1,False,True,True,True,False,True,True,True,True,True,False
FLOOD+AGRI+TRANS+ENV,ABBC,1141.4,310.75,1192.2,412.25,1.326629,0.715,4.45,4.225,4.6,4,2,1,False,True,True,True,False,True,True,True,True,True,False
FLOOD+AGRI+TRANS+ENV,ABCA,1156.0,314.75,1285.0,391.0,1.242256,0.715,4.45,4.225,4.6,4,2,2,True,True,True,True,True,True,True,True,True,True,True
FLOOD+AGRI+TRANS+ENV,ABCB,1142.0,311.0,1220.2,418.25,1.344855,0.715,4.45,4.225,4.6,4,2,1,False,True,True,True,False,True,True,True,True,True,False
FLOOD+AGRI+TRANS+ENV,ABCC,1136.4,307.25,1148.2,420.25,1.367779,0.715,4.45,4.225,4.6,4,2,1,False,True,True,True,False,True,True,True,True,True,False
FLOOD+AGRI+TRANS+ENV,ACAA,1168.3,318.0,1322.6,368.75,1.159591,0.715,4.45,4.225,4.6,4,2,3,True,True,True,True,True,True,True,True,True,True,True
FLOOD+AGRI+TRANS+ENV,ACAB,1154.3,314.25,1257.8,396.0,1.260143,0.715,4.45,4.225,4.6,4,2,2,True,True,True,True,True,True,True,True,True,True,True
FLOOD+AGRI+TRANS+ENV,ACAC,1148.7,310.5,1185.8,398.0,1.281804,0.715,4.45,4.225,4.6,4,2,2,True,True,True,True,True,True,True,True,True,True,True
FLOOD+AGRI+TRANS+ENV,ACBA,1155.8,314.5,1283.0,402.5,1.279809,0.715,4.45,4.225,4.6,4,2,2,True,True,True,True,True,True,True,True,True,True,True
FLOOD+AGRI+TRANS+ENV,ACBB,1141.8,310.75,1218.2,429.75,1.382944,0.715,4.45,4.225,4.6,4,2,1,False,True,True,True,False,True,True,True,True,True,False
FLOOD+AGRI+TRANS+ENV,ACBC,1136.2,307.0,1146.2,431.75,1.406352,0.715,4.45,4.225,4.6,4,2,1,False,True,True,True,False,True,True,True,True,True,False
FLOOD+AGRI+TRANS+ENV,ACCA,1150.8,311.0,1239.0,410.5,1.319936,0.715,4.45,4.225,4.6,4,2,2,True,True,True,True,True,True,True,True,True,True,True
FLOOD+AGRI+TRANS+ENV,ACCB,1136.8,307.25,1174.2,437.75,1.424736,0.715,4.45,4.225,4.6,4,2,1,False,True,True,True,False,True,True,True,True,True,False
FLOOD+AGRI+TRANS+ENV,ACCC,1131.2,303.5,1102.2,439.75,1.448929,0.715,4.45,4.225,4.6,4,2,1,False,True,True,True,False,True,True,True,True,True,False
FLOOD+AGRI+TRANS+ENV,BAAA,1169.5,321.0,1302.0,304.5,0.948598,0.715,4.45,4.225,4.6,4,2,3,True,True,True,True,True,True,True,True,True,True,True
FLOOD+AGRI+TRANS+ENV,BAAB,1155.5,317.25,1237.2,331.75,1.045705,0.715,4.45,4.225,4.6,4,2,2,True,True,True,True,True,True,True,True,True,True,True
FLOOD+AGRI+TRANS+ENV,BAAC,1149.9,313.5,1165.2,333.75,1.064593,0.715,4.45,4.225,4.6,4,2,2,True,True,True,True,True,True,True,True,True,True,True
FLOOD+AGRI+TRANS+ENV,BABA,1157.0,317.5,1262.4,338.25,1.065354,0.715,4.45,4.225,4.6,4,2,2,True,True,True,True,True,True,True,True,True,True,True
FLOOD+AGRI+TRANS+ENV,BABB,1143.0,313.75,1197.6,365.5,1.16494,0.715,4.45,4.225,4.6,4,2,1,False,True,True,True,False,True,True,True,True,True,False
FLOOD+AGRI+TRANS+ENV,BABC,1137.4,310.0,1125.6,367.5,1.185484,0.715,4.45,4.225,4.6,4,2,1,False,True,True,True,False,True,True,True,True,True,False
FLOOD+AGRI+TRANS+ENV,BACA,1152.0,314.0,1218.4,346.25,1.102707,0.715,4.45,4.225,4.6,4,2,2,True,True,True,True,True,True,True,True,True,True,True
FLOOD+AGRI+TRANS+ENV,BACB,1138.0,310.25,1153.6,373.5,1.203868,0.715,4.45,4.225,4.6,4,2,1,False,True,True,True,False,True,True,True,True,True,False
FLOOD+AGRI+TRANS+ENV,BACC,1132.4,306.5,1081.6,375.5,1.225122,0.715,4.45,4.225,4.6,4,2,1,False,True,True,True,False,True,True,True,True,True,False
FLOOD+AGRI+TRANS+ENV,BBAA,1156.5,317.25,1260.6,352.5,1.111111,0.715,4.45,4.225,4.6,4,2,2,True,True,True,True,True,True,True,True,True,True,True
FLOOD+AGRI+TRANS+ENV,BBAB,1142.5,313.5,1195.8,379.75,1.211324,0.715,4.45,4.225,4.6,4,2,1,False,True,True,True,False,True,True,True,True,True,False
FLOOD+AGRI+TRANS+ENV,BBAC,1136.9,309.75,1123.8,381.75,1.232446,0.715,4.45,4.225,4.6,4,2,1,False,True,True,True,False,True,True,True,True,True,False
FLOOD+AGRI+TRANS+ENV,BBBA,1144.0,313.75,1221.0,386.25,1.231076,0.715,4.45,4.225,4.6,4,2,1,False,True,True,True,False,True,True,True,True,True,False
FLOOD+AGRI+TRANS+ENV,BBBB,1130.0,310.0,1156.2,413.5,1.333871,0.715,4.45,4.225,4.6,4,2,0,False,True,True,True,False,True,True,True,True,True,False
FLOOD+AGRI+TRANS+ENV,BBBC,1124.4,306.25,1084.2,415.5,1.356735,0.715,4.45,4.225,4.6,4,2,0,False,True,True,True,False,True,True,True,True,True,False
FLOOD+AGRI+TRANS+ENV,BBCA,1139.0,310.25,1177.0,394.25,1.270749,0.715,4.45,4.225,4.6,4,2,1,False,True,True,True,False,True,True,True,True,True,False
FLOOD+AGRI+TRANS+ENV,BBCB,1125.0,306.5,1112.2,421.5,1.375204,0.715,4.45,4.225,4.6,4,2,0,False,True,True,True,False,True,True,True,True,True,False
FLOOD+AGRI+TRANS+ENV,BBCC,1119.4,302.75,1040.2,423.5,1.398844,0.715,4.45,4.225,4.6,4,2,0,False,True,True,True,False,True,True,True,True,True,False
FLOOD+AGRI+TRANS+ENV,BCAA,1151.3,313.5,1214.6,372.0,1.186603,0.715,4.45,4.225,4.6,4,2,2,True,True,True,True,True,True,True,True,True,True,True
FLOOD+AGRI+TRANS+ENV,BCAB,1137.3,309.75,1149.8,399.25,1.288943,0.715,4.45,4.225,4.6,4,2,1,False,True,True,True,False,True,True,True,True,True,False
FLOOD+AGRI+TRANS+ENV,BCAC,1131.7,306.0,1077.8,401.25,1.311275,0.715,4.45,4.225,4.6,4,2,1,False,True,True,True,False,True,True,True,True,True,False
FLOOD+AGRI+TRANS+ENV,BCBA,1138.8,310.0,1175.0,405.75,1.308871,0.715,4.45,4.225,4.6,4,2,1,False,True,True,True,False,True,True,True,True,True,False
FLOOD+AGRI+TRANS+ENV,BCBB,1124.8,306.25,1110.2,433.0,1.413878,0.715,4.45,4.225,4.6,4,2,0,False,True,True,True,False,True,True,True,True,True,False
FLOOD+AGRI+TRANS+ENV,BCBC,1119.2,302.5,1038.2,435.0,1.438017,0.715,4.45,4.225,4.6,4,2,0,False,True,True,True,False,True,True,True,True,True,False
FLOOD+AGRI+TRANS+ENV,BCCA,1133.8,306.5,1131.0,413.75,1.349918,0.715,4.45,4.225,4.6,4,2,1,False,True,True,True,False,True,True,True,True,True,False
FLOOD+AGRI+TRANS+ENV,BCCB,1119.8,302.75,1066.2,441.0,1.456647,0.715,4.45,4.225,4.6,4,2,0,False,True,True,True,False,True,True,True,True,True,False
FLOOD+AGRI+TRANS+ENV,BCCC,1114.2,299.0,994.2,443.0,1.481605,0.715,4.45,4.225,4.6,4,2,0,False,True,True,True,False,True,True,False,True,True,False
FLOOD+AGRI+TRANS+ENV,CAAA,1162.7,316.5,1182.0,286.0,0.903633,0.715,4.45,4.225,4.6,4,2,3,True,True,True,True,True,True,True,True,True,True,True
FLOOD+AGRI+TRANS+ENV,CAAB,1148.7,312.75,1117.2,313.25,1.001599,0.715,4.45,4.225,4.6,4,2,2,True,True,True,True,True,True,True,True,True,True,True
FLOOD+AGRI+TRANS+ENV,CAAC,1143.1,309.0,1045.2,315.25,1.020227,0.715,4.45,4.225,4.6,4,2,2,True,True,True,True,True,True,True,True,True,True,True
FLOOD+AGRI+TRANS+ENV,CABA,1150.2,313.0,1142.4,319.75,1.021565,0.715,4.45,4.225,4.6,4,2,2,True,True,True,True,True,True,True,True,True,True,True
FLOOD+AGRI+TRANS+ENV,CABB,1136.2,309.25,1077.6,347.0,1.12207,0.715,4.45,4.225,4.6,4,2,1,False,True,True,True,False,True,True,True,True,True,False
FLOOD+AGRI+TRANS+ENV,CABC,1130.6,305.5,1005.6,349.0,1.14239,0.715,4.45,4.225,4.6,4,2,1,False,True,True,True,False,True,True,True,True,True,False
FLOOD+AGRI+TRANS+ENV,CACA,1145.2,309.5,1098.4,327.75,1.058966,0.715,4.45,4.225,4.6,4,2,2,True,True,True,True,True,True,True,True,True,True,True
FLOOD+AGRI+TRANS+ENV,CACB,1131.2,305.75,1033.6,355.0,1.161079,0.715,4.45,4.225,4.6,4,2,1,False,True,True,True,False,True,True,True,True,True,False
FLOOD+AGRI+TRANS+ENV,CACC,1125.6,302.0,961.6,357.0,1.182119,0.715,4.45,4.225,4.6,4,2,1,False,True,True,True,False,True,True,False,True,True,False
FLOOD+AGRI+TRANS+ENV,CBAA,1149.7,312.75,1140.6,334.0,1.067946,0.715,4.45,4.225,4.6,4,2,2,True,True,True,True,True,True,True,True,True,True,True
FLOOD+AGRI+TRANS+ENV,CBAB,1135.7,309.0,1075.8,361.25,1.169094,0.715,4.45,4.225,4.6,4,2,1,False,True,True,True,False,True,True,True,True,True,False
FLOOD+AGRI+TRANS+ENV,CBAC,1130.1,305.25,1003.8,363.25,1.190008,0.715,4.45,4.225,4.6,4,2,1,False,True,True,True,False,True,True,True,True,True,False
FLOOD+AGRI+TRANS+ENV,CBBA,1137.2,309.25,1101.0,367.75,1.189167,0.715,4.45,4.225,4.6,4,2,1,False,True,True,True,False,True,True,True,True,True,False
FLOOD+AGRI+TRANS+ENV,CBBB,1123.2,305.5,1036.2,395.0,1.292962,0.715,4.45,4.225,4.6,4,2,0,False,True,True,True,False,True,True,True,True,True,False
FLOOD+AGRI+TRANS+ENV,CBBC,1117.6,301.75,964.2,397.0,1.315659,0.715,4.45,4.225,4.6,4,2,0,False,True,True,True,False,True,True,False,True,True,False
FLOOD+AGRI+TRANS+ENV,CBCA,1132.2,305.75,1057.0,375.75,1.228945,0.715,4.45,4.225,4.6,4,2,1,False,True,True,True,False,True,True,True,True,True,False
FLOOD+AGRI+TRANS+ENV,CBCB,1118.2,302.0,992.2,403.0,1.334437,0.715,4.45,4.225,4.6,4,2,0,False,True,True,True,False,True,True,False,True,True,False
FLOOD+AGRI+TRANS+ENV,CBCC,1112.6,298.25,920.2,405.0,1.357921,0.715,4.45,4.225,4.6,4,2,0,False,True,True,True,False,True,True,False,True,True,False
FLOOD+AGRI+TRANS+ENV,CCAA,1144.5,309.0,1094.6,353.5,1.144013,0.715,4.45,4.225,4.6,4,2,2,True,True,True,True,True,True,True,True,True,True,True
FLOOD+AGRI+TRANS+ENV,CCAB,1130.5,305.25,1029.8,380.75,1.247338,0.715,4.45,4.225,4.6,4,2,1,False,True,True,True,False,True,True,True,True,True,False
FLOOD+AGRI+TRANS+ENV,CCAC,1124.9,301.5,957.8,382.75,1.269486,0.715,4.45,4.225,4.6,4,2,1,False,True,True,True,False,True,True,False,True,True,False
FLOOD+AGRI+TRANS+ENV,CCBA,1132.0,305.5,1055.0,387.25,1.267594,0.715,4.45,4.225,4.6,4,2,1,False,True,True,True,False,True,True,True,True,True,False
FLOOD+AGRI+TRANS+ENV,CCBB,1118.0,301.75,990.2,414.5,1.373654,0.715,4.45,4.225,4.6,4,2,0,False,True,True,True,False,True,True,False,True,True,False
FLOOD+AGRI+TRANS+ENV,CCBC,1112.4,298.0,918.2,416.5,1.397651,0.715,4.45,4.225,4.6,4,2,0,False,True,True,True,False,True,True,False,True,True,False
FLOOD+AGRI+TRANS+ENV,CCCA,1127.0,302.0,1011.0,395.25,1.308775,0.715,4.45,4.225,4.6,4,2,1,False,True,True,True,False,True,True,True,True,True,False
FLOOD+AGRI+TRANS+ENV,CCCB,1113.0,298.25,946.2,422.5,1.416597,0.715,4.45,4.225,4.6,4,2,0,False,True,True,True,False,True,True,False,True,True,False
FLOOD+AGRI+TRANS+ENV,CCCC,1107.4,294.5,874.2,424.5,1.441426,0.715,4.45,4.225,4.6,4,2,0,False,True,True,True,False,True,True,False,True,True,False
FLOOD+AGRI+TRANS+SSA,AAAA,1239.0,346.5,1390.0,315.0,0.909091,0.6925,4.25,3.95,4.65,3,3,4,True,True,True,True,True,True,True,True,True,True,False
FLOOD+AGRI+TRANS+SSA,AAAB,1222.5,341.75,1328.8,347.0,1.015362,0.6925,4.25,3.95,4.65,3,3,3,True,True,True,True,True,True,True,True,True,True,False
FLOOD+AGRI+TRANS+SSA,AAAC,1215.9,337.0,1260.8,349.25,1.03635,0.6925,4.25,3.95,4.65,3,3,3,True,True,True,True,True,True,True,True,True,True,False
FLOOD+AGRI+TRANS+SSA,AABA,1226.5,343.0,1350.4,348.75,1.016764,0.6925,4.25,3.95,4.65,3,3,3,True,True,True,True,True,True,True,True,True,True,False
FLOOD+AGRI+TRANS+SSA,AABB,1210.0,338.25,1289.2,380.75,1.125647,0.6925,4.25,3.95,4.65,3,3,2,True,True,True,True,True,True,True,True,True,True,False
FLOOD+AGRI+TRANS+SSA,AABC,1203.4,333.5,1221.2,383.0,1.148426,0.6925,4.25,3.95,4.65,3,3,2,True,True,True,True,True,True,True,True,True,True,False
FLOOD+AGRI+TRANS+SSA,AACA,1221.5,339.5,1306.4,356.75,1.05081,0.6925,4.25,3.95,4.65,3,3,3,True,True,True,True,True,True,True,True,True,True,False
FLOOD+AGRI+TRANS+SSA,AACB,1205.0,334.75,1245.2,388.75,1.161314,0.6925,4.25,3.95,4.65,3,3,2,True,True,True,True,True,True,True,True,True,True,False
FLOOD+AGRI+TRANS+SSA,AACC,1198.4,330.0,1177.2,391.0,1.184848,0.6925,4.25,3.95,4.65,3,3,2,True,True,True,True,True,True,True,True,True,True,False
FLOOD+AGRI+TRANS+SSA,ABAA,1226.0,342.75,1348.6,363.0,1.059081,0.6925,4.25,3.95,4.65,3,3,3,True,True,True,True,True,True,True,True,True,True,False
FLOOD+AGRI+TRANS+SSA,ABAB,1209.5,338.0,1287.4,395.0,1.168639,0.6925,4.25,3.95,4.65,3,3,2,True,True,True,True,True,True,True,True,True,True,False
FLOOD+AGRI+TRANS+SSA,ABAC,1202.9,333.25,1219.4,397.25,1.192048,0.6925,4.25,3.95,4.65,3,3,2,True,True,True,True,True,True,True,True,True,True,False
FLOOD+AGRI+TRANS+SSA,ABBA,1213.5,339.25,1309.0,396.75,1.169492,0.6925,4.25,3.95,4.65,3,3,2,True,True,True,True,True,True,True,True,True,True,False
FLOOD+AGRI+TRANS+SSA,ABBB,1197.0,334.5,1247.8,428.75,1.281764,0.6925,4.25,3.95,4.65,3,3,1,False,True,True,True,False,True,True,True,True,True,False
FLOOD+AGRI+TRANS+SSA,ABBC,1190.4,329.75,1179.8,431.0,1.307051,0.6925,4.25,3.95,4.65,3,3,1,False,True,True,True,False,True,True,True,True,True,False
FLOOD+AGRI+TRANS+SSA,ABCA,1208.5,335.75,1265.0,404.75,1.20551,0.6925,4.25,3.95,4.65,3,3,2,True,True,True,True,True,True,True,True,True,True,False
FLOOD+AGRI+TRANS+SSA,ABCB,1192.0,331.0,1203.8,436.75,1.319486,0.6925,4.25,3.95,4.65,3,3,1,False,True,True,True,False,True,True,True,True,True,False
FLOOD+AGRI+TRANS+SSA,ABCC,1185.4,326.25,1135.8,439.0,1.345594,0.6925,4.25,3.95,4.65,3,3,1,False,True,True,True,False,True,True,True,True,True,False
FLOOD+AGRI+TRANS+SSA,ACAA,1220.8,339.0,1302.6,382.5,1.128319,0.6925,4.25,3.95,4.65,3,3,3,True,True,True,True,True,True,True,True,True,True,False
FLOOD+AGRI+TRANS+SSA,ACAB,1204.3,334.25,1241.4,414.5,1.24009,0.6925,4.25,3.95,4.65,3,3,2,True,True,True,True,True,True,True,True,True,True,False
FLOOD+AGRI+TRANS+SSA,ACAC,1197.7,329.5,1173.4,416.75,1.264795,0.6925,4.25,3.95,4.65,3,3,2,True,True,True,True,True,True,True,True,True,True,False
FLOOD+AGRI+TRANS+SSA,ACBA,1208.3,335.5,1263.0,416.25,1.240686,0.6925,4.25,3.95,4.65,3,3,2,True,True,True,True,True,True,True,True,True,True,False
FLOOD+AGRI+TRANS+SSA,ACBB,1191.8,330.75,1201.8,448.25,1.355253,0.6925,4.25,3.95,4.65,3,3,1,False,True,True,True,False,True,True,True,True,True,False
FLOOD+AGRI+TRANS+SSA,ACBC,1185.2,326.0,1133.8,450.5,1.381902,0.6925,4.25,3.95,4.65,3,3,1,False,True,True,True,False,True,True,True,True,True,False
FLOOD+AGRI+TRANS+SSA,ACCA,1203.3,332.0,1219.0,424.25,1.277861,0.6925,4.25,3.95,4.65,3,3,2,True,True,True,True,True,True,True,True,True,True,False
FLOOD+AGRI+TRANS+SSA,ACCB,1186.8,327.25,1157.8,456.25,1.394194,0.6925,4.25,3.95,4.65,3,3,1,False,True,True,True,False,True,True,True,True,True,False
FLOOD+AGRI+TRANS+SSA,ACCC,1180.2,322.5,1089.8,458.5,1.421705,0.6925,4.25,3.95,4.65,3,3,1,False,True,True,True,False,True,True,True,True,True,False
FLOOD+AGRI+TRANS+SSA,BAAA,1222.0,342.0,1282.0,318.25,0.930556,0.6925,4.25,3.95,4.65,3,3,3,True,True,True,True,True,True,True,True,True,True,False
FLOOD+AGRI+TRANS+SSA,BAAB,1205.5,337.25,1220.8,350.25,1.038547,0.6925,4.25,3.95,4.65,3,3,2,True,True,True,True,True,True,True,True,True,True,False
FLOOD+AGRI+TRANS+SSA,BAAC,1198.9,332.5,1152.8,352.5,1.06015,0.6925,4.25,3.95,4.65,3,3,2,True,True,True,True,True,True,True,True,True,True,False
FLOOD+AGRI+TRANS+SSA,BABA,1209.5,338.5,1242.4,352.0,1.039882,0.6925,4.25,3.95,4.65,3,3,2,True,True,True,True,True,True,True,True,True,True,False
FLOOD+AGRI+TRANS+SSA,BABB,1193.0,333.75,1181.2,384.0,1.150562,0.6925,4.25,3.95,4.65,3,3,1,False,True,True,True,False,True,True,True,True,True,False
FLOOD+AGRI+TRANS+SSA,BABC,1186.4,329.0,1113.2,386.25,1.174012,0.6925,4.25,3.95,4.65,3,3,1,False,True,True,True,False,True,True,True,True,True,False
FLOOD+AGRI+TRANS+SSA,BACA,1204.5,335.0,1198.4,360.0,1.074627,0.6925,4.25,3.95,4.65,3,3,2,True,True,True,True,True,True,True,True,True,True,False
FLOOD+AGRI+TRANS+SSA,BACB,1188.0,330.25,1137.2,392.0,1.18698,0.6925,4.25,3.95,4.65,3,3,1,False,True,True,True,False,True,True,True,True,True,False
FLOOD+AGRI+TRANS+SSA,BACC,1181.4,325.5,1069.2,394.25,1.211214,0.6925,4.25,3.95,4.65,3,3,1,False,True,True,True,False,True,True,True,True,True,False
FLOOD+AGRI+TRANS+SSA,BBAA,1209.0,338.25,1240.6,366.25,1.082779,0.6925,4.25,3.95,4.65,3,3,2,True,True,True,True,True,True,True,True,True,True,False
FLOOD+AGRI+TRANS+SSA,BBAB,1192.5,333.5,1179.4,398.25,1.194153,0.6925,4.25,3.95,4.65,3,3,1,False,True,True,True,False,True,True,True,True,True,False
FLOOD+AGRI+TRANS+SSA,BBAC,1185.9,328.75,1111.4,400.5,1.218251,0.6925,4.25,3.95,4.65,3,3,1,False,True,True,True,False,True,True,True,True,True,False
FLOOD+AGRI+TRANS+SSA,BBBA,1196.5,334.75,1201.0,400.0,1.194922,0.6925,4.25,3.95,4.65,3,3,1,False,True,True,True,False,True,True,True,True,True,False
FLOOD+AGRI+TRANS+SSA,BBBB,1180.0,330.0,1139.8,432.0,1.309091,0.6925,4.25,3.95,4.65,3,3,0,False,True,True,True,False,True,True,True,True,True,False
FLOOD+AGRI+TRANS+SSA,BBBC,1173.4,325.25,1071.8,434.25,1.335127,0.6925,4.25,3.95,4.65,3,3,0,False,True,True,True,False,True,True,True,True,True,False
FLOOD+AGRI+TRANS+SSA,BBCA,1191.5,331.25,1157.0,408.0,1.231698,0.6925,4.25,3.95,4.65,3,3,1,False,True,True,True,False,True,True,True,True,True,False
FLOOD+AGRI+TRANS+SSA,BBCB,1175.0,326.5,1095.8,440.0,1.347626,0.6925,4.25,3.95,4.65,3,3,0,False,True,True,True,False,True,True,True,True,True,False
FLOOD+AGRI+TRANS+SSA,BBCC,1168.4,321.75,1027.8,442.25,1.374514,0.6925,4.25,3.95,4.65,3,3,0,False,True,True,True,False,True,True,True,True,True,False
FLOOD+AGRI+TRANS+SSA,BCAA,1203.8,334.5,1194.6,385.75,1.153214,0.6925,4.25,3.95,4.65,3,3,2,True,True,True,True,True,True,True,True,True,True,False
FLOOD+AGRI+TRANS+SSA,BCAB,1187.3,329.75,1133.4,417.75,1.266869,0.6925,4.25,3.95,4.65,3,3,1,False,True,True,True,False,True,True,True,True,True,False
FLOOD+AGRI+TRANS+SSA,BCAC,1180.7,325.0,1065.4,420.0,1.292308,0.6925,4.25,3.95,4.65,3,3,1,False,True,True,True,False,True,True,True,True,True,False
FLOOD+AGRI+TRANS+SSA,BCBA,1191.3,331.0,1155.0,419.5,1.267372,0.6925,4.25,3.95,4.65,3,3,1,False,True,True,True,False,True,True,True,True,True,False
FLOOD+AGRI+TRANS+SSA,BCBB,1174.8,326.25,1093.8,451.5,1.383908,0.6925,4.25,3.95,4.65,3,3,0,False,True,True,True,False,True,True,True,True,True,False
FLOOD+AGRI+TRANS+SSA,BCBC,1168.2,321.5,1025.8,453.75,1.411353,0.6925,4.25,3.95,4.65,3,3,0,False,True,True,True,False,True,True,True,True,True,False
FLOOD+AGRI+TRANS+SSA,BCCA,1186.3,327.5,1111.0,427.5,1.305344,0.6925,4.25,3.95,4.65,3,3,1,False,True,True,True,False,True,True,True,True,True,False
FLOOD+AGRI+TRANS+SSA,BCCB,1169.8,322.75,1049.8,459.5,1.423703,0.6925,4.25,3.95,4.65,3,3,0,False,True,True,True,False,True,True,True,True,True,False
FLOOD+AGRI+TRANS+SSA,BCCC,1163.2,318.0,981.8,461.75,1.452044,0.6925,4.25,3.95,4.65,3,3,0,False,True,True,True,False,True,True,False,True,True,False
FLOOD+AGRI+TRANS+SSA,CAAA,1215.2,337.5,1162.0,299.75,0.888148,0.6925,4.25,3.95,4.65,3,3,3,True,True,True,True,True,True,True,True,True,True,False
FLOOD+AGRI+TRANS+SSA,CAAB,1198.7,332.75,1100.8,331.75,0.996995,0.6925,4.25,3.95,4.65,3,3,2,True,True,True,True,True,True,True,True,True,True,False
FLOOD+AGRI+TRANS+SSA,CAAC,1192.1,328.0,1032.8,334.0,1.018293,0.6925,4.25,3.95,4.65,3,3,2,True,True,True,True,True,True,True,True,True,True,False
FLOOD+AGRI+TRANS+SSA,CABA,1202.7,334.0,1122.4,333.5,0.998503,0.6925,4.25,3.95,4.65,3,3,2,True,True,True,True,True,True,True,True,True,True,False
FLOOD+AGRI+TRANS+SSA,CABB,1186.2,329.25,1061.2,365.5,1.110099,0.6925,4.25,3.95,4.65,3,3,1,False,True,True,True,False,True,True,True,True,True,False
FLOOD+AGRI+TRANS+SSA,CABC,1179.6,324.5,993.2,367.75,1.133282,0.6925,4.25,3.95,4.65,3,3,1,False,True,True,True,False,True,True,False,True,True,False
FLOOD+AGRI+TRANS+SSA,CACA,1197.7,330.5,1078.4,341.5,1.033283,0.6925,4.25,3.95,4.65,3,3,2,True,True,True,True,True,True,True,True,True,True,False
FLOOD+AGRI+TRANS+SSA,CACB,1181.2,325.75,1017.2,373.5,1.146585,0.6925,4.25,3.95,4.65,3,3,1,False,True,True,True,False,True,True,True,True,True,False
FLOOD+AGRI+TRANS+SSA,CACC,1174.6,321.0,949.2,375.75,1.170561,0.6925,4.25,3.95,4.65,3,3,1,False,True,True,True,False,True,True,False,True,True,False
FLOOD+AGRI+TRANS+SSA,CBAA,1202.2,333.75,1120.6,347.75,1.041948,0.6925,4.25,3.95,4.65,3,3,2,True,True,True,True,True,True,True,True,True,True,False
FLOOD+AGRI+TRANS+SSA,CBAB,1185.7,329.0,1059.4,379.75,1.154255,0.6925,4.25,3.95,4.65,3,3,1,False,True,True,True,False,True,True,True,True,True,False
FLOOD+AGRI+TRANS+SSA,CBAC,1179.1,324.25,991.4,382.0,1.178103,0.6925,4.25,3.95,4.65,3,3,1,False,True,True,True,False,True,True,False,True,True,False
FLOOD+AGRI+TRANS+SSA,CBBA,1189.7,330.25,1081.0,381.5,1.155185,0.6925,4.25,3.95,4.65,3,3,1,False,True,True,True,False,True,True,True,True,True,False
FLOOD+AGRI+TRANS+SSA,CBBB,1173.2,325.5,1019.8,413.5,1.270353,0.6925,4.25,3.95,4.65,3,3,0,False,True,True,True,False,True,True,True,True,True,False
FLOOD+AGRI+TRANS+SSA,CBBC,1166.6,320.75,951.8,415.75,1.296181,0.6925,4.25,3.95,4.65,3,3,0,False,True,True,True,False,True,True,False,True,True,False
FLOOD+AGRI+TRANS+SSA,CBCA,1184.7,326.75,1037.0,389.5,1.192043,0.6925,4.25,3.95,4.65,3,3,1,False,True,True,True,False,True,True,True,True,True,False
FLOOD+AGRI+TRANS+SSA,CBCB,1168.2,322.0,975.8,421.5,1.309006,0.6925,4.25,3.95,4.65,3,3,0,False,True,True,True,False,True,True,False,True,True,False
FLOOD+AGRI+TRANS+SSA,CBCC,1161.6,317.25,907.8,423.75,1.335697,0.6925,4.25,3.95,4.65,3,3,0,False,True,True,True,False,True,True,False,True,True,False
FLOOD+AGRI+TRANS+SSA,CCAA,1197.0,330.0,1074.6,367.25,1.112879,0.6925,4.25,3.95,4.65,3,3,2,True,True,True,True,True,True,True,True,True,True,False
FLOOD+AGRI+TRANS+SSA,CCAB,1180.5,325.25,1013.4,399.25,1.227517,0.6925,4.25,3.95,4.65,3,3,1,False,True,True,True,False,True,True,True,True,True,False
FLOOD+AGRI+TRANS+SSA,CCAC,1173.9,320.5,945.4,401.5,1.25273,0.6925,4.25,3.95,4.65,3,3,1,False,True,True,True,False,True,True,False,True,True,False
FLOOD+AGRI+TRANS+SSA,CCBA,1184.5,326.5,1035.0,401.0,1.228178,0.6925,4.25,3.95,4.65,3,3,1,False,True,True,True,False,True,True,True,True,True,False
FLOOD+AGRI+TRANS+SSA,CCBB,1168.0,321.75,973.8,433.0,1.345765,0.6925,4.25,3.95,4.65,3,3,0,False,True,True,True,False,True,True,False,True,True,False
FLOOD+AGRI+TRANS+SSA,CCBC,1161.4,317.0,905.8,435.25,1.373028,0.6925,4.25,3.95,4.65,3,3,0,False,True,True,True,False,True,True,False,True,True,False
FLOOD+AGRI+TRANS+SSA,CCCA,1179.5,323.0,991.0,409.0,1.266254,0.6925,4.25,3.95,4.65,3,3,1,False,True,True,True,False,True,True,False,True,True,False
FLOOD+AGRI+TRANS+SSA,CCCB,1163.0,318.25,929.8,441.0,1.385703,0.6925,4.25,3.95,4.65,3,3,0,False,True,True,True,False,True,True,False,True,True,False
FLOOD+AGRI+TRANS+SSA,CCCC,1156.4,313.5,861.8,443.25,1.413876,0.6925,4.25,3.95,4.65,3,3,0,False,True,True,True,False,True,True,False,True,True,False
FLOOD+AGRI+ENV+SSA,AAAA,1270.5,351.75,1530.0,322.5,0.916844,0.6825,4.15,3.9,4.65,3,3,4,True,True,True,True,True,True,True,True,True,True,False
FLOOD+AGRI+ENV+SSA,AAAB,1254.0,347.0,1468.8,354.5,1.021614,0.6825,4.15,3.9,4.65,3,3,3,True,True,True,True,True,True,True,True,True,True,False
FLOOD+AGRI+ENV+SSA,AAAC,1247.4,342.25,1400.8,356.75,1.042367,0.6825,4.15,3.9,4.65,3,3,3,True,True,True,True,True,True,True,True,True,True,False
FLOOD+AGRI+ENV+SSA,AABA,1256.5,348.0,1465.2,349.75,1.005029,0.6825,4.15,3.9,4.65,3,3,3,True,True,True,True,True,True,True,True,True,True,False
FLOOD+AGRI+ENV+SSA,AABB,1240.0,343.25,1404.0,381.75,1.112163,0.6825,4.15,3.9,4.65,3,3,2,True,True,True,True,True,True,True,True,True,True,False
FLOOD+AGRI+ENV+SSA,AABC,1233.4,338.5,1336.0,384.0,1.134417,0.6825,4.15,3.9,4.65,3,3,2,True,True,True,True,True,True,True,True,True,True,False
FLOOD+AGRI+ENV+SSA,AACA,1250.9,344.25,1393.2,351.75,1.021786,0.6825,4.15,3.9,4.65,3,3,3,True,True,True,True,True,True,True,True,True,True,False
FLOOD+AGRI+ENV+SSA,AACB,1234.4,339.5,1332.0,383.75,1.130339,0.6825,4.15,3.9,4.65,3,3,2,True,True,True,True,True,True,True,True,True,True,False
FLOOD+AGRI+ENV+SSA,AACC,1227.8,334.75,1264.0,386.0,1.153099,0.6825,4.15,3.9,4.65,3,3,2,True,True,True,True,True,True,True,True,True,True,False
FLOOD+AGRI+ENV+SSA,ABAA,1257.5,348.0,1488.6,370.5,1.064655,0.6825,4.15,3.9,4.65,3,3,3,True,True,True,True,True,True,True,True,True,True,False
FLOOD+AGRI+ENV+SSA,ABAB,1241.0,343.25,1427.4,402.5,1.172615,0.6825,4.15,3.9,4.65,3,3,2,True,True,True,True,True,True,True,True,True,True,False
FLOOD+AGRI+ENV+SSA,ABAC,1234.4,338.5,1359.4,404.75,1.195716,0.6825,4.15,3.9,4.65,3,3,2,True,True,True,True,True,True,True,True,True,True,False
FLOOD+AGRI+ENV+SSA,ABBA,1243.5,344.25,1423.8,397.75,1.15541,0.6825,4.15,3.9,4.65,3,3,2,True,True,True,True,True,True,True,True,True,True,False
FLOOD+AGRI+ENV+SSA,ABBB,1227.0,339.5,1362.6,429.75,1.265832,0.6825,4.15,3.9,4.65,3,3,1,False,True,True,True,False,True,True,True,True,True,False
FLOOD+AGRI+ENV+SSA,ABBC,1220.4,334.75,1294.6,432.0,1.290515,0.6825,4.15,3.9,4.65,3,3,1,False,True,True,True,False,True,True,True,True,True,False
FLOOD+AGRI+ENV+SSA,ABCA,1237.9,340.5,1351.8,399.75,1.174009,0.6825,4.15,3.9,4.65,3,3,2,True,True,True,True,True,True,True,True,True,True,False
FLOOD+AGRI+ENV+SSA,ABCB,1221.4,335.75,1290.6,431.75,1.285927,0.6825,4.15,3.9,4.65,3,3,1,False,True,True,True,False,True,True,True,True,True,False
FLOOD+AGRI+ENV+SSA,ABCC,1214.8,331.0,1222.6,434.0,1.311178,0.6825,4.15,3.9,4.65,3,3,1,False,True,True,True,False,True,True,True,True,True,False
FLOOD+AGRI+ENV+SSA,ACAA,1252.3,344.25,1442.6,390.0,1.132898,0.6825,4.15,3.9,4.65,3,3,3,True,True,True,True,True,True,True,True,True,True,False
FLOOD+AGRI+ENV+SSA,ACAB,1235.8,339.5,1381.4,422.0,1.243004,0.6825,4.15,3.9,4.65,3,3,2,True,True,True,True,True,True,True,True,True,True,False
FLOOD+AGRI+ENV+SSA,ACAC,1229.2,334.75,1313.4,424.25,1.267364,0.6825,4.15,3.9,4.65,3,3,2,True,True,True,True,True,True,True,True,True,True,False
FLOOD+AGRI+ENV+SSA,ACBA,1238.3,340.5,1377.8,417.25,1.225404,0.6825,4.15,3.9,4.65,3,3,2,True,True,True,True,True,True,True,True,True,True,False
FLOOD+AGRI+ENV+SSA,ACBB,1221.8,335.75,1316.6,449.25,1.338049,0.6825,4.15,3.9,4.65,3,3,1,False,True,True,True,False,True,True,True,True,True,False
FLOOD+AGRI+ENV+SSA,ACBC,1215.2,331.0,1248.6,451.5,1.364048,0.6825,4.15,3.9,4.65,3,3,1,False,True,True,True,False,True,True,True,True,True,False
FLOOD+AGRI+ENV+SSA,ACCA,1232.7,336.75,1305.8,419.25,1.244989,0.6825,4.15,3.9,4.65,3,3,2,True,True,True,True,True,True,True,True,True,True,False
FLOOD+AGRI+ENV+SSA,ACCB,1216.2,332.0,1244.6,451.25,1.359187,0.6825,4.15,3.9,4.65,3,3,1,False,True,True,True,False,True,True,True,True,True,False
FLOOD+AGRI+ENV+SSA,ACCC,1209.6,327.25,1176.6,453.5,1.385791,0.6825,4.15,3.9,4.65,3,3,1,False,True,True,True,False,True,True,True,True,True,False
FLOOD+AGRI+ENV+SSA,BAAA,1253.5,347.25,1422.0,325.75,0.938085,0.6825,4.15,3.9,4.65,3,3,3,True,True,True,True,True,True,True,True,True,True,False
FLOOD+AGRI+ENV+SSA,BAAB,1237.0,342.5,1360.8,357.75,1.044526,0.6825,4.15,3.9,4.65,3,3,2,True,True,True,True,True,True,True,True,True,True,False
FLOOD+AGRI+ENV+SSA,BAAC,1230.4,337.75,1292.8,360.0,1.065877,0.6825,4.15,3.9,4.65,3,3,2,True,True,True,True,True,True,True,True,True,True,False
FLOOD+AGRI+ENV+SSA,BABA,1239.5,343.5,1357.2,353.0,1.027656,0.6825,4.15,3.9,4.65,3,3,2,True,True,True,True,True,True,True,True,True,True,False
FLOOD+AGRI+ENV+SSA,BABB,1223.0,338.75,1296.0,385.0,1.136531,0.6825,4.15,3.9,4.65,3,3,1,False,True,True,True,False,True,True,True,True,True,False
FLOOD+AGRI+ENV+SSA,BABC,1216.4,334.0,1228.0,387.25,1.159431,0.6825,4.15,3.9,4.65,3,3,1,False,True,True,True,False,True,True,True,True,True,False
FLOOD+AGRI+ENV+SSA,BACA,1233.9,339.75,1285.2,355.0,1.044886,0.6825,4.15,3.9,4.65,3,3,2,True,True,True,True,True,True,True,True,True,True,False
FLOOD+AGRI+ENV+SSA,BACB,1217.4,335.0,1224.0,387.0,1.155224,0.6825,4.15,3.9,4.65,3,3,1,False,True,True,True,False,True,True,True,True,True,False
FLOOD+AGRI+ENV+SSA,BACC,1210.8,330.25,1156.0,389.25,1.178653,0.6825,4.15,3.9,4.65,3,3,1,False,True,True,True,False,True,True,True,True,True,False
FLOOD+AGRI+ENV+SSA,BBAA,1240.5,343.5,1380.6,373.75,1.088064,0.6825,4.15,3.9,4.65,3,3,2,True,True,True,True,True,True,True,True,True,True,False
FLOOD+AGRI+ENV+SSA,BBAB,1224.0,338.75,1319.4,405.75,1.197786,0.6825,4.15,3.9,4.65,3,3,1,False,True,True,True,False,True,True,True,True,True,False
FLOOD+AGRI+ENV+SSA,BBAC,1217.4,334.0,1251.4,408.0,1.221557,0.6825,4.15,3.9,4.65,3,3,1,False,True,True,True,False,True,True,True,True,True,False
FLOOD+AGRI+ENV+SSA,BBBA,1226.5,339.75,1315.8,401.0,1.18028,0.6825,4.15,3.9,4.65,3,3,1,False,True,True,True,False,True,True,True,True,True,False
FLOOD+AGRI+ENV+SSA,BBBB,1210.0,335.0,1254.6,433.0,1.292537,0.6825,4.15,3.9,4.65,3,3,0,False,True,True,True,False,True,True,True,True,True,False
FLOOD+AGRI+ENV+SSA,BBBC,1203.4,330.25,1186.6,435.25,1.317941,0.6825,4.15,3.9,4.65,3,3,0,False,True,True,True,False,True,True,True,True,True,False
FLOOD+AGRI+ENV+SSA,BBCA,1220.9,336.0,1243.8,403.0,1.199405,0.6825,4.15,3.9,4.65,3,3,1,False,True,True,True,False,True,True,True,True,True,False
FLOOD+AGRI+ENV+SSA,BBCB,1204.4,331.25,1182.6,435.0,1.313208,0.6825,4.15,3.9,4.65,3,3,0,False,True,True,True,False,True,True,True,True,True,False
FLOOD+AGRI+ENV+SSA,BBCC,1197.8,326.5,1114.6,437.25,1.339204,0.6825,4.15,3.9,4.65,3,3,0,False,True,True,True,False,True,True,True,True,True,False
FLOOD+AGRI+ENV+SSA,BCAA,1235.3,339.75,1334.6,393.25,1.157469,0.6825,4.15,3.9,4.65,3,3,2,True,True,True,True,True,True,True,True,True,True,False
FLOOD+AGRI+ENV+SSA,BCAB,1218.8,335.0,1273.4,425.25,1.269403,0.6825,4.15,3.9,4.65,3,3,1,False,True,True,True,False,True,True,True,True,True,False
FLOOD+AGRI+ENV+SSA,BCAC,1212.2,330.25,1205.4,427.5,1.294474,0.6825,4.15,3.9,4.65,3,3,1,False,True,True,True,False,True,True,True,True,True,False
FLOOD+AGRI+ENV+SSA,BCBA,1221.3,336.0,1269.8,420.5,1.251488,0.6825,4.15,3.9,4.65,3,3,1,False,True,True,True,False,True,True,True,True,True,False
FLOOD+AGRI+ENV+SSA,BCBB,1204.8,331.25,1208.6,452.5,1.366038,0.6825,4.15,3.9,4.65,3,3,0,False,True,True,True,False,True,True,True,True,True,False
FLOOD+AGRI+ENV+SSA,BCBC,1198.2,326.5,1140.6,454.75,1.392802,0.6825,4.15,3.9,4.65,3,3,0,False,True,True,True,False,True,True,True,True,True,False
FLOOD+AGRI+ENV+SSA,BCCA,1215.7,332.25,1197.8,422.5,1.271633,0.6825,4.15,3.9,4.65,3,3,1,False,True,True,True,False,True,True,True,True,True,False
FLOOD+AGRI+ENV+SSA,BCCB,1199.2,327.5,1136.6,454.5,1.387786,0.6825,4.15,3.9,4.65,3,3,0,False,True,True,True,False,True,True,True,True,True,False
FLOOD+AGRI+ENV+SSA,BCCC,1192.6,322.75,1068.6,456.75,1.415182,0.6825,4.15,3.9,4.65,3,3,0,False,True,True,True,False,True,True,True,True,True,False
FLOOD+AGRI+ENV+SSA,CAAA,1246.7,342.75,1302.0,307.25,0.896426,0.6825,4.15,3.9,4.65,3,3,3,True,True,True,True,True,True,True,True,True,True,False
FLOOD+AGRI+ENV+SSA,CAAB,1230.2,338.0,1240.8,339.25,1.003698,0.6825,4.15,3.9,4.65,3,3,2,True,True,True,True,True,True,True,True,True,True,False
FLOOD+AGRI+ENV+SSA,CAAC,1223.6,333.25,1172.8,341.5,1.024756,0.6825,4.15,3.9,4.65,3,3,2,True,True,True,True,True,True,True,True,True,True,False
FLOOD+AGRI+ENV+SSA,CABA,1232.7,339.0,1237.2,334.5,0.986726,0.6825,4.15,3.9,4.65,3,3,2,True,True,True,True,True,True,True,True,True,True,False
FLOOD+AGRI+ENV+SSA,CABB,1216.2,334.25,1176.0,366.5,1.096485,0.6825,4.15,3.9,4.65,3,3,1,False,True,True,True,False,True,True,True,True,True,False
FLOOD+AGRI+ENV+SSA,CABC,1209.6,329.5,1108.0,368.75,1.11912,0.6825,4.15,3.9,4.65,3,3,1,False,True,True,True,False,True,True,True,True,True,False
FLOOD+AGRI+ENV+SSA,CACA,1227.1,335.25,1165.2,336.5,1.003729,0.6825,4.15,3.9,4.65,3,3,2,True,True,True,True,True,True,True,True,True,True,False
FLOOD+AGRI+ENV+SSA,CACB,1210.6,330.5,1104.0,368.5,1.114977,0.6825,4.15,3.9,4.65,3,3,1,False,True,True,True,False,True,True,True,True,True,False
FLOOD+AGRI+ENV+SSA,CACC,1204.0,325.75,1036.0,370.75,1.138143,0.6825,4.15,3.9,4.65,3,3,1,False,True,True,True,False,True,True,True,True,True,False
FLOOD+AGRI+ENV+SSA,CBAA,1233.7,339.0,1260.6,355.25,1.047935,0.6825,4.15,3.9,4.65,3,3,2,True,True,True,True,True,True,True,True,True,True,False
FLOOD+AGRI+ENV+SSA,CBAB,1217.2,334.25,1199.4,387.25,1.158564,0.6825,4.15,3.9,4.65,3,3,1,False,True,True,True,False,True,True,True,True,True,False
FLOOD+AGRI+ENV+SSA,CBAC,1210.6,329.5,1131.4,389.5,1.182094,0.6825,4.15,3.9,4.65,3,3,1,False,True,True,True,False,True,True,True,True,True,False
FLOOD+AGRI+ENV+SSA,CBBA,1219.7,335.25,1195.8,382.5,1.14094,0.6825,4.15,3.9,4.65,3,3,1,False,True,True,True,False,True,True,True,True,True,False
FLOOD+AGRI+ENV+SSA,CBBB,1203.2,330.5,1134.6,414.5,1.25416,0.6825,4.15,3.9,4.65,3,3,0,False,True,True,True,False,True,True,True,True,True,False
FLOOD+AGRI+ENV+SSA,CBBC,1196.6,325.75,1066.6,416.75,1.279355,0.6825,4.15,3.9,4.65,3,3,0,False,True,True,True,False,True,True,True,True,True,False
FLOOD+AGRI+ENV+SSA,CBCA,1214.1,331.5,1123.8,384.5,1.159879,0.6825,4.15,3.9,4.65,3,3,1,False,True,True,True,False,True,True,True,True,True,False
FLOOD+AGRI+ENV+SSA,CBCB,1197.6,326.75,1062.6,416.5,1.274675,0.6825,4.15,3.9,4.65,3,3,0,False,True,True,True,False,True,True,True,True,True,False
FLOOD+AGRI+ENV+SSA,CBCC,1191.0,322.0,994.6,418.75,1.300466,0.6825,4.15,3.9,4.65,3,3,0,False,True,True,True,False,True,True,False,True,True,False
FLOOD+AGRI+ENV+SSA,CCAA,1228.5,335.25,1214.6,374.75,1.117823,0.6825,4.15,3.9,4.65,3,3,2,True,True,True,True,True,True,True,True,True,True,False
FLOOD+AGRI+ENV+SSA,CCAB,1212.0,330.5,1153.4,406.75,1.230711,0.6825,4.15,3.9,4.65,3,3,1,False,True,True,True,False,True,True,True,True,True,False
FLOOD+AGRI+ENV+SSA,CCAC,1205.4,325.75,1085.4,409.0,1.255564,0.6825,4.15,3.9,4.65,3,3,1,False,True,True,True,False,True,True,True,True,True,False
FLOOD+AGRI+ENV+SSA,CCBA,1214.5,331.5,1149.8,402.0,1.21267,0.6825,4.15,3.9,4.65,3,3,1,False,True,True,True,False,True,True,True,True,True,False
FLOOD+AGRI+ENV+SSA,CCBB,1198.0,326.75,1088.6,434.0,1.328233,0.6825,4.15,3.9,4.65,3,3,0,False,True,True,True,False,True,True,True,True,True,False
FLOOD+AGRI+ENV+SSA,CCBC,1191.4,322.0,1020.6,436.25,1.354814,0.6825,4.15,3.9,4.65,3,3,0,False,True,True,True,False,True,True,True,True,True,False
FLOOD+AGRI+ENV+SSA,CCCA,1208.9,327.75,1077.8,404.0,1.232647,0.6825,4.15,3.9,4.65,3,3,1,False,True,True,True,False,True,True,True,True,True,False
FLOOD+AGRI+ENV+SSA,CCCB,1192.4,323.0,1016.6,436.0,1.349845,0.6825,4.15,3.9,4.65,3,3,0,False,True,True,True,False,True,True,True,True,True,False
FLOOD+AGRI+ENV+SSA,CCCC,1185.8,318.25,948.6,438.25,1.377062,0.6825,4.15,3.9,4.65,3,3,0,False,True,True,True,False,True,True,False,True,True,False
FLOOD+INFRA+ARCTIC+TRANS,AAAA,1428.0,399.0,1590.0,365.0,0.914787,0.6625,4.025,3.85,4.275,4,3,4,False,True,True,True,True,False,False,True,True,True,False
FLOOD+INFRA+ARCTIC+TRANS,AAAB,1415.5,395.5,1550.4,398.75,1.008217,0.6625,4.025,3.85,4.275,4,3,3,False,True,True,True,True,False,False,True,True,True,False
FLOOD+INFRA+ARCTIC+TRANS,AAAC,1410.5,392.0,1506.4,406.75,1.037628,0.6625,4.025,3.85,4.275,4,3,3,False,True,True,True,True,False,False,True,True,True,False
FLOOD+INFRA+ARCTIC+TRANS,AABA,1405.0,392.0,1505.4,408.75,1.04273,0.6625,4.025,3.85,4.275,4,3,3,False,True,True,True,True,False,False,True,True,True,False
FLOOD+INFRA+ARCTIC+TRANS,AABB,1392.5,388.5,1465.8,442.5,1.138996,0.6625,4.025,3.85,4.275,4,3,2,False,True,True,True,True,False,False,True,True,True,False
FLOOD+INFRA+ARCTIC+TRANS,AABC,1387.5,385.0,1421.8,450.5,1.17013,0.6625,4.025,3.85,4.275,4,3,2,False,True,True,True,True,False,False,True,True,True,False
FLOOD+INFRA+ARCTIC+TRANS,AACA,1395.8,385.0,1411.4,412.75,1.072078,0.6625,4.025,3.85,4.275,4,3,3,False,True,True,True,True,False,False,True,True,True,False
FLOOD+INFRA+ARCTIC+TRANS,AACB,1383.3,381.5,1371.8,446.5,1.17038,0.6625,4.025,3.85,4.275,4,3,2,False,True,True,True,True,False,False,True,True,True,False
FLOOD+INFRA+ARCTIC+TRANS,AACC,1378.3,378.0,1327.8,454.5,1.202381,0.6625,4.025,3.85,4.275,4,3,2,False,True,True,True,True,False,False,True,True,True,False
FLOOD+INFRA+ARCTIC+TRANS,ABAA,1412.5,395.0,1536.0,401.25,1.015823,0.6625,4.025,3.85,4.275,4,3,3,False,True,True,True,True,False,False,True,True,True,False
FLOOD+INFRA+ARCTIC+TRANS,ABAB,1400.0,391.5,1496.4,435.0,1.111111,0.6625,4.025,3.85,4.275,4,3,2,False,True,True,True,True,False,False,True,True,True,False
FLOOD+INFRA+ARCTIC+TRANS,ABAC,1395.0,388.0,1452.4,443.0,1.141753,0.6625,4.025,3.85,4.275,4,3,2,False,True,True,True,True,False,False,True,True,True,False
FLOOD+INFRA+ARCTIC+TRANS,ABBA,1389.5,388.0,1451.4,445.0,1.146907,0.6625,4.025,3.85,4.275,4,3,2,False,True,True,True,True,False,False,True,True,True,False
FLOOD+INFRA+ARCTIC+TRANS,ABBB,1377.0,384.5,1411.8,478.75,1.245124,0.6625,4.025,3.85,4.275,4,3,1,False,True,True,True,False,False,False,True,True,True,False
FLOOD+INFRA+ARCTIC+TRANS,ABBC,1372.0,381.0,1367.8,486.75,1.277559,0.6625,4.025,3.85,4.275,4,3,1,False,True,True,True,False,False,False,True,True,True,False
FLOOD+INFRA+ARCTIC+TRANS,ABCA,1380.3,381.0,1357.4,449.0,1.178478,0.6625,4.025,3.85,4.275,4,3,2,False,True,True,True,True,False,False,True,True,True,False
FLOOD+INFRA+ARCTIC+TRANS,ABCB,1367.8,377.5,1317.8,482.75,1.278808,0.6625,4.025,3.85,4.275,4,3,1,False,True,True,True,False,False,False,True,True,True,False
FLOOD+INFRA+ARCTIC+TRANS,ABCC,1362.8,374.0,1273.8,490.75,1.312166,0.6625,4.025,3.85,4.275,4,3,1,False,True,True,True,False,False,False,True,True,True,False
FLOOD+INFRA+ARCTIC+TRANS,ACAA,1406.3,391.0,1476.0,408.25,1.044118,0.6625,4.025,3.85,4.275,4,3,3,False,True,True,True,True,False,False,True,True,True,False
FLOOD+INFRA+ARCTIC+TRANS,ACAB,1393.8,387.5,1436.4,442.0,1.140645,0.6625,4.025,3.85,4.275,4,3,2,False,True,True,True,True,False,False,True,True,True,False
FLOOD+INFRA+ARCTIC+TRANS,ACAC,1388.8,384.0,1392.4,450.0,1.171875,0.6625,4.025,3.85,4.275,4,3,2,False,True,True,True,True,False,False,True,True,True,False
FLOOD+INFRA+ARCTIC+TRANS,ACBA,1383.3,384.0,1391.4,452.0,1.177083,0.6625,4.025,3.85,4.275,4,3,2,False,True,True,True,True,False,False,True,True,True,False
FLOOD+INFRA+ARCTIC+TRANS,ACBB,1370.8,380.5,1351.8,485.75,1.27661,0.6625,4.025,3.85,4.275,4,3,1,False,True,True,True,False,False,False,True,True,True,False
FLOOD+INFRA+ARCTIC+TRANS,ACBC,1365.8,377.0,1307.8,493.75,1.309682,0.6625,4.025,3.85,4.275,4,3,1,False,True,True,True,False,False,False,True,True,True,False
FLOOD+INFRA+ARCTIC+TRANS,ACCA,1374.1,377.0,1297.4,456.0,1.209549,0.6625,4.025,3.85,4.275,4,3,2,False,True,True,True,True,False,False,True,True,True,False
FLOOD+INFRA+ARCTIC+TRANS,ACCB,1361.6,373.5,1257.8,489.75,1.311245,0.6625,4.025,3.85,4.275,4,3,1,False,True,True,True,False,False,False,True,True,True,False
FLOOD+INFRA+ARCTIC+TRANS,ACCC,1356.6,370.0,1213.8,497.75,1.34527,0.6625,4.025,3.85,4.275,4,3,1,False,True,True,True,False,False,False,True,True,True,False
FLOOD+INFRA+ARCTIC+TRANS,BAAA,1411.0,394.5,1482.0,368.25,0.93346,0.6625,4.025,3.85,4.275,4,3,3,False,True,True,True,True,False,False,True,True,True,False
FLOOD+INFRA+ARCTIC+TRANS,BAAB,1398.5,391.0,1442.4,402.0,1.028133,0.6625,4.025,3.85,4.275,4,3,2,False,True,True,True,True,False,False,True,True,True,False
FLOOD+INFRA+ARCTIC+TRANS,BAAC,1393.5,387.5,1398.4,410.0,1.058065,0.6625,4.025,3.85,4.275,4,3,2,False,True,True,True,True,False,False,True,True,True,False
FLOOD+INFRA+ARCTIC+TRANS,BABA,1388.0,387.5,1397.4,412.0,1.063226,0.6625,4.025,3.85,4.275,4,3,2,False,True,True,True,True,False,False,True,True,True,False
FLOOD+INFRA+ARCTIC+TRANS,BABB,1375.5,384.0,1357.8,445.75,1.160807,0.6625,4.025,3.85,4.275,4,3,1,False,True,True,True,False,False,False,True,True,True,False
FLOOD+INFRA+ARCTIC+TRANS,BABC,1370.5,380.5,1313.8,453.75,1.19251,0.6625,4.025,3.85,4.275,4,3,1,False,True,True,True,False,False,False,True,True,True,False
FLOOD+INFRA+ARCTIC+TRANS,BACA,1378.8,380.5,1303.4,416.0,1.093298,0.6625,4.025,3.85,4.275,4,3,2,False,True,True,True,True,False,False,True,True,True,False
FLOOD+INFRA+ARCTIC+TRANS,BACB,1366.3,377.0,1263.8,449.75,1.192971,0.6625,4.025,3.85,4.275,4,3,1,False,True,True,True,False,False,False,True,True,True,False
FLOOD+INFRA+ARCTIC+TRANS,BACC,1361.3,373.5,1219.8,457.75,1.225569,0.6625,4.025,3.85,4.275,4,3,1,False,True,True,True,False,False,False,True,True,True,False
FLOOD+INFRA+ARCTIC+TRANS,BBAA,1395.5,390.5,1428.0,404.5,1.035851,0.6625,4.025,3.85,4.275,4,3,2,False,True,True,True,True,False,False,True,True,True,False
FLOOD+INFRA+ARCTIC+TRANS,BBAB,1383.0,387.0,1388.4,438.25,1.132429,0.6625,4.025,3.85,4.275,4,3,1,False,True,True,True,False,False,False,True,True,True,False
FLOOD+INFRA+ARCTIC+TRANS,BBAC,1378.0,383.5,1344.4,446.25,1.163625,0.6625,4.025,3.85,4.275,4,3,1,False,True,True,True,False,False,False,True,True,True,False
FLOOD+INFRA+ARCTIC+TRANS,BBBA,1372.5,383.5,1343.4,448.25,1.16884,0.6625,4.025,3.85,4.275,4,3,1,False,True,True,True,False,False,False,True,True,True,False
FLOOD+INFRA+ARCTIC+TRANS,BBBB,1360.0,380.0,1303.8,482.0,1.268421,0.6625,4.025,3.85,4.275,4,3,0,False,True,True,True,False,False,False,True,True,True,False
FLOOD+INFRA+ARCTIC+TRANS,BBBC,1355.0,376.5,1259.8,490.0,1.301461,0.6625,4.025,3.85,4.275,4,3,0,False,True,True,True,False,False,False,True,True,True,False
FLOOD+INFRA+ARCTIC+TRANS,BBCA,1363.3,376.5,1249.4,452.25,1.201195,0.6625,4.025,3.85,4.275,4,3,1,False,True,True,True,False,False,False,True,True,True,False
FLOOD+INFRA+ARCTIC+TRANS,BBCB,1350.8,373.0,1209.8,486.0,1.302949,0.6625,4.025,3.85,4.275,4,3,0,False,True,True,True,False,False,False,True,True,True,False
FLOOD+INFRA+ARCTIC+TRANS,BBCC,1345.8,369.5,1165.8,494.0,1.336942,0.6625,4.025,3.85,4.275,4,3,0,False,True,True,True,False,False,False,True,True,True,False
FLOOD+INFRA+ARCTIC+TRANS,BCAA,1389.3,386.5,1368.0,411.5,1.064683,0.6625,4.025,3.85,4.275,4,3,2,False,True,True,True,True,False,False,True,True,True,False
FLOOD+INFRA+ARCTIC+TRANS,BCAB,1376.8,383.0,1328.4,445.25,1.162533,0.6625,4.025,3.85,4.275,4,3,1,False,True,True,True,False,False,False,True,True,True,False
FLOOD+INFRA+ARCTIC+TRANS,BCAC,1371.8,379.5,1284.4,453.25,1.194335,0.6625,4.025,3.85,4.275,4,3,1,False,True,True,True,False,False,False,True,True,True,False
FLOOD+INFRA+ARCTIC+TRANS,BCBA,1366.3,379.5,1283.4,455.25,1.199605,0.6625,4.025,3.85,4.275,4,3,1,False,True,True,True,False,False,False,True,True,True,False
FLOOD+INFRA+ARCTIC+TRANS,BCBB,1353.8,376.0,1243.8,489.0,1.300532,0.6625,4.025,3.85,4.275,4,3,0,False,True,True,True,False,False,False,True,True,True,False
FLOOD+INFRA+ARCTIC+TRANS,BCBC,1348.8,372.5,1199.8,497.0,1.334228,0.6625,4.025,3.85,4.275,4,3,0,False,True,True,True,False,False,False,True,True,True,False
FLOOD+INFRA+ARCTIC+TRANS,BCCA,1357.1,372.5,1189.4,459.25,1.232886,0.6625,4.025,3.85,4.275,4,3,1,False,True,True,True,False,False,False,True,True,True,False
FLOOD+INFRA+ARCTIC+TRANS,BCCB,1344.6,369.0,1149.8,493.0,1.336043,0.6625,4.025,3.85,4.275,4,3,0,False,True,True,True,False,False,False,True,True,True,False
FLOOD+INFRA+ARCTIC+TRANS,BCCC,1339.6,365.5,1105.8,501.0,1.370725,0.6625,4.025,3.85,4.275,4,3,0,False,True,True,True,False,False,False,True,True,True,False
FLOOD+INFRA+ARCTIC+TRANS,CAAA,1404.2,390.0,1362.0,349.75,0.896795,0.6625,4.025,3.85,4.275,4,3,3,False,True,True,True,True,False,False,True,True,True,False
FLOOD+INFRA+ARCTIC+TRANS,CAAB,1391.7,386.5,1322.4,383.5,0.992238,0.6625,4.025,3.85,4.275,4,3,2,False,True,True,True,True,False,False,True,True,True,False
FLOOD+INFRA+ARCTIC+TRANS,CAAC,1386.7,383.0,1278.4,391.5,1.022193,0.6625,4.025,3.85,4.275,4,3,2,False,True,True,True,True,False,False,True,True,True,False
FLOOD+INFRA+ARCTIC+TRANS,CABA,1381.2,383.0,1277.4,393.5,1.027415,0.6625,4.025,3.85,4.275,4,3,2,False,True,True,True,True,False,False,True,True,True,False
FLOOD+INFRA+ARCTIC+TRANS,CABB,1368.7,379.5,1237.8,427.25,1.125823,0.6625,4.025,3.85,4.275,4,3,1,False,True,True,True,False,False,False,True,True,True,False
FLOOD+INFRA+ARCTIC+TRANS,CABC,1363.7,376.0,1193.8,435.25,1.15758,0.6625,4.025,3.85,4.275,4,3,1,False,True,True,True,False,False,False,True,True,True,False
FLOOD+INFRA+ARCTIC+TRANS,CACA,1372.0,376.0,1183.4,397.5,1.057181,0.6625,4.025,3.85,4.275,4,3,2,False,True,True,True,True,False,False,True,True,True,False
FLOOD+INFRA+ARCTIC+TRANS,CACB,1359.5,372.5,1143.8,431.25,1.157718,0.6625,4.025,3.85,4.275,4,3,1,False,True,True,True,False,False,False,True,True,True,False
FLOOD+INFRA+ARCTIC+TRANS,CACC,1354.5,369.0,1099.8,439.25,1.190379,0.6625,4.025,3.85,4.275,4,3,1,False,True,True,True,False,False,False,True,True,True,False
FLOOD+INFRA+ARCTIC+TRANS,CBAA,1388.7,386.0,1308.0,386.0,1.0,0.6625,4.025,3.85,4.275,4,3,2,False,True,True,True,True,False,False,True,True,True,False
FLOOD+INFRA+ARCTIC+TRANS,CBAB,1376.2,382.5,1268.4,419.75,1.097386,0.6625,4.025,3.85,4.275,4,3,1,False,True,True,True,False,False,False,True,True,True,False
FLOOD+INFRA+ARCTIC+TRANS,CBAC,1371.2,379.0,1224.4,427.75,1.128628,0.6625,4.025,3.85,4.275,4,3,1,False,True,True,True,False,False,False,True,True,True,False
FLOOD+INFRA+ARCTIC+TRANS,CBBA,1365.7,379.0,1223.4,429.75,1.133905,0.6625,4.025,3.85,4.275,4,3,1,False,True,True,True,False,False,False,True,True,True,False
FLOOD+INFRA+ARCTIC+TRANS,CBBB,1353.2,375.5,1183.8,463.5,1.234354,0.6625,4.025,3.85,4.275,4,3,0,False,True,True,True,False,False,False,True,True,True,False
FLOOD+INFRA+ARCTIC+TRANS,CBBC,1348.2,372.0,1139.8,471.5,1.267473,0.6625,4.025,3.85,4.275,4,3,0,False,True,True,True,False,False,False,True,True,True,False
FLOOD+INFRA+ARCTIC+TRANS,CBCA,1356.5,372.0,1129.4,433.75,1.165995,0.6625,4.025,3.85,4.275,4,3,1,False,True,True,True,False,False,False,True,True,True,False
FLOOD+INFRA+ARCTIC+TRANS,CBCB,1344.0,368.5,1089.8,467.5,1.268657,0.6625,4.025,3.85,4.275,4,3,0,False,True,True,True,False,False,False,True,True,True,False
FLOOD+INFRA+ARCTIC+TRANS,CBCC,1339.0,365.0,1045.8,475.5,1.30274,0.6625,4.025,3.85,4.275,4,3,0,False,True,True,True,False,False,False,True,True,True,False
FLOOD+INFRA+ARCTIC+TRANS,CCAA,1382.5,382.0,1248.0,393.0,1.028796,0.6625,4.025,3.85,4.275,4,3,2,False,True,True,True,True,False,False,True,True,True,False
FLOOD+INFRA+ARCTIC+TRANS,CCAB,1370.0,378.5,1208.4,426.75,1.127477,0.6625,4.025,3.85,4.275,4,3,1,False,True,True,True,False,False,False,True,True,True,False
FLOOD+INFRA+ARCTIC+TRANS,CCAC,1365.0,375.0,1164.4,434.75,1.159333,0.6625,4.025,3.85,4.275,4,3,1,False,True,True,True,False,False,False,True,True,True,False
FLOOD+INFRA+ARCTIC+TRANS,CCBA,1359.5,375.0,1163.4,436.75,1.164667,0.6625,4.025,3.85,4.275,4,3,1,False,True,True,True,False,False,False,True,True,True,False
FLOOD+INFRA+ARCTIC+TRANS,CCBB,1347.0,371.5,1123.8,470.5,1.266487,0.6625,4.025,3.85,4.275,4,3,0,False,True,True,True,False,False,False,True,True,True,False
FLOOD+INFRA+ARCTIC+TRANS,CCBC,1342.0,368.0,1079.8,478.5,1.300272,0.6625,4.025,3.85,4.275,4,3,0,False,True,True,True,False,False,False,True,True,True,False
FLOOD+INFRA+ARCTIC+TRANS,CCCA,1350.3,368.0,1069.4,440.75,1.19769,0.6625,4.025,3.85,4.275,4,3,1,False,True,True,True,False,False,False,True,True,True,False
FLOOD+INFRA+ARCTIC+TRANS,CCCB,1337.8,364.5,1029.8,474.5,1.301783,0.6625,4.025,3.85,4.275,4,3,0,False,True,True,True,False,False,False,True,True,True,False
FLOOD+INFRA+ARCTIC+TRANS,CCCC,1332.8,361.0,985.8,482.5,1.336565,0.6625,4.025,3.85,4.275,4,3,0,False,True,True,True,False,False,False,False,True,True,False
FLOOD+INFRA+ARCTIC+ENV,AAAA,1459.5,404.25,1730.0,372.5,0.921459,0.6525,3.925,3.8,4.275,4,3,4,False,True,True,True,True,False,False,True,True,True,False
FLOOD+INFRA+ARCTIC+ENV,AAAB,1445.5,400.5,1665.2,399.75,0.998127,0.6525,3.925,3.8,4.275,4,3,3,False,True,True,True,True,False,False,True,True,True,False
FLOOD+INFRA+ARCTIC+ENV,AAAC,1439.9,396.75,1593.2,401.75,1.012602,0.6525,3.925,3.8,4.275,4,3,3,False,True,True,True,True,False,False,True,True,True,False
FLOOD+INFRA+ARCTIC+ENV,AABA,1436.5,397.25,1645.4,416.25,1.047829,0.6525,3.925,3.8,4.275,4,3,3,False,True,True,True,True,False,False,True,True,True,False
FLOOD+INFRA+ARCTIC+ENV,AABB,1422.5,393.5,1580.6,443.5,1.127065,0.6525,3.925,3.8,4.275,4,3,2,False,True,True,True,True,False,False,True,True,True,False
FLOOD+INFRA+ARCTIC+ENV,AABC,1416.9,389.75,1508.6,445.5,1.14304,0.6525,3.925,3.8,4.275,4,3,2,False,True,True,True,True,False,False,True,True,True,False
FLOOD+INFRA+ARCTIC+ENV,AACA,1427.3,390.25,1551.4,420.25,1.076874,0.6525,3.925,3.8,4.275,4,3,3,False,True,True,True,True,False,False,True,True,True,False
FLOOD+INFRA+ARCTIC+ENV,AACB,1413.3,386.5,1486.6,447.5,1.157827,0.6525,3.925,3.8,4.275,4,3,2,False,True,True,True,True,False,False,True,True,True,False
FLOOD+INFRA+ARCTIC+ENV,AACC,1407.7,382.75,1414.6,449.5,1.174396,0.6525,3.925,3.8,4.275,4,3,2,False,True,True,True,True,False,False,True,True,True,False
FLOOD+INFRA+ARCTIC+ENV,ABAA,1444.0,400.25,1676.0,408.75,1.021237,0.6525,3.925,3.8,4.275,4,3,3,False,True,True,True,True,False,False,True,True,True,False
FLOOD+INFRA+ARCTIC+ENV,ABAB,1430.0,396.5,1611.2,436.0,1.099622,0.6525,3.925,3.8,4.275,4,3,2,False,True,True,True,True,False,False,True,True,True,False
FLOOD+INFRA+ARCTIC+ENV,ABAC,1424.4,392.75,1539.2,438.0,1.115213,0.6525,3.925,3.8,4.275,4,3,2,False,True,True,True,True,False,False,True,True,True,False
FLOOD+INFRA+ARCTIC+ENV,ABBA,1421.0,393.25,1591.4,452.5,1.150668,0.6525,3.925,3.8,4.275,4,3,2,False,True,True,True,True,False,False,True,True,True,False
FLOOD+INFRA+ARCTIC+ENV,ABBB,1407.0,389.5,1526.6,479.75,1.231707,0.6525,3.925,3.8,4.275,4,3,1,False,True,True,True,False,False,False,True,True,True,False
FLOOD+INFRA+ARCTIC+ENV,ABBC,1401.4,385.75,1454.6,481.75,1.248866,0.6525,3.925,3.8,4.275,4,3,1,False,True,True,True,False,False,False,True,True,True,False
FLOOD+INFRA+ARCTIC+ENV,ABCA,1411.8,386.25,1497.4,456.5,1.181877,0.6525,3.925,3.8,4.275,4,3,2,False,True,True,True,True,False,False,True,True,True,False
FLOOD+INFRA+ARCTIC+ENV,ABCB,1397.8,382.5,1432.6,483.75,1.264706,0.6525,3.925,3.8,4.275,4,3,1,False,True,True,True,False,False,False,True,True,True,False
FLOOD+INFRA+ARCTIC+ENV,ABCC,1392.2,378.75,1360.6,485.75,1.282508,0.6525,3.925,3.8,4.275,4,3,1,False,True,True,True,False,False,False,True,True,True,False
FLOOD+INFRA+ARCTIC+ENV,ACAA,1437.8,396.25,1616.0,415.75,1.049211,0.6525,3.925,3.8,4.275,4,3,3,False,True,True,True,True,False,False,True,True,True,False
FLOOD+INFRA+ARCTIC+ENV,ACAB,1423.8,392.5,1551.2,443.0,1.128662,0.6525,3.925,3.8,4.275,4,3,2,False,True,True,True,True,False,False,True,True,True,False
FLOOD+INFRA+ARCTIC+ENV,ACAC,1418.2,388.75,1479.2,445.0,1.144695,0.6525,3.925,3.8,4.275,4,3,2,False,True,True,True,True,False,False,True,True,True,False
FLOOD+INFRA+ARCTIC+ENV,ACBA,1414.8,389.25,1531.4,459.5,1.180475,0.6525,3.925,3.8,4.275,4,3,2,False,True,True,True,True,False,False,True,True,True,False
FLOOD+INFRA+ARCTIC+ENV,ACBB,1400.8,385.5,1466.6,486.75,1.262646,0.6525,3.925,3.8,4.275,4,3,1,False,True,True,True,False,False,False,True,True,True,False
FLOOD+INFRA+ARCTIC+ENV,ACBC,1395.2,381.75,1394.6,488.75,1.280288,0.6525,3.925,3.8,4.275,4,3,1,False,True,True,True,False,False,False,True,True,True,False
FLOOD+INFRA+ARCTIC+ENV,ACCA,1405.6,382.25,1437.4,463.5,1.212557,0.6525,3.925,3.8,4.275,4,3,2,False,True,True,True,True,False,False,True,True,True,False
FLOOD+INFRA+ARCTIC+ENV,ACCB,1391.6,378.5,1372.6,490.75,1.296565,0.6525,3.925,3.8,4.275,4,3,1,False,True,True,True,False,False,False,True,True,True,False
FLOOD+INFRA+ARCTIC+ENV,ACCC,1386.0,374.75,1300.6,492.75,1.314877,0.6525,3.925,3.8,4.275,4,3,1,False,True,True,True,False,False,False,True,True,True,False
FLOOD+INFRA+ARCTIC+ENV,BAAA,1442.5,399.75,1622.0,375.75,0.939962,0.6525,3.925,3.8,4.275,4,3,3,False,True,True,True,True,False,False,True,True,True,False
FLOOD+INFRA+ARCTIC+ENV,BAAB,1428.5,396.0,1557.2,403.0,1.017677,0.6525,3.925,3.8,4.275,4,3,2,False,True,True,True,True,False,False,True,True,True,False
FLOOD+INFRA+ARCTIC+ENV,BAAC,1422.9,392.25,1485.2,405.0,1.032505,0.6525,3.925,3.8,4.275,4,3,2,False,True,True,True,True,False,False,True,True,True,False
FLOOD+INFRA+ARCTIC+ENV,BABA,1419.5,392.75,1537.4,419.5,1.068109,0.6525,3.925,3.8,4.275,4,3,2,False,True,True,True,True,False,False,True,True,True,False
FLOOD+INFRA+ARCTIC+ENV,BABB,1405.5,389.0,1472.6,446.75,1.148458,0.6525,3.925,3.8,4.275,4,3,1,False,True,True,True,False,False,False,True,True,True,False
FLOOD+INFRA+ARCTIC+ENV,BABC,1399.9,385.25,1400.6,448.75,1.164828,0.6525,3.925,3.8,4.275,4,3,1,False,True,True,True,False,False,False,True,True,True,False
FLOOD+INFRA+ARCTIC+ENV,BACA,1410.3,385.75,1443.4,423.5,1.097861,0.6525,3.925,3.8,4.275,4,3,2,False,True,True,True,True,False,False,True,True,True,False
FLOOD+INFRA+ARCTIC+ENV,BACB,1396.3,382.0,1378.6,450.75,1.179974,0.6525,3.925,3.8,4.275,4,3,1,False,True,True,True,False,False,False,True,True,True,False
FLOOD+INFRA+ARCTIC+ENV,BACC,1390.7,378.25,1306.6,452.75,1.19696,0.6525,3.925,3.8,4.275,4,3,1,False,True,True,True,False,False,False,True,True,True,False
FLOOD+INFRA+ARCTIC+ENV,BBAA,1427.0,395.75,1568.0,412.0,1.041061,0.6525,3.925,3.8,4.275,4,3,2,False,True,True,True,True,False,False,True,True,True,False
FLOOD+INFRA+ARCTIC+ENV,BBAB,1413.0,392.0,1503.2,439.25,1.120536,0.6525,3.925,3.8,4.275,4,3,1,False,True,True,True,False,False,False,True,True,True,False
FLOOD+INFRA+ARCTIC+ENV,BBAC,1407.4,388.25,1431.2,441.25,1.13651,0.6525,3.925,3.8,4.275,4,3,1,False,True,True,True,False,False,False,True,True,True,False
FLOOD+INFRA+ARCTIC+ENV,BBBA,1404.0,388.75,1483.4,455.75,1.172347,0.6525,3.925,3.8,4.275,4,3,1,False,True,True,True,False,False,False,True,True,True,False
FLOOD+INFRA+ARCTIC+ENV,BBBB,1390.0,385.0,1418.6,483.0,1.254545,0.6525,3.925,3.8,4.275,4,3,0,False,True,True,True,False,False,False,True,True,True,False
FLOOD+INFRA+ARCTIC+ENV,BBBC,1384.4,381.25,1346.6,485.0,1.272131,0.6525,3.925,3.8,4.275,4,3,0,False,True,True,True,False,False,False,True,True,True,False
FLOOD+INFRA+ARCTIC+ENV,BBCA,1394.8,381.75,1389.4,459.75,1.204322,0.6525,3.925,3.8,4.275,4,3,1,False,True,True,True,False,False,False,True,True,True,False
FLOOD+INFRA+ARCTIC+ENV,BBCB,1380.8,378.0,1324.6,487.0,1.28836,0.6525,3.925,3.8,4.275,4,3,0,False,True,True,True,False,False,False,True,True,True,False
FLOOD+INFRA+ARCTIC+ENV,BBCC,1375.2,374.25,1252.6,489.0,1.306613,0.6525,3.925,3.8,4.275,4,3,0,False,True,True,True,False,False,False,True,True,True,False
FLOOD+INFRA+ARCTIC+ENV,BCAA,1420.8,391.75,1508.0,419.0,1.06956,0.6525,3.925,3.8,4.275,4,3,2,False,True,True,True,True,False,False,True,True,True,False
FLOOD+INFRA+ARCTIC+ENV,BCAB,1406.8,388.0,1443.2,446.25,1.150129,0.6525,3.925,3.8,4.275,4,3,1,False,True,True,True,False,False,False,True,True,True,False
FLOOD+INFRA+ARCTIC+ENV,BCAC,1401.2,384.25,1371.2,448.25,1.166558,0.6525,3.925,3.8,4.275,4,3,1,False,True,True,True,False,False,False,True,True,True,False
FLOOD+INFRA+ARCTIC+ENV,BCBA,1397.8,384.75,1423.4,462.75,1.202729,0.6525,3.925,3.8,4.275,4,3,1,False,True,True,True,False,False,False,True,True,True,False
FLOOD+INFRA+ARCTIC+ENV,BCBB,1383.8,381.0,1358.6,490.0,1.286089,0.6525,3.925,3.8,4.275,4,3,0,False,True,True,True,False,False,False,True,True,True,False
FLOOD+INFRA+ARCTIC+ENV,BCBC,1378.2,377.25,1286.6,492.0,1.304175,0.6525,3.925,3.8,4.275,4,3,0,False,True,True,True,False,False,False,True,True,True,False
FLOOD+INFRA+ARCTIC+ENV,BCCA,1388.6,377.75,1329.4,466.75,1.235606,0.6525,3.925,3.8,4.275,4,3,1,False,True,True,True,False,False,False,True,True,True,False
FLOOD+INFRA+ARCTIC+ENV,BCCB,1374.6,374.0,1264.6,494.0,1.320856,0.6525,3.925,3.8,4.275,4,3,0,False,True,True,True,False,False,False,True,True,True,False
FLOOD+INFRA+ARCTIC+ENV,BCCC,1369.0,370.25,1192.6,496.0,1.339635,0.6525,3.925,3.8,4.275,4,3,0,False,True,True,True,False,False,False,True,True,True,False
FLOOD+INFRA+ARCTIC+ENV,CAAA,1435.7,395.25,1502.0,357.25,0.903858,0.6525,3.925,3.8,4.275,4,3,3,False,True,True,True,True,False,False,True,True,True,False
FLOOD+INFRA+ARCTIC+ENV,CAAB,1421.7,391.5,1437.2,384.5,0.98212,0.6525,3.925,3.8,4.275,4,3,2,False,True,True,True,True,False,False,True,True,True,False
FLOOD+INFRA+ARCTIC+ENV,CAAC,1416.1,387.75,1365.2,386.5,0.996776,0.6525,3.925,3.8,4.275,4,3,2,False,True,True,True,True,False,False,True,True,True,False
FLOOD+INFRA+ARCTIC+ENV,CABA,1412.7,388.25,1417.4,401.0,1.03284,0.6525,3.925,3.8,4.275,4,3,2,False,True,True,True,True,False,False,True,True,True,False
FLOOD+INFRA+ARCTIC+ENV,CABB,1398.7,384.5,1352.6,428.25,1.113784,0.6525,3.925,3.8,4.275,4,3,1,False,True,True,True,False,False,False,True,True,True,False
FLOOD+INFRA+ARCTIC+ENV,CABC,1393.1,380.75,1280.6,430.25,1.130007,0.6525,3.925,3.8,4.275,4,3,1,False,True,True,True,False,False,False,True,True,True,False
FLOOD+INFRA+ARCTIC+ENV,CACA,1403.5,381.25,1323.4,405.0,1.062295,0.6525,3.925,3.8,4.275,4,3,2,False,True,True,True,True,False,False,True,True,True,False
FLOOD+INFRA+ARCTIC+ENV,CACB,1389.5,377.5,1258.6,432.25,1.145033,0.6525,3.925,3.8,4.275,4,3,1,False,True,True,True,False,False,False,True,True,True,False
FLOOD+INFRA+ARCTIC+ENV,CACC,1383.9,373.75,1186.6,434.25,1.161873,0.6525,3.925,3.8,4.275,4,3,1,False,True,True,True,False,False,False,True,True,True,False
FLOOD+INFRA+ARCTIC+ENV,CBAA,1420.2,391.25,1448.0,393.5,1.005751,0.6525,3.925,3.8,4.275,4,3,2,False,True,True,True,True,False,False,True,True,True,False
FLOOD+INFRA+ARCTIC+ENV,CBAB,1406.2,387.5,1383.2,420.75,1.085806,0.6525,3.925,3.8,4.275,4,3,1,False,True,True,True,False,False,False,True,True,True,False
FLOOD+INFRA+ARCTIC+ENV,CBAC,1400.6,383.75,1311.2,422.75,1.101629,0.6525,3.925,3.8,4.275,4,3,1,False,True,True,True,False,False,False,True,True,True,False
FLOOD+INFRA+ARCTIC+ENV,CBBA,1397.2,384.25,1363.4,437.25,1.137931,0.6525,3.925,3.8,4.275,4,3,1,False,True,True,True,False,False,False,True,True,True,False
FLOOD+INFRA+ARCTIC+ENV,CBBB,1383.2,380.5,1298.6,464.5,1.220762,0.6525,3.925,3.8,4.275,4,3,0,False,True,True,True,False,False,False,True,True,True,False
FLOOD+INFRA+ARCTIC+ENV,CBBC,1377.6,376.75,1226.6,466.5,1.238222,0.6525,3.925,3.8,4.275,4,3,0,False,True,True,True,False,False,False,True,True,True,False
FLOOD+INFRA+ARCTIC+ENV,CBCA,1388.0,377.25,1269.4,441.25,1.169649,0.6525,3.925,3.8,4.275,4,3,1,False,True,True,True,False,False,False,True,True,True,False
FLOOD+INFRA+ARCTIC+ENV,CBCB,1374.0,373.5,1204.6,468.5,1.254351,0.6525,3.925,3.8,4.275,4,3,0,False,True,True,True,False,False,False,True,True,True,False
FLOOD+INFRA+ARCTIC+ENV,CBCC,1368.4,369.75,1132.6,470.5,1.272481,0.6525,3.925,3.8,4.275,4,3,0,False,True,True,True,False,False,False,True,True,True,False
FLOOD+INFRA+ARCTIC+ENV,CCAA,1414.0,387.25,1388.0,400.5,1.034216,0.6525,3.925,3.8,4.275,4,3,2,False,True,True,True,True,False,False,True,True,True,False
FLOOD+INFRA+ARCTIC+ENV,CCAB,1400.0,383.5,1323.2,427.75,1.115385,0.6525,3.925,3.8,4.275,4,3,1,False,True,True,True,False,False,False,True,True,True,False
FLOOD+INFRA+ARCTIC+ENV,CCAC,1394.4,379.75,1251.2,429.75,1.131666,0.6525,3.925,3.8,4.275,4,3,1,False,True,True,True,False,False,False,True,True,True,False
FLOOD+INFRA+ARCTIC+ENV,CCBA,1391.0,380.25,1303.4,444.25,1.16831,0.6525,3.925,3.8,4.275,4,3,1,False,True,True,True,False,False,False,True,True,True,False
FLOOD+INFRA+ARCTIC+ENV,CCBB,1377.0,376.5,1238.6,471.5,1.252324,0.6525,3.925,3.8,4.275,4,3,0,False,True,True,True,False,False,False,True,True,True,False
FLOOD+INFRA+ARCTIC+ENV,CCBC,1371.4,372.75,1166.6,473.5,1.270288,0.6525,3.925,3.8,4.275,4,3,0,False,True,True,True,False,False,False,True,True,True,False
FLOOD+INFRA+ARCTIC+ENV,CCCA,1381.8,373.25,1209.4,448.25,1.200938,0.6525,3.925,3.8,4.275,4,3,1,False,True,True,True,False,False,False,True,True,True,False
FLOOD+INFRA+ARCTIC+ENV,CCCB,1367.8,369.5,1144.6,475.5,1.286874,0.6525,3.925,3.8,4.275,4,3,0,False,True,True,True,False,False,False,True,True,True,False
FLOOD+INFRA+ARCTIC+ENV,CCCC,1362.2,365.75,1072.6,477.5,1.305537,0.6525,3.925,3.8,4.275,4,3,0,False,True,True,True,False,False,False,True,True,True,False
FLOOD+INFRA+ARCTIC+SSA,AAAA,1512.0,425.25,1710.0,386.25,0.908289,0.63,3.725,3.525,4.325,3,4,4,False,True,True,True,True,False,False,True,True,True,False
FLOOD+INFRA+ARCTIC+SSA,AAAB,1495.5,420.5,1648.8,418.25,0.994649,0.63,3.725,3.525,4.325,3,4,3,False,True,True,True,True,False,False,True,True,True,False
FLOOD+INFRA+ARCTIC+SSA,AAAC,1488.9,415.75,1580.8,420.5,1.011425,0.63,3.725,3.525,4.325,3,4,3,False,True,True,True,True,False,False,True,True,True,False
FLOOD+INFRA+ARCTIC+SSA,AABA,1489.0,418.25,1625.4,430.0,1.028093,0.63,3.725,3.525,4.325,3,4,3,False,True,True,True,True,False,False,True,True,True,False
FLOOD+INFRA+ARCTIC+SSA,AABB,1472.5,413.5,1564.2,462.0,1.117291,0.63,3.725,3.525,4.325,3,4,2,False,True,True,True,True,False,False,True,True,True,False
FLOOD+INFRA+ARCTIC+SSA,AABC,1465.9,408.75,1496.2,464.25,1.13578,0.63,3.725,3.525,4.325,3,4,2,False,True,True,True,True,False,False,True,True,True,False
FLOOD+INFRA+ARCTIC+SSA,AACA,1479.8,411.25,1531.4,434.0,1.055319,0.63,3.725,3.525,4.325,3,4,3,False,True,True,True,True,False,False,True,True,True,False
FLOOD+INFRA+ARCTIC+SSA,AACB,1463.3,406.5,1470.2,466.0,1.146371,0.63,3.725,3.525,4.325,3,4,2,False,True,True,True,True,False,False,True,True,True,False
FLOOD+INFRA+ARCTIC+SSA,AACC,1456.7,401.75,1402.2,468.25,1.165526,0.63,3.725,3.525,4.325,3,4,2,False,True,True,True,True,False,False,True,True,True,False
FLOOD+INFRA+ARCTIC+SSA,ABAA,1496.5,421.25,1656.0,422.5,1.002967,0.63,3.725,3.525,4.325,3,4,3,False,True,True,True,True,False,False,True,True,True,False
FLOOD+INFRA+ARCTIC+SSA,ABAB,1480.0,416.5,1594.8,454.5,1.091236,0.63,3.725,3.525,4.325,3,4,2,False,True,True,True,True,False,False,True,True,True,False
FLOOD+INFRA+ARCTIC+SSA,ABAC,1473.4,411.75,1526.8,456.75,1.10929,0.63,3.725,3.525,4.325,3,4,2,False,True,True,True,True,False,False,True,True,True,False
FLOOD+INFRA+ARCTIC+SSA,ABBA,1473.5,414.25,1571.4,466.25,1.125528,0.63,3.725,3.525,4.325,3,4,2,False,True,True,True,True,False,False,True,True,True,False
FLOOD+INFRA+ARCTIC+SSA,ABBB,1457.0,409.5,1510.2,498.25,1.216728,0.63,3.725,3.525,4.325,3,4,1,False,True,True,True,False,False,False,True,True,True,False
FLOOD+INFRA+ARCTIC+SSA,ABBC,1450.4,404.75,1442.2,500.5,1.236566,0.63,3.725,3.525,4.325,3,4,1,False,True,True,True,False,False,False,True,True,True,False
FLOOD+INFRA+ARCTIC+SSA,ABCA,1464.3,407.25,1477.4,470.25,1.154696,0.63,3.725,3.525,4.325,3,4,2,False,True,True,True,True,False,False,True,True,True,False
FLOOD+INFRA+ARCTIC+SSA,ABCB,1447.8,402.5,1416.2,502.25,1.247826,0.63,3.725,3.525,4.325,3,4,1,False,True,True,True,False,False,False,True,True,True,False
FLOOD+INFRA+ARCTIC+SSA,ABCC,1441.2,397.75,1348.2,504.5,1.268385,0.63,3.725,3.525,4.325,3,4,1,False,True,True,True,False,False,False,True,True,True,False
FLOOD+INFRA+ARCTIC+SSA,ACAA,1490.3,417.25,1596.0,429.5,1.029359,0.63,3.725,3.525,4.325,3,4,3,False,True,True,True,True,False,False,True,True,True,False
FLOOD+INFRA+ARCTIC+SSA,ACAB,1473.8,412.5,1534.8,461.5,1.118788,0.63,3.725,3.525,4.325,3,4,2,False,True,True,True,True,False,False,True,True,True,False
FLOOD+INFRA+ARCTIC+SSA,ACAC,1467.2,407.75,1466.8,463.75,1.137339,0.63,3.725,3.525,4.325,3,4,2,False,True,True,True,True,False,False,True,True,True,False
FLOOD+INFRA+ARCTIC+SSA,ACBA,1467.3,410.25,1511.4,473.25,1.153565,0.63,3.725,3.525,4.325,3,4,2,False,True,True,True,True,False,False,True,True,True,False
FLOOD+INFRA+ARCTIC+SSA,ACBB,1450.8,405.5,1450.2,505.25,1.245993,0.63,3.725,3.525,4.325,3,4,1,False,True,True,True,False,False,False,True,True,True,False
FLOOD+INFRA+ARCTIC+SSA,ACBC,1444.2,400.75,1382.2,507.5,1.266376,0.63,3.725,3.525,4.325,3,4,1,False,True,True,True,False,False,False,True,True,True,False
FLOOD+INFRA+ARCTIC+SSA,ACCA,1458.1,403.25,1417.4,477.25,1.183509,0.63,3.725,3.525,4.325,3,4,2,False,True,True,True,True,False,False,True,True,True,False
FLOOD+INFRA+ARCTIC+SSA,ACCB,1441.6,398.5,1356.2,509.25,1.277917,0.63,3.725,3.525,4.325,3,4,1,False,True,True,True,False,False,False,True,True,True,False
FLOOD+INFRA+ARCTIC+SSA,ACCC,1435.0,393.75,1288.2,511.5,1.299048,0.63,3.725,3.525,4.325,3,4,1,False,True,True,True,False,False,False,True,True,True,False
FLOOD+INFRA+ARCTIC+SSA,BAAA,1495.0,420.75,1602.0,389.5,0.925728,0.63,3.725,3.525,4.325,3,4,3,False,True,True,True,True,False,False,True,True,True,False
FLOOD+INFRA+ARCTIC+SSA,BAAB,1478.5,416.0,1540.8,421.5,1.013221,0.63,3.725,3.525,4.325,3,4,2,False,True,True,True,True,False,False,True,True,True,False
FLOOD+INFRA+ARCTIC+SSA,BAAC,1471.9,411.25,1472.8,423.75,1.030395,0.63,3.725,3.525,4.325,3,4,2,False,True,True,True,True,False,False,True,True,True,False
FLOOD+INFRA+ARCTIC+SSA,BABA,1472.0,413.75,1517.4,433.25,1.04713,0.63,3.725,3.525,4.325,3,4,2,False,True,True,True,True,False,False,True,True,True,False
FLOOD+INFRA+ARCTIC+SSA,BABB,1455.5,409.0,1456.2,465.25,1.137531,0.63,3.725,3.525,4.325,3,4,1,False,True,True,True,False,False,False,True,True,True,False
FLOOD+INFRA+ARCTIC+SSA,BABC,1448.9,404.25,1388.2,467.5,1.156463,0.63,3.725,3.525,4.325,3,4,1,False,True,True,True,False,False,False,True,True,True,False
FLOOD+INFRA+ARCTIC+SSA,BACA,1462.8,406.75,1423.4,437.25,1.074985,0.63,3.725,3.525,4.325,3,4,2,False,True,True,True,True,False,False,True,True,True,False
FLOOD+INFRA+ARCTIC+SSA,BACB,1446.3,402.0,1362.2,469.25,1.167289,0.63,3.725,3.525,4.325,3,4,1,False,True,True,True,False,False,False,True,True,True,False
FLOOD+INFRA+ARCTIC+SSA,BACC,1439.7,397.25,1294.2,471.5,1.18691,0.63,3.725,3.525,4.325,3,4,1,False,True,True,True,False,False,False,True,True,True,False
FLOOD+INFRA+ARCTIC+SSA,BBAA,1479.5,416.75,1548.0,425.75,1.021596,0.63,3.725,3.525,4.325,3,4,2,False,True,True,True,True,False,False,True,True,True,False
FLOOD+INFRA+ARCTIC+SSA,BBAB,1463.0,412.0,1486.8,457.75,1.111044,0.63,3.725,3.525,4.325,3,4,1,False,True,True,True,False,False,False,True,True,True,False
FLOOD+INFRA+ARCTIC+SSA,BBAC,1456.4,407.25,1418.8,460.0,1.129527,0.63,3.725,3.525,4.325,3,4,1,False,True,True,True,False,False,False,True,True,True,False
FLOOD+INFRA+ARCTIC+SSA,BBBA,1456.5,409.75,1463.4,469.5,1.145821,0.63,3.725,3.525,4.325,3,4,1,False,True,True,True,False,False,False,True,True,True,False
FLOOD+INFRA+ARCTIC+SSA,BBBB,1440.0,405.0,1402.2,501.5,1.238272,0.63,3.725,3.525,4.325,3,4,0,False,True,True,True,False,False,False,True,True,True,False
FLOOD+INFRA+ARCTIC+SSA,BBBC,1433.4,400.25,1334.2,503.75,1.258588,0.63,3.725,3.525,4.325,3,4,0,False,True,True,True,False,False,False,True,True,True,False
FLOOD+INFRA+ARCTIC+SSA,BBCA,1447.3,402.75,1369.4,473.5,1.175667,0.63,3.725,3.525,4.325,3,4,1,False,True,True,True,False,False,False,True,True,True,False
FLOOD+INFRA+ARCTIC+SSA,BBCB,1430.8,398.0,1308.2,505.5,1.270101,0.63,3.725,3.525,4.325,3,4,0,False,True,True,True,False,False,False,True,True,True,False
FLOOD+INFRA+ARCTIC+SSA,BBCC,1424.2,393.25,1240.2,507.75,1.291163,0.63,3.725,3.525,4.325,3,4,0,False,True,True,True,False,False,False,True,True,True,False
FLOOD+INFRA+ARCTIC+SSA,BCAA,1473.3,412.75,1488.0,432.75,1.048455,0.63,3.725,3.525,4.325,3,4,2,False,True,True,True,True,False,False,True,True,True,False
FLOOD+INFRA+ARCTIC+SSA,BCAB,1456.8,408.0,1426.8,464.75,1.139093,0.63,3.725,3.525,4.325,3,4,1,False,True,True,True,False,False,False,True,True,True,False
FLOOD+INFRA+ARCTIC+SSA,BCAC,1450.2,403.25,1358.8,467.0,1.158091,0.63,3.725,3.525,4.325,3,4,1,False,True,True,True,False,False,False,True,True,True,False
FLOOD+INFRA+ARCTIC+SSA,BCBA,1450.3,405.75,1403.4,476.5,1.174368,0.63,3.725,3.525,4.325,3,4,1,False,True,True,True,False,False,False,True,True,True,False
FLOOD+INFRA+ARCTIC+SSA,BCBB,1433.8,401.0,1342.2,508.5,1.26808,0.63,3.725,3.525,4.325,3,4,0,False,True,True,True,False,False,False,True,True,True,False
FLOOD+INFRA+ARCTIC+SSA,BCBC,1427.2,396.25,1274.2,510.75,1.288959,0.63,3.725,3.525,4.325,3,4,0,False,True,True,True,False,False,False,True,True,True,False
FLOOD+INFRA+ARCTIC+SSA,BCCA,1441.1,398.75,1309.4,480.5,1.205016,0.63,3.725,3.525,4.325,3,4,1,False,True,True,True,False,False,False,True,True,True,False
FLOOD+INFRA+ARCTIC+SSA,BCCB,1424.6,394.0,1248.2,512.5,1.300761,0.63,3.725,3.525,4.325,3,4,0,False,True,True,True,False,False,False,True,True,True,False
FLOOD+INFRA+ARCTIC+SSA,BCCC,1418.0,389.25,1180.2,514.75,1.322415,0.63,3.725,3.525,4.325,3,4,0,False,True,True,True,False,False,False,True,True,True,False
FLOOD+INFRA+ARCTIC+SSA,CAAA,1488.2,416.25,1482.0,371.0,0.891291,0.63,3.725,3.525,4.325,3,4,3,False,True,True,True,True,False,False,True,True,True,False
FLOOD+INFRA+ARCTIC+SSA,CAAB,1471.7,411.5,1420.8,403.0,0.979344,0.63,3.725,3.525,4.325,3,4,2,False,True,True,True,True,False,False,True,True,True,False
FLOOD+INFRA+ARCTIC+SSA,CAAC,1465.1,406.75,1352.8,405.25,0.996312,0.63,3.725,3.525,4.325,3,4,2,False,True,True,True,True,False,False,True,True,True,False
FLOOD+INFRA+ARCTIC+SSA,CABA,1465.2,409.25,1397.4,414.75,1.013439,0.63,3.725,3.525,4.325,3,4,2,False,True,True,True,True,False,False,True,True,True,False
FLOOD+INFRA+ARCTIC+SSA,CABB,1448.7,404.5,1336.2,446.75,1.10445,0.63,3.725,3.525,4.325,3,4,1,False,True,True,True,False,False,False,True,True,True,False
FLOOD+INFRA+ARCTIC+SSA,CABC,1442.1,399.75,1268.2,449.0,1.123202,0.63,3.725,3.525,4.325,3,4,1,False,True,True,True,False,False,False,True,True,True,False
FLOOD+INFRA+ARCTIC+SSA,CACA,1456.0,402.25,1303.4,418.75,1.041019,0.63,3.725,3.525,4.325,3,4,2,False,True,True,True,True,False,False,True,True,True,False
FLOOD+INFRA+ARCTIC+SSA,CACB,1439.5,397.5,1242.2,450.75,1.133962,0.63,3.725,3.525,4.325,3,4,1,False,True,True,True,False,False,False,True,True,True,False
FLOOD+INFRA+ARCTIC+SSA,CACC,1432.9,392.75,1174.2,453.0,1.153405,0.63,3.725,3.525,4.325,3,4,1,False,True,True,True,False,False,False,True,True,True,False
FLOOD+INFRA+ARCTIC+SSA,CBAA,1472.7,412.25,1428.0,407.25,0.987871,0.63,3.725,3.525,4.325,3,4,2,False,True,True,True,True,False,False,True,True,True,False
FLOOD+INFRA+ARCTIC+SSA,CBAB,1456.2,407.5,1366.8,439.25,1.077914,0.63,3.725,3.525,4.325,3,4,1,False,True,True,True,False,False,False,True,True,True,False
FLOOD+INFRA+ARCTIC+SSA,CBAC,1449.6,402.75,1298.8,441.5,1.096214,0.63,3.725,3.525,4.325,3,4,1,False,True,True,True,False,False,False,True,True,True,False
FLOOD+INFRA+ARCTIC+SSA,CBBA,1449.7,405.25,1343.4,451.0,1.112893,0.63,3.725,3.525,4.325,3,4,1,False,True,True,True,False,False,False,True,True,True,False
FLOOD+INFRA+ARCTIC+SSA,CBBB,1433.2,400.5,1282.2,483.0,1.205993,0.63,3.725,3.525,4.325,3,4,0,False,True,True,True,False,False,False,True,True,True,False
FLOOD+INFRA+ARCTIC+SSA,CBBC,1426.6,395.75,1214.2,485.25,1.226153,0.63,3.725,3.525,4.325,3,4,0,False,True,True,True,False,False,False,True,True,True,False
FLOOD+INFRA+ARCTIC+SSA,CBCA,1440.5,398.25,1249.4,455.0,1.142498,0.63,3.725,3.525,4.325,3,4,1,False,True,True,True,False,False,False,True,True,True,False
FLOOD+INFRA+ARCTIC+SSA,CBCB,1424.0,393.5,1188.2,487.0,1.237611,0.63,3.725,3.525,4.325,3,4,0,False,True,True,True,False,False,False,True,True,True,False
FLOOD+INFRA+ARCTIC+SSA,CBCC,1417.4,388.75,1120.2,489.25,1.258521,0.63,3.725,3.525,4.325,3,4,0,False,True,True,True,False,False,False,True,True,True,False
FLOOD+INFRA+ARCTIC+SSA,CCAA,1466.5,408.25,1368.0,414.25,1.014697,0.63,3.725,3.525,4.325,3,4,2,False,True,True,True,True,False,False,True,True,True,False
FLOOD+INFRA+ARCTIC+SSA,CCAB,1450.0,403.5,1306.8,446.25,1.105948,0.63,3.725,3.525,4.325,3,4,1,False,True,True,True,False,False,False,True,True,True,False
FLOOD+INFRA+ARCTIC+SSA,CCAC,1443.4,398.75,1238.8,448.5,1.124765,0.63,3.725,3.525,4.325,3,4,1,False,True,True,True,False,False,False,True,True,True,False
FLOOD+INFRA+ARCTIC+SSA,CCBA,1443.5,401.25,1283.4,458.0,1.141433,0.63,3.725,3.525,4.325,3,4,1,False,True,True,True,False,False,False,True,True,True,False
FLOOD+INFRA+ARCTIC+SSA,CCBB,1427.0,396.5,1222.2,490.0,1.235813,0.63,3.725,3.525,4.325,3,4,0,False,True,True,True,False,False,False,True,True,True,False
FLOOD+INFRA+ARCTIC+SSA,CCBC,1420.4,391.75,1154.2,492.25,1.256541,0.63,3.725,3.525,4.325,3,4,0,False,True,True,True,False,False,False,True,True,True,False
FLOOD+INFRA+ARCTIC+SSA,CCCA,1434.3,394.25,1189.4,462.0,1.171845,0.63,3.725,3.525,4.325,3,4,1,False,True,True,True,False,False,False,True,True,True,False
FLOOD+INFRA+ARCTIC+SSA,CCCB,1417.8,389.5,1128.2,494.0,1.268293,0.63,3.725,3.525,4.325,3,4,0,False,True,True,True,False,False,False,True,True,True,False
FLOOD+INFRA+ARCTIC+SSA,CCCC,1411.2,384.75,1060.2,496.25,1.289799,0.63,3.725,3.525,4.325,3,4,0,False,True,True,True,False,False,False,True,True,True,False
FLOOD+INFRA+TRANS+ENV,AAAA,1239.0,330.75,1480.0,322.5,0.975057,0.7075,4.325,4.2,4.55,4,2,4,True,True,True,True,True,True,True,True,True,True,False
FLOOD+INFRA+TRANS+ENV,AAAB,1225.0,327.0,1415.2,349.75,1.069572,0.7075,4.325,4.2,4.55,4,2,3,True,True,True,True,True,True,True,True,True,True,False
FLOOD+INFRA+TRANS+ENV,AAAC,1219.4,323.25,1343.2,351.75,1.088167,0.7075,4.325,4.2,4.55,4,2,3,True,True,True,True,True,True,True,True,True,True,False
FLOOD+INFRA+TRANS+ENV,AABA,1226.5,327.25,1440.4,356.25,1.088617,0.7075,4.325,4.2,4.55,4,2,3,True,True,True,True,True,True,True,True,True,True,False
FLOOD+INFRA+TRANS+ENV,AABB,1212.5,323.5,1375.6,383.5,1.185471,0.7075,4.325,4.2,4.55,4,2,2,True,True,True,True,True,True,True,True,True,True,False
FLOOD+INFRA+TRANS+ENV,AABC,1206.9,319.75,1303.6,385.5,1.205629,0.7075,4.325,4.2,4.55,4,2,2,True,True,True,True,True,True,True,True,True,True,False
FLOOD+INFRA+TRANS+ENV,AACA,1221.5,323.75,1396.4,364.25,1.125097,0.7075,4.325,4.2,4.55,4,2,3,True,True,True,True,True,True,True,True,True,True,False
FLOOD+INFRA+TRANS+ENV,AACB,1207.5,320.0,1331.6,391.5,1.223437,0.7075,4.325,4.2,4.55,4,2,2,True,True,True,True,True,True,True,True,True,True,False
FLOOD+INFRA+TRANS+ENV,AACC,1201.9,316.25,1259.6,393.5,1.244269,0.7075,4.325,4.2,4.55,4,2,2,True,True,True,True,True,True,True,True,True,True,False
FLOOD+INFRA+TRANS+ENV,ABAA,1223.5,326.75,1426.0,358.75,1.097934,0.7075,4.325,4.2,4.55,4,2,3,True,True,True,True,True,True,True,True,True,True,False
FLOOD+INFRA+TRANS+ENV,ABAB,1209.5,323.0,1361.2,386.0,1.195046,0.7075,4.325,4.2,4.55,4,2,2,True,True,True,True,True,True,True,True,True,True,False
FLOOD+INFRA+TRANS+ENV,ABAC,1203.9,319.25,1289.2,388.0,1.215348,0.7075,4.325,4.2,4.55,4,2,2,True,True,True,True,True,True,True,True,True,True,False
FLOOD+INFRA+TRANS+ENV,ABBA,1211.0,323.25,1386.4,392.5,1.21423,0.7075,4.325,4.2,4.55,4,2,2,True,True,True,True,True,True,True,True,True,True,False
FLOOD+INFRA+TRANS+ENV,ABBB,1197.0,319.5,1321.6,419.75,1.313772,0.7075,4.325,4.2,4.55,4,2,1,False,True,True,True,False,True,True,True,True,True,False
FLOOD+INFRA+TRANS+ENV,ABBC,1191.4,315.75,1249.6,421.75,1.335709,0.7075,4.325,4.2,4.55,4,2,1,False,True,True,True,False,True,True,True,True,True,False
FLOOD+INFRA+TRANS+ENV,ABCA,1206.0,319.75,1342.4,400.5,1.252541,0.7075,4.325,4.2,4.55,4,2,2,True,True,True,True,True,True,True,True,True,True,False
FLOOD+INFRA+TRANS+ENV,ABCB,1192.0,316.0,1277.6,427.75,1.353639,0.7075,4.325,4.2,4.55,4,2,1,False,True,True,True,False,True,True,True,True,True,False
FLOOD+INFRA+TRANS+ENV,ABCC,1186.4,312.25,1205.6,429.75,1.376301,0.7075,4.325,4.2,4.55,4,2,1,False,True,True,True,False,True,True,True,True,True,False
FLOOD+INFRA+TRANS+ENV,ACAA,1217.3,322.75,1366.0,365.75,1.13323,0.7075,4.325,4.2,4.55,4,2,3,True,True,True,True,True,True,True,True,True,True,False
FLOOD+INFRA+TRANS+ENV,ACAB,1203.3,319.0,1301.2,393.0,1.231975,0.7075,4.325,4.2,4.55,4,2,2,True,True,True,True,True,True,True,True,True,True,False
FLOOD+INFRA+TRANS+ENV,ACAC,1197.7,315.25,1229.2,395.0,1.252974,0.7075,4.325,4.2,4.55,4,2,2,True,True,True,True,True,True,True,True,True,True,False
FLOOD+INFRA+TRANS+ENV,ACBA,1204.8,319.25,1326.4,399.5,1.25137,0.7075,4.325,4.2,4.55,4,2,2,True,True,True,True,True,True,True,True,True,True,False
FLOOD+INFRA+TRANS+ENV,ACBB,1190.8,315.5,1261.6,426.75,1.352615,0.7075,4.325,4.2,4.55,4,2,1,False,True,True,True,False,True,True,True,True,True,False
FLOOD+INFRA+TRANS+ENV,ACBC,1185.2,311.75,1189.6,428.75,1.375301,0.7075,4.325,4.2,4.55,4,2,1,False,True,True,True,False,True,True,True,True,True,False
FLOOD+INFRA+TRANS+ENV,ACCA,1199.8,315.75,1282.4,407.5,1.290578,0.7075,4.325,4.2,4.55,4,2,2,True,True,True,True,True,True,True,True,True,True,False
FLOOD+INFRA+TRANS+ENV,ACCB,1185.8,312.0,1217.6,434.75,1.393429,0.7075,4.325,4.2,4.55,4,2,1,False,True,True,True,False,True,True,True,True,True,False
FLOOD+INFRA+TRANS+ENV,ACCC,1180.2,308.25,1145.6,436.75,1.416869,0.7075,4.325,4.2,4.55,4,2,1,False,True,True,True,False,True,True,True,True,True,False
FLOOD+INFRA+TRANS+ENV,BAAA,1222.0,326.25,1372.0,325.75,0.998467,0.7075,4.325,4.2,4.55,4,2,3,True,True,True,True,True,True,True,True,True,True,False
FLOOD+INFRA+TRANS+ENV,BAAB,1208.0,322.5,1307.2,353.0,1.094574,0.7075,4.325,4.2,4.55,4,2,2,True,True,True,True,True,True,True,True,True,True,False
FLOOD+INFRA+TRANS+ENV,BAAC,1202.4,318.75,1235.2,355.0,1.113725,0.7075,4.325,4.2,4.55,4,2,2,True,True,True,True,True,True,True,True,True,True,False
FLOOD+INFRA+TRANS+ENV,BABA,1209.5,322.75,1332.4,359.5,1.113865,0.7075,4.325,4.2,4.55,4,2,2,True,True,True,True,True,True,True,True,True,True,False
FLOOD+INFRA+TRANS+ENV,BABB,1195.5,319.0,1267.6,386.75,1.212382,0.7075,4.325,4.2,4.55,4,2,1,False,True,True,True,False,True,True,True,True,True,False
FLOOD+INFRA+TRANS+ENV,BABC,1189.9,315.25,1195.6,388.75,1.233148,0.7075,4.325,4.2,4.55,4,2,1,False,True,True,True,False,True,True,True,True,True,False
FLOOD+INFRA+TRANS+ENV,BACA,1204.5,319.25,1288.4,367.5,1.151135,0.7075,4.325,4.2,4.55,4,2,2,True,True,True,True,True,True,True,True,True,True,False
FLOOD+INFRA+TRANS+ENV,BACB,1190.5,315.5,1223.6,394.75,1.251189,0.7075,4.325,4.2,4.55,4,2,1,False,True,True,True,False,True,True,True,True,True,False
FLOOD+INFRA+TRANS+ENV,BACC,1184.9,311.75,1151.6,396.75,1.272654,0.7075,4.325,4.2,4.55,4,2,1,False,True,True,True,False,True,True,True,True,True,False
FLOOD+INFRA+TRANS+ENV,BBAA,1206.5,322.25,1318.0,362.0,1.123351,0.7075,4.325,4.2,4.55,4,2,2,True,True,True,True,True,True,True,True,True,True,False
FLOOD+INFRA+TRANS+ENV,BBAB,1192.5,318.5,1253.2,389.25,1.222135,0.7075,4.325,4.2,4.55,4,2,1,False,True,True,True,False,True,True,True,True,True,False
FLOOD+INFRA+TRANS+ENV,BBAC,1186.9,314.75,1181.2,391.25,1.24305,0.7075,4.325,4.2,4.55,4,2,1,False,True,True,True,False,True,True,True,True,True,False
FLOOD+INFRA+TRANS+ENV,BBBA,1194.0,318.75,1278.4,395.75,1.241569,0.7075,4.325,4.2,4.55,4,2,1,False,True,True,True,False,True,True,True,True,True,False
FLOOD+INFRA+TRANS+ENV,BBBB,1180.0,315.0,1213.6,423.0,1.342857,0.7075,4.325,4.2,4.55,4,2,0,False,True,True,True,False,True,True,True,True,True,False
FLOOD+INFRA+TRANS+ENV,BBBC,1174.4,311.25,1141.6,425.0,1.365462,0.7075,4.325,4.2,4.55,4,2,0,False,True,True,True,False,True,True,True,True,True,False
FLOOD+INFRA+TRANS+ENV,BBCA,1189.0,315.25,1234.4,403.75,1.28073,0.7075,4.325,4.2,4.55,4,2,1,False,True,True,True,False,True,True,True,True,True,False
FLOOD+INFRA+TRANS+ENV,BBCB,1175.0,311.5,1169.6,431.0,1.383628,0.7075,4.325,4.2,4.55,4,2,0,False,True,True,True,False,True,True,True,True,True,False
FLOOD+INFRA+TRANS+ENV,BBCC,1169.4,307.75,1097.6,433.0,1.406986,0.7075,4.325,4.2,4.55,4,2,0,False,True,True,True,False,True,True,True,True,True,False
FLOOD+INFRA+TRANS+ENV,BCAA,1200.3,318.25,1258.0,369.0,1.159466,0.7075,4.325,4.2,4.55,4,2,2,True,True,True,True,True,True,True,True,True,True,False
FLOOD+INFRA+TRANS+ENV,BCAB,1186.3,314.5,1193.2,396.25,1.259936,0.7075,4.325,4.2,4.55,4,2,1,False,True,True,True,False,True,True,True,True,True,False
FLOOD+INFRA+TRANS+ENV,BCAC,1180.7,310.75,1121.2,398.25,1.281577,0.7075,4.325,4.2,4.55,4,2,1,False,True,True,True,False,True,True,True,True,True,False
FLOOD+INFRA+TRANS+ENV,BCBA,1187.8,314.75,1218.4,402.75,1.279587,0.7075,4.325,4.2,4.55,4,2,1,False,True,True,True,False,True,True,True,True,True,False
FLOOD+INFRA+TRANS+ENV,BCBB,1173.8,311.0,1153.6,430.0,1.382637,0.7075,4.325,4.2,4.55,4,2,0,False,True,True,True,False,True,True,True,True,True,False
FLOOD+INFRA+TRANS+ENV,BCBC,1168.2,307.25,1081.6,432.0,1.406021,0.7075,4.325,4.2,4.55,4,2,0,False,True,True,True,False,True,True,True,True,True,False
FLOOD+INFRA+TRANS+ENV,BCCA,1182.8,311.25,1174.4,410.75,1.319679,0.7075,4.325,4.2,4.55,4,2,1,False,True,True,True,False,True,True,True,True,True,False
FLOOD+INFRA+TRANS+ENV,BCCB,1168.8,307.5,1109.6,438.0,1.42439,0.7075,4.325,4.2,4.55,4,2,0,False,True,True,True,False,True,True,True,True,True,False
FLOOD+INFRA+TRANS+ENV,BCCC,1163.2,303.75,1037.6,440.0,1.44856,0.7075,4.325,4.2,4.55,4,2,0,False,True,True,True,False,True,True,True,True,True,False
FLOOD+INFRA+TRANS+ENV,CAAA,1215.2,321.75,1252.0,307.25,0.954934,0.7075,4.325,4.2,4.55,4,2,3,True,True,True,True,True,True,True,True,True,True,False
FLOOD+INFRA+TRANS+ENV,CAAB,1201.2,318.0,1187.2,334.5,1.051887,0.7075,4.325,4.2,4.55,4,2,2,True,True,True,True,True,True,True,True,True,True,False
FLOOD+INFRA+TRANS+ENV,CAAC,1195.6,314.25,1115.2,336.5,1.070804,0.7075,4.325,4.2,4.55,4,2,2,True,True,True,True,True,True,True,True,True,True,False
FLOOD+INFRA+TRANS+ENV,CABA,1202.7,318.25,1212.4,341.0,1.071485,0.7075,4.325,4.2,4.55,4,2,2,True,True,True,True,True,True,True,True,True,True,False
FLOOD+INFRA+TRANS+ENV,CABB,1188.7,314.5,1147.6,368.25,1.170906,0.7075,4.325,4.2,4.55,4,2,1,False,True,True,True,False,True,True,True,True,True,False
FLOOD+INFRA+TRANS+ENV,CABC,1183.1,310.75,1075.6,370.25,1.191472,0.7075,4.325,4.2,4.55,4,2,1,False,True,True,True,False,True,True,True,True,True,False
FLOOD+INFRA+TRANS+ENV,CACA,1197.7,314.75,1168.4,349.0,1.108817,0.7075,4.325,4.2,4.55,4,2,2,True,True,True,True,True,True,True,True,True,True,False
FLOOD+INFRA+TRANS+ENV,CACB,1183.7,311.0,1103.6,376.25,1.209807,0.7075,4.325,4.2,4.55,4,2,1,False,True,True,True,False,True,True,True,True,True,False
FLOOD+INFRA+TRANS+ENV,CACC,1178.1,307.25,1031.6,378.25,1.231082,0.7075,4.325,4.2,4.55,4,2,1,False,True,True,True,False,True,True,True,True,True,False
FLOOD+INFRA+TRANS+ENV,CBAA,1199.7,317.75,1198.0,343.5,1.081039,0.7075,4.325,4.2,4.55,4,2,2,True,True,True,True,True,True,True,True,True,True,False
FLOOD+INFRA+TRANS+ENV,CBAB,1185.7,314.0,1133.2,370.75,1.180732,0.7075,4.325,4.2,4.55,4,2,1,False,True,True,True,False,True,True,True,True,True,False
FLOOD+INFRA+TRANS+ENV,CBAC,1180.1,310.25,1061.2,372.75,1.20145,0.7075,4.325,4.2,4.55,4,2,1,False,True,True,True,False,True,True,True,True,True,False
FLOOD+INFRA+TRANS+ENV,CBBA,1187.2,314.25,1158.4,377.25,1.200477,0.7075,4.325,4.2,4.55,4,2,1,False,True,True,True,False,True,True,True,True,True,False
FLOOD+INFRA+TRANS+ENV,CBBB,1173.2,310.5,1093.6,404.5,1.302738,0.7075,4.325,4.2,4.55,4,2,0,False,True,True,True,False,True,True,True,True,True,False
FLOOD+INFRA+TRANS+ENV,CBBC,1167.6,306.75,1021.6,406.5,1.325183,0.7075,4.325,4.2,4.55,4,2,0,False,True,True,True,False,True,True,True,True,True,False
FLOOD+INFRA+TRANS+ENV,CBCA,1182.2,310.75,1114.4,385.25,1.239743,0.7075,4.325,4.2,4.55,4,2,1,False,True,True,True,False,True,True,True,True,True,False
FLOOD+INFRA+TRANS+ENV,CBCB,1168.2,307.0,1049.6,412.5,1.343648,0.7075,4.325,4.2,4.55,4,2,0,False,True,True,True,False,True,True,True,True,True,False
FLOOD+INFRA+TRANS+ENV,CBCC,1162.6,303.25,977.6,414.5,1.366859,0.7075,4.325,4.2,4.55,4,2,0,False,True,True,True,False,True,True,False,True,True,False
FLOOD+INFRA+TRANS+ENV,CCAA,1193.5,313.75,1138.0,350.5,1.117131,0.7075,4.325,4.2,4.55,4,2,2,True,True,True,True,True,True,True,True,True,True,False
FLOOD+INFRA+TRANS+ENV,CCAB,1179.5,310.0,1073.2,377.75,1.218548,0.7075,4.325,4.2,4.55,4,2,1,False,True,True,True,False,True,True,True,True,True,False
FLOOD+INFRA+TRANS+ENV,CCAC,1173.9,306.25,1001.2,379.75,1.24,0.7075,4.325,4.2,4.55,4,2,1,False,True,True,True,False,True,True,True,True,True,False
FLOOD+INFRA+TRANS+ENV,CCBA,1181.0,310.25,1098.4,384.25,1.238517,0.7075,4.325,4.2,4.55,4,2,1,False,True,True,True,False,True,True,True,True,True,False
FLOOD+INFRA+TRANS+ENV,CCBB,1167.0,306.5,1033.6,411.5,1.342577,0.7075,4.325,4.2,4.55,4,2,0,False,True,True,True,False,True,True,True,True,True,False
FLOOD+INFRA+TRANS+ENV,CCBC,1161.4,302.75,961.6,413.5,1.365813,0.7075,4.325,4.2,4.55,4,2,0,False,True,True,True,False,True,True,False,True,True,False
FLOOD+INFRA+TRANS+ENV,CCCA,1176.0,306.75,1054.4,392.25,1.278729,0.7075,4.325,4.2,4.55,4,2,1,False,True,True,True,False,True,True,True,True,True,False
FLOOD+INFRA+TRANS+ENV,CCCB,1162.0,303.0,989.6,419.5,1.384488,0.7075,4.325,4.2,4.55,4,2,0,False,True,True,True,False,True,True,False,True,True,False
FLOOD+INFRA+TRANS+ENV,CCCC,1156.4,299.25,917.6,421.5,1.408521,0.7075,4.325,4.2,4.55,4,2,0,False,True,True,True,False,True,True,False,True,True,False
FLOOD+INFRA+TRANS+SSA,AAAA,1291.5,351.75,1460.0,336.25,0.955935,0.685,4.125,3.925,4.6,3,3,4,True,True,True,True,True,True,True,True,True,True,False
FLOOD+INFRA+TRANS+SSA,AAAB,1275.0,347.0,1398.8,368.25,1.061239,0.685,4.125,3.925,4.6,3,3,3,True,True,True,True,True,True,True,True,True,True,False
FLOOD+INFRA+TRANS+SSA,AAAC,1268.4,342.25,1330.8,370.5,1.082542,0.685,4.125,3.925,4.6,3,3,3,True,True,True,True,True,True,True,True,True,True,False
FLOOD+INFRA+TRANS+SSA,AABA,1279.0,348.25,1420.4,370.0,1.062455,0.685,4.125,3.925,4.6,3,3,3,True,True,True,True,True,True,True,True,True,True,False
FLOOD+INFRA+TRANS+SSA,AABB,1262.5,343.5,1359.2,402.0,1.170306,0.685,4.125,3.925,4.6,3,3,2,True,True,True,True,True,True,True,True,True,True,False
FLOOD+INFRA+TRANS+SSA,AABC,1255.9,338.75,1291.2,404.25,1.193358,0.685,4.125,3.925,4.6,3,3,2,True,True,True,True,True,True,True,True,True,True,False
FLOOD+INFRA+TRANS+SSA,AACA,1274.0,344.75,1376.4,378.0,1.096447,0.685,4.125,3.925,4.6,3,3,3,True,True,True,True,True,True,True,True,True,True,False
FLOOD+INFRA+TRANS+SSA,AACB,1257.5,340.0,1315.2,410.0,1.205882,0.685,4.125,3.925,4.6,3,3,2,True,True,True,True,True,True,True,True,True,True,False
FLOOD+INFRA+TRANS+SSA,AACC,1250.9,335.25,1247.2,412.25,1.229679,0.685,4.125,3.925,4.6,3,3,2,True,True,True,True,True,True,True,True,True,True,False
FLOOD+INFRA+TRANS+SSA,ABAA,1276.0,347.75,1406.0,372.5,1.071172,0.685,4.125,3.925,4.6,3,3,3,True,True,True,True,True,True,True,True,True,True,False
FLOOD+INFRA+TRANS+SSA,ABAB,1259.5,343.0,1344.8,404.5,1.1793,0.685,4.125,3.925,4.6,3,3,2,True,True,True,True,True,True,True,True,True,True,False
FLOOD+INFRA+TRANS+SSA,ABAC,1252.9,338.25,1276.8,406.75,1.202513,0.685,4.125,3.925,4.6,3,3,2,True,True,True,True,True,True,True,True,True,True,False
FLOOD+INFRA+TRANS+SSA,ABBA,1263.5,344.25,1366.4,406.25,1.180102,0.685,4.125,3.925,4.6,3,3,2,True,True,True,True,True,True,True,True,True,True,False
FLOOD+INFRA+TRANS+SSA,ABBB,1247.0,339.5,1305.2,438.25,1.290869,0.685,4.125,3.925,4.6,3,3,1,False,True,True,True,False,True,True,True,True,True,False
FLOOD+INFRA+TRANS+SSA,ABBC,1240.4,334.75,1237.2,440.5,1.315907,0.685,4.125,3.925,4.6,3,3,1,False,True,True,True,False,True,True,True,True,True,False
FLOOD+INFRA+TRANS+SSA,ABCA,1258.5,340.75,1322.4,414.25,1.215701,0.685,4.125,3.925,4.6,3,3,2,True,True,True,True,True,True,True,True,True,True,False
FLOOD+INFRA+TRANS+SSA,ABCB,1242.0,336.0,1261.2,446.25,1.328125,0.685,4.125,3.925,4.6,3,3,1,False,True,True,True,False,True,True,True,True,True,False
FLOOD+INFRA+TRANS+SSA,ABCC,1235.4,331.25,1193.2,448.5,1.353962,0.685,4.125,3.925,4.6,3,3,1,False,True,True,True,False,True,True,True,True,True,False
FLOOD+INFRA+TRANS+SSA,ACAA,1269.8,343.75,1346.0,379.5,1.104,0.685,4.125,3.925,4.6,3,3,3,True,True,True,True,True,True,True,True,True,True,False
FLOOD+INFRA+TRANS+SSA,ACAB,1253.3,339.0,1284.8,411.5,1.213864,0.685,4.125,3.925,4.6,3,3,2,True,True,True,True,True,True,True,True,True,True,False
FLOOD+INFRA+TRANS+SSA,ACAC,1246.7,334.25,1216.8,413.75,1.237846,0.685,4.125,3.925,4.6,3,3,2,True,True,True,True,True,True,True,True,True,True,False
FLOOD+INFRA+TRANS+SSA,ACBA,1257.3,340.25,1306.4,413.25,1.214548,0.685,4.125,3.925,4.6,3,3,2,True,True,True,True,True,True,True,True,True,True,False
FLOOD+INFRA+TRANS+SSA,ACBB,1240.8,335.5,1245.2,445.25,1.327124,0.685,4.125,3.925,4.6,3,3,1,False,True,True,True,False,True,True,True,True,True,False
FLOOD+INFRA+TRANS+SSA,ACBC,1234.2,330.75,1177.2,447.5,1.352986,0.685,4.125,3.925,4.6,3,3,1,False,True,True,True,False,True,True,True,True,True,False
FLOOD+INFRA+TRANS+SSA,ACCA,1252.3,336.75,1262.4,421.25,1.250928,0.685,4.125,3.925,4.6,3,3,2,True,True,True,True,True,True,True,True,True,True,False
FLOOD+INFRA+TRANS+SSA,ACCB,1235.8,332.0,1201.2,453.25,1.365211,0.685,4.125,3.925,4.6,3,3,1,False,True,True,True,False,True,True,True,True,True,False
FLOOD+INFRA+TRANS+SSA,ACCC,1229.2,327.25,1133.2,455.5,1.391902,0.685,4.125,3.925,4.6,3,3,1,False,True,True,True,False,True,True,True,True,True,False
FLOOD+INFRA+TRANS+SSA,BAAA,1274.5,347.25,1352.0,339.5,0.977682,0.685,4.125,3.925,4.6,3,3,3,True,True,True,True,True,True,True,True,True,True,False
FLOOD+INFRA+TRANS+SSA,BAAB,1258.0,342.5,1290.8,371.5,1.084672,0.685,4.125,3.925,4.6,3,3,2,True,True,True,True,True,True,True,True,True,True,False
FLOOD+INFRA+TRANS+SSA,BAAC,1251.4,337.75,1222.8,373.75,1.106588,0.685,4.125,3.925,4.6,3,3,2,True,True,True,True,True,True,True,True,True,True,False
FLOOD+INFRA+TRANS+SSA,BABA,1262.0,343.75,1312.4,373.25,1.085818,0.685,4.125,3.925,4.6,3,3,2,True,True,True,True,True,True,True,True,True,True,False
FLOOD+INFRA+TRANS+SSA,BABB,1245.5,339.0,1251.2,405.25,1.195428,0.685,4.125,3.925,4.6,3,3,1,False,True,True,True,False,True,True,True,True,True,False
FLOOD+INFRA+TRANS+SSA,BABC,1238.9,334.25,1183.2,407.5,1.219147,0.685,4.125,3.925,4.6,3,3,1,False,True,True,True,False,True,True,True,True,True,False
FLOOD+INFRA+TRANS+SSA,BACA,1257.0,340.25,1268.4,381.25,1.1205,0.685,4.125,3.925,4.6,3,3,2,True,True,True,True,True,True,True,True,True,True,False
FLOOD+INFRA+TRANS+SSA,BACB,1240.5,335.5,1207.2,413.25,1.231744,0.685,4.125,3.925,4.6,3,3,1,False,True,True,True,False,True,True,True,True,True,False
FLOOD+INFRA+TRANS+SSA,BACC,1233.9,330.75,1139.2,415.5,1.256236,0.685,4.125,3.925,4.6,3,3,1,False,True,True,True,False,True,True,True,True,True,False
FLOOD+INFRA+TRANS+SSA,BBAA,1259.0,343.25,1298.0,375.75,1.094683,0.685,4.125,3.925,4.6,3,3,2,True,True,True,True,True,True,True,True,True,True,False
FLOOD+INFRA+TRANS+SSA,BBAB,1242.5,338.5,1236.8,407.75,1.204579,0.685,4.125,3.925,4.6,3,3,1,False,True,True,True,False,True,True,True,True,True,False
FLOOD+INFRA+TRANS+SSA,BBAC,1235.9,333.75,1168.8,410.0,1.228464,0.685,4.125,3.925,4.6,3,3,1,False,True,True,True,False,True,True,True,True,True,False
FLOOD+INFRA+TRANS+SSA,BBBA,1246.5,339.75,1258.4,409.5,1.205298,0.685,4.125,3.925,4.6,3,3,1,False,True,True,True,False,True,True,True,True,True,False
FLOOD+INFRA+TRANS+SSA,BBBB,1230.0,335.0,1197.2,441.5,1.31791,0.685,4.125,3.925,4.6,3,3,0,False,True,True,True,False,True,True,True,True,True,False
FLOOD+INFRA+TRANS+SSA,BBBC,1223.4,330.25,1129.2,443.75,1.343679,0.685,4.125,3.925,4.6,3,3,0,False,True,True,True,False,True,True,True,True,True,False
FLOOD+INFRA+TRANS+SSA,BBCA,1241.5,336.25,1214.4,417.5,1.241636,0.685,4.125,3.925,4.6,3,3,1,False,True,True,True,False,True,True,True,True,True,False
FLOOD+INFRA+TRANS+SSA,BBCB,1225.0,331.5,1153.2,449.5,1.355958,0.685,4.125,3.925,4.6,3,3,0,False,True,True,True,False,True,True,True,True,True,False
FLOOD+INFRA+TRANS+SSA,BBCC,1218.4,326.75,1085.2,451.75,1.382555,0.685,4.125,3.925,4.6,3,3,0,False,True,True,True,False,True,True,True,True,True,False
FLOOD+INFRA+TRANS+SSA,BCAA,1252.8,339.25,1238.0,382.75,1.128224,0.685,4.125,3.925,4.6,3,3,2,True,True,True,True,True,True,True,True,True,True,False
FLOOD+INFRA+TRANS+SSA,BCAB,1236.3,334.5,1176.8,414.75,1.23991,0.685,4.125,3.925,4.6,3,3,1,False,True,True,True,False,True,True,True,True,True,False
FLOOD+INFRA+TRANS+SSA,BCAC,1229.7,329.75,1108.8,417.0,1.264594,0.685,4.125,3.925,4.6,3,3,1,False,True,True,True,False,True,True,True,True,True,False
FLOOD+INFRA+TRANS+SSA,BCBA,1240.3,335.75,1198.4,416.5,1.240506,0.685,4.125,3.925,4.6,3,3,1,False,True,True,True,False,True,True,True,True,True,False
FLOOD+INFRA+TRANS+SSA,BCBB,1223.8,331.0,1137.2,448.5,1.354985,0.685,4.125,3.925,4.6,3,3,0,False,True,True,True,False,True,True,True,True,True,False
FLOOD+INFRA+TRANS+SSA,BCBC,1217.2,326.25,1069.2,450.75,1.381609,0.685,4.125,3.925,4.6,3,3,0,False,True,True,True,False,True,True,True,True,True,False
FLOOD+INFRA+TRANS+SSA,BCCA,1235.3,332.25,1154.4,424.5,1.277652,0.685,4.125,3.925,4.6,3,3,1,False,True,True,True,False,True,True,True,True,True,False
FLOOD+INFRA+TRANS+SSA,BCCB,1218.8,327.5,1093.2,456.5,1.393893,0.685,4.125,3.925,4.6,3,3,0,False,True,True,True,False,True,True,True,True,True,False
FLOOD+INFRA+TRANS+SSA,BCCC,1212.2,322.75,1025.2,458.75,1.421379,0.685,4.125,3.925,4.6,3,3,0,False,True,True,True,False,True,True,True,True,True,False
FLOOD+INFRA+TRANS+SSA,CAAA,1267.7,342.75,1232.0,321.0,0.936543,0.685,4.125,3.925,4.6,3,3,3,True,True,True,True,True,True,True,True,True,True,False
FLOOD+INFRA+TRANS+SSA,CAAB,1251.2,338.0,1170.8,353.0,1.044379,0.685,4.125,3.925,4.6,3,3,2,True,True,True,True,True,True,True,True,True,True,False
FLOOD+INFRA+TRANS+SSA,CAAC,1244.6,333.25,1102.8,355.25,1.066017,0.685,4.125,3.925,4.6,3,3,2,True,True,True,True,True,True,True,True,True,True,False
FLOOD+INFRA+TRANS+SSA,CABA,1255.2,339.25,1192.4,354.75,1.045689,0.685,4.125,3.925,4.6,3,3,2,True,True,True,True,True,True,True,True,True,True,False
FLOOD+INFRA+TRANS+SSA,CABB,1238.7,334.5,1131.2,386.75,1.156203,0.685,4.125,3.925,4.6,3,3,1,False,True,True,True,False,True,True,True,True,True,False
FLOOD+INFRA+TRANS+SSA,CABC,1232.1,329.75,1063.2,389.0,1.179682,0.685,4.125,3.925,4.6,3,3,1,False,True,True,True,False,True,True,True,True,True,False
FLOOD+INFRA+TRANS+SSA,CACA,1250.2,335.75,1148.4,362.75,1.080417,0.685,4.125,3.925,4.6,3,3,2,True,True,True,True,True,True,True,True,True,True,False
FLOOD+INFRA+TRANS+SSA,CACB,1233.7,331.0,1087.2,394.75,1.192598,0.685,4.125,3.925,4.6,3,3,1,False,True,True,True,False,True,True,True,True,True,False
FLOOD+INFRA+TRANS+SSA,CACC,1227.1,326.25,1019.2,397.0,1.216858,0.685,4.125,3.925,4.6,3,3,1,False,True,True,True,False,True,True,True,True,True,False
FLOOD+INFRA+TRANS+SSA,CBAA,1252.2,338.75,1178.0,357.25,1.054613,0.685,4.125,3.925,4.6,3,3,2,True,True,True,True,True,True,True,True,True,True,False
FLOOD+INFRA+TRANS+SSA,CBAB,1235.7,334.0,1116.8,389.25,1.165419,0.685,4.125,3.925,4.6,3,3,1,False,True,True,True,False,True,True,True,True,True,False
FLOOD+INFRA+TRANS+SSA,CBAC,1229.1,329.25,1048.8,391.5,1.189066,0.685,4.125,3.925,4.6,3,3,1,False,True,True,True,False,True,True,True,True,True,False
FLOOD+INFRA+TRANS+SSA,CBBA,1239.7,335.25,1138.4,391.0,1.166294,0.685,4.125,3.925,4.6,3,3,1,False,True,True,True,False,True,True,True,True,True,False
FLOOD+INFRA+TRANS+SSA,CBBB,1223.2,330.5,1077.2,423.0,1.279879,0.685,4.125,3.925,4.6,3,3,0,False,True,True,True,False,True,True,True,True,True,False
FLOOD+INFRA+TRANS+SSA,CBBC,1216.6,325.75,1009.2,425.25,1.305449,0.685,4.125,3.925,4.6,3,3,0,False,True,True,True,False,True,True,True,True,True,False
FLOOD+INFRA+TRANS+SSA,CBCA,1234.7,331.75,1094.4,399.0,1.202713,0.685,4.125,3.925,4.6,3,3,1,False,True,True,True,False,True,True,True,True,True,False
FLOOD+INFRA+TRANS+SSA,CBCB,1218.2,327.0,1033.2,431.0,1.318043,0.685,4.125,3.925,4.6,3,3,0,False,True,True,True,False,True,True,True,True,True,False
FLOOD+INFRA+TRANS+SSA,CBCC,1211.6,322.25,965.2,433.25,1.344453,0.685,4.125,3.925,4.6,3,3,0,False,True,True,True,False,True,True,False,True,True,False
FLOOD+INFRA+TRANS+SSA,CCAA,1246.0,334.75,1118.0,364.25,1.088125,0.685,4.125,3.925,4.6,3,3,2,True,True,True,True,True,True,True,True,True,True,False
FLOOD+INFRA+TRANS+SSA,CCAB,1229.5,330.0,1056.8,396.25,1.200758,0.685,4.125,3.925,4.6,3,3,1,False,True,True,True,False,True,True,True,True,True,False
FLOOD+INFRA+TRANS+SSA,CCAC,1222.9,325.25,988.8,398.5,1.225211,0.685,4.125,3.925,4.6,3,3,1,False,True,True,True,False,True,True,False,True,True,False
FLOOD+INFRA+TRANS+SSA,CCBA,1233.5,331.25,1078.4,398.0,1.201509,0.685,4.125,3.925,4.6,3,3,1,False,True,True,True,False,True,True,True,True,True,False
FLOOD+INFRA+TRANS+SSA,CCBB,1217.0,326.5,1017.2,430.0,1.316998,0.685,4.125,3.925,4.6,3,3,0,False,True,True,True,False,True,True,True,True,True,False
FLOOD+INFRA+TRANS+SSA,CCBC,1210.4,321.75,949.2,432.25,1.343434,0.685,4.125,3.925,4.6,3,3,0,False,True,True,True,False,True,True,False,True,True,False
FLOOD+INFRA+TRANS+SSA,CCCA,1228.5,327.75,1034.4,406.0,1.238749,0.685,4.125,3.925,4.6,3,3,1,False,True,True,True,False,True,True,True,True,True,False
FLOOD+INFRA+TRANS+SSA,CCCB,1212.0,323.0,973.2,438.0,1.356037,0.685,4.125,3.925,4.6,3,3,0,False,True,True,True,False,True,True,False,True,True,False
FLOOD+INFRA+TRANS+SSA,CCCC,1205.4,318.25,905.2,440.25,1.383346,0.685,4.125,3.925,4.6,3,3,0,False,True,True,True,False,True,True,False,True,True,False
FLOOD+INFRA+ENV+SSA,AAAA,1323.0,357.0,1600.0,343.75,0.962885,0.675,4.025,3.875,4.6,3,3,4,False,True,True,True,True,False,True,True,True,True,False
FLOOD+INFRA+ENV+SSA,AAAB,1306.5,352.25,1538.8,375.75,1.066714,0.675,4.025,3.875,4.6,3,3,3,False,True,True,True,True,False,True,True,True,True,False
FLOOD+INFRA+ENV+SSA,AAAC,1299.9,347.5,1470.8,378.0,1.08777,0.675,4.025,3.875,4.6,3,3,3,True,True,True,True,True,True,True,True,True,True,False
FLOOD+INFRA+ENV+SSA,AABA,1309.0,353.25,1535.2,371.0,1.050248,0.675,4.025,3.875,4.6,3,3,3,False,True,True,True,True,False,True,True,True,True,False
FLOOD+INFRA+ENV+SSA,AABB,1292.5,348.5,1474.0,403.0,1.156385,0.675,4.025,3.875,4.6,3,3,2,True,True,True,True,True,True,True,True,True,True,False
FLOOD+INFRA+ENV+SSA,AABC,1285.9,343.75,1406.0,405.25,1.178909,0.675,4.025,3.875,4.6,3,3,2,True,True,True,True,True,True,True,True,True,True,False
FLOOD+INFRA+ENV+SSA,AACA,1303.4,349.5,1463.2,373.0,1.067239,0.675,4.025,3.875,4.6,3,3,3,False,True,True,True,True,False,True,True,True,True,False
FLOOD+INFRA+ENV+SSA,AACB,1286.9,344.75,1402.0,405.0,1.174764,0.675,4.025,3.875,4.6,3,3,2,True,True,True,True,True,True,True,True,True,True,False
FLOOD+INFRA+ENV+SSA,AACC,1280.3,340.0,1334.0,407.25,1.197794,0.675,4.025,3.875,4.6,3,3,2,True,True,True,True,True,True,True,True,True,True,False
FLOOD+INFRA+ENV+SSA,ABAA,1307.5,353.0,1546.0,380.0,1.076487,0.675,4.025,3.875,4.6,3,3,3,False,True,True,True,True,False,True,True,True,True,False
FLOOD+INFRA+ENV+SSA,ABAB,1291.0,348.25,1484.8,412.0,1.183058,0.675,4.025,3.875,4.6,3,3,2,True,True,True,True,True,True,True,True,True,True,False
FLOOD+INFRA+ENV+SSA,ABAC,1284.4,343.5,1416.8,414.25,1.205968,0.675,4.025,3.875,4.6,3,3,2,True,True,True,True,True,True,True,True,True,True,False
FLOOD+INFRA+ENV+SSA,ABBA,1293.5,349.25,1481.2,407.25,1.16607,0.675,4.025,3.875,4.6,3,3,2,True,True,True,True,True,True,True,True,True,True,False
FLOOD+INFRA+ENV+SSA,ABBB,1277.0,344.5,1420.0,439.25,1.275036,0.675,4.025,3.875,4.6,3,3,1,False,True,True,True,False,True,True,True,True,True,False
FLOOD+INFRA+ENV+SSA,ABBC,1270.4,339.75,1352.0,441.5,1.299485,0.675,4.025,3.875,4.6,3,3,1,False,True,True,True,False,True,True,True,True,True,False
FLOOD+INFRA+ENV+SSA,ABCA,1287.9,345.5,1409.2,409.25,1.184515,0.675,4.025,3.875,4.6,3,3,2,True,True,True,True,True,True,True,True,True,True,False
FLOOD+INFRA+ENV+SSA,ABCB,1271.4,340.75,1348.0,441.25,1.294938,0.675,4.025,3.875,4.6,3,3,1,False,True,True,True,False,True,True,True,True,True,False
FLOOD+INFRA+ENV+SSA,ABCC,1264.8,336.0,1280.0,443.5,1.31994,0.675,4.025,3.875,4.6,3,3,1,False,True,True,True,False,True,True,True,True,True,False
FLOOD+INFRA+ENV+SSA,ACAA,1301.3,349.0,1486.0,387.0,1.108883,0.675,4.025,3.875,4.6,3,3,3,False,True,True,True,True,False,True,True,True,True,False
FLOOD+INFRA+ENV+SSA,ACAB,1284.8,344.25,1424.8,419.0,1.217139,0.675,4.025,3.875,4.6,3,3,2,True,True,True,True,True,True,True,True,True,True,False
FLOOD+INFRA+ENV+SSA,ACAC,1278.2,339.5,1356.8,421.25,1.240795,0.675,4.025,3.875,4.6,3,3,2,True,True,True,True,True,True,True,True,True,True,False
FLOOD+INFRA+ENV+SSA,ACBA,1287.3,345.25,1421.2,414.25,1.199855,0.675,4.025,3.875,4.6,3,3,2,True,True,True,True,True,True,True,True,True,True,False
FLOOD+INFRA+ENV+SSA,ACBB,1270.8,340.5,1360.0,446.25,1.310573,0.675,4.025,3.875,4.6,3,3,1,False,True,True,True,False,True,True,True,True,True,False
FLOOD+INFRA+ENV+SSA,ACBC,1264.2,335.75,1292.0,448.5,1.335815,0.675,4.025,3.875,4.6,3,3,1,False,True,True,True,False,True,True,True,True,True,False
FLOOD+INFRA+ENV+SSA,ACCA,1281.7,341.5,1349.2,416.25,1.218887,0.675,4.025,3.875,4.6,3,3,2,True,True,True,True,True,True,True,True,True,True,False
FLOOD+INFRA+ENV+SSA,ACCB,1265.2,336.75,1288.0,448.25,1.331106,0.675,4.025,3.875,4.6,3,3,1,False,True,True,True,False,True,True,True,True,True,False
FLOOD+INFRA+ENV+SSA,ACCC,1258.6,332.0,1220.0,450.5,1.356928,0.675,4.025,3.875,4.6,3,3,1,False,True,True,True,False,True,True,True,True,True,False
FLOOD+INFRA+ENV+SSA,BAAA,1306.0,352.5,1492.0,347.0,0.984397,0.675,4.025,3.875,4.6,3,3,3,False,True,True,True,True,False,True,True,True,True,False
FLOOD+INFRA+ENV+SSA,BAAB,1289.5,347.75,1430.8,379.0,1.089863,0.675,4.025,3.875,4.6,3,3,2,True,True,True,True,True,True,True,True,True,True,False
FLOOD+INFRA+ENV+SSA,BAAC,1282.9,343.0,1362.8,381.25,1.111516,0.675,4.025,3.875,4.6,3,3,2,True,True,True,True,True,True,True,True,True,True,False
FLOOD+INFRA+ENV+SSA,BABA,1292.0,348.75,1427.2,374.25,1.073118,0.675,4.025,3.875,4.6,3,3,2,True,True,True,True,True,True,True,True,True,True,False
FLOOD+INFRA+ENV+SSA,BABB,1275.5,344.0,1366.0,406.25,1.180959,0.675,4.025,3.875,4.6,3,3,1,False,True,True,True,False,True,True,True,True,True,False
FLOOD+INFRA+ENV+SSA,BABC,1268.9,339.25,1298.0,408.5,1.204127,0.675,4.025,3.875,4.6,3,3,1,False,True,True,True,False,True,True,True,True,True,False
FLOOD+INFRA+ENV+SSA,BACA,1286.4,345.0,1355.2,376.25,1.09058,0.675,4.025,3.875,4.6,3,3,2,True,True,True,True,True,True,True,True,True,True,False
FLOOD+INFRA+ENV+SSA,BACB,1269.9,340.25,1294.0,408.25,1.199853,0.675,4.025,3.875,4.6,3,3,1,False,True,True,True,False,True,True,True,True,True,False
FLOOD+INFRA+ENV+SSA,BACC,1263.3,335.5,1226.0,410.5,1.223547,0.675,4.025,3.875,4.6,3,3,1,False,True,True,True,False,True,True,True,True,True,False
FLOOD+INFRA+ENV+SSA,BBAA,1290.5,348.5,1438.0,383.25,1.099713,0.675,4.025,3.875,4.6,3,3,2,True,True,True,True,True,True,True,True,True,True,False
FLOOD+INFRA+ENV+SSA,BBAB,1274.0,343.75,1376.8,415.25,1.208,0.675,4.025,3.875,4.6,3,3,1,False,True,True,True,False,True,True,True,True,True,False
FLOOD+INFRA+ENV+SSA,BBAC,1267.4,339.0,1308.8,417.5,1.231563,0.675,4.025,3.875,4.6,3,3,1,False,True,True,True,False,True,True,True,True,True,False
FLOOD+INFRA+ENV+SSA,BBBA,1276.5,344.75,1373.2,410.5,1.190718,0.675,4.025,3.875,4.6,3,3,1,False,True,True,True,False,True,True,True,True,True,False
FLOOD+INFRA+ENV+SSA,BBBB,1260.0,340.0,1312.0,442.5,1.301471,0.675,4.025,3.875,4.6,3,3,0,False,True,True,True,False,True,True,True,True,True,False
FLOOD+INFRA+ENV+SSA,BBBC,1253.4,335.25,1244.0,444.75,1.326622,0.675,4.025,3.875,4.6,3,3,0,False,True,True,True,False,True,True,True,True,True,False
FLOOD+INFRA+ENV+SSA,BBCA,1270.9,341.0,1301.2,412.5,1.209677,0.675,4.025,3.875,4.6,3,3,1,False,True,True,True,False,True,True,True,True,True,False
FLOOD+INFRA+ENV+SSA,BBCB,1254.4,336.25,1240.0,444.5,1.321933,0.675,4.025,3.875,4.6,3,3,0,False,True,True,True,False,True,True,True,True,True,False
FLOOD+INFRA+ENV+SSA,BBCC,1247.8,331.5,1172.0,446.75,1.347662,0.675,4.025,3.875,4.6,3,3,0,False,True,True,True,False,True,True,True,True,True,False
FLOOD+INFRA+ENV+SSA,BCAA,1284.3,344.5,1378.0,390.25,1.132801,0.675,4.025,3.875,4.6,3,3,2,True,True,True,True,True,True,True,True,True,True,False
FLOOD+INFRA+ENV+SSA,BCAB,1267.8,339.75,1316.8,422.25,1.242826,0.675,4.025,3.875,4.6,3,3,1,False,True,True,True,False,True,True,True,True,True,False
FLOOD+INFRA+ENV+SSA,BCAC,1261.2,335.0,1248.8,424.5,1.267164,0.675,4.025,3.875,4.6,3,3,1,False,True,True,True,False,True,True,True,True,True,False
FLOOD+INFRA+ENV+SSA,BCBA,1270.3,340.75,1313.2,417.5,1.225238,0.675,4.025,3.875,4.6,3,3,1,False,True,True,True,False,True,True,True,True,True,False
FLOOD+INFRA+ENV+SSA,BCBB,1253.8,336.0,1252.0,449.5,1.337798,0.675,4.025,3.875,4.6,3,3,0,False,True,True,True,False,True,True,True,True,True,False
FLOOD+INFRA+ENV+SSA,BCBC,1247.2,331.25,1184.0,451.75,1.363774,0.675,4.025,3.875,4.6,3,3,0,False,True,True,True,False,True,True,True,True,True,False
FLOOD+INFRA+ENV+SSA,BCCA,1264.7,337.0,1241.2,419.5,1.244807,0.675,4.025,3.875,4.6,3,3,1,False,True,True,True,False,True,True,True,True,True,False
FLOOD+INFRA+ENV+SSA,BCCB,1248.2,332.25,1180.0,451.5,1.358916,0.675,4.025,3.875,4.6,3,3,0,False,True,True,True,False,True,True,True,True,True,False
FLOOD+INFRA+ENV+SSA,BCCC,1241.6,327.5,1112.0,453.75,1.385496,0.675,4.025,3.875,4.6,3,3,0,False,True,True,True,False,True,True,True,True,True,False
FLOOD+INFRA+ENV+SSA,CAAA,1299.2,348.0,1372.0,328.5,0.943966,0.675,4.025,3.875,4.6,3,3,3,True,True,True,True,True,True,True,True,True,True,False
FLOOD+INFRA+ENV+SSA,CAAB,1282.7,343.25,1310.8,360.5,1.050255,0.675,4.025,3.875,4.6,3,3,2,True,True,True,True,True,True,True,True,True,True,False
FLOOD+INFRA+ENV+SSA,CAAC,1276.1,338.5,1242.8,362.75,1.07164,0.675,4.025,3.875,4.6,3,3,2,True,True,True,True,True,True,True,True,True,True,False
FLOOD+INFRA+ENV+SSA,CABA,1285.2,344.25,1307.2,355.75,1.033406,0.675,4.025,3.875,4.6,3,3,2,True,True,True,True,True,True,True,True,True,True,False
FLOOD+INFRA+ENV+SSA,CABB,1268.7,339.5,1246.0,387.75,1.142121,0.675,4.025,3.875,4.6,3,3,1,False,True,True,True,False,True,True,True,True,True,False
FLOOD+INFRA+ENV+SSA,CABC,1262.1,334.75,1178.0,390.0,1.165049,0.675,4.025,3.875,4.6,3,3,1,False,True,True,True,False,True,True,True,True,True,False
FLOOD+INFRA+ENV+SSA,CACA,1279.6,340.5,1235.2,357.75,1.050661,0.675,4.025,3.875,4.6,3,3,2,True,True,True,True,True,True,True,True,True,True,False
FLOOD+INFRA+ENV+SSA,CACB,1263.1,335.75,1174.0,389.75,1.160834,0.675,4.025,3.875,4.6,3,3,1,False,True,True,True,False,True,True,True,True,True,False
FLOOD+INFRA+ENV+SSA,CACC,1256.5,331.0,1106.0,392.0,1.18429,0.675,4.025,3.875,4.6,3,3,1,False,True,True,True,False,True,True,True,True,True,False
FLOOD+INFRA+ENV+SSA,CBAA,1283.7,344.0,1318.0,364.75,1.06032,0.675,4.025,3.875,4.6,3,3,2,True,True,True,True,True,True,True,True,True,True,False
FLOOD+INFRA+ENV+SSA,CBAB,1267.2,339.25,1256.8,396.75,1.169492,0.675,4.025,3.875,4.6,3,3,1,False,True,True,True,False,True,True,True,True,True,False
FLOOD+INFRA+ENV+SSA,CBAC,1260.6,334.5,1188.8,399.0,1.192825,0.675,4.025,3.875,4.6,3,3,1,False,True,True,True,False,True,True,True,True,True,False
FLOOD+INFRA+ENV+SSA,CBBA,1269.7,340.25,1253.2,392.0,1.152094,0.675,4.025,3.875,4.6,3,3,1,False,True,True,True,False,True,True,True,True,True,False
FLOOD+INFRA+ENV+SSA,CBBB,1253.2,335.5,1192.0,424.0,1.263785,0.675,4.025,3.875,4.6,3,3,0,False,True,True,True,False,True,True,True,True,True,False
FLOOD+INFRA+ENV+SSA,CBBC,1246.6,330.75,1124.0,426.25,1.288738,0.675,4.025,3.875,4.6,3,3,0,False,True,True,True,False,True,True,True,True,True,False
FLOOD+INFRA+ENV+SSA,CBCA,1264.1,336.5,1181.2,394.0,1.170877,0.675,4.025,3.875,4.6,3,3,1,False,True,True,True,False,True,True,True,True,True,False
FLOOD+INFRA+ENV+SSA,CBCB,1247.6,331.75,1120.0,426.0,1.284099,0.675,4.025,3.875,4.6,3,3,0,False,True,True,True,False,True,True,True,True,True,False
FLOOD+INFRA+ENV+SSA,CBCC,1241.0,327.0,1052.0,428.25,1.309633,0.675,4.025,3.875,4.6,3,3,0,False,True,True,True,False,True,True,True,True,True,False
FLOOD+INFRA+ENV+SSA,CCAA,1277.5,340.0,1258.0,371.75,1.093382,0.675,4.025,3.875,4.6,3,3,2,True,True,True,True,True,True,True,True,True,True,False
FLOOD+INFRA+ENV+SSA,CCAB,1261.0,335.25,1196.8,403.75,1.204325,0.675,4.025,3.875,4.6,3,3,1,False,True,True,True,False,True,True,True,True,True,False
FLOOD+INFRA+ENV+SSA,CCAC,1254.4,330.5,1128.8,406.0,1.228442,0.675,4.025,3.875,4.6,3,3,1,False,True,True,True,False,True,True,True,True,True,False
FLOOD+INFRA+ENV+SSA,CCBA,1263.5,336.25,1193.2,399.0,1.186617,0.675,4.025,3.875,4.6,3,3,1,False,True,True,True,False,True,True,True,True,True,False
FLOOD+INFRA+ENV+SSA,CCBB,1247.0,331.5,1132.0,431.0,1.300151,0.675,4.025,3.875,4.6,3,3,0,False,True,True,True,False,True,True,True,True,True,False
FLOOD+INFRA+ENV+SSA,CCBC,1240.4,326.75,1064.0,433.25,1.325937,0.675,4.025,3.875,4.6,3,3,0,False,True,True,True,False,True,True,True,True,True,False
FLOOD+INFRA+ENV+SSA,CCCA,1257.9,332.5,1121.2,401.0,1.206015,0.675,4.025,3.875,4.6,3,3,1,False,True,True,True,False,True,True,True,True,True,False
FLOOD+INFRA+ENV+SSA,CCCB,1241.4,327.75,1060.0,433.0,1.321129,0.675,4.025,3.875,4.6,3,3,0,False,True,True,True,False,True,True,True,True,True,False
FLOOD+INFRA+ENV+SSA,CCCC,1234.8,323.0,992.0,435.25,1.347523,0.675,4.025,3.875,4.6,3,3,0,False,True,True,True,False,True,True,False,True,True,False
FLOOD+ARCTIC+TRANS+ENV,AAAA,1396.5,393.75,1650.0,360.0,0.914286,0.6675,4.1,3.9,4.3,4,3,4,False,True,True,True,True,False,False,True,True,True,False
FLOOD+ARCTIC+TRANS+ENV,AAAB,1382.5,390.0,1585.2,387.25,0.992949,0.6675,4.1,3.9,4.3,4,3,3,False,True,True,True,True,False,False,True,True,True,False
FLOOD+ARCTIC+TRANS+ENV,AAAC,1376.9,386.25,1513.2,389.25,1.007767,0.6675,4.1,3.9,4.3,4,3,3,False,True,True,True,True,False,False,True,True,True,False
FLOOD+ARCTIC+TRANS+ENV,AABA,1384.0,390.25,1610.4,393.75,1.008969,0.6675,4.1,3.9,4.3,4,3,3,False,True,True,True,True,False,False,True,True,True,False
FLOOD+ARCTIC+TRANS+ENV,AABB,1370.0,386.5,1545.6,421.0,1.089263,0.6675,4.1,3.9,4.3,4,3,2,False,True,True,True,True,False,False,True,True,True,False
FLOOD+ARCTIC+TRANS+ENV,AABC,1364.4,382.75,1473.6,423.0,1.10516,0.6675,4.1,3.9,4.3,4,3,2,False,True,True,True,True,False,False,True,True,True,False
FLOOD+ARCTIC+TRANS+ENV,AACA,1379.0,386.75,1566.4,401.75,1.038785,0.6675,4.1,3.9,4.3,4,3,3,False,True,True,True,True,False,False,True,True,True,False
FLOOD+ARCTIC+TRANS+ENV,AACB,1365.0,383.0,1501.6,429.0,1.120104,0.6675,4.1,3.9,4.3,4,3,2,False,True,True,True,True,False,False,True,True,True,False
FLOOD+ARCTIC+TRANS+ENV,AACC,1359.4,379.25,1429.6,431.0,1.136454,0.6675,4.1,3.9,4.3,4,3,2,False,True,True,True,True,False,False,True,True,True,False
FLOOD+ARCTIC+TRANS+ENV,ABAA,1373.5,386.75,1565.4,403.75,1.043956,0.6675,4.1,3.9,4.3,4,3,3,False,True,True,True,True,False,False,True,True,True,False
FLOOD+ARCTIC+TRANS+ENV,ABAB,1359.5,383.0,1500.6,431.0,1.125326,0.6675,4.1,3.9,4.3,4,3,2,False,True,True,True,True,False,False,True,True,True,False
FLOOD+ARCTIC+TRANS+ENV,ABAC,1353.9,379.25,1428.6,433.0,1.141727,0.6675,4.1,3.9,4.3,4,3,2,False,True,True,True,True,False,False,True,True,True,False
FLOOD+ARCTIC+TRANS+ENV,ABBA,1361.0,383.25,1525.8,437.5,1.141553,0.6675,4.1,3.9,4.3,4,3,2,False,True,True,True,True,False,False,True,True,True,False
FLOOD+ARCTIC+TRANS+ENV,ABBB,1347.0,379.5,1461.0,464.75,1.224638,0.6675,4.1,3.9,4.3,4,3,1,False,True,True,True,False,False,False,True,True,True,False
FLOOD+ARCTIC+TRANS+ENV,ABBC,1341.4,375.75,1389.0,466.75,1.242182,0.6675,4.1,3.9,4.3,4,3,1,False,True,True,True,False,False,False,True,True,True,False
FLOOD+ARCTIC+TRANS+ENV,ABCA,1356.0,379.75,1481.8,445.5,1.17314,0.6675,4.1,3.9,4.3,4,3,2,False,True,True,True,True,False,False,True,True,True,False
FLOOD+ARCTIC+TRANS+ENV,ABCB,1342.0,376.0,1417.0,472.75,1.257314,0.6675,4.1,3.9,4.3,4,3,1,False,True,True,True,False,False,False,True,True,True,False
FLOOD+ARCTIC+TRANS+ENV,ABCC,1336.4,372.25,1345.0,474.75,1.275353,0.6675,4.1,3.9,4.3,4,3,1,False,True,True,True,False,False,False,True,True,True,False
FLOOD+ARCTIC+TRANS+ENV,ACAA,1364.3,379.75,1471.4,407.75,1.073733,0.6675,4.1,3.9,4.3,4,3,3,False,True,True,True,True,False,False,True,True,True,False
FLOOD+ARCTIC+TRANS+ENV,ACAB,1350.3,376.0,1406.6,435.0,1.156915,0.6675,4.1,3.9,4.3,4,3,2,False,True,True,True,True,False,False,True,True,True,False
FLOOD+ARCTIC+TRANS+ENV,ACAC,1344.7,372.25,1334.6,437.0,1.173942,0.6675,4.1,3.9,4.3,4,3,2,False,True,True,True,True,False,False,True,True,True,False
FLOOD+ARCTIC+TRANS+ENV,ACBA,1351.8,376.25,1431.8,441.5,1.173422,0.6675,4.1,3.9,4.3,4,3,2,False,True,True,True,True,False,False,True,True,True,False
FLOOD+ARCTIC+TRANS+ENV,ACBB,1337.8,372.5,1367.0,468.75,1.258389,0.6675,4.1,3.9,4.3,4,3,1,False,True,True,True,False,False,False,True,True,True,False
FLOOD+ARCTIC+TRANS+ENV,ACBC,1332.2,368.75,1295.0,470.75,1.27661,0.6675,4.1,3.9,4.3,4,3,1,False,True,True,True,False,False,False,True,True,True,False
FLOOD+ARCTIC+TRANS+ENV,ACCA,1346.8,372.75,1387.8,449.5,1.205902,0.6675,4.1,3.9,4.3,4,3,2,False,True,True,True,True,False,False,True,True,True,False
FLOOD+ARCTIC+TRANS+ENV,ACCB,1332.8,369.0,1323.0,476.75,1.292005,0.6675,4.1,3.9,4.3,4,3,1,False,True,True,True,False,False,False,True,True,True,False
FLOOD+ARCTIC+TRANS+ENV,ACCC,1327.2,365.25,1251.0,478.75,1.310746,0.6675,4.1,3.9,4.3,4,3,1,False,True,True,True,False,False,False,True,True,True,False
FLOOD+ARCTIC+TRANS+ENV,BAAA,1379.5,389.25,1542.0,363.25,0.933205,0.6675,4.1,3.9,4.3,4,3,3,False,True,True,True,True,False,False,True,True,True,False
FLOOD+ARCTIC+TRANS+ENV,BAAB,1365.5,385.5,1477.2,390.5,1.01297,0.6675,4.1,3.9,4.3,4,3,2,False,True,True,True,True,False,False,True,True,True,False
FLOOD+ARCTIC+TRANS+ENV,BAAC,1359.9,381.75,1405.2,392.5,1.02816,0.6675,4.1,3.9,4.3,4,3,2,False,True,True,True,True,False,False,True,True,True,False
FLOOD+ARCTIC+TRANS+ENV,BABA,1367.0,385.75,1502.4,397.0,1.029164,0.6675,4.1,3.9,4.3,4,3,2,False,True,True,True,True,False,False,True,True,True,False
FLOOD+ARCTIC+TRANS+ENV,BABB,1353.0,382.0,1437.6,424.25,1.110602,0.6675,4.1,3.9,4.3,4,3,1,False,True,True,True,False,False,False,True,True,True,False
FLOOD+ARCTIC+TRANS+ENV,BABC,1347.4,378.25,1365.6,426.25,1.1269,0.6675,4.1,3.9,4.3,4,3,1,False,True,True,True,False,False,False,True,True,True,False
FLOOD+ARCTIC+TRANS+ENV,BACA,1362.0,382.25,1458.4,405.0,1.059516,0.6675,4.1,3.9,4.3,4,3,2,False,True,True,True,True,False,False,True,True,True,False
FLOOD+ARCTIC+TRANS+ENV,BACB,1348.0,378.5,1393.6,432.25,1.142008,0.6675,4.1,3.9,4.3,4,3,1,False,True,True,True,False,False,False,True,True,True,False
FLOOD+ARCTIC+TRANS+ENV,BACC,1342.4,374.75,1321.6,434.25,1.158773,0.6675,4.1,3.9,4.3,4,3,1,False,True,True,True,False,False,False,True,True,True,False
FLOOD+ARCTIC+TRANS+ENV,BBAA,1356.5,382.25,1457.4,407.0,1.064748,0.6675,4.1,3.9,4.3,4,3,2,False,True,True,True,True,False,False,True,True,True,False
FLOOD+ARCTIC+TRANS+ENV,BBAB,1342.5,378.5,1392.6,434.25,1.147292,0.6675,4.1,3.9,4.3,4,3,1,False,True,True,True,False,False,False,True,True,True,False
FLOOD+ARCTIC+TRANS+ENV,BBAC,1336.9,374.75,1320.6,436.25,1.164109,0.6675,4.1,3.9,4.3,4,3,1,False,True,True,True,False,False,False,True,True,True,False
FLOOD+ARCTIC+TRANS+ENV,BBBA,1344.0,378.75,1417.8,440.75,1.163696,0.6675,4.1,3.9,4.3,4,3,1,False,True,True,True,False,False,False,True,True,True,False
FLOOD+ARCTIC+TRANS+ENV,BBBB,1330.0,375.0,1353.0,468.0,1.248,0.6675,4.1,3.9,4.3,4,3,0,False,True,True,True,False,False,False,True,True,True,False
FLOOD+ARCTIC+TRANS+ENV,BBBC,1324.4,371.25,1281.0,470.0,1.265993,0.6675,4.1,3.9,4.3,4,3,0,False,True,True,True,False,False,False,True,True,True,False
FLOOD+ARCTIC+TRANS+ENV,BBCA,1339.0,375.25,1373.8,448.75,1.195869,0.6675,4.1,3.9,4.3,4,3,1,False,True,True,True,False,False,False,True,True,True,False
FLOOD+ARCTIC+TRANS+ENV,BBCB,1325.0,371.5,1309.0,476.0,1.281292,0.6675,4.1,3.9,4.3,4,3,0,False,True,True,True,False,False,False,True,True,True,False
FLOOD+ARCTIC+TRANS+ENV,BBCC,1319.4,367.75,1237.0,478.0,1.299796,0.6675,4.1,3.9,4.3,4,3,0,False,True,True,True,False,False,False,True,True,True,False
FLOOD+ARCTIC+TRANS+ENV,BCAA,1347.3,375.25,1363.4,411.0,1.09527,0.6675,4.1,3.9,4.3,4,3,2,False,True,True,True,True,False,False,True,True,True,False
FLOOD+ARCTIC+TRANS+ENV,BCAB,1333.3,371.5,1298.6,438.25,1.179677,0.6675,4.1,3.9,4.3,4,3,1,False,True,True,True,False,False,False,True,True,True,False
FLOOD+ARCTIC+TRANS+ENV,BCAC,1327.7,367.75,1226.6,440.25,1.197145,0.6675,4.1,3.9,4.3,4,3,1,False,True,True,True,False,False,False,True,True,True,False
FLOOD+ARCTIC+TRANS+ENV,BCBA,1334.8,371.75,1323.8,444.75,1.196369,0.6675,4.1,3.9,4.3,4,3,1,False,True,True,True,False,False,False,True,True,True,False
FLOOD+ARCTIC+TRANS+ENV,BCBB,1320.8,368.0,1259.0,472.0,1.282609,0.6675,4.1,3.9,4.3,4,3,0,False,True,True,True,False,False,False,True,True,True,False
FLOOD+ARCTIC+TRANS+ENV,BCBC,1315.2,364.25,1187.0,474.0,1.301304,0.6675,4.1,3.9,4.3,4,3,0,False,True,True,True,False,False,False,True,True,True,False
FLOOD+ARCTIC+TRANS+ENV,BCCA,1329.8,368.25,1279.8,452.75,1.229464,0.6675,4.1,3.9,4.3,4,3,1,False,True,True,True,False,False,False,True,True,True,False
FLOOD+ARCTIC+TRANS+ENV,BCCB,1315.8,364.5,1215.0,480.0,1.316872,0.6675,4.1,3.9,4.3,4,3,0,False,True,True,True,False,False,False,True,True,True,False
FLOOD+ARCTIC+TRANS+ENV,BCCC,1310.2,360.75,1143.0,482.0,1.336105,0.6675,4.1,3.9,4.3,4,3,0,False,True,True,True,False,False,False,True,True,True,False
FLOOD+ARCTIC+TRANS+ENV,CAAA,1372.7,384.75,1422.0,344.75,0.896036,0.6675,4.1,3.9,4.3,4,3,3,False,True,True,True,True,False,False,True,True,True,False
FLOOD+ARCTIC+TRANS+ENV,CAAB,1358.7,381.0,1357.2,372.0,0.976378,0.6675,4.1,3.9,4.3,4,3,2,False,True,True,True,True,False,False,True,True,True,False
FLOOD+ARCTIC+TRANS+ENV,CAAC,1353.1,377.25,1285.2,374.0,0.991385,0.6675,4.1,3.9,4.3,4,3,2,False,True,True,True,True,False,False,True,True,True,False
FLOOD+ARCTIC+TRANS+ENV,CABA,1360.2,381.25,1382.4,378.5,0.992787,0.6675,4.1,3.9,4.3,4,3,2,False,True,True,True,True,False,False,True,True,True,False
FLOOD+ARCTIC+TRANS+ENV,CABB,1346.2,377.5,1317.6,405.75,1.074834,0.6675,4.1,3.9,4.3,4,3,1,False,True,True,True,False,False,False,True,True,True,False
FLOOD+ARCTIC+TRANS+ENV,CABC,1340.6,373.75,1245.6,407.75,1.09097,0.6675,4.1,3.9,4.3,4,3,1,False,True,True,True,False,False,False,True,True,True,False
FLOOD+ARCTIC+TRANS+ENV,CACA,1355.2,377.75,1338.4,386.5,1.023163,0.6675,4.1,3.9,4.3,4,3,2,False,True,True,True,True,False,False,True,True,True,False
FLOOD+ARCTIC+TRANS+ENV,CACB,1341.2,374.0,1273.6,413.75,1.106283,0.6675,4.1,3.9,4.3,4,3,1,False,True,True,True,False,False,False,True,True,True,False
FLOOD+ARCTIC+TRANS+ENV,CACC,1335.6,370.25,1201.6,415.75,1.12289,0.6675,4.1,3.9,4.3,4,3,1,False,True,True,True,False,False,False,True,True,True,False
FLOOD+ARCTIC+TRANS+ENV,CBAA,1349.7,377.75,1337.4,388.5,1.028458,0.6675,4.1,3.9,4.3,4,3,2,False,True,True,True,True,False,False,True,True,True,False
FLOOD+ARCTIC+TRANS+ENV,CBAB,1335.7,374.0,1272.6,415.75,1.111631,0.6675,4.1,3.9,4.3,4,3,1,False,True,True,True,False,False,False,True,True,True,False
FLOOD+ARCTIC+TRANS+ENV,CBAC,1330.1,370.25,1200.6,417.75,1.128292,0.6675,4.1,3.9,4.3,4,3,1,False,True,True,True,False,False,False,True,True,True,False
FLOOD+ARCTIC+TRANS+ENV,CBBA,1337.2,374.25,1297.8,422.25,1.128257,0.6675,4.1,3.9,4.3,4,3,1,False,True,True,True,False,False,False,True,True,True,False
FLOOD+ARCTIC+TRANS+ENV,CBBB,1323.2,370.5,1233.0,449.5,1.213225,0.6675,4.1,3.9,4.3,4,3,0,False,True,True,True,False,False,False,True,True,True,False
FLOOD+ARCTIC+TRANS+ENV,CBBC,1317.6,366.75,1161.0,451.5,1.231084,0.6675,4.1,3.9,4.3,4,3,0,False,True,True,True,False,False,False,True,True,True,False
FLOOD+ARCTIC+TRANS+ENV,CBCA,1332.2,370.75,1253.8,430.25,1.160486,0.6675,4.1,3.9,4.3,4,3,1,False,True,True,True,False,False,False,True,True,True,False
FLOOD+ARCTIC+TRANS+ENV,CBCB,1318.2,367.0,1189.0,457.5,1.246594,0.6675,4.1,3.9,4.3,4,3,0,False,True,True,True,False,False,False,True,True,True,False
FLOOD+ARCTIC+TRANS+ENV,CBCC,1312.6,363.25,1117.0,459.5,1.264969,0.6675,4.1,3.9,4.3,4,3,0,False,True,True,True,False,False,False,True,True,True,False
FLOOD+ARCTIC+TRANS+ENV,CCAA,1340.5,370.75,1243.4,392.5,1.058665,0.6675,4.1,3.9,4.3,4,3,2,False,True,True,True,True,False,False,True,True,True,False
FLOOD+ARCTIC+TRANS+ENV,CCAB,1326.5,367.0,1178.6,419.75,1.143733,0.6675,4.1,3.9,4.3,4,3,1,False,True,True,True,False,False,False,True,True,True,False
FLOOD+ARCTIC+TRANS+ENV,CCAC,1320.9,363.25,1106.6,421.75,1.161046,0.6675,4.1,3.9,4.3,4,3,1,False,True,True,True,False,False,False,True,True,True,False
FLOOD+ARCTIC+TRANS+ENV,CCBA,1328.0,367.25,1203.8,426.25,1.160654,0.6675,4.1,3.9,4.3,4,3,1,False,True,True,True,False,False,False,True,True,True,False
FLOOD+ARCTIC+TRANS+ENV,CCBB,1314.0,363.5,1139.0,453.5,1.247593,0.6675,4.1,3.9,4.3,4,3,0,False,True,True,True,False,False,False,True,True,True,False
FLOOD+ARCTIC+TRANS+ENV,CCBC,1308.4,359.75,1067.0,455.5,1.266157,0.6675,4.1,3.9,4.3,4,3,0,False,True,True,True,False,False,True,True,True,True,False
FLOOD+ARCTIC+TRANS+ENV,CCCA,1323.0,363.75,1159.8,434.25,1.193814,0.6675,4.1,3.9,4.3,4,3,1,False,True,True,True,False,False,False,True,True,True,False
FLOOD+ARCTIC+TRANS+ENV,CCCB,1309.0,360.0,1095.0,461.5,1.281944,0.6675,4.1,3.9,4.3,4,3,0,False,True,True,True,False,False,True,True,True,True,False
FLOOD+ARCTIC+TRANS+ENV,CCCC,1303.4,356.25,1023.0,463.5,1.301053,0.6675,4.1,3.9,4.3,4,3,0,False,True,True,True,False,False,True,True,True,True,False
FLOOD+ARCTIC+TRANS+SSA,AAAA,1449.0,414.75,1630.0,373.75,0.901145,0.645,3.9,3.625,4.35,3,4,4,False,True,True,True,True,False,False,True,True,True,False
FLOOD+ARCTIC+TRANS+SSA,AAAB,1432.5,410.0,1568.8,405.75,0.989634,0.645,3.9,3.625,4.35,3,4,3,False,True,True,True,True,False,False,True,True,True,False
FLOOD+ARCTIC+TRANS+SSA,AAAC,1425.9,405.25,1500.8,408.0,1.006786,0.645,3.9,3.625,4.35,3,4,3,False,True,True,True,True,False,False,True,True,True,False
FLOOD+ARCTIC+TRANS+SSA,AABA,1436.5,411.25,1590.4,407.5,0.990881,0.645,3.9,3.625,4.35,3,4,3,False,True,True,True,True,False,False,True,True,True,False
FLOOD+ARCTIC+TRANS+SSA,AABB,1420.0,406.5,1529.2,439.5,1.081181,0.645,3.9,3.625,4.35,3,4,2,False,True,True,True,True,False,False,True,True,True,False
FLOOD+ARCTIC+TRANS+SSA,AABC,1413.4,401.75,1461.2,441.75,1.099564,0.645,3.9,3.625,4.35,3,4,2,False,True,True,True,True,False,False,True,True,True,False
FLOOD+ARCTIC+TRANS+SSA,AACA,1431.5,407.75,1546.4,415.5,1.019007,0.645,3.9,3.625,4.35,3,4,3,False,True,True,True,True,False,False,True,True,True,False
FLOOD+ARCTIC+TRANS+SSA,AACB,1415.0,403.0,1485.2,447.5,1.110422,0.645,3.9,3.625,4.35,3,4,2,False,True,True,True,True,False,False,True,True,True,False
FLOOD+ARCTIC+TRANS+SSA,AACC,1408.4,398.25,1417.2,449.75,1.129316,0.645,3.9,3.625,4.35,3,4,2,False,True,True,True,True,False,False,True,True,True,False
FLOOD+ARCTIC+TRANS+SSA,ABAA,1426.0,407.75,1545.4,417.5,1.023912,0.645,3.9,3.625,4.35,3,4,3,False,True,True,True,True,False,False,True,True,True,False
FLOOD+ARCTIC+TRANS+SSA,ABAB,1409.5,403.0,1484.2,449.5,1.115385,0.645,3.9,3.625,4.35,3,4,2,False,True,True,True,True,False,False,True,True,True,False
FLOOD+ARCTIC+TRANS+SSA,ABAC,1402.9,398.25,1416.2,451.75,1.134338,0.645,3.9,3.625,4.35,3,4,2,False,True,True,True,True,False,False,True,True,True,False
FLOOD+ARCTIC+TRANS+SSA,ABBA,1413.5,404.25,1505.8,451.25,1.116265,0.645,3.9,3.625,4.35,3,4,2,False,True,True,True,True,False,False,True,True,True,False
FLOOD+ARCTIC+TRANS+SSA,ABBB,1397.0,399.5,1444.6,483.25,1.209637,0.645,3.9,3.625,4.35,3,4,1,False,True,True,True,False,False,False,True,True,True,False
FLOOD+ARCTIC+TRANS+SSA,ABBC,1390.4,394.75,1376.6,485.5,1.229892,0.645,3.9,3.625,4.35,3,4,1,False,True,True,True,False,False,False,True,True,True,False
FLOOD+ARCTIC+TRANS+SSA,ABCA,1408.5,400.75,1461.8,459.25,1.145976,0.645,3.9,3.625,4.35,3,4,2,False,True,True,True,True,False,False,True,True,True,False
FLOOD+ARCTIC+TRANS+SSA,ABCB,1392.0,396.0,1400.6,491.25,1.24053,0.645,3.9,3.625,4.35,3,4,1,False,True,True,True,False,False,False,True,True,True,False
FLOOD+ARCTIC+TRANS+SSA,ABCC,1385.4,391.25,1332.6,493.5,1.261342,0.645,3.9,3.625,4.35,3,4,1,False,True,True,True,False,False,False,True,True,True,False
FLOOD+ARCTIC+TRANS+SSA,ACAA,1416.8,400.75,1451.4,421.5,1.051778,0.645,3.9,3.625,4.35,3,4,3,False,True,True,True,True,False,False,True,True,True,False
FLOOD+ARCTIC+TRANS+SSA,ACAB,1400.3,396.0,1390.2,453.5,1.145202,0.645,3.9,3.625,4.35,3,4,2,False,True,True,True,True,False,False,True,True,True,False
FLOOD+ARCTIC+TRANS+SSA,ACAC,1393.7,391.25,1322.2,455.75,1.164856,0.645,3.9,3.625,4.35,3,4,2,False,True,True,True,True,False,False,True,True,True,False
FLOOD+ARCTIC+TRANS+SSA,ACBA,1404.3,397.25,1411.8,455.25,1.146004,0.645,3.9,3.625,4.35,3,4,2,False,True,True,True,True,False,False,True,True,True,False
FLOOD+ARCTIC+TRANS+SSA,ACBB,1387.8,392.5,1350.6,487.25,1.241401,0.645,3.9,3.625,4.35,3,4,1,False,True,True,True,False,False,False,True,True,True,False
FLOOD+ARCTIC+TRANS+SSA,ACBC,1381.2,387.75,1282.6,489.5,1.262411,0.645,3.9,3.625,4.35,3,4,1,False,True,True,True,False,False,False,True,True,True,False
FLOOD+ARCTIC+TRANS+SSA,ACCA,1399.3,393.75,1367.8,463.25,1.176508,0.645,3.9,3.625,4.35,3,4,2,False,True,True,True,True,False,False,True,True,True,False
FLOOD+ARCTIC+TRANS+SSA,ACCB,1382.8,389.0,1306.6,495.25,1.273136,0.645,3.9,3.625,4.35,3,4,1,False,True,True,True,False,False,False,True,True,True,False
FLOOD+ARCTIC+TRANS+SSA,ACCC,1376.2,384.25,1238.6,497.5,1.29473,0.645,3.9,3.625,4.35,3,4,1,False,True,True,True,False,False,False,True,True,True,False
FLOOD+ARCTIC+TRANS+SSA,BAAA,1432.0,410.25,1522.0,377.0,0.918952,0.645,3.9,3.625,4.35,3,4,3,False,True,True,True,True,False,False,True,True,True,False
FLOOD+ARCTIC+TRANS+SSA,BAAB,1415.5,405.5,1460.8,409.0,1.008631,0.645,3.9,3.625,4.35,3,4,2,False,True,True,True,True,False,False,True,True,True,False
FLOOD+ARCTIC+TRANS+SSA,BAAC,1408.9,400.75,1392.8,411.25,1.026201,0.645,3.9,3.625,4.35,3,4,2,False,True,True,True,True,False,False,True,True,True,False
FLOOD+ARCTIC+TRANS+SSA,BABA,1419.5,406.75,1482.4,410.75,1.009834,0.645,3.9,3.625,4.35,3,4,2,False,True,True,True,True,False,False,True,True,True,False
FLOOD+ARCTIC+TRANS+SSA,BABB,1403.0,402.0,1421.2,442.75,1.101368,0.645,3.9,3.625,4.35,3,4,1,False,True,True,True,False,False,False,True,True,True,False
FLOOD+ARCTIC+TRANS+SSA,BABC,1396.4,397.25,1353.2,445.0,1.120201,0.645,3.9,3.625,4.35,3,4,1,False,True,True,True,False,False,False,True,True,True,False
FLOOD+ARCTIC+TRANS+SSA,BACA,1414.5,403.25,1438.4,418.75,1.038438,0.645,3.9,3.625,4.35,3,4,2,False,True,True,True,True,False,False,True,True,True,False
FLOOD+ARCTIC+TRANS+SSA,BACB,1398.0,398.5,1377.2,450.75,1.131117,0.645,3.9,3.625,4.35,3,4,1,False,True,True,True,False,False,False,True,True,True,False
FLOOD+ARCTIC+TRANS+SSA,BACC,1391.4,393.75,1309.2,453.0,1.150476,0.645,3.9,3.625,4.35,3,4,1,False,True,True,True,False,False,False,True,True,True,False
FLOOD+ARCTIC+TRANS+SSA,BBAA,1409.0,403.25,1437.4,420.75,1.043397,0.645,3.9,3.625,4.35,3,4,2,False,True,True,True,True,False,False,True,True,True,False
FLOOD+ARCTIC+TRANS+SSA,BBAB,1392.5,398.5,1376.2,452.75,1.136136,0.645,3.9,3.625,4.35,3,4,1,False,True,True,True,False,False,False,True,True,True,False
FLOOD+ARCTIC+TRANS+SSA,BBAC,1385.9,393.75,1308.2,455.0,1.155556,0.645,3.9,3.625,4.35,3,4,1,False,True,True,True,False,False,False,True,True,True,False
FLOOD+ARCTIC+TRANS+SSA,BBBA,1396.5,399.75,1397.8,454.5,1.136961,0.645,3.9,3.625,4.35,3,4,1,False,True,True,True,False,False,False,True,True,True,False
FLOOD+ARCTIC+TRANS+SSA,BBBB,1380.0,395.0,1336.6,486.5,1.231646,0.645,3.9,3.625,4.35,3,4,0,False,True,True,True,False,False,False,True,True,True,False
FLOOD+ARCTIC+TRANS+SSA,BBBC,1373.4,390.25,1268.6,488.75,1.252402,0.645,3.9,3.625,4.35,3,4,0,False,True,True,True,False,False,False,True,True,True,False
FLOOD+ARCTIC+TRANS+SSA,BBCA,1391.5,396.25,1353.8,462.5,1.167192,0.645,3.9,3.625,4.35,3,4,1,False,True,True,True,False,False,False,True,True,True,False
FLOOD+ARCTIC+TRANS+SSA,BBCB,1375.0,391.5,1292.6,494.5,1.263091,0.645,3.9,3.625,4.35,3,4,0,False,True,True,True,False,False,False,True,True,True,False
FLOOD+ARCTIC+TRANS+SSA,BBCC,1368.4,386.75,1224.6,496.75,1.284421,0.645,3.9,3.625,4.35,3,4,0,False,True,True,True,False,False,False,True,True,True,False
FLOOD+ARCTIC+TRANS+SSA,BCAA,1399.8,396.25,1343.4,424.75,1.071924,0.645,3.9,3.625,4.35,3,4,2,False,True,True,True,True,False,False,True,True,True,False
FLOOD+ARCTIC+TRANS+SSA,BCAB,1383.3,391.5,1282.2,456.75,1.166667,0.645,3.9,3.625,4.35,3,4,1,False,True,True,True,False,False,False,True,True,True,False
FLOOD+ARCTIC+TRANS+SSA,BCAC,1376.7,386.75,1214.2,459.0,1.186813,0.645,3.9,3.625,4.35,3,4,1,False,True,True,True,False,False,False,True,True,True,False
FLOOD+ARCTIC+TRANS+SSA,BCBA,1387.3,392.75,1303.8,458.5,1.167409,0.645,3.9,3.625,4.35,3,4,1,False,True,True,True,False,False,False,True,True,True,False
FLOOD+ARCTIC+TRANS+SSA,BCBB,1370.8,388.0,1242.6,490.5,1.264175,0.645,3.9,3.625,4.35,3,4,0,False,True,True,True,False,False,False,True,True,True,False
FLOOD+ARCTIC+TRANS+SSA,BCBC,1364.2,383.25,1174.6,492.75,1.285714,0.645,3.9,3.625,4.35,3,4,0,False,True,True,True,False,False,False,True,True,True,False
FLOOD+ARCTIC+TRANS+SSA,BCCA,1382.3,389.25,1259.8,466.5,1.198459,0.645,3.9,3.625,4.35,3,4,1,False,True,True,True,False,False,False,True,True,True,False
FLOOD+ARCTIC+TRANS+SSA,BCCB,1365.8,384.5,1198.6,498.5,1.296489,0.645,3.9,3.625,4.35,3,4,0,False,True,True,True,False,False,False,True,True,True,False
FLOOD+ARCTIC+TRANS+SSA,BCCC,1359.2,379.75,1130.6,500.75,1.318631,0.645,3.9,3.625,4.35,3,4,0,False,True,True,True,False,False,False,True,True,True,False
FLOOD+ARCTIC+TRANS+SSA,CAAA,1425.2,405.75,1402.0,358.5,0.883549,0.645,3.9,3.625,4.35,3,4,3,False,True,True,True,True,False,False,True,True,True,False
FLOOD+ARCTIC+TRANS+SSA,CAAB,1408.7,401.0,1340.8,390.5,0.973815,0.645,3.9,3.625,4.35,3,4,2,False,True,True,True,True,False,False,True,True,True,False
FLOOD+ARCTIC+TRANS+SSA,CAAC,1402.1,396.25,1272.8,392.75,0.991167,0.645,3.9,3.625,4.35,3,4,2,False,True,True,True,True,False,False,True,True,True,False
FLOOD+ARCTIC+TRANS+SSA,CABA,1412.7,402.25,1362.4,392.25,0.97514,0.645,3.9,3.625,4.35,3,4,2,False,True,True,True,True,False,False,True,True,True,False
FLOOD+ARCTIC+TRANS+SSA,CABB,1396.2,397.5,1301.2,424.25,1.067296,0.645,3.9,3.625,4.35,3,4,1,False,True,True,True,False,False,False,True,True,True,False
FLOOD+ARCTIC+TRANS+SSA,CABC,1389.6,392.75,1233.2,426.5,1.085933,0.645,3.9,3.625,4.35,3,4,1,False,True,True,True,False,False,False,True,True,True,False
FLOOD+ARCTIC+TRANS+SSA,CACA,1407.7,398.75,1318.4,400.25,1.003762,0.645,3.9,3.625,4.35,3,4,2,False,True,True,True,True,False,False,True,True,True,False
FLOOD+ARCTIC+TRANS+SSA,CACB,1391.2,394.0,1257.2,432.25,1.097081,0.645,3.9,3.625,4.35,3,4,1,False,True,True,True,False,False,False,True,True,True,False
FLOOD+ARCTIC+TRANS+SSA,CACC,1384.6,389.25,1189.2,434.5,1.116249,0.645,3.9,3.625,4.35,3,4,1,False,True,True,True,False,False,False,True,True,True,False
FLOOD+ARCTIC+TRANS+SSA,CBAA,1402.2,398.75,1317.4,402.25,1.008777,0.645,3.9,3.625,4.35,3,4,2,False,True,True,True,True,False,False,True,True,True,False
FLOOD+ARCTIC+TRANS+SSA,CBAB,1385.7,394.0,1256.2,434.25,1.102157,0.645,3.9,3.625,4.35,3,4,1,False,True,True,True,False,False,False,True,True,True,False
FLOOD+ARCTIC+TRANS+SSA,CBAC,1379.1,389.25,1188.2,436.5,1.121387,0.645,3.9,3.625,4.35,3,4,1,False,True,True,True,False,False,False,True,True,True,False
FLOOD+ARCTIC+TRANS+SSA,CBBA,1389.7,395.25,1277.8,436.0,1.103099,0.645,3.9,3.625,4.35,3,4,1,False,True,True,True,False,False,False,True,True,True,False
FLOOD+ARCTIC+TRANS+SSA,CBBB,1373.2,390.5,1216.6,468.0,1.198464,0.645,3.9,3.625,4.35,3,4,0,False,True,True,True,False,False,False,True,True,True,False
FLOOD+ARCTIC+TRANS+SSA,CBBC,1366.6,385.75,1148.6,470.25,1.219054,0.645,3.9,3.625,4.35,3,4,0,False,True,True,True,False,False,False,True,True,True,False
FLOOD+ARCTIC+TRANS+SSA,CBCA,1384.7,391.75,1233.8,444.0,1.133376,0.645,3.9,3.625,4.35,3,4,1,False,True,True,True,False,False,False,True,True,True,False
FLOOD+ARCTIC+TRANS+SSA,CBCB,1368.2,387.0,1172.6,476.0,1.229974,0.645,3.9,3.625,4.35,3,4,0,False,True,True,True,False,False,False,True,True,True,False
FLOOD+ARCTIC+TRANS+SSA,CBCC,1361.6,382.25,1104.6,478.25,1.251145,0.645,3.9,3.625,4.35,3,4,0,False,True,True,True,False,False,False,True,True,True,False
FLOOD+ARCTIC+TRANS+SSA,CCAA,1393.0,391.75,1223.4,406.25,1.037013,0.645,3.9,3.625,4.35,3,4,2,False,True,True,True,True,False,False,True,True,True,False
FLOOD+ARCTIC+TRANS+SSA,CCAB,1376.5,387.0,1162.2,438.25,1.132429,0.645,3.9,3.625,4.35,3,4,1,False,True,True,True,False,False,False,True,True,True,False
FLOOD+ARCTIC+TRANS+SSA,CCAC,1369.9,382.25,1094.2,440.5,1.152387,0.645,3.9,3.625,4.35,3,4,1,False,True,True,True,False,False,False,True,True,True,False
FLOOD+ARCTIC+TRANS+SSA,CCBA,1380.5,388.25,1183.8,440.0,1.13329,0.645,3.9,3.625,4.35,3,4,1,False,True,True,True,False,False,False,True,True,True,False
FLOOD+ARCTIC+TRANS+SSA,CCBB,1364.0,383.5,1122.6,472.0,1.230769,0.645,3.9,3.625,4.35,3,4,0,False,True,True,True,False,False,False,True,True,True,False
FLOOD+ARCTIC+TRANS+SSA,CCBC,1357.4,378.75,1054.6,474.25,1.252145,0.645,3.9,3.625,4.35,3,4,0,False,True,True,True,False,False,False,True,True,True,False
FLOOD+ARCTIC+TRANS+SSA,CCCA,1375.5,384.75,1139.8,448.0,1.164392,0.645,3.9,3.625,4.35,3,4,1,False,True,True,True,False,False,False,True,True,True,False
FLOOD+ARCTIC+TRANS+SSA,CCCB,1359.0,380.0,1078.6,480.0,1.263158,0.645,3.9,3.625,4.35,3,4,0,False,True,True,True,False,False,False,True,True,True,False
FLOOD+ARCTIC+TRANS+SSA,CCCC,1352.4,375.25,1010.6,482.25,1.285143,0.645,3.9,3.625,4.35,3,4,0,False,True,True,True,False,False,False,True,True,True,False
FLOOD+ARCTIC+ENV+SSA,AAAA,1480.5,420.0,1770.0,381.25,0.907738,0.635,3.8,3.575,4.35,3,4,4,False,True,True,True,True,False,False,True,True,True,False
FLOOD+ARCTIC+ENV+SSA,AAAB,1464.0,415.25,1708.8,413.25,0.995184,0.635,3.8,3.575,4.35,3,4,3,False,True,True,True,True,False,False,True,True,True,False
FLOOD+ARCTIC+ENV+SSA,AAAC,1457.4,410.5,1640.8,415.5,1.01218,0.635,3.8,3.575,4.35,3,4,3,False,True,True,True,True,False,False,True,True,True,False
FLOOD+ARCTIC+ENV+SSA,AABA,1466.5,416.25,1705.2,408.5,0.981381,0.635,3.8,3.575,4.35,3,4,3,False,True,True,True,True,False,False,True,True,True,False
FLOOD+ARCTIC+ENV+SSA,AABB,1450.0,411.5,1644.0,440.5,1.070474,0.635,3.8,3.575,4.35,3,4,2,False,True,True,True,True,False,False,True,True,True,False
FLOOD+ARCTIC+ENV+SSA,AABC,1443.4,406.75,1576.0,442.75,1.088506,0.635,3.8,3.575,4.35,3,4,2,False,True,True,True,True,False,False,True,True,True,False
FLOOD+ARCTIC+ENV+SSA,AACA,1460.9,412.5,1633.2,410.5,0.995152,0.635,3.8,3.575,4.35,3,4,3,False,True,True,True,True,False,False,True,True,True,False
FLOOD+ARCTIC+ENV+SSA,AACB,1444.4,407.75,1572.0,442.5,1.085224,0.635,3.8,3.575,4.35,3,4,2,False,True,True,True,True,False,False,True,True,True,False
FLOOD+ARCTIC+ENV+SSA,AACC,1437.8,403.0,1504.0,444.75,1.103598,0.635,3.8,3.575,4.35,3,4,2,False,True,True,True,True,False,False,True,True,True,False
FLOOD+ARCTIC+ENV+SSA,ABAA,1457.5,413.0,1685.4,425.0,1.029056,0.635,3.8,3.575,4.35,3,4,3,False,True,True,True,True,False,False,True,True,True,False
FLOOD+ARCTIC+ENV+SSA,ABAB,1441.0,408.25,1624.2,457.0,1.119412,0.635,3.8,3.575,4.35,3,4,2,False,True,True,True,True,False,False,True,True,True,False
FLOOD+ARCTIC+ENV+SSA,ABAC,1434.4,403.5,1556.2,459.25,1.138166,0.635,3.8,3.575,4.35,3,4,2,False,True,True,True,True,False,False,True,True,True,False
FLOOD+ARCTIC+ENV+SSA,ABBA,1443.5,409.25,1620.6,452.25,1.10507,0.635,3.8,3.575,4.35,3,4,2,False,True,True,True,True,False,False,True,True,True,False
FLOOD+ARCTIC+ENV+SSA,ABBB,1427.0,404.5,1559.4,484.25,1.197157,0.635,3.8,3.575,4.35,3,4,1,False,True,True,True,False,False,False,True,True,True,False
FLOOD+ARCTIC+ENV+SSA,ABBC,1420.4,399.75,1491.4,486.5,1.217011,0.635,3.8,3.575,4.35,3,4,1,False,True,True,True,False,False,False,True,True,True,False
FLOOD+ARCTIC+ENV+SSA,ABCA,1437.9,405.5,1548.6,454.25,1.120222,0.635,3.8,3.575,4.35,3,4,2,False,True,True,True,True,False,False,True,True,True,False
FLOOD+ARCTIC+ENV+SSA,ABCB,1421.4,400.75,1487.4,486.25,1.21335,0.635,3.8,3.575,4.35,3,4,1,False,True,True,True,False,False,False,True,True,True,False
FLOOD+ARCTIC+ENV+SSA,ABCC,1414.8,396.0,1419.4,488.5,1.233586,0.635,3.8,3.575,4.35,3,4,1,False,True,True,True,False,False,False,True,True,True,False
FLOOD+ARCTIC+ENV+SSA,ACAA,1448.3,406.0,1591.4,429.0,1.05665,0.635,3.8,3.575,4.35,3,4,3,False,True,True,True,True,False,False,True,True,True,False
FLOOD+ARCTIC+ENV+SSA,ACAB,1431.8,401.25,1530.2,461.0,1.14891,0.635,3.8,3.575,4.35,3,4,2,False,True,True,True,True,False,False,True,True,True,False
FLOOD+ARCTIC+ENV+SSA,ACAC,1425.2,396.5,1462.2,463.25,1.168348,0.635,3.8,3.575,4.35,3,4,2,False,True,True,True,True,False,False,True,True,True,False
FLOOD+ARCTIC+ENV+SSA,ACBA,1434.3,402.25,1526.6,456.25,1.134245,0.635,3.8,3.575,4.35,3,4,2,False,True,True,True,True,False,False,True,True,True,False
FLOOD+ARCTIC+ENV+SSA,ACBB,1417.8,397.5,1465.4,488.25,1.228302,0.635,3.8,3.575,4.35,3,4,1,False,True,True,True,False,False,False,True,True,True,False
FLOOD+ARCTIC+ENV+SSA,ACBC,1411.2,392.75,1397.4,490.5,1.248886,0.635,3.8,3.575,4.35,3,4,1,False,True,True,True,False,False,False,True,True,True,False
FLOOD+ARCTIC+ENV+SSA,ACCA,1428.7,398.5,1454.6,458.25,1.149937,0.635,3.8,3.575,4.35,3,4,2,False,True,True,True,True,False,False,True,True,True,False
FLOOD+ARCTIC+ENV+SSA,ACCB,1412.2,393.75,1393.4,490.25,1.245079,0.635,3.8,3.575,4.35,3,4,1,False,True,True,True,False,False,False,True,True,True,False
FLOOD+ARCTIC+ENV+SSA,ACCC,1405.6,389.0,1325.4,492.5,1.266067,0.635,3.8,3.575,4.35,3,4,1,False,True,True,True,False,False,False,True,True,True,False
FLOOD+ARCTIC+ENV+SSA,BAAA,1463.5,415.5,1662.0,384.5,0.925391,0.635,3.8,3.575,4.35,3,4,3,False,True,True,True,True,False,False,True,True,True,False
FLOOD+ARCTIC+ENV+SSA,BAAB,1447.0,410.75,1600.8,416.5,1.013999,0.635,3.8,3.575,4.35,3,4,2,False,True,True,True,True,False,False,True,True,True,False
FLOOD+ARCTIC+ENV+SSA,BAAC,1440.4,406.0,1532.8,418.75,1.031404,0.635,3.8,3.575,4.35,3,4,2,False,True,True,True,True,False,False,True,True,True,False
FLOOD+ARCTIC+ENV+SSA,BABA,1449.5,411.75,1597.2,411.75,1.0,0.635,3.8,3.575,4.35,3,4,2,False,True,True,True,True,False,False,True,True,True,False
FLOOD+ARCTIC+ENV+SSA,BABB,1433.0,407.0,1536.0,443.75,1.090295,0.635,3.8,3.575,4.35,3,4,1,False,True,True,True,False,False,False,True,True,True,False
FLOOD+ARCTIC+ENV+SSA,BABC,1426.4,402.25,1468.0,446.0,1.108763,0.635,3.8,3.575,4.35,3,4,1,False,True,True,True,False,False,False,True,True,True,False
FLOOD+ARCTIC+ENV+SSA,BACA,1443.9,408.0,1525.2,413.75,1.014093,0.635,3.8,3.575,4.35,3,4,2,False,True,True,True,True,False,False,True,True,True,False
FLOOD+ARCTIC+ENV+SSA,BACB,1427.4,403.25,1464.0,445.75,1.105394,0.635,3.8,3.575,4.35,3,4,1,False,True,True,True,False,False,False,True,True,True,False
FLOOD+ARCTIC+ENV+SSA,BACC,1420.8,398.5,1396.0,448.0,1.124216,0.635,3.8,3.575,4.35,3,4,1,False,True,True,True,False,False,False,True,True,True,False
FLOOD+ARCTIC+ENV+SSA,BBAA,1440.5,408.5,1577.4,428.25,1.048348,0.635,3.8,3.575,4.35,3,4,2,False,True,True,True,True,False,False,True,True,True,False
FLOOD+ARCTIC+ENV+SSA,BBAB,1424.0,403.75,1516.2,460.25,1.139938,0.635,3.8,3.575,4.35,3,4,1,False,True,True,True,False,False,False,True,True,True,False
FLOOD+ARCTIC+ENV+SSA,BBAC,1417.4,399.0,1448.2,462.5,1.159148,0.635,3.8,3.575,4.35,3,4,1,False,True,True,True,False,False,False,True,True,True,False
FLOOD+ARCTIC+ENV+SSA,BBBA,1426.5,404.75,1512.6,455.5,1.125386,0.635,3.8,3.575,4.35,3,4,1,False,True,True,True,False,False,False,True,True,True,False
FLOOD+ARCTIC+ENV+SSA,BBBB,1410.0,400.0,1451.4,487.5,1.21875,0.635,3.8,3.575,4.35,3,4,0,False,True,True,True,False,False,False,True,True,True,False
FLOOD+ARCTIC+ENV+SSA,BBBC,1403.4,395.25,1383.4,489.75,1.239089,0.635,3.8,3.575,4.35,3,4,0,False,True,True,True,False,False,False,True,True,True,False
FLOOD+ARCTIC+ENV+SSA,BBCA,1420.9,401.0,1440.6,457.5,1.140898,0.635,3.8,3.575,4.35,3,4,1,False,True,True,True,False,False,False,True,True,True,False
FLOOD+ARCTIC+ENV+SSA,BBCB,1404.4,396.25,1379.4,489.5,1.235331,0.635,3.8,3.575,4.35,3,4,0,False,True,True,True,False,False,False,True,True,True,False
FLOOD+ARCTIC+ENV+SSA,BBCC,1397.8,391.5,1311.4,491.75,1.256066,0.635,3.8,3.575,4.35,3,4,0,False,True,True,True,False,False,False,True,True,True,False
FLOOD+ARCTIC+ENV+SSA,BCAA,1431.3,401.5,1483.4,432.25,1.076588,0.635,3.8,3.575,4.35,3,4,2,False,True,True,True,True,False,False,True,True,True,False
FLOOD+ARCTIC+ENV+SSA,BCAB,1414.8,396.75,1422.2,464.25,1.170132,0.635,3.8,3.575,4.35,3,4,1,False,True,True,True,False,False,False,True,True,True,False
FLOOD+ARCTIC+ENV+SSA,BCAC,1408.2,392.0,1354.2,466.5,1.190051,0.635,3.8,3.575,4.35,3,4,1,False,True,True,True,False,False,False,True,True,True,False
FLOOD+ARCTIC+ENV+SSA,BCBA,1417.3,397.75,1418.6,459.5,1.155248,0.635,3.8,3.575,4.35,3,4,1,False,True,True,True,False,False,False,True,True,True,False
FLOOD+ARCTIC+ENV+SSA,BCBB,1400.8,393.0,1357.4,491.5,1.250636,0.635,3.8,3.575,4.35,3,4,0,False,True,True,True,False,False,False,True,True,True,False
FLOOD+ARCTIC+ENV+SSA,BCBC,1394.2,388.25,1289.4,493.75,1.271732,0.635,3.8,3.575,4.35,3,4,0,False,True,True,True,False,False,False,True,True,True,False
FLOOD+ARCTIC+ENV+SSA,BCCA,1411.7,394.0,1346.6,461.5,1.17132,0.635,3.8,3.575,4.35,3,4,1,False,True,True,True,False,False,False,True,True,True,False
FLOOD+ARCTIC+ENV+SSA,BCCB,1395.2,389.25,1285.4,493.5,1.267823,0.635,3.8,3.575,4.35,3,4,0,False,True,True,True,False,False,False,True,True,True,False
FLOOD+ARCTIC+ENV+SSA,BCCC,1388.6,384.5,1217.4,495.75,1.289337,0.635,3.8,3.575,4.35,3,4,0,False,True,True,True,False,False,False,True,True,True,False
FLOOD+ARCTIC+ENV+SSA,CAAA,1456.7,411.0,1542.0,366.0,0.890511,0.635,3.8,3.575,4.35,3,4,3,False,True,True,True,True,False,False,True,True,True,False
FLOOD+ARCTIC+ENV+SSA,CAAB,1440.2,406.25,1480.8,398.0,0.979692,0.635,3.8,3.575,4.35,3,4,2,False,True,True,True,True,False,False,True,True,True,False
FLOOD+ARCTIC+ENV+SSA,CAAC,1433.6,401.5,1412.8,400.25,0.996887,0.635,3.8,3.575,4.35,3,4,2,False,True,True,True,True,False,False,True,True,True,False
FLOOD+ARCTIC+ENV+SSA,CABA,1442.7,407.25,1477.2,393.25,0.965623,0.635,3.8,3.575,4.35,3,4,2,False,True,True,True,True,False,False,True,True,True,False
FLOOD+ARCTIC+ENV+SSA,CABB,1426.2,402.5,1416.0,425.25,1.056522,0.635,3.8,3.575,4.35,3,4,1,False,True,True,True,False,False,False,True,True,True,False
FLOOD+ARCTIC+ENV+SSA,CABC,1419.6,397.75,1348.0,427.5,1.074796,0.635,3.8,3.575,4.35,3,4,1,False,True,True,True,False,False,False,True,True,True,False
FLOOD+ARCTIC+ENV+SSA,CACA,1437.1,403.5,1405.2,395.25,0.979554,0.635,3.8,3.575,4.35,3,4,2,False,True,True,True,True,False,False,True,True,True,False
FLOOD+ARCTIC+ENV+SSA,CACB,1420.6,398.75,1344.0,427.25,1.071473,0.635,3.8,3.575,4.35,3,4,1,False,True,True,True,False,False,False,True,True,True,False
FLOOD+ARCTIC+ENV+SSA,CACC,1414.0,394.0,1276.0,429.5,1.090102,0.635,3.8,3.575,4.35,3,4,1,False,True,True,True,False,False,False,True,True,True,False
FLOOD+ARCTIC+ENV+SSA,CBAA,1433.7,404.0,1457.4,409.75,1.014233,0.635,3.8,3.575,4.35,3,4,2,False,True,True,True,True,False,False,True,True,True,False
FLOOD+ARCTIC+ENV+SSA,CBAB,1417.2,399.25,1396.2,441.75,1.10645,0.635,3.8,3.575,4.35,3,4,1,False,True,True,True,False,False,False,True,True,True,False
FLOOD+ARCTIC+ENV+SSA,CBAC,1410.6,394.5,1328.2,444.0,1.125475,0.635,3.8,3.575,4.35,3,4,1,False,True,True,True,False,False,False,True,True,True,False
FLOOD+ARCTIC+ENV+SSA,CBBA,1419.7,400.25,1392.6,437.0,1.091818,0.635,3.8,3.575,4.35,3,4,1,False,True,True,True,False,False,False,True,True,True,False
FLOOD+ARCTIC+ENV+SSA,CBBB,1403.2,395.5,1331.4,469.0,1.185841,0.635,3.8,3.575,4.35,3,4,0,False,True,True,True,False,False,False,True,True,True,False
FLOOD+ARCTIC+ENV+SSA,CBBC,1396.6,390.75,1263.4,471.25,1.206014,0.635,3.8,3.575,4.35,3,4,0,False,True,True,True,False,False,False,True,True,True,False
FLOOD+ARCTIC+ENV+SSA,CBCA,1414.1,396.5,1320.6,439.0,1.107188,0.635,3.8,3.575,4.35,3,4,1,False,True,True,True,False,False,False,True,True,True,False
FLOOD+ARCTIC+ENV+SSA,CBCB,1397.6,391.75,1259.4,471.0,1.202297,0.635,3.8,3.575,4.35,3,4,0,False,True,True,True,False,False,False,True,True,True,False
FLOOD+ARCTIC+ENV+SSA,CBCC,1391.0,387.0,1191.4,473.25,1.222868,0.635,3.8,3.575,4.35,3,4,0,False,True,True,True,False,False,False,True,True,True,False
FLOOD+ARCTIC+ENV+SSA,CCAA,1424.5,397.0,1363.4,413.75,1.042191,0.635,3.8,3.575,4.35,3,4,2,False,True,True,True,True,False,False,True,True,True,False
FLOOD+ARCTIC+ENV+SSA,CCAB,1408.0,392.25,1302.2,445.75,1.136393,0.635,3.8,3.575,4.35,3,4,1,False,True,True,True,False,False,False,True,True,True,False
FLOOD+ARCTIC+ENV+SSA,CCAC,1401.4,387.5,1234.2,448.0,1.156129,0.635,3.8,3.575,4.35,3,4,1,False,True,True,True,False,False,False,True,True,True,False
FLOOD+ARCTIC+ENV+SSA,CCBA,1410.5,393.25,1298.6,441.0,1.121424,0.635,3.8,3.575,4.35,3,4,1,False,True,True,True,False,False,False,True,True,True,False
FLOOD+ARCTIC+ENV+SSA,CCBB,1394.0,388.5,1237.4,473.0,1.217503,0.635,3.8,3.575,4.35,3,4,0,False,True,True,True,False,False,False,True,True,True,False
FLOOD+ARCTIC+ENV+SSA,CCBC,1387.4,383.75,1169.4,475.25,1.238436,0.635,3.8,3.575,4.35,3,4,0,False,True,True,True,False,False,False,True,True,True,False
FLOOD+ARCTIC+ENV+SSA,CCCA,1404.9,389.5,1226.6,443.0,1.137356,0.635,3.8,3.575,4.35,3,4,1,False,True,True,True,False,False,False,True,True,True,False
FLOOD+ARCTIC+ENV+SSA,CCCB,1388.4,384.75,1165.4,475.0,1.234568,0.635,3.8,3.575,4.35,3,4,0,False,True,True,True,False,False,False,True,True,True,False
FLOOD+ARCTIC+ENV+SSA,CCCC,1381.8,380.0,1097.4,477.25,1.255921,0.635,3.8,3.575,4.35,3,4,0,False,True,True,True,False,False,False,True,True,True,False
FLOOD+TRANS+ENV+SSA,AAAA,1260.0,346.5,1520.0,331.25,0.955988,0.69,4.2,3.975,4.625,3,3,4,True,True,True,True,True,True,True,True,True,True,False
FLOOD+TRANS+ENV+SSA,AAAB,1243.5,341.75,1458.8,363.25,1.062911,0.69,4.2,3.975,4.625,3,3,3,True,True,True,True,True,True,True,True,True,True,False
FLOOD+TRANS+ENV+SSA,AAAC,1236.9,337.0,1390.8,365.5,1.08457,0.69,4.2,3.975,4.625,3,3,3,True,True,True,True,True,True,True,True,True,True,False
FLOOD+TRANS+ENV+SSA,AABA,1246.0,342.75,1455.2,358.5,1.045952,0.69,4.2,3.975,4.625,3,3,3,True,True,True,True,True,True,True,True,True,True,False
FLOOD+TRANS+ENV+SSA,AABB,1229.5,338.0,1394.0,390.5,1.155325,0.69,4.2,3.975,4.625,3,3,2,True,True,True,True,True,True,True,True,True,True,False
FLOOD+TRANS+ENV+SSA,AABC,1222.9,333.25,1326.0,392.75,1.178545,0.69,4.2,3.975,4.625,3,3,2,True,True,True,True,True,True,True,True,True,True,False
FLOOD+TRANS+ENV+SSA,AACA,1240.4,339.0,1383.2,360.5,1.063422,0.69,4.2,3.975,4.625,3,3,3,True,True,True,True,True,True,True,True,True,True,False
FLOOD+TRANS+ENV+SSA,AACB,1223.9,334.25,1322.0,392.5,1.174271,0.69,4.2,3.975,4.625,3,3,2,True,True,True,True,True,True,True,True,True,True,False
FLOOD+TRANS+ENV+SSA,AACC,1217.3,329.5,1254.0,394.75,1.198027,0.69,4.2,3.975,4.625,3,3,2,True,True,True,True,True,True,True,True,True,True,False
FLOOD+TRANS+ENV+SSA,ABAA,1247.5,343.0,1480.4,365.0,1.06414,0.69,4.2,3.975,4.625,3,3,3,True,True,True,True,True,True,True,True,True,True,False
FLOOD+TRANS+ENV+SSA,ABAB,1231.0,338.25,1419.2,397.0,1.173688,0.69,4.2,3.975,4.625,3,3,2,True,True,True,True,True,True,True,True,True,True,False
FLOOD+TRANS+ENV+SSA,ABAC,1224.4,333.5,1351.2,399.25,1.197151,0.69,4.2,3.975,4.625,3,3,2,True,True,True,True,True,True,True,True,True,True,False
FLOOD+TRANS+ENV+SSA,ABBA,1233.5,339.25,1415.6,392.25,1.156227,0.69,4.2,3.975,4.625,3,3,2,True,True,True,True,True,True,True,True,True,True,False
FLOOD+TRANS+ENV+SSA,ABBB,1217.0,334.5,1354.4,424.25,1.268311,0.69,4.2,3.975,4.625,3,3,1,False,True,True,True,False,True,True,True,True,True,False
FLOOD+TRANS+ENV+SSA,ABBC,1210.4,329.75,1286.4,426.5,1.293404,0.69,4.2,3.975,4.625,3,3,1,False,True,True,True,False,True,True,True,True,True,False
FLOOD+TRANS+ENV+SSA,ABCA,1227.9,335.5,1343.6,394.25,1.175112,0.69,4.2,3.975,4.625,3,3,2,True,True,True,True,True,True,True,True,True,True,False
FLOOD+TRANS+ENV+SSA,ABCB,1211.4,330.75,1282.4,426.25,1.288738,0.69,4.2,3.975,4.625,3,3,1,False,True,True,True,False,True,True,True,True,True,False
FLOOD+TRANS+ENV+SSA,ABCC,1204.8,326.0,1214.4,428.5,1.314417,0.69,4.2,3.975,4.625,3,3,1,False,True,True,True,False,True,True,True,True,True,False
FLOOD+TRANS+ENV+SSA,ACAA,1242.5,339.5,1436.4,373.0,1.098675,0.69,4.2,3.975,4.625,3,3,3,True,True,True,True,True,True,True,True,True,True,False
FLOOD+TRANS+ENV+SSA,ACAB,1226.0,334.75,1375.2,405.0,1.209858,0.69,4.2,3.975,4.625,3,3,2,True,True,True,True,True,True,True,True,True,True,False
FLOOD+TRANS+ENV+SSA,ACAC,1219.4,330.0,1307.2,407.25,1.234091,0.69,4.2,3.975,4.625,3,3,2,True,True,True,True,True,True,True,True,True,True,False
FLOOD+TRANS+ENV+SSA,ACBA,1228.5,335.75,1371.6,400.25,1.192107,0.69,4.2,3.975,4.625,3,3,2,True,True,True,True,True,True,True,True,True,True,False
FLOOD+TRANS+ENV+SSA,ACBB,1212.0,331.0,1310.4,432.25,1.305891,0.69,4.2,3.975,4.625,3,3,1,False,True,True,True,False,True,True,True,True,True,False
FLOOD+TRANS+ENV+SSA,ACBC,1205.4,326.25,1242.4,434.5,1.331801,0.69,4.2,3.975,4.625,3,3,1,False,True,True,True,False,True,True,True,True,True,False
FLOOD+TRANS+ENV+SSA,ACCA,1222.9,332.0,1299.6,402.25,1.211596,0.69,4.2,3.975,4.625,3,3,2,True,True,True,True,True,True,True,True,True,True,False
FLOOD+TRANS+ENV+SSA,ACCB,1206.4,327.25,1238.4,434.25,1.326967,0.69,4.2,3.975,4.625,3,3,1,False,True,True,True,False,True,True,True,True,True,False
FLOOD+TRANS+ENV+SSA,ACCC,1199.8,322.5,1170.4,436.5,1.353488,0.69,4.2,3.975,4.625,3,3,1,False,True,True,True,False,True,True,True,True,True,False
FLOOD+TRANS+ENV+SSA,BAAA,1243.0,342.0,1412.0,334.5,0.97807,0.69,4.2,3.975,4.625,3,3,3,True,True,True,True,True,True,True,True,True,True,False
FLOOD+TRANS+ENV+SSA,BAAB,1226.5,337.25,1350.8,366.5,1.086731,0.69,4.2,3.975,4.625,3,3,2,True,True,True,True,True,True,True,True,True,True,False
FLOOD+TRANS+ENV+SSA,BAAC,1219.9,332.5,1282.8,368.75,1.109023,0.69,4.2,3.975,4.625,3,3,2,True,True,True,True,True,True,True,True,True,True,False
FLOOD+TRANS+ENV+SSA,BABA,1229.0,338.25,1347.2,361.75,1.069475,0.69,4.2,3.975,4.625,3,3,2,True,True,True,True,True,True,True,True,True,True,False
FLOOD+TRANS+ENV+SSA,BABB,1212.5,333.5,1286.0,393.75,1.18066,0.69,4.2,3.975,4.625,3,3,1,False,True,True,True,False,True,True,True,True,True,False
FLOOD+TRANS+ENV+SSA,BABC,1205.9,328.75,1218.0,396.0,1.204563,0.69,4.2,3.975,4.625,3,3,1,False,True,True,True,False,True,True,True,True,True,False
FLOOD+TRANS+ENV+SSA,BACA,1223.4,334.5,1275.2,363.75,1.087444,0.69,4.2,3.975,4.625,3,3,2,True,True,True,True,True,True,True,True,True,True,False
FLOOD+TRANS+ENV+SSA,BACB,1206.9,329.75,1214.0,395.75,1.200152,0.69,4.2,3.975,4.625,3,3,1,False,True,True,True,False,True,True,True,True,True,False
FLOOD+TRANS+ENV+SSA,BACC,1200.3,325.0,1146.0,398.0,1.224615,0.69,4.2,3.975,4.625,3,3,1,False,True,True,True,False,True,True,True,True,True,False
FLOOD+TRANS+ENV+SSA,BBAA,1230.5,338.5,1372.4,368.25,1.087888,0.69,4.2,3.975,4.625,3,3,2,True,True,True,True,True,True,True,True,True,True,False
FLOOD+TRANS+ENV+SSA,BBAB,1214.0,333.75,1311.2,400.25,1.199251,0.69,4.2,3.975,4.625,3,3,1,False,True,True,True,False,True,True,True,True,True,False
FLOOD+TRANS+ENV+SSA,BBAC,1207.4,329.0,1243.2,402.5,1.223404,0.69,4.2,3.975,4.625,3,3,1,False,True,True,True,False,True,True,True,True,True,False
FLOOD+TRANS+ENV+SSA,BBBA,1216.5,334.75,1307.6,395.5,1.181479,0.69,4.2,3.975,4.625,3,3,1,False,True,True,True,False,True,True,True,True,True,False
FLOOD+TRANS+ENV+SSA,BBBB,1200.0,330.0,1246.4,427.5,1.295455,0.69,4.2,3.975,4.625,3,3,0,False,True,True,True,False,True,True,True,True,True,False
FLOOD+TRANS+ENV+SSA,BBBC,1193.4,325.25,1178.4,429.75,1.321291,0.69,4.2,3.975,4.625,3,3,0,False,True,True,True,False,True,True,True,True,True,False
FLOOD+TRANS+ENV+SSA,BBCA,1210.9,331.0,1235.6,397.5,1.200906,0.69,4.2,3.975,4.625,3,3,1,False,True,True,True,False,True,True,True,True,True,False
FLOOD+TRANS+ENV+SSA,BBCB,1194.4,326.25,1174.4,429.5,1.316475,0.69,4.2,3.975,4.625,3,3,0,False,True,True,True,False,True,True,True,True,True,False
FLOOD+TRANS+ENV+SSA,BBCC,1187.8,321.5,1106.4,431.75,1.342924,0.69,4.2,3.975,4.625,3,3,0,False,True,True,True,False,True,True,True,True,True,False
FLOOD+TRANS+ENV+SSA,BCAA,1225.5,335.0,1328.4,376.25,1.123134,0.69,4.2,3.975,4.625,3,3,2,True,True,True,True,True,True,True,True,True,True,False
FLOOD+TRANS+ENV+SSA,BCAB,1209.0,330.25,1267.2,408.25,1.236185,0.69,4.2,3.975,4.625,3,3,1,False,True,True,True,False,True,True,True,True,True,False
FLOOD+TRANS+ENV+SSA,BCAC,1202.4,325.5,1199.2,410.5,1.261137,0.69,4.2,3.975,4.625,3,3,1,False,True,True,True,False,True,True,True,True,True,False
FLOOD+TRANS+ENV+SSA,BCBA,1211.5,331.25,1263.6,403.5,1.218113,0.69,4.2,3.975,4.625,3,3,1,False,True,True,True,False,True,True,True,True,True,False
FLOOD+TRANS+ENV+SSA,BCBB,1195.0,326.5,1202.4,435.5,1.333844,0.69,4.2,3.975,4.625,3,3,0,False,True,True,True,False,True,True,True,True,True,False
FLOOD+TRANS+ENV+SSA,BCBC,1188.4,321.75,1134.4,437.75,1.360528,0.69,4.2,3.975,4.625,3,3,0,False,True,True,True,False,True,True,True,True,True,False
FLOOD+TRANS+ENV+SSA,BCCA,1205.9,327.5,1191.6,405.5,1.238168,0.69,4.2,3.975,4.625,3,3,1,False,True,True,True,False,True,True,True,True,True,False
FLOOD+TRANS+ENV+SSA,BCCB,1189.4,322.75,1130.4,437.5,1.355538,0.69,4.2,3.975,4.625,3,3,0,False,True,True,True,False,True,True,True,True,True,False
FLOOD+TRANS+ENV+SSA,BCCC,1182.8,318.0,1062.4,439.75,1.382862,0.69,4.2,3.975,4.625,3,3,0,False,True,True,True,False,True,True,True,True,True,False
FLOOD+TRANS+ENV+SSA,CAAA,1236.2,337.5,1292.0,316.0,0.936296,0.69,4.2,3.975,4.625,3,3,3,True,True,True,True,True,True,True,True,True,True,False
FLOOD+TRANS+ENV+SSA,CAAB,1219.7,332.75,1230.8,348.0,1.04583,0.69,4.2,3.975,4.625,3,3,2,True,True,True,True,True,True,True,True,True,True,False
FLOOD+TRANS+ENV+SSA,CAAC,1213.1,328.0,1162.8,350.25,1.067835,0.69,4.2,3.975,4.625,3,3,2,True,True,True,True,True,True,True,True,True,True,False
FLOOD+TRANS+ENV+SSA,CABA,1222.2,333.75,1227.2,343.25,1.028464,0.69,4.2,3.975,4.625,3,3,2,True,True,True,True,True,True,True,True,True,True,False
FLOOD+TRANS+ENV+SSA,CABB,1205.7,329.0,1166.0,375.25,1.140578,0.69,4.2,3.975,4.625,3,3,1,False,True,True,True,False,True,True,True,True,True,False
FLOOD+TRANS+ENV+SSA,CABC,1199.1,324.25,1098.0,377.5,1.164225,0.69,4.2,3.975,4.625,3,3,1,False,True,True,True,False,True,True,True,True,True,False
FLOOD+TRANS+ENV+SSA,CACA,1216.6,330.0,1155.2,345.25,1.046212,0.69,4.2,3.975,4.625,3,3,2,True,True,True,True,True,True,True,True,True,True,False
FLOOD+TRANS+ENV+SSA,CACB,1200.1,325.25,1094.0,377.25,1.159877,0.69,4.2,3.975,4.625,3,3,1,False,True,True,True,False,True,True,True,True,True,False
FLOOD+TRANS+ENV+SSA,CACC,1193.5,320.5,1026.0,379.5,1.184087,0.69,4.2,3.975,4.625,3,3,1,False,True,True,True,False,True,True,True,True,True,False
FLOOD+TRANS+ENV+SSA,CBAA,1223.7,334.0,1252.4,349.75,1.047156,0.69,4.2,3.975,4.625,3,3,2,True,True,True,True,True,True,True,True,True,True,False
FLOOD+TRANS+ENV+SSA,CBAB,1207.2,329.25,1191.2,381.75,1.159453,0.69,4.2,3.975,4.625,3,3,1,False,True,True,True,False,True,True,True,True,True,False
FLOOD+TRANS+ENV+SSA,CBAC,1200.6,324.5,1123.2,384.0,1.183359,0.69,4.2,3.975,4.625,3,3,1,False,True,True,True,False,True,True,True,True,True,False
FLOOD+TRANS+ENV+SSA,CBBA,1209.7,330.25,1187.6,377.0,1.141559,0.69,4.2,3.975,4.625,3,3,1,False,True,True,True,False,True,True,True,True,True,False
FLOOD+TRANS+ENV+SSA,CBBB,1193.2,325.5,1126.4,409.0,1.256528,0.69,4.2,3.975,4.625,3,3,0,False,True,True,True,False,True,True,True,True,True,False
FLOOD+TRANS+ENV+SSA,CBBC,1186.6,320.75,1058.4,411.25,1.282151,0.69,4.2,3.975,4.625,3,3,0,False,True,True,True,False,True,True,True,True,True,False
FLOOD+TRANS+ENV+SSA,CBCA,1204.1,326.5,1115.6,379.0,1.160796,0.69,4.2,3.975,4.625,3,3,1,False,True,True,True,False,True,True,True,True,True,False
FLOOD+TRANS+ENV+SSA,CBCB,1187.6,321.75,1054.4,411.0,1.277389,0.69,4.2,3.975,4.625,3,3,0,False,True,True,True,False,True,True,True,True,True,False
FLOOD+TRANS+ENV+SSA,CBCC,1181.0,317.0,986.4,413.25,1.303628,0.69,4.2,3.975,4.625,3,3,0,False,True,True,True,False,True,True,False,True,True,False
FLOOD+TRANS+ENV+SSA,CCAA,1218.7,330.5,1208.4,357.75,1.082451,0.69,4.2,3.975,4.625,3,3,2,True,True,True,True,True,True,True,True,True,True,False
FLOOD+TRANS+ENV+SSA,CCAB,1202.2,325.75,1147.2,389.75,1.19647,0.69,4.2,3.975,4.625,3,3,1,False,True,True,True,False,True,True,True,True,True,False
FLOOD+TRANS+ENV+SSA,CCAC,1195.6,321.0,1079.2,392.0,1.221184,0.69,4.2,3.975,4.625,3,3,1,False,True,True,True,False,True,True,True,True,True,False
FLOOD+TRANS+ENV+SSA,CCBA,1204.7,326.75,1143.6,385.0,1.178271,0.69,4.2,3.975,4.625,3,3,1,False,True,True,True,False,True,True,True,True,True,False
FLOOD+TRANS+ENV+SSA,CCBB,1188.2,322.0,1082.4,417.0,1.295031,0.69,4.2,3.975,4.625,3,3,0,False,True,True,True,False,True,True,True,True,True,False
FLOOD+TRANS+ENV+SSA,CCBC,1181.6,317.25,1014.4,419.25,1.321513,0.69,4.2,3.975,4.625,3,3,0,False,True,True,True,False,True,True,True,True,True,False
FLOOD+TRANS+ENV+SSA,CCCA,1199.1,323.0,1071.6,387.0,1.198142,0.69,4.2,3.975,4.625,3,3,1,False,True,True,True,False,True,True,True,True,True,False
FLOOD+TRANS+ENV+SSA,CCCB,1182.6,318.25,1010.4,419.0,1.316575,0.69,4.2,3.975,4.625,3,3,0,False,True,True,True,False,True,True,True,True,True,False
FLOOD+TRANS+ENV+SSA,CCCC,1176.0,313.5,942.4,421.25,1.3437,0.69,4.2,3.975,4.625,3,3,0,False,True,True,True,False,True,True,False,True,True,False
AGRI+INFRA+ARCTIC+TRANS,AAAA,1344.0,383.25,1220.0,328.75,0.857795,0.6925,4.175,3.825,4.425,4,3,4,False,True,True,True,True,False,False,True,True,True,False
AGRI+INFRA+ARCTIC+TRANS,AAAB,1331.5,379.75,1180.4,362.5,0.954575,0.6925,4.175,3.825,4.425,4,3,3,False,True,True,True,True,False,False,True,True,True,False
AGRI+INFRA+ARCTIC+TRANS,AAAC,1326.5,376.25,1136.4,370.5,0.984718,0.6925,4.175,3.825,4.425,4,3,3,False,True,True,True,True,False,False,True,True,True,False
AGRI+INFRA+ARCTIC+TRANS,AABA,1321.0,376.25,1135.4,372.5,0.990033,0.6925,4.175,3.825,4.425,4,3,3,False,True,True,True,True,False,False,True,True,True,False
AGRI+INFRA+ARCTIC+TRANS,AABB,1308.5,372.75,1095.8,406.25,1.089873,0.6925,4.175,3.825,4.425,4,3,2,False,True,True,True,True,False,False,True,True,True,False
AGRI+INFRA+ARCTIC+TRANS,AABC,1303.5,369.25,1051.8,414.25,1.121869,0.6925,4.175,3.825,4.425,4,3,2,False,True,True,True,True,False,False,True,True,True,False
AGRI+INFRA+ARCTIC+TRANS,AACA,1311.8,369.25,1041.4,376.5,1.019634,0.6925,4.175,3.825,4.425,4,3,3,False,True,True,True,True,False,False,True,True,True,False
AGRI+INFRA+ARCTIC+TRANS,AACB,1299.3,365.75,1001.8,410.25,1.121668,0.6925,4.175,3.825,4.425,4,3,2,False,True,True,True,True,True,False,True,True,True,False
AGRI+INFRA+ARCTIC+TRANS,AACC,1294.3,362.25,957.8,418.25,1.154589,0.6925,4.175,3.825,4.425,4,3,2,False,True,True,True,True,True,False,False,True,True,False
AGRI+INFRA+ARCTIC+TRANS,ABAA,1328.5,379.25,1166.0,365.0,0.962426,0.6925,4.175,3.825,4.425,4,3,3,False,True,True,True,True,False,False,True,True,True,False
AGRI+INFRA+ARCTIC+TRANS,ABAB,1316.0,375.75,1126.4,398.75,1.061211,0.6925,4.175,3.825,4.425,4,3,2,False,True,True,True,True,False,False,True,True,True,False
AGRI+INFRA+ARCTIC+TRANS,ABAC,1311.0,372.25,1082.4,406.75,1.09268,0.6925,4.175,3.825,4.425,4,3,2,False,True,True,True,True,False,False,True,True,True,False
AGRI+INFRA+ARCTIC+TRANS,ABBA,1305.5,372.25,1081.4,408.75,1.098052,0.6925,4.175,3.825,4.425,4,3,2,False,True,True,True,True,False,False,True,True,True,False
AGRI+INFRA+ARCTIC+TRANS,ABBB,1293.0,368.75,1041.8,442.5,1.2,0.6925,4.175,3.825,4.425,4,3,1,False,True,True,True,False,True,False,True,True,True,False
AGRI+INFRA+ARCTIC+TRANS,ABBC,1288.0,365.25,997.8,450.5,1.233402,0.6925,4.175,3.825,4.425,4,3,1,False,True,True,True,False,True,False,False,True,True,False
AGRI+INFRA+ARCTIC+TRANS,ABCA,1296.3,365.25,987.4,412.75,1.130048,0.6925,4.175,3.825,4.425,4,3,2,False,True,True,True,True,True,False,False,True,True,False
AGRI+INFRA+ARCTIC+TRANS,ABCB,1283.8,361.75,947.8,446.5,1.234278,0.6925,4.175,3.825,4.425,4,3,1,False,True,True,True,False,True,False,False,True,True,False
AGRI+INFRA+ARCTIC+TRANS,ABCC,1278.8,358.25,903.8,454.5,1.268667,0.6925,4.175,3.825,4.425,4,3,1,False,True,True,True,False,True,True,False,True,True,False
AGRI+INFRA+ARCTIC+TRANS,ACAA,1322.3,375.25,1106.0,372.0,0.991339,0.6925,4.175,3.825,4.425,4,3,3,False,True,True,True,True,False,False,True,True,True,False
AGRI+INFRA+ARCTIC+TRANS,ACAB,1309.8,371.75,1066.4,405.75,1.091459,0.6925,4.175,3.825,4.425,4,3,2,False,True,True,True,True,False,False,True,True,True,False
AGRI+INFRA+ARCTIC+TRANS,ACAC,1304.8,368.25,1022.4,413.75,1.123557,0.6925,4.175,3.825,4.425,4,3,2,False,True,True,True,True,False,False,True,True,True,False
AGRI+INFRA+ARCTIC+TRANS,ACBA,1299.3,368.25,1021.4,415.75,1.128988,0.6925,4.175,3.825,4.425,4,3,2,False,True,True,True,True,True,False,True,True,True,False
AGRI+INFRA+ARCTIC+TRANS,ACBB,1286.8,364.75,981.8,449.5,1.232351,0.6925,4.175,3.825,4.425,4,3,1,False,True,True,True,False,True,False,False,True,True,False
AGRI+INFRA+ARCTIC+TRANS,ACBC,1281.8,361.25,937.8,457.5,1.266436,0.6925,4.175,3.825,4.425,4,3,1,False,True,True,True,False,True,False,False,True,True,False
AGRI+INFRA+ARCTIC+TRANS,ACCA,1290.1,361.25,927.4,419.75,1.161938,0.6925,4.175,3.825,4.425,4,3,2,False,True,True,True,True,True,False,False,True,True,False
AGRI+INFRA+ARCTIC+TRANS,ACCB,1277.6,357.75,887.8,453.5,1.267645,0.6925,4.175,3.825,4.425,4,3,1,False,True,True,True,False,True,True,False,True,True,False
AGRI+INFRA+ARCTIC+TRANS,ACCC,1272.6,354.25,843.8,461.5,1.302752,0.6925,4.175,3.825,4.425,4,3,1,False,True,True,True,False,True,True,False,True,True,False
AGRI+INFRA+ARCTIC+TRANS,BAAA,1331.0,379.5,1178.6,376.75,0.992754,0.6925,4.175,3.825,4.425,4,3,3,False,True,True,True,True,False,False,True,True,True,False
AGRI+INFRA+ARCTIC+TRANS,BAAB,1318.5,376.0,1139.0,410.5,1.091755,0.6925,4.175,3.825,4.425,4,3,2,False,True,True,True,True,False,False,True,True,True,False
AGRI+INFRA+ARCTIC+TRANS,BAAC,1313.5,372.5,1095.0,418.5,1.12349,0.6925,4.175,3.825,4.425,4,3,2,False,True,True,True,True,False,False,True,True,True,False
AGRI+INFRA+ARCTIC+TRANS,BABA,1308.0,372.5,1094.0,420.5,1.128859,0.6925,4.175,3.825,4.425,4,3,2,False,True,True,True,True,False,False,True,True,True,False
AGRI+INFRA+ARCTIC+TRANS,BABB,1295.5,369.0,1054.4,454.25,1.23103,0.6925,4.175,3.825,4.425,4,3,1,False,True,True,True,False,True,False,True,True,True,False
AGRI+INFRA+ARCTIC+TRANS,BABC,1290.5,365.5,1010.4,462.25,1.264706,0.6925,4.175,3.825,4.425,4,3,1,False,True,True,True,False,True,False,True,True,True,False
AGRI+INFRA+ARCTIC+TRANS,BACA,1298.8,365.5,1000.0,424.5,1.161423,0.6925,4.175,3.825,4.425,4,3,2,False,True,True,True,True,True,False,True,True,True,False
AGRI+INFRA+ARCTIC+TRANS,BACB,1286.3,362.0,960.4,458.25,1.265884,0.6925,4.175,3.825,4.425,4,3,1,False,True,True,True,False,True,False,False,True,True,False
AGRI+INFRA+ARCTIC+TRANS,BACC,1281.3,358.5,916.4,466.25,1.300558,0.6925,4.175,3.825,4.425,4,3,1,False,True,True,True,False,True,True,False,True,True,False
AGRI+INFRA+ARCTIC+TRANS,BBAA,1315.5,375.5,1124.6,413.0,1.099867,0.6925,4.175,3.825,4.425,4,3,2,False,True,True,True,True,False,False,True,True,True,False
AGRI+INFRA+ARCTIC+TRANS,BBAB,1303.0,372.0,1085.0,446.75,1.200941,0.6925,4.175,3.825,4.425,4,3,1,False,True,True,True,False,False,False,True,True,True,False
AGRI+INFRA+ARCTIC+TRANS,BBAC,1298.0,368.5,1041.0,454.75,1.234057,0.6925,4.175,3.825,4.425,4,3,1,False,True,True,True,False,True,False,True,True,True,False
AGRI+INFRA+ARCTIC+TRANS,BBBA,1292.5,368.5,1040.0,456.75,1.239484,0.6925,4.175,3.825,4.425,4,3,1,False,True,True,True,False,True,False,True,True,True,False
AGRI+INFRA+ARCTIC+TRANS,BBBB,1280.0,365.0,1000.4,490.5,1.343836,0.6925,4.175,3.825,4.425,4,3,0,False,True,True,True,False,True,False,True,True,True,False
AGRI+INFRA+ARCTIC+TRANS,BBBC,1275.0,361.5,956.4,498.5,1.378976,0.6925,4.175,3.825,4.425,4,3,0,False,True,True,True,False,True,False,False,True,True,False
AGRI+INFRA+ARCTIC+TRANS,BBCA,1283.3,361.5,946.0,460.75,1.27455,0.6925,4.175,3.825,4.425,4,3,1,False,True,True,True,False,True,False,False,True,True,False
AGRI+INFRA+ARCTIC+TRANS,BBCB,1270.8,358.0,906.4,494.5,1.381285,0.6925,4.175,3.825,4.425,4,3,0,False,True,True,True,False,True,True,False,True,True,False
AGRI+INFRA+ARCTIC+TRANS,BBCC,1265.8,354.5,862.4,502.5,1.417489,0.6925,4.175,3.825,4.425,4,3,0,False,True,True,True,False,True,True,False,True,True,False
AGRI+INFRA+ARCTIC+TRANS,BCAA,1309.3,371.5,1064.6,420.0,1.130552,0.6925,4.175,3.825,4.425,4,3,2,False,True,True,True,True,False,False,True,True,True,False
AGRI+INFRA+ARCTIC+TRANS,BCAB,1296.8,368.0,1025.0,453.75,1.233016,0.6925,4.175,3.825,4.425,4,3,1,False,True,True,True,False,True,False,True,True,True,False
AGRI+INFRA+ARCTIC+TRANS,BCAC,1291.8,364.5,981.0,461.75,1.266804,0.6925,4.175,3.825,4.425,4,3,1,False,True,True,True,False,True,False,False,True,True,False
AGRI+INFRA+ARCTIC+TRANS,BCBA,1286.3,364.5,980.0,463.75,1.272291,0.6925,4.175,3.825,4.425,4,3,1,False,True,True,True,False,True,False,False,True,True,False
AGRI+INFRA+ARCTIC+TRANS,BCBB,1273.8,361.0,940.4,497.5,1.378116,0.6925,4.175,3.825,4.425,4,3,0,False,True,True,True,False,True,False,False,True,True,False
AGRI+INFRA+ARCTIC+TRANS,BCBC,1268.8,357.5,896.4,505.5,1.413986,0.6925,4.175,3.825,4.425,4,3,0,False,True,True,True,False,True,True,False,True,True,False
AGRI+INFRA+ARCTIC+TRANS,BCCA,1277.1,357.5,886.0,467.75,1.308392,0.6925,4.175,3.825,4.425,4,3,1,False,True,True,True,False,True,True,False,True,True,False
AGRI+INFRA+ARCTIC+TRANS,BCCB,1264.6,354.0,846.4,501.5,1.416667,0.6925,4.175,3.825,4.425,4,3,0,False,True,True,True,False,True,True,False,True,True,False
AGRI+INFRA+ARCTIC+TRANS,BCCC,1259.6,350.5,802.4,509.5,1.453638,0.6925,4.175,3.825,4.425,4,3,0,False,True,True,True,False,True,True,False,True,True,False
AGRI+INFRA+ARCTIC+TRANS,CAAA,1325.8,375.75,1132.6,396.25,1.054558,0.6925,4.175,3.825,4.425,4,3,3,False,True,True,True,True,False,False,True,True,True,False
AGRI+INFRA+ARCTIC+TRANS,CAAB,1313.3,372.25,1093.0,430.0,1.155138,0.6925,4.175,3.825,4.425,4,3,2,False,True,True,True,True,False,False,True,True,True,False
AGRI+INFRA+ARCTIC+TRANS,CAAC,1308.3,368.75,1049.0,438.0,1.187797,0.6925,4.175,3.825,4.425,4,3,2,False,True,True,True,True,False,False,True,True,True,False
AGRI+INFRA+ARCTIC+TRANS,CABA,1302.8,368.75,1048.0,440.0,1.19322,0.6925,4.175,3.825,4.425,4,3,2,False,True,True,True,True,False,False,True,True,True,False
AGRI+INFRA+ARCTIC+TRANS,CABB,1290.3,365.25,1008.4,473.75,1.297057,0.6925,4.175,3.825,4.425,4,3,1,False,True,True,True,False,True,False,True,True,True,False
AGRI+INFRA+ARCTIC+TRANS,CABC,1285.3,361.75,964.4,481.75,1.331721,0.6925,4.175,3.825,4.425,4,3,1,False,True,True,True,False,True,False,False,True,True,False
AGRI+INFRA+ARCTIC+TRANS,CACA,1293.6,361.75,954.0,444.0,1.227367,0.6925,4.175,3.825,4.425,4,3,2,False,True,True,True,True,True,False,False,True,True,False
AGRI+INFRA+ARCTIC+TRANS,CACB,1281.1,358.25,914.4,477.75,1.333566,0.6925,4.175,3.825,4.425,4,3,1,False,True,True,True,False,True,True,False,True,True,False
AGRI+INFRA+ARCTIC+TRANS,CACC,1276.1,354.75,870.4,485.75,1.369274,0.6925,4.175,3.825,4.425,4,3,1,False,True,True,True,False,True,True,False,True,True,False
AGRI+INFRA+ARCTIC+TRANS,CBAA,1310.3,371.75,1078.6,432.5,1.163416,0.6925,4.175,3.825,4.425,4,3,2,False,True,True,True,True,False,False,True,True,True,False
AGRI+INFRA+ARCTIC+TRANS,CBAB,1297.8,368.25,1039.0,466.25,1.266124,0.6925,4.175,3.825,4.425,4,3,1,False,True,True,True,False,True,False,True,True,True,False
AGRI+INFRA+ARCTIC+TRANS,CBAC,1292.8,364.75,995.0,474.25,1.300206,0.6925,4.175,3.825,4.425,4,3,1,False,True,True,True,False,True,False,False,True,True,False
AGRI+INFRA+ARCTIC+TRANS,CBBA,1287.3,364.75,994.0,476.25,1.305689,0.6925,4.175,3.825,4.425,4,3,1,False,True,True,True,False,True,False,False,True,True,False
AGRI+INFRA+ARCTIC+TRANS,CBBB,1274.8,361.25,954.4,510.0,1.411765,0.6925,4.175,3.825,4.425,4,3,0,False,True,True,True,False,True,False,False,True,True,False
AGRI+INFRA+ARCTIC+TRANS,CBBC,1269.8,357.75,910.4,518.0,1.447939,0.6925,4.175,3.825,4.425,4,3,0,False,True,True,True,False,True,True,False,True,True,False
AGRI+INFRA+ARCTIC+TRANS,CBCA,1278.1,357.75,900.0,480.25,1.342418,0.6925,4.175,3.825,4.425,4,3,1,False,True,True,True,False,True,True,False,True,True,False
AGRI+INFRA+ARCTIC+TRANS,CBCB,1265.6,354.25,860.4,514.0,1.450953,0.6925,4.175,3.825,4.425,4,3,0,False,True,True,True,False,True,True,False,True,True,False
AGRI+INFRA+ARCTIC+TRANS,CBCC,1260.6,350.75,816.4,522.0,1.488239,0.6925,4.175,3.825,4.425,4,3,0,False,True,True,True,False,True,True,False,True,True,False
AGRI+INFRA+ARCTIC+TRANS,CCAA,1304.1,367.75,1018.6,439.5,1.195105,0.6925,4.175,3.825,4.425,4,3,2,False,True,True,True,True,False,False,True,True,True,False
AGRI+INFRA+ARCTIC+TRANS,CCAB,1291.6,364.25,979.0,473.25,1.299245,0.6925,4.175,3.825,4.425,4,3,1,False,True,True,True,False,True,False,False,True,True,False
AGRI+INFRA+ARCTIC+TRANS,CCAC,1286.6,360.75,935.0,481.25,1.334026,0.6925,4.175,3.825,4.425,4,3,1,False,True,True,True,False,True,False,False,True,True,False
AGRI+INFRA+ARCTIC+TRANS,CCBA,1281.1,360.75,934.0,483.25,1.33957,0.6925,4.175,3.825,4.425,4,3,1,False,True,True,True,False,True,False,False,True,True,False
AGRI+INFRA+ARCTIC+TRANS,CCBB,1268.6,357.25,894.4,517.0,1.447166,0.6925,4.175,3.825,4.425,4,3,0,False,True,True,True,False,True,True,False,True,True,False
AGRI+INFRA+ARCTIC+TRANS,CCBC,1263.6,353.75,850.4,525.0,1.484099,0.6925,4.175,3.825,4.425,4,3,0,False,True,True,True,False,True,True,False,True,True,False
AGRI+INFRA+ARCTIC+TRANS,CCCA,1271.9,353.75,840.0,487.25,1.377385,0.6925,4.175,3.825,4.425,4,3,1,False,True,True,True,False,True,True,False,True,True,False
AGRI+INFRA+ARCTIC+TRANS,CCCB,1259.4,350.25,800.4,521.0,1.487509,0.6925,4.175,3.825,4.425,4,3,0,False,True,True,True,False,True,True,False,True,True,False
AGRI+INFRA+ARCTIC+TRANS,CCCC,1254.4,346.75,756.4,529.0,1.525595,0.6925,4.175,3.825,4.425,4,3,0,False,True,True,True,False,True,True,False,True,True,False
AGRI+INFRA+ARCTIC+ENV,AAAA,1375.5,388.5,1360.0,336.25,0.865508,0.6825,4.075,3.775,4.425,4,3,4,False,True,True,True,True,False,False,True,True,True,False
AGRI+INFRA+ARCTIC+ENV,AAAB,1361.5,384.75,1295.2,363.5,0.944769,0.6825,4.075,3.775,4.425,4,3,3,False,True,True,True,True,False,False,True,True,True,False
AGRI+INFRA+ARCTIC+ENV,AAAC,1355.9,381.0,1223.2,365.5,0.959318,0.6825,4.075,3.775,4.425,4,3,3,False,True,True,True,True,False,False,True,True,True,False
AGRI+INFRA+ARCTIC+ENV,AABA,1352.5,381.5,1275.4,380.0,0.996068,0.6825,4.075,3.775,4.425,4,3,3,False,True,True,True,True,False,False,True,True,True,False
AGRI+INFRA+ARCTIC+ENV,AABB,1338.5,377.75,1210.6,407.25,1.078094,0.6825,4.075,3.775,4.425,4,3,2,False,True,True,True,True,False,False,True,True,True,False
AGRI+INFRA+ARCTIC+ENV,AABC,1332.9,374.0,1138.6,409.25,1.094251,0.6825,4.075,3.775,4.425,4,3,2,False,True,True,True,True,False,False,True,True,True,False
AGRI+INFRA+ARCTIC+ENV,AACA,1343.3,374.5,1181.4,384.0,1.025367,0.6825,4.075,3.775,4.425,4,3,3,False,True,True,True,True,False,False,True,True,True,False
AGRI+INFRA+ARCTIC+ENV,AACB,1329.3,370.75,1116.6,411.25,1.109238,0.6825,4.075,3.775,4.425,4,3,2,False,True,True,True,True,False,False,True,True,True,False
AGRI+INFRA+ARCTIC+ENV,AACC,1323.7,367.0,1044.6,413.25,1.126022,0.6825,4.075,3.775,4.425,4,3,2,False,True,True,True,True,False,False,True,True,True,False
AGRI+INFRA+ARCTIC+ENV,ABAA,1360.0,384.5,1306.0,372.5,0.968791,0.6825,4.075,3.775,4.425,4,3,3,False,True,True,True,True,False,False,True,True,True,False
AGRI+INFRA+ARCTIC+ENV,ABAB,1346.0,380.75,1241.2,399.75,1.049902,0.6825,4.075,3.775,4.425,4,3,2,False,True,True,True,True,False,False,True,True,True,False
AGRI+INFRA+ARCTIC+ENV,ABAC,1340.4,377.0,1169.2,401.75,1.06565,0.6825,4.075,3.775,4.425,4,3,2,False,True,True,True,True,False,False,True,True,True,False
AGRI+INFRA+ARCTIC+ENV,ABBA,1337.0,377.5,1221.4,416.25,1.102649,0.6825,4.075,3.775,4.425,4,3,2,False,True,True,True,True,False,False,True,True,True,False
AGRI+INFRA+ARCTIC+ENV,ABBB,1323.0,373.75,1156.6,443.5,1.186622,0.6825,4.075,3.775,4.425,4,3,1,False,True,True,True,False,False,False,True,True,True,False
AGRI+INFRA+ARCTIC+ENV,ABBC,1317.4,370.0,1084.6,445.5,1.204054,0.6825,4.075,3.775,4.425,4,3,1,False,True,True,True,False,False,False,True,True,True,False
AGRI+INFRA+ARCTIC+ENV,ABCA,1327.8,370.5,1127.4,420.25,1.134278,0.6825,4.075,3.775,4.425,4,3,2,False,True,True,True,True,False,False,True,True,True,False
AGRI+INFRA+ARCTIC+ENV,ABCB,1313.8,366.75,1062.6,447.5,1.220177,0.6825,4.075,3.775,4.425,4,3,1,False,True,True,True,False,False,False,True,True,True,False
AGRI+INFRA+ARCTIC+ENV,ABCC,1308.2,363.0,990.6,449.5,1.238292,0.6825,4.075,3.775,4.425,4,3,1,False,True,True,True,False,False,False,False,True,True,False
AGRI+INFRA+ARCTIC+ENV,ACAA,1353.8,380.5,1246.0,379.5,0.997372,0.6825,4.075,3.775,4.425,4,3,3,False,True,True,True,True,False,False,True,True,True,False
AGRI+INFRA+ARCTIC+ENV,ACAB,1339.8,376.75,1181.2,406.75,1.079628,0.6825,4.075,3.775,4.425,4,3,2,False,True,True,True,True,False,False,True,True,True,False
AGRI+INFRA+ARCTIC+ENV,ACAC,1334.2,373.0,1109.2,408.75,1.095845,0.6825,4.075,3.775,4.425,4,3,2,False,True,True,True,True,False,False,True,True,True,False
AGRI+INFRA+ARCTIC+ENV,ACBA,1330.8,373.5,1161.4,423.25,1.133199,0.6825,4.075,3.775,4.425,4,3,2,False,True,True,True,True,False,False,True,True,True,False
AGRI+INFRA+ARCTIC+ENV,ACBB,1316.8,369.75,1096.6,450.5,1.218391,0.6825,4.075,3.775,4.425,4,3,1,False,True,True,True,False,False,False,True,True,True,False
AGRI+INFRA+ARCTIC+ENV,ACBC,1311.2,366.0,1024.6,452.5,1.236339,0.6825,4.075,3.775,4.425,4,3,1,False,True,True,True,False,False,False,True,True,True,False
AGRI+INFRA+ARCTIC+ENV,ACCA,1321.6,366.5,1067.4,427.25,1.165757,0.6825,4.075,3.775,4.425,4,3,2,False,True,True,True,True,False,False,True,True,True,False
AGRI+INFRA+ARCTIC+ENV,ACCB,1307.6,362.75,1002.6,454.5,1.252929,0.6825,4.075,3.775,4.425,4,3,1,False,True,True,True,False,False,False,True,True,True,False
AGRI+INFRA+ARCTIC+ENV,ACCC,1302.0,359.0,930.6,456.5,1.271588,0.6825,4.075,3.775,4.425,4,3,1,False,True,True,True,False,False,True,False,True,True,False
AGRI+INFRA+ARCTIC+ENV,BAAA,1362.5,384.75,1318.6,384.25,0.9987,0.6825,4.075,3.775,4.425,4,3,3,False,True,True,True,True,False,False,True,True,True,False
AGRI+INFRA+ARCTIC+ENV,BAAB,1348.5,381.0,1253.8,411.5,1.080052,0.6825,4.075,3.775,4.425,4,3,2,False,True,True,True,True,False,False,True,True,True,False
AGRI+INFRA+ARCTIC+ENV,BAAC,1342.9,377.25,1181.8,413.5,1.09609,0.6825,4.075,3.775,4.425,4,3,2,False,True,True,True,True,False,False,True,True,True,False
AGRI+INFRA+ARCTIC+ENV,BABA,1339.5,377.75,1234.0,428.0,1.133024,0.6825,4.075,3.775,4.425,4,3,2,False,True,True,True,True,False,False,True,True,True,False
AGRI+INFRA+ARCTIC+ENV,BABB,1325.5,374.0,1169.2,455.25,1.217246,0.6825,4.075,3.775,4.425,4,3,1,False,True,True,True,False,False,False,True,True,True,False
AGRI+INFRA+ARCTIC+ENV,BABC,1319.9,370.25,1097.2,457.25,1.234976,0.6825,4.075,3.775,4.425,4,3,1,False,True,True,True,False,False,False,True,True,True,False
AGRI+INFRA+ARCTIC+ENV,BACA,1330.3,370.75,1140.0,432.0,1.165206,0.6825,4.075,3.775,4.425,4,3,2,False,True,True,True,True,False,False,True,True,True,False
AGRI+INFRA+ARCTIC+ENV,BACB,1316.3,367.0,1075.2,459.25,1.251362,0.6825,4.075,3.775,4.425,4,3,1,False,True,True,True,False,False,False,True,True,True,False
AGRI+INFRA+ARCTIC+ENV,BACC,1310.7,363.25,1003.2,461.25,1.269787,0.6825,4.075,3.775,4.425,4,3,1,False,True,True,True,False,False,False,True,True,True,False
AGRI+INFRA+ARCTIC+ENV,BBAA,1347.0,380.75,1264.6,420.5,1.104399,0.6825,4.075,3.775,4.425,4,3,2,False,True,True,True,True,False,False,True,True,True,False
AGRI+INFRA+ARCTIC+ENV,BBAB,1333.0,377.0,1199.8,447.75,1.187666,0.6825,4.075,3.775,4.425,4,3,1,False,True,True,True,False,False,False,True,True,True,False
AGRI+INFRA+ARCTIC+ENV,BBAC,1327.4,373.25,1127.8,449.75,1.204956,0.6825,4.075,3.775,4.425,4,3,1,False,True,True,True,False,False,False,True,True,True,False
AGRI+INFRA+ARCTIC+ENV,BBBA,1324.0,373.75,1180.0,464.25,1.24214,0.6825,4.075,3.775,4.425,4,3,1,False,True,True,True,False,False,False,True,True,True,False
AGRI+INFRA+ARCTIC+ENV,BBBB,1310.0,370.0,1115.2,491.5,1.328378,0.6825,4.075,3.775,4.425,4,3,0,False,True,True,True,False,False,False,True,True,True,False
AGRI+INFRA+ARCTIC+ENV,BBBC,1304.4,366.25,1043.2,493.5,1.34744,0.6825,4.075,3.775,4.425,4,3,0,False,True,True,True,False,False,False,True,True,True,False
AGRI+INFRA+ARCTIC+ENV,BBCA,1314.8,366.75,1086.0,468.25,1.276755,0.6825,4.075,3.775,4.425,4,3,1,False,True,True,True,False,False,False,True,True,True,False
AGRI+INFRA+ARCTIC+ENV,BBCB,1300.8,363.0,1021.2,495.5,1.365014,0.6825,4.075,3.775,4.425,4,3,0,False,True,True,True,False,False,False,True,True,True,False
AGRI+INFRA+ARCTIC+ENV,BBCC,1295.2,359.25,949.2,497.5,1.38483,0.6825,4.075,3.775,4.425,4,3,0,False,True,True,True,False,True,True,False,True,True,False
AGRI+INFRA+ARCTIC+ENV,BCAA,1340.8,376.75,1204.6,427.5,1.134705,0.6825,4.075,3.775,4.425,4,3,2,False,True,True,True,True,False,False,True,True,True,False
AGRI+INFRA+ARCTIC+ENV,BCAB,1326.8,373.0,1139.8,454.75,1.219169,0.6825,4.075,3.775,4.425,4,3,1,False,True,True,True,False,False,False,True,True,True,False
AGRI+INFRA+ARCTIC+ENV,BCAC,1321.2,369.25,1067.8,456.75,1.236967,0.6825,4.075,3.775,4.425,4,3,1,False,True,True,True,False,False,False,True,True,True,False
AGRI+INFRA+ARCTIC+ENV,BCBA,1317.8,369.75,1120.0,471.25,1.27451,0.6825,4.075,3.775,4.425,4,3,1,False,True,True,True,False,False,False,True,True,True,False
AGRI+INFRA+ARCTIC+ENV,BCBB,1303.8,366.0,1055.2,498.5,1.362022,0.6825,4.075,3.775,4.425,4,3,0,False,True,True,True,False,False,False,True,True,True,False
AGRI+INFRA+ARCTIC+ENV,BCBC,1298.2,362.25,983.2,500.5,1.381643,0.6825,4.075,3.775,4.425,4,3,0,False,True,True,True,False,True,False,False,True,True,False
AGRI+INFRA+ARCTIC+ENV,BCCA,1308.6,362.75,1026.0,475.25,1.310131,0.6825,4.075,3.775,4.425,4,3,1,False,True,True,True,False,False,False,True,True,True,False
AGRI+INFRA+ARCTIC+ENV,BCCB,1294.6,359.0,961.2,502.5,1.399721,0.6825,4.075,3.775,4.425,4,3,0,False,True,True,True,False,True,True,False,True,True,False
AGRI+INFRA+ARCTIC+ENV,BCCC,1289.0,355.25,889.2,504.5,1.420127,0.6825,4.075,3.775,4.425,4,3,0,False,True,True,True,False,True,True,False,True,True,False
AGRI+INFRA+ARCTIC+ENV,CAAA,1357.3,381.0,1272.6,403.75,1.059711,0.6825,4.075,3.775,4.425,4,3,3,False,True,True,True,True,False,False,True,True,True,False
AGRI+INFRA+ARCTIC+ENV,CAAB,1343.3,377.25,1207.8,431.0,1.142478,0.6825,4.075,3.775,4.425,4,3,2,False,True,True,True,True,False,False,True,True,True,False
AGRI+INFRA+ARCTIC+ENV,CAAC,1337.7,373.5,1135.8,433.0,1.159304,0.6825,4.075,3.775,4.425,4,3,2,False,True,True,True,True,False,False,True,True,True,False
AGRI+INFRA+ARCTIC+ENV,CABA,1334.3,374.0,1188.0,447.5,1.196524,0.6825,4.075,3.775,4.425,4,3,2,False,True,True,True,True,False,False,True,True,True,False
AGRI+INFRA+ARCTIC+ENV,CABB,1320.3,370.25,1123.2,474.75,1.282242,0.6825,4.075,3.775,4.425,4,3,1,False,True,True,True,False,False,False,True,True,True,False
AGRI+INFRA+ARCTIC+ENV,CABC,1314.7,366.5,1051.2,476.75,1.300819,0.6825,4.075,3.775,4.425,4,3,1,False,True,True,True,False,False,False,True,True,True,False
AGRI+INFRA+ARCTIC+ENV,CACA,1325.1,367.0,1094.0,451.5,1.230245,0.6825,4.075,3.775,4.425,4,3,2,False,True,True,True,True,False,False,True,True,True,False
AGRI+INFRA+ARCTIC+ENV,CACB,1311.1,363.25,1029.2,478.75,1.317963,0.6825,4.075,3.775,4.425,4,3,1,False,True,True,True,False,False,False,True,True,True,False
AGRI+INFRA+ARCTIC+ENV,CACC,1305.5,359.5,957.2,480.75,1.337274,0.6825,4.075,3.775,4.425,4,3,1,False,True,True,True,False,False,True,False,True,True,False
AGRI+INFRA+ARCTIC+ENV,CBAA,1341.8,377.0,1218.6,440.0,1.167109,0.6825,4.075,3.775,4.425,4,3,2,False,True,True,True,True,False,False,True,True,True,False
AGRI+INFRA+ARCTIC+ENV,CBAB,1327.8,373.25,1153.8,467.25,1.251842,0.6825,4.075,3.775,4.425,4,3,1,False,True,True,True,False,False,False,True,True,True,False
AGRI+INFRA+ARCTIC+ENV,CBAC,1322.2,369.5,1081.8,469.25,1.269959,0.6825,4.075,3.775,4.425,4,3,1,False,True,True,True,False,False,False,True,True,True,False
AGRI+INFRA+ARCTIC+ENV,CBBA,1318.8,370.0,1134.0,483.75,1.307432,0.6825,4.075,3.775,4.425,4,3,1,False,True,True,True,False,False,False,True,True,True,False
AGRI+INFRA+ARCTIC+ENV,CBBB,1304.8,366.25,1069.2,511.0,1.395222,0.6825,4.075,3.775,4.425,4,3,0,False,True,True,True,False,False,False,True,True,True,False
AGRI+INFRA+ARCTIC+ENV,CBBC,1299.2,362.5,997.2,513.0,1.415172,0.6825,4.075,3.775,4.425,4,3,0,False,True,True,True,False,True,False,False,True,True,False
AGRI+INFRA+ARCTIC+ENV,CBCA,1309.6,363.0,1040.0,487.75,1.343664,0.6825,4.075,3.775,4.425,4,3,1,False,True,True,True,False,False,False,True,True,True,False
AGRI+INFRA+ARCTIC+ENV,CBCB,1295.6,359.25,975.2,515.0,1.433542,0.6825,4.075,3.775,4.425,4,3,0,False,True,True,True,False,True,True,False,True,True,False
AGRI+INFRA+ARCTIC+ENV,CBCC,1290.0,355.5,903.2,517.0,1.45429,0.6825,4.075,3.775,4.425,4,3,0,False,True,True,True,False,True,True,False,True,True,False
AGRI+INFRA+ARCTIC+ENV,CCAA,1335.6,373.0,1158.6,447.0,1.198391,0.6825,4.075,3.775,4.425,4,3,2,False,True,True,True,True,False,False,True,True,True,False
AGRI+INFRA+ARCTIC+ENV,CCAB,1321.6,369.25,1093.8,474.25,1.28436,0.6825,4.075,3.775,4.425,4,3,1,False,True,True,True,False,False,False,True,True,True,False
AGRI+INFRA+ARCTIC+ENV,CCAC,1316.0,365.5,1021.8,476.25,1.30301,0.6825,4.075,3.775,4.425,4,3,1,False,True,True,True,False,False,False,True,True,True,False
AGRI+INFRA+ARCTIC+ENV,CCBA,1312.6,366.0,1074.0,490.75,1.340847,0.6825,4.075,3.775,4.425,4,3,1,False,True,True,True,False,False,False,True,True,True,False
AGRI+INFRA+ARCTIC+ENV,CCBB,1298.6,362.25,1009.2,518.0,1.429952,0.6825,4.075,3.775,4.425,4,3,0,False,True,True,True,False,True,False,True,True,True,False
AGRI+INFRA+ARCTIC+ENV,CCBC,1293.0,358.5,937.2,520.0,1.450488,0.6825,4.075,3.775,4.425,4,3,0,False,True,True,True,False,True,True,False,True,True,False
AGRI+INFRA+ARCTIC+ENV,CCCA,1303.4,359.0,980.0,494.75,1.378134,0.6825,4.075,3.775,4.425,4,3,1,False,True,True,True,False,False,True,False,True,True,False
AGRI+INFRA+ARCTIC+ENV,CCCB,1289.4,355.25,915.2,522.0,1.469388,0.6825,4.075,3.775,4.425,4,3,0,False,True,True,True,False,True,True,False,True,True,False
AGRI+INFRA+ARCTIC+ENV,CCCC,1283.8,351.5,843.2,524.0,1.490754,0.6825,4.075,3.775,4.425,4,3,0,False,True,True,True,False,True,True,False,True,True,False
AGRI+INFRA+ARCTIC+SSA,AAAA,1428.0,409.5,1340.0,350.0,0.854701,0.66,3.875,3.5,4.475,3,4,4,False,True,True,True,True,False,False,True,True,True,False
AGRI+INFRA+ARCTIC+SSA,AAAB,1411.5,404.75,1278.8,382.0,0.943792,0.66,3.875,3.5,4.475,3,4,3,False,True,True,True,True,False,False,True,True,True,False
AGRI+INFRA+ARCTIC+SSA,AAAC,1404.9,400.0,1210.8,384.25,0.960625,0.66,3.875,3.5,4.475,3,4,3,False,True,True,True,True,False,False,True,True,True,False
AGRI+INFRA+ARCTIC+SSA,AABA,1405.0,402.5,1255.4,393.75,0.978261,0.66,3.875,3.5,4.475,3,4,3,False,True,True,True,True,False,False,True,True,True,False
AGRI+INFRA+ARCTIC+SSA,AABB,1388.5,397.75,1194.2,425.75,1.070396,0.66,3.875,3.5,4.475,3,4,2,False,True,True,True,True,False,False,True,True,True,False
AGRI+INFRA+ARCTIC+SSA,AABC,1381.9,393.0,1126.2,428.0,1.089059,0.66,3.875,3.5,4.475,3,4,2,False,True,True,True,True,False,False,True,True,True,False
AGRI+INFRA+ARCTIC+SSA,AACA,1395.8,395.5,1161.4,397.75,1.005689,0.66,3.875,3.5,4.475,3,4,3,False,True,True,True,True,False,False,True,True,True,False
AGRI+INFRA+ARCTIC+SSA,AACB,1379.3,390.75,1100.2,429.75,1.099808,0.66,3.875,3.5,4.475,3,4,2,False,True,True,True,True,False,False,True,True,True,False
AGRI+INFRA+ARCTIC+SSA,AACC,1372.7,386.0,1032.2,432.0,1.119171,0.66,3.875,3.5,4.475,3,4,2,False,True,True,True,True,False,False,True,True,True,False
AGRI+INFRA+ARCTIC+SSA,ABAA,1412.5,405.5,1286.0,386.25,0.952528,0.66,3.875,3.5,4.475,3,4,3,False,True,True,True,True,False,False,True,True,True,False
AGRI+INFRA+ARCTIC+SSA,ABAB,1396.0,400.75,1224.8,418.25,1.043668,0.66,3.875,3.5,4.475,3,4,2,False,True,True,True,True,False,False,True,True,True,False
AGRI+INFRA+ARCTIC+SSA,ABAC,1389.4,396.0,1156.8,420.5,1.061869,0.66,3.875,3.5,4.475,3,4,2,False,True,True,True,True,False,False,True,True,True,False
AGRI+INFRA+ARCTIC+SSA,ABBA,1389.5,398.5,1201.4,430.0,1.079046,0.66,3.875,3.5,4.475,3,4,2,False,True,True,True,True,False,False,True,True,True,False
AGRI+INFRA+ARCTIC+SSA,ABBB,1373.0,393.75,1140.2,462.0,1.173333,0.66,3.875,3.5,4.475,3,4,1,False,True,True,True,False,False,False,True,True,True,False
AGRI+INFRA+ARCTIC+SSA,ABBC,1366.4,389.0,1072.2,464.25,1.193445,0.66,3.875,3.5,4.475,3,4,1,False,True,True,True,False,False,False,True,True,True,False
AGRI+INFRA+ARCTIC+SSA,ABCA,1380.3,391.5,1107.4,434.0,1.108557,0.66,3.875,3.5,4.475,3,4,2,False,True,True,True,True,False,False,True,True,True,False
AGRI+INFRA+ARCTIC+SSA,ABCB,1363.8,386.75,1046.2,466.0,1.204913,0.66,3.875,3.5,4.475,3,4,1,False,True,True,True,False,False,False,True,True,True,False
AGRI+INFRA+ARCTIC+SSA,ABCC,1357.2,382.0,978.2,468.25,1.225785,0.66,3.875,3.5,4.475,3,4,1,False,True,True,True,False,False,False,False,True,True,False
AGRI+INFRA+ARCTIC+SSA,ACAA,1406.3,401.5,1226.0,393.25,0.979452,0.66,3.875,3.5,4.475,3,4,3,False,True,True,True,True,False,False,True,True,True,False
AGRI+INFRA+ARCTIC+SSA,ACAB,1389.8,396.75,1164.8,425.25,1.071834,0.66,3.875,3.5,4.475,3,4,2,False,True,True,True,True,False,False,True,True,True,False
AGRI+INFRA+ARCTIC+SSA,ACAC,1383.2,392.0,1096.8,427.5,1.090561,0.66,3.875,3.5,4.475,3,4,2,False,True,True,True,True,False,False,True,True,True,False
AGRI+INFRA+ARCTIC+SSA,ACBA,1383.3,394.5,1141.4,437.0,1.107731,0.66,3.875,3.5,4.475,3,4,2,False,True,True,True,True,False,False,True,True,True,False
AGRI+INFRA+ARCTIC+SSA,ACBB,1366.8,389.75,1080.2,469.0,1.203335,0.66,3.875,3.5,4.475,3,4,1,False,True,True,True,False,False,False,True,True,True,False
AGRI+INFRA+ARCTIC+SSA,ACBC,1360.2,385.0,1012.2,471.25,1.224026,0.66,3.875,3.5,4.475,3,4,1,False,True,True,True,False,False,False,True,True,True,False
AGRI+INFRA+ARCTIC+SSA,ACCA,1374.1,387.5,1047.4,441.0,1.138065,0.66,3.875,3.5,4.475,3,4,2,False,True,True,True,True,False,False,True,True,True,False
AGRI+INFRA+ARCTIC+SSA,ACCB,1357.6,382.75,986.2,473.0,1.235794,0.66,3.875,3.5,4.475,3,4,1,False,True,True,True,False,False,False,False,True,True,False
AGRI+INFRA+ARCTIC+SSA,ACCC,1351.0,378.0,918.2,475.25,1.257275,0.66,3.875,3.5,4.475,3,4,1,False,True,True,True,False,False,False,False,True,True,False
AGRI+INFRA+ARCTIC+SSA,BAAA,1415.0,405.75,1298.6,398.0,0.9809,0.66,3.875,3.5,4.475,3,4,3,False,True,True,True,True,False,False,True,True,True,False
AGRI+INFRA+ARCTIC+SSA,BAAB,1398.5,401.0,1237.4,430.0,1.072319,0.66,3.875,3.5,4.475,3,4,2,False,True,True,True,True,False,False,True,True,True,False
AGRI+INFRA+ARCTIC+SSA,BAAC,1391.9,396.25,1169.4,432.25,1.090852,0.66,3.875,3.5,4.475,3,4,2,False,True,True,True,True,False,False,True,True,True,False
AGRI+INFRA+ARCTIC+SSA,BABA,1392.0,398.75,1214.0,441.75,1.107837,0.66,3.875,3.5,4.475,3,4,2,False,True,True,True,True,False,False,True,True,True,False
AGRI+INFRA+ARCTIC+SSA,BABB,1375.5,394.0,1152.8,473.75,1.202411,0.66,3.875,3.5,4.475,3,4,1,False,True,True,True,False,False,False,True,True,True,False
AGRI+INFRA+ARCTIC+SSA,BABC,1368.9,389.25,1084.8,476.0,1.222864,0.66,3.875,3.5,4.475,3,4,1,False,True,True,True,False,False,False,True,True,True,False
AGRI+INFRA+ARCTIC+SSA,BACA,1382.8,391.75,1120.0,445.75,1.137843,0.66,3.875,3.5,4.475,3,4,2,False,True,True,True,True,False,False,True,True,True,False
AGRI+INFRA+ARCTIC+SSA,BACB,1366.3,387.0,1058.8,477.75,1.234496,0.66,3.875,3.5,4.475,3,4,1,False,True,True,True,False,False,False,True,True,True,False
AGRI+INFRA+ARCTIC+SSA,BACC,1359.7,382.25,990.8,480.0,1.255723,0.66,3.875,3.5,4.475,3,4,1,False,True,True,True,False,False,False,False,True,True,False
AGRI+INFRA+ARCTIC+SSA,BBAA,1399.5,401.75,1244.6,434.25,1.080896,0.66,3.875,3.5,4.475,3,4,2,False,True,True,True,True,False,False,True,True,True,False
AGRI+INFRA+ARCTIC+SSA,BBAB,1383.0,397.0,1183.4,466.25,1.174433,0.66,3.875,3.5,4.475,3,4,1,False,True,True,True,False,False,False,True,True,True,False
AGRI+INFRA+ARCTIC+SSA,BBAC,1376.4,392.25,1115.4,468.5,1.194391,0.66,3.875,3.5,4.475,3,4,1,False,True,True,True,False,False,False,True,True,True,False
AGRI+INFRA+ARCTIC+SSA,BBBA,1376.5,394.75,1160.0,478.0,1.210893,0.66,3.875,3.5,4.475,3,4,1,False,True,True,True,False,False,False,True,True,True,False
AGRI+INFRA+ARCTIC+SSA,BBBB,1360.0,390.0,1098.8,510.0,1.307692,0.66,3.875,3.5,4.475,3,4,0,False,True,True,True,False,False,False,True,True,True,False
AGRI+INFRA+ARCTIC+SSA,BBBC,1353.4,385.25,1030.8,512.25,1.329656,0.66,3.875,3.5,4.475,3,4,0,False,True,True,True,False,False,False,True,True,True,False
AGRI+INFRA+ARCTIC+SSA,BBCA,1367.3,387.75,1066.0,482.0,1.243069,0.66,3.875,3.5,4.475,3,4,1,False,True,True,True,False,False,False,True,True,True,False
AGRI+INFRA+ARCTIC+SSA,BBCB,1350.8,383.0,1004.8,514.0,1.342037,0.66,3.875,3.5,4.475,3,4,0,False,True,True,True,False,False,False,True,True,True,False
AGRI+INFRA+ARCTIC+SSA,BBCC,1344.2,378.25,936.8,516.25,1.364838,0.66,3.875,3.5,4.475,3,4,0,False,True,True,True,False,False,False,False,True,True,False
AGRI+INFRA+ARCTIC+SSA,BCAA,1393.3,397.75,1184.6,441.25,1.109365,0.66,3.875,3.5,4.475,3,4,2,False,True,True,True,True,False,False,True,True,True,False
AGRI+INFRA+ARCTIC+SSA,BCAB,1376.8,393.0,1123.4,473.25,1.204198,0.66,3.875,3.5,4.475,3,4,1,False,True,True,True,False,False,False,True,True,True,False
AGRI+INFRA+ARCTIC+SSA,BCAC,1370.2,388.25,1055.4,475.5,1.224726,0.66,3.875,3.5,4.475,3,4,1,False,True,True,True,False,False,False,True,True,True,False
AGRI+INFRA+ARCTIC+SSA,BCBA,1370.3,390.75,1100.0,485.0,1.241203,0.66,3.875,3.5,4.475,3,4,1,False,True,True,True,False,False,False,True,True,True,False
AGRI+INFRA+ARCTIC+SSA,BCBB,1353.8,386.0,1038.8,517.0,1.339378,0.66,3.875,3.5,4.475,3,4,0,False,True,True,True,False,False,False,True,True,True,False
AGRI+INFRA+ARCTIC+SSA,BCBC,1347.2,381.25,970.8,519.25,1.361967,0.66,3.875,3.5,4.475,3,4,0,False,True,True,True,False,False,False,False,True,True,False
AGRI+INFRA+ARCTIC+SSA,BCCA,1361.1,383.75,1006.0,489.0,1.274267,0.66,3.875,3.5,4.475,3,4,1,False,True,True,True,False,False,False,True,True,True,False
AGRI+INFRA+ARCTIC+SSA,BCCB,1344.6,379.0,944.8,521.0,1.37467,0.66,3.875,3.5,4.475,3,4,0,False,True,True,True,False,False,False,False,True,True,False
AGRI+INFRA+ARCTIC+SSA,BCCC,1338.0,374.25,876.8,523.25,1.39813,0.66,3.875,3.5,4.475,3,4,0,False,True,True,True,False,False,False,False,True,True,False
AGRI+INFRA+ARCTIC+SSA,CAAA,1409.8,402.0,1252.6,417.5,1.038557,0.66,3.875,3.5,4.475,3,4,3,False,True,True,True,True,False,False,True,True,True,False
AGRI+INFRA+ARCTIC+SSA,CAAB,1393.3,397.25,1191.4,449.5,1.131529,0.66,3.875,3.5,4.475,3,4,2,False,True,True,True,True,False,False,True,True,True,False
AGRI+INFRA+ARCTIC+SSA,CAAC,1386.7,392.5,1123.4,451.75,1.150955,0.66,3.875,3.5,4.475,3,4,2,False,True,True,True,True,False,False,True,True,True,False
AGRI+INFRA+ARCTIC+SSA,CABA,1386.8,395.0,1168.0,461.25,1.167722,0.66,3.875,3.5,4.475,3,4,2,False,True,True,True,True,False,False,True,True,True,False
AGRI+INFRA+ARCTIC+SSA,CABB,1370.3,390.25,1106.8,493.25,1.263933,0.66,3.875,3.5,4.475,3,4,1,False,True,True,True,False,False,False,True,True,True,False
AGRI+INFRA+ARCTIC+SSA,CABC,1363.7,385.5,1038.8,495.5,1.285344,0.66,3.875,3.5,4.475,3,4,1,False,True,True,True,False,False,False,True,True,True,False
AGRI+INFRA+ARCTIC+SSA,CACA,1377.6,388.0,1074.0,465.25,1.199098,0.66,3.875,3.5,4.475,3,4,2,False,True,True,True,True,False,False,True,True,True,False
AGRI+INFRA+ARCTIC+SSA,CACB,1361.1,383.25,1012.8,497.25,1.297456,0.66,3.875,3.5,4.475,3,4,1,False,True,True,True,False,False,False,True,True,True,False
AGRI+INFRA+ARCTIC+SSA,CACC,1354.5,378.5,944.8,499.5,1.319683,0.66,3.875,3.5,4.475,3,4,1,False,True,True,True,False,False,False,False,True,True,False
AGRI+INFRA+ARCTIC+SSA,CBAA,1394.3,398.0,1198.6,453.75,1.140075,0.66,3.875,3.5,4.475,3,4,2,False,True,True,True,True,False,False,True,True,True,False
AGRI+INFRA+ARCTIC+SSA,CBAB,1377.8,393.25,1137.4,485.75,1.235219,0.66,3.875,3.5,4.475,3,4,1,False,True,True,True,False,False,False,True,True,True,False
AGRI+INFRA+ARCTIC+SSA,CBAC,1371.2,388.5,1069.4,488.0,1.256113,0.66,3.875,3.5,4.475,3,4,1,False,True,True,True,False,False,False,True,True,True,False
AGRI+INFRA+ARCTIC+SSA,CBBA,1371.3,391.0,1114.0,497.5,1.272379,0.66,3.875,3.5,4.475,3,4,1,False,True,True,True,False,False,False,True,True,True,False
AGRI+INFRA+ARCTIC+SSA,CBBB,1354.8,386.25,1052.8,529.5,1.370874,0.66,3.875,3.5,4.475,3,4,0,False,True,True,True,False,False,False,True,True,True,False
AGRI+INFRA+ARCTIC+SSA,CBBC,1348.2,381.5,984.8,531.75,1.39384,0.66,3.875,3.5,4.475,3,4,0,False,True,True,True,False,False,False,False,True,True,False
AGRI+INFRA+ARCTIC+SSA,CBCA,1362.1,384.0,1020.0,501.5,1.30599,0.66,3.875,3.5,4.475,3,4,1,False,True,True,True,False,False,False,True,True,True,False
AGRI+INFRA+ARCTIC+SSA,CBCB,1345.6,379.25,958.8,533.5,1.406724,0.66,3.875,3.5,4.475,3,4,0,False,True,True,True,False,False,False,False,True,True,False
AGRI+INFRA+ARCTIC+SSA,CBCC,1339.0,374.5,890.8,535.75,1.430574,0.66,3.875,3.5,4.475,3,4,0,False,True,True,True,False,False,False,False,True,True,False
AGRI+INFRA+ARCTIC+SSA,CCAA,1388.1,394.0,1138.6,460.75,1.169416,0.66,3.875,3.5,4.475,3,4,2,False,True,True,True,True,False,False,True,True,True,False
AGRI+INFRA+ARCTIC+SSA,CCAB,1371.6,389.25,1077.4,492.75,1.265896,0.66,3.875,3.5,4.475,3,4,1,False,True,True,True,False,False,False,True,True,True,False
AGRI+INFRA+ARCTIC+SSA,CCAC,1365.0,384.5,1009.4,495.0,1.287386,0.66,3.875,3.5,4.475,3,4,1,False,True,True,True,False,False,False,True,True,True,False
AGRI+INFRA+ARCTIC+SSA,CCBA,1365.1,387.0,1054.0,504.5,1.303618,0.66,3.875,3.5,4.475,3,4,1,False,True,True,True,False,False,False,True,True,True,False
AGRI+INFRA+ARCTIC+SSA,CCBB,1348.6,382.25,992.8,536.5,1.403532,0.66,3.875,3.5,4.475,3,4,0,False,True,True,True,False,False,False,False,True,True,False
AGRI+INFRA+ARCTIC+SSA,CCBC,1342.0,377.5,924.8,538.75,1.427152,0.66,3.875,3.5,4.475,3,4,0,False,True,True,True,False,False,False,False,True,True,False
AGRI+INFRA+ARCTIC+SSA,CCCA,1355.9,380.0,960.0,508.5,1.338158,0.66,3.875,3.5,4.475,3,4,1,False,True,True,True,False,False,False,False,True,True,False
AGRI+INFRA+ARCTIC+SSA,CCCB,1339.4,375.25,898.8,540.5,1.440373,0.66,3.875,3.5,4.475,3,4,0,False,True,True,True,False,False,False,False,True,True,False
AGRI+INFRA+ARCTIC+SSA,CCCC,1332.8,370.5,830.8,542.75,1.464912,0.66,3.875,3.5,4.475,3,4,0,False,True,True,True,False,False,False,False,True,True,False
AGRI+INFRA+TRANS+ENV,AAAA,1155.0,315.0,1110.0,286.25,0.90873,0.7375,4.475,4.175,4.7,4,2,4,True,True,True,True,True,True,True,True,True,True,True
AGRI+INFRA+TRANS+ENV,AAAB,1141.0,311.25,1045.2,313.5,1.007229,0.7375,4.475,4.175,4.7,4,2,3,True,True,True,True,True,True,True,True,True,True,True
AGRI+INFRA+TRANS+ENV,AAAC,1135.4,307.5,973.2,315.5,1.026016,0.7375,4.475,4.175,4.7,4,2,3,False,True,True,True,True,True,True,False,True,True,False
AGRI+INFRA+TRANS+ENV,AABA,1142.5,311.5,1070.4,320.0,1.027287,0.7375,4.475,4.175,4.7,4,2,3,True,True,True,True,True,True,True,True,True,True,True
AGRI+INFRA+TRANS+ENV,AABB,1128.5,307.75,1005.6,347.25,1.128351,0.7375,4.475,4.175,4.7,4,2,2,True,True,True,True,True,True,True,True,True,True,True
AGRI+INFRA+TRANS+ENV,AABC,1122.9,304.0,933.6,349.25,1.148849,0.7375,4.475,4.175,4.7,4,2,2,False,True,True,True,True,True,True,False,True,True,False
AGRI+INFRA+TRANS+ENV,AACA,1137.5,308.0,1026.4,328.0,1.064935,0.7375,4.475,4.175,4.7,4,2,3,True,True,True,True,True,True,True,True,True,True,True
AGRI+INFRA+TRANS+ENV,AACB,1123.5,304.25,961.6,355.25,1.167625,0.7375,4.475,4.175,4.7,4,2,2,False,True,True,True,True,True,True,False,True,True,False
AGRI+INFRA+TRANS+ENV,AACC,1117.9,300.5,889.6,357.25,1.188852,0.7375,4.475,4.175,4.7,4,2,2,False,True,True,True,True,True,True,False,True,True,False
AGRI+INFRA+TRANS+ENV,ABAA,1139.5,311.0,1056.0,322.5,1.036977,0.7375,4.475,4.175,4.7,4,2,3,True,True,True,True,True,True,True,True,True,True,True
AGRI+INFRA+TRANS+ENV,ABAB,1125.5,307.25,991.2,349.75,1.138324,0.7375,4.475,4.175,4.7,4,2,2,False,True,True,True,True,True,True,False,True,True,False
AGRI+INFRA+TRANS+ENV,ABAC,1119.9,303.5,919.2,351.75,1.158979,0.7375,4.475,4.175,4.7,4,2,2,False,True,True,True,True,True,True,False,True,True,False
AGRI+INFRA+TRANS+ENV,ABBA,1127.0,307.5,1016.4,356.25,1.158537,0.7375,4.475,4.175,4.7,4,2,2,True,True,True,True,True,True,True,True,True,True,True
AGRI+INFRA+TRANS+ENV,ABBB,1113.0,303.75,951.6,383.5,1.262551,0.7375,4.475,4.175,4.7,4,2,1,False,True,True,True,False,True,True,False,True,True,False
AGRI+INFRA+TRANS+ENV,ABBC,1107.4,300.0,879.6,385.5,1.285,0.7375,4.475,4.175,4.7,4,2,1,False,True,True,True,False,True,True,False,True,True,False
AGRI+INFRA+TRANS+ENV,ABCA,1122.0,304.0,972.4,364.25,1.198191,0.7375,4.475,4.175,4.7,4,2,2,False,True,True,True,True,True,True,False,True,True,False
AGRI+INFRA+TRANS+ENV,ABCB,1108.0,300.25,907.6,391.5,1.303913,0.7375,4.475,4.175,4.7,4,2,1,False,True,True,True,False,True,True,False,True,True,False
AGRI+INFRA+TRANS+ENV,ABCC,1102.4,296.5,835.6,393.5,1.32715,0.7375,4.475,4.175,4.7,4,2,1,False,True,True,True,False,True,True,False,True,True,False
AGRI+INFRA+TRANS+ENV,ACAA,1133.3,307.0,996.0,329.5,1.07329,0.7375,4.475,4.175,4.7,4,2,3,False,True,True,True,True,True,True,False,True,True,False
AGRI+INFRA+TRANS+ENV,ACAB,1119.3,303.25,931.2,356.75,1.176422,0.7375,4.475,4.175,4.7,4,2,2,False,True,True,True,True,True,True,False,True,True,False
AGRI+INFRA+TRANS+ENV,ACAC,1113.7,299.5,859.2,358.75,1.19783,0.7375,4.475,4.175,4.7,4,2,2,False,True,True,True,True,True,True,False,True,True,False
AGRI+INFRA+TRANS+ENV,ACBA,1120.8,303.5,956.4,363.25,1.19687,0.7375,4.475,4.175,4.7,4,2,2,False,True,True,True,True,True,True,False,True,True,False
AGRI+INFRA+TRANS+ENV,ACBB,1106.8,299.75,891.6,390.5,1.302752,0.7375,4.475,4.175,4.7,4,2,1,False,True,True,True,False,True,True,False,True,True,False
AGRI+INFRA+TRANS+ENV,ACBC,1101.2,296.0,819.6,392.5,1.326014,0.7375,4.475,4.175,4.7,4,2,1,False,True,True,True,False,True,True,False,True,True,False
AGRI+INFRA+TRANS+ENV,ACCA,1115.8,300.0,912.4,371.25,1.2375,0.7375,4.475,4.175,4.7,4,2,2,False,True,True,True,True,True,True,False,True,True,False
AGRI+INFRA+TRANS+ENV,ACCB,1101.8,296.25,847.6,398.5,1.345148,0.7375,4.475,4.175,4.7,4,2,1,False,True,True,True,False,True,True,False,True,True,False
AGRI+INFRA+TRANS+ENV,ACCC,1096.2,292.5,775.6,400.5,1.369231,0.7375,4.475,4.175,4.7,4,2,1,False,True,True,True,False,True,True,False,True,True,False
AGRI+INFRA+TRANS+ENV,BAAA,1142.0,311.25,1068.6,334.25,1.073896,0.7375,4.475,4.175,4.7,4,2,3,True,True,True,True,True,True,True,True,True,True,True
AGRI+INFRA+TRANS+ENV,BAAB,1128.0,307.5,1003.8,361.5,1.17561,0.7375,4.475,4.175,4.7,4,2,2,True,True,True,True,True,True,True,True,True,True,True
AGRI+INFRA+TRANS+ENV,BAAC,1122.4,303.75,931.8,363.5,1.196708,0.7375,4.475,4.175,4.7,4,2,2,False,True,True,True,True,True,True,False,True,True,False
AGRI+INFRA+TRANS+ENV,BABA,1129.5,307.75,1029.0,368.0,1.195776,0.7375,4.475,4.175,4.7,4,2,2,True,True,True,True,True,True,True,True,True,True,True
AGRI+INFRA+TRANS+ENV,BABB,1115.5,304.0,964.2,395.25,1.300164,0.7375,4.475,4.175,4.7,4,2,1,False,True,True,True,False,True,True,False,True,True,False
AGRI+INFRA+TRANS+ENV,BABC,1109.9,300.25,892.2,397.25,1.323064,0.7375,4.475,4.175,4.7,4,2,1,False,True,True,True,False,True,True,False,True,True,False
AGRI+INFRA+TRANS+ENV,BACA,1124.5,304.25,985.0,376.0,1.235826,0.7375,4.475,4.175,4.7,4,2,2,False,True,True,True,True,True,True,False,True,True,False
AGRI+INFRA+TRANS+ENV,BACB,1110.5,300.5,920.2,403.25,1.34193,0.7375,4.475,4.175,4.7,4,2,1,False,True,True,True,False,True,True,False,True,True,False
AGRI+INFRA+TRANS+ENV,BACC,1104.9,296.75,848.2,405.25,1.365628,0.7375,4.475,4.175,4.7,4,2,1,False,True,True,True,False,True,True,False,True,True,False
AGRI+INFRA+TRANS+ENV,BBAA,1126.5,307.25,1014.6,370.5,1.205858,0.7375,4.475,4.175,4.7,4,2,2,True,True,True,True,True,True,True,True,True,True,True
AGRI+INFRA+TRANS+ENV,BBAB,1112.5,303.5,949.8,397.75,1.310544,0.7375,4.475,4.175,4.7,4,2,1,False,True,True,True,False,True,True,False,True,True,False
AGRI+INFRA+TRANS+ENV,BBAC,1106.9,299.75,877.8,399.75,1.333611,0.7375,4.475,4.175,4.7,4,2,1,False,True,True,True,False,True,True,False,True,True,False
AGRI+INFRA+TRANS+ENV,BBBA,1114.0,303.75,975.0,404.25,1.330864,0.7375,4.475,4.175,4.7,4,2,1,False,True,True,True,False,True,True,False,True,True,False
AGRI+INFRA+TRANS+ENV,BBBB,1100.0,300.0,910.2,431.5,1.438333,0.7375,4.475,4.175,4.7,4,2,0,False,True,True,True,False,True,True,False,True,True,False
AGRI+INFRA+TRANS+ENV,BBBC,1094.4,296.25,838.2,433.5,1.463291,0.7375,4.475,4.175,4.7,4,2,0,False,True,True,True,False,True,True,False,True,True,False
AGRI+INFRA+TRANS+ENV,BBCA,1109.0,300.25,931.0,412.25,1.373022,0.7375,4.475,4.175,4.7,4,2,1,False,True,True,True,False,True,True,False,True,True,False
AGRI+INFRA+TRANS+ENV,BBCB,1095.0,296.5,866.2,439.5,1.482293,0.7375,4.475,4.175,4.7,4,2,0,False,True,True,True,False,True,True,False,True,True,False
AGRI+INFRA+TRANS+ENV,BBCC,1089.4,292.75,794.2,441.5,1.508113,0.7375,4.475,4.175,4.7,4,2,0,False,True,True,True,False,True,True,False,True,True,False
AGRI+INFRA+TRANS+ENV,BCAA,1120.3,303.25,954.6,377.5,1.244847,0.7375,4.475,4.175,4.7,4,2,2,False,True,True,True,True,True,True,False,True,True,False
AGRI+INFRA+TRANS+ENV,BCAB,1106.3,299.5,889.8,404.75,1.351419,0.7375,4.475,4.175,4.7,4,2,1,False,True,True,True,False,True,True,False,True,True,False
AGRI+INFRA+TRANS+ENV,BCAC,1100.7,295.75,817.8,406.75,1.375317,0.7375,4.475,4.175,4.7,4,2,1,False,True,True,True,False,True,True,False,True,True,False
AGRI+INFRA+TRANS+ENV,BCBA,1107.8,299.75,915.0,411.25,1.371977,0.7375,4.475,4.175,4.7,4,2,1,False,True,True,True,False,True,True,False,True,True,False
AGRI+INFRA+TRANS+ENV,BCBB,1093.8,296.0,850.2,438.5,1.481419,0.7375,4.475,4.175,4.7,4,2,0,False,True,True,True,False,True,True,False,True,True,False
AGRI+INFRA+TRANS+ENV,BCBC,1088.2,292.25,778.2,440.5,1.507271,0.7375,4.475,4.175,4.7,4,2,0,False,True,True,True,False,True,True,False,True,True,False
AGRI+INFRA+TRANS+ENV,BCCA,1102.8,296.25,871.0,419.25,1.41519,0.7375,4.475,4.175,4.7,4,2,1,False,True,True,True,False,True,True,False,True,True,False
AGRI+INFRA+TRANS+ENV,BCCB,1088.8,292.5,806.2,446.5,1.526496,0.7375,4.475,4.175,4.7,4,2,0,False,True,True,True,False,True,True,False,True,True,False
AGRI+INFRA+TRANS+ENV,BCCC,1083.2,288.75,734.2,448.5,1.553247,0.7375,4.475,4.175,4.7,4,2,0,False,True,True,True,False,True,True,False,True,True,False
AGRI+INFRA+TRANS+ENV,CAAA,1136.8,307.5,1022.6,353.75,1.150407,0.7375,4.475,4.175,4.7,4,2,3,True,True,True,True,True,True,True,True,True,True,True
AGRI+INFRA+TRANS+ENV,CAAB,1122.8,303.75,957.8,381.0,1.254321,0.7375,4.475,4.175,4.7,4,2,2,False,True,True,True,True,True,True,False,True,True,False
AGRI+INFRA+TRANS+ENV,CAAC,1117.2,300.0,885.8,383.0,1.276667,0.7375,4.475,4.175,4.7,4,2,2,False,True,True,True,True,True,True,False,True,True,False
AGRI+INFRA+TRANS+ENV,CABA,1124.3,304.0,983.0,387.5,1.274671,0.7375,4.475,4.175,4.7,4,2,2,False,True,True,True,True,True,True,False,True,True,False
AGRI+INFRA+TRANS+ENV,CABB,1110.3,300.25,918.2,414.75,1.381349,0.7375,4.475,4.175,4.7,4,2,1,False,True,True,True,False,True,True,False,True,True,False
AGRI+INFRA+TRANS+ENV,CABC,1104.7,296.5,846.2,416.75,1.405565,0.7375,4.475,4.175,4.7,4,2,1,False,True,True,True,False,True,True,False,True,True,False
AGRI+INFRA+TRANS+ENV,CACA,1119.3,300.5,939.0,395.5,1.31614,0.7375,4.475,4.175,4.7,4,2,2,False,True,True,True,True,True,True,False,True,True,False
AGRI+INFRA+TRANS+ENV,CACB,1105.3,296.75,874.2,422.75,1.4246,0.7375,4.475,4.175,4.7,4,2,1,False,True,True,True,False,True,True,False,True,True,False
AGRI+INFRA+TRANS+ENV,CACC,1099.7,293.0,802.2,424.75,1.449659,0.7375,4.475,4.175,4.7,4,2,1,False,True,True,True,False,True,True,False,True,True,False
AGRI+INFRA+TRANS+ENV,CBAA,1121.3,303.5,968.6,390.0,1.285008,0.7375,4.475,4.175,4.7,4,2,2,False,True,True,True,True,True,True,False,True,True,False
AGRI+INFRA+TRANS+ENV,CBAB,1107.3,299.75,903.8,417.25,1.391993,0.7375,4.475,4.175,4.7,4,2,1,False,True,True,True,False,True,True,False,True,True,False
AGRI+INFRA+TRANS+ENV,CBAC,1101.7,296.0,831.8,419.25,1.416385,0.7375,4.475,4.175,4.7,4,2,1,False,True,True,True,False,True,True,False,True,True,False
AGRI+INFRA+TRANS+ENV,CBBA,1108.8,300.0,929.0,423.75,1.4125,0.7375,4.475,4.175,4.7,4,2,1,False,True,True,True,False,True,True,False,True,True,False
AGRI+INFRA+TRANS+ENV,CBBB,1094.8,296.25,864.2,451.0,1.522363,0.7375,4.475,4.175,4.7,4,2,0,False,True,True,True,False,True,True,False,True,True,False
AGRI+INFRA+TRANS+ENV,CBBC,1089.2,292.5,792.2,453.0,1.548718,0.7375,4.475,4.175,4.7,4,2,0,False,True,True,True,False,True,True,False,True,True,False
AGRI+INFRA+TRANS+ENV,CBCA,1103.8,296.5,885.0,431.75,1.456155,0.7375,4.475,4.175,4.7,4,2,1,False,True,True,True,False,True,True,False,True,True,False
AGRI+INFRA+TRANS+ENV,CBCB,1089.8,292.75,820.2,459.0,1.567891,0.7375,4.475,4.175,4.7,4,2,0,False,True,True,True,False,True,True,False,True,True,False
AGRI+INFRA+TRANS+ENV,CBCC,1084.2,289.0,748.2,461.0,1.595156,0.7375,4.475,4.175,4.7,4,2,0,False,True,True,True,False,True,True,False,True,True,False
AGRI+INFRA+TRANS+ENV,CCAA,1115.1,299.5,908.6,397.0,1.325543,0.7375,4.475,4.175,4.7,4,2,2,False,True,True,True,True,True,True,False,True,True,False
AGRI+INFRA+TRANS+ENV,CCAB,1101.1,295.75,843.8,424.25,1.434489,0.7375,4.475,4.175,4.7,4,2,1,False,True,True,True,False,True,True,False,True,True,False
AGRI+INFRA+TRANS+ENV,CCAC,1095.5,292.0,771.8,426.25,1.45976,0.7375,4.475,4.175,4.7,4,2,1,False,True,True,True,False,True,True,False,True,True,False
AGRI+INFRA+TRANS+ENV,CCBA,1102.6,296.0,869.0,430.75,1.455236,0.7375,4.475,4.175,4.7,4,2,1,False,True,True,True,False,True,True,False,True,True,False
AGRI+INFRA+TRANS+ENV,CCBB,1088.6,292.25,804.2,458.0,1.567151,0.7375,4.475,4.175,4.7,4,2,0,False,True,True,True,False,True,True,False,True,True,False
AGRI+INFRA+TRANS+ENV,CCBC,1083.0,288.5,732.2,460.0,1.594454,0.7375,4.475,4.175,4.7,4,2,0,False,True,True,True,False,True,True,False,True,True,False
AGRI+INFRA+TRANS+ENV,CCCA,1097.6,292.5,825.0,438.75,1.5,0.7375,4.475,4.175,4.7,4,2,1,False,True,True,True,False,True,True,False,True,True,False
AGRI+INFRA+TRANS+ENV,CCCB,1083.6,288.75,760.2,466.0,1.613853,0.7375,4.475,4.175,4.7,4,2,0,False,True,True,True,False,True,True,False,True,True,False
AGRI+INFRA+TRANS+ENV,CCCC,1078.0,285.0,688.2,468.0,1.642105,0.7375,4.475,4.175,4.7,4,2,0,False,True,True,True,False,True,True,False,True,True,False
AGRI+INFRA+TRANS+SSA,AAAA,1207.5,336.0,1090.0,300.0,0.892857,0.715,4.275,3.9,4.75,3,3,4,True,True,True,True,True,True,True,True,True,True,False
AGRI+INFRA+TRANS+SSA,AAAB,1191.0,331.25,1028.8,332.0,1.002264,0.715,4.275,3.9,4.75,3,3,3,True,True,True,True,True,True,True,True,True,True,False
AGRI+INFRA+TRANS+SSA,AAAC,1184.4,326.5,960.8,334.25,1.023737,0.715,4.275,3.9,4.75,3,3,3,False,True,True,True,True,True,True,False,True,True,False
AGRI+INFRA+TRANS+SSA,AABA,1195.0,332.5,1050.4,333.75,1.003759,0.715,4.275,3.9,4.75,3,3,3,True,True,True,True,True,True,True,True,True,True,False
AGRI+INFRA+TRANS+SSA,AABB,1178.5,327.75,989.2,365.75,1.115942,0.715,4.275,3.9,4.75,3,3,2,False,True,True,True,True,True,True,False,True,True,False
AGRI+INFRA+TRANS+SSA,AABC,1171.9,323.0,921.2,368.0,1.139319,0.715,4.275,3.9,4.75,3,3,2,False,True,True,True,True,True,True,False,True,True,False
AGRI+INFRA+TRANS+SSA,AACA,1190.0,329.0,1006.4,341.75,1.038754,0.715,4.275,3.9,4.75,3,3,3,True,True,True,True,True,True,True,True,True,True,False
AGRI+INFRA+TRANS+SSA,AACB,1173.5,324.25,945.2,373.75,1.15266,0.715,4.275,3.9,4.75,3,3,2,False,True,True,True,True,True,True,False,True,True,False
AGRI+INFRA+TRANS+SSA,AACC,1166.9,319.5,877.2,376.0,1.176839,0.715,4.275,3.9,4.75,3,3,2,False,True,True,True,True,True,True,False,True,True,False
AGRI+INFRA+TRANS+SSA,ABAA,1192.0,332.0,1036.0,336.25,1.012801,0.715,4.275,3.9,4.75,3,3,3,True,True,True,True,True,True,True,True,True,True,False
AGRI+INFRA+TRANS+SSA,ABAB,1175.5,327.25,974.8,368.25,1.125286,0.715,4.275,3.9,4.75,3,3,2,False,True,True,True,True,True,True,False,True,True,False
AGRI+INFRA+TRANS+SSA,ABAC,1168.9,322.5,906.8,370.5,1.148837,0.715,4.275,3.9,4.75,3,3,2,False,True,True,True,True,True,True,False,True,True,False
AGRI+INFRA+TRANS+SSA,ABBA,1179.5,328.5,996.4,370.0,1.126332,0.715,4.275,3.9,4.75,3,3,2,False,True,True,True,True,True,True,False,True,True,False
AGRI+INFRA+TRANS+SSA,ABBB,1163.0,323.75,935.2,402.0,1.241699,0.715,4.275,3.9,4.75,3,3,1,False,True,True,True,False,True,True,False,True,True,False
AGRI+INFRA+TRANS+SSA,ABBC,1156.4,319.0,867.2,404.25,1.267241,0.715,4.275,3.9,4.75,3,3,1,False,True,True,True,False,True,True,False,True,True,False
AGRI+INFRA+TRANS+SSA,ABCA,1174.5,325.0,952.4,378.0,1.163077,0.715,4.275,3.9,4.75,3,3,2,False,True,True,True,True,True,True,False,True,True,False
AGRI+INFRA+TRANS+SSA,ABCB,1158.0,320.25,891.2,410.0,1.28025,0.715,4.275,3.9,4.75,3,3,1,False,True,True,True,False,True,True,False,True,True,False
AGRI+INFRA+TRANS+SSA,ABCC,1151.4,315.5,823.2,412.25,1.306656,0.715,4.275,3.9,4.75,3,3,1,False,True,True,True,False,True,True,False,True,True,False
AGRI+INFRA+TRANS+SSA,ACAA,1185.8,328.0,976.0,343.25,1.046494,0.715,4.275,3.9,4.75,3,3,3,False,True,True,True,True,True,True,False,True,True,False
AGRI+INFRA+TRANS+SSA,ACAB,1169.3,323.25,914.8,375.25,1.160866,0.715,4.275,3.9,4.75,3,3,2,False,True,True,True,True,True,True,False,True,True,False
AGRI+INFRA+TRANS+SSA,ACAC,1162.7,318.5,846.8,377.5,1.185243,0.715,4.275,3.9,4.75,3,3,2,False,True,True,True,True,True,True,False,True,True,False
AGRI+INFRA+TRANS+SSA,ACBA,1173.3,324.5,936.4,377.0,1.161787,0.715,4.275,3.9,4.75,3,3,2,False,True,True,True,True,True,True,False,True,True,False
AGRI+INFRA+TRANS+SSA,ACBB,1156.8,319.75,875.2,409.0,1.279124,0.715,4.275,3.9,4.75,3,3,1,False,True,True,True,False,True,True,False,True,True,False
AGRI+INFRA+TRANS+SSA,ACBC,1150.2,315.0,807.2,411.25,1.305556,0.715,4.275,3.9,4.75,3,3,1,False,True,True,True,False,True,True,False,True,True,False
AGRI+INFRA+TRANS+SSA,ACCA,1168.3,321.0,892.4,385.0,1.199377,0.715,4.275,3.9,4.75,3,3,2,False,True,True,True,True,True,True,False,True,True,False
AGRI+INFRA+TRANS+SSA,ACCB,1151.8,316.25,831.2,417.0,1.318577,0.715,4.275,3.9,4.75,3,3,1,False,True,True,True,False,True,True,False,True,True,False
AGRI+INFRA+TRANS+SSA,ACCC,1145.2,311.5,763.2,419.25,1.345907,0.715,4.275,3.9,4.75,3,3,1,False,True,True,True,False,True,True,False,True,True,False
AGRI+INFRA+TRANS+SSA,BAAA,1194.5,332.25,1048.6,348.0,1.047404,0.715,4.275,3.9,4.75,3,3,3,True,True,True,True,True,True,True,True,True,True,False
AGRI+INFRA+TRANS+SSA,BAAB,1178.0,327.5,987.4,380.0,1.160305,0.715,4.275,3.9,4.75,3,3,2,False,True,True,True,True,True,True,False,True,True,False
AGRI+INFRA+TRANS+SSA,BAAC,1171.4,322.75,919.4,382.25,1.184353,0.715,4.275,3.9,4.75,3,3,2,False,True,True,True,True,True,True,False,True,True,False
AGRI+INFRA+TRANS+SSA,BABA,1182.0,328.75,1009.0,381.75,1.161217,0.715,4.275,3.9,4.75,3,3,2,True,True,True,True,True,True,True,True,True,True,False
AGRI+INFRA+TRANS+SSA,BABB,1165.5,324.0,947.8,413.75,1.277006,0.715,4.275,3.9,4.75,3,3,1,False,True,True,True,False,True,True,False,True,True,False
AGRI+INFRA+TRANS+SSA,BABC,1158.9,319.25,879.8,416.0,1.303054,0.715,4.275,3.9,4.75,3,3,1,False,True,True,True,False,True,True,False,True,True,False
AGRI+INFRA+TRANS+SSA,BACA,1177.0,325.25,965.0,389.75,1.198309,0.715,4.275,3.9,4.75,3,3,2,False,True,True,True,True,True,True,False,True,True,False
AGRI+INFRA+TRANS+SSA,BACB,1160.5,320.5,903.8,421.75,1.315913,0.715,4.275,3.9,4.75,3,3,1,False,True,True,True,False,True,True,False,True,True,False
AGRI+INFRA+TRANS+SSA,BACC,1153.9,315.75,835.8,424.0,1.342835,0.715,4.275,3.9,4.75,3,3,1,False,True,True,True,False,True,True,False,True,True,False
AGRI+INFRA+TRANS+SSA,BBAA,1179.0,328.25,994.6,384.25,1.170602,0.715,4.275,3.9,4.75,3,3,2,False,True,True,True,True,True,True,False,True,True,False
AGRI+INFRA+TRANS+SSA,BBAB,1162.5,323.5,933.4,416.25,1.286708,0.715,4.275,3.9,4.75,3,3,1,False,True,True,True,False,True,True,False,True,True,False
AGRI+INFRA+TRANS+SSA,BBAC,1155.9,318.75,865.4,418.5,1.312941,0.715,4.275,3.9,4.75,3,3,1,False,True,True,True,False,True,True,False,True,True,False
AGRI+INFRA+TRANS+SSA,BBBA,1166.5,324.75,955.0,418.0,1.287144,0.715,4.275,3.9,4.75,3,3,1,False,True,True,True,False,True,True,False,True,True,False
AGRI+INFRA+TRANS+SSA,BBBB,1150.0,320.0,893.8,450.0,1.40625,0.715,4.275,3.9,4.75,3,3,0,False,True,True,True,False,True,True,False,True,True,False
AGRI+INFRA+TRANS+SSA,BBBC,1143.4,315.25,825.8,452.25,1.434576,0.715,4.275,3.9,4.75,3,3,0,False,True,True,True,False,True,True,False,True,True,False
AGRI+INFRA+TRANS+SSA,BBCA,1161.5,321.25,911.0,426.0,1.32607,0.715,4.275,3.9,4.75,3,3,1,False,True,True,True,False,True,True,False,True,True,False
AGRI+INFRA+TRANS+SSA,BBCB,1145.0,316.5,849.8,458.0,1.447077,0.715,4.275,3.9,4.75,3,3,0,False,True,True,True,False,True,True,False,True,True,False
AGRI+INFRA+TRANS+SSA,BBCC,1138.4,311.75,781.8,460.25,1.476343,0.715,4.275,3.9,4.75,3,3,0,False,True,True,True,False,True,True,False,True,True,False
AGRI+INFRA+TRANS+SSA,BCAA,1172.8,324.25,934.6,391.25,1.206631,0.715,4.275,3.9,4.75,3,3,2,False,True,True,True,True,True,True,False,True,True,False
AGRI+INFRA+TRANS+SSA,BCAB,1156.3,319.5,873.4,423.25,1.324726,0.715,4.275,3.9,4.75,3,3,1,False,True,True,True,False,True,True,False,True,True,False
AGRI+INFRA+TRANS+SSA,BCAC,1149.7,314.75,805.4,425.5,1.351867,0.715,4.275,3.9,4.75,3,3,1,False,True,True,True,False,True,True,False,True,True,False
AGRI+INFRA+TRANS+SSA,BCBA,1160.3,320.75,895.0,425.0,1.325019,0.715,4.275,3.9,4.75,3,3,1,False,True,True,True,False,True,True,False,True,True,False
AGRI+INFRA+TRANS+SSA,BCBB,1143.8,316.0,833.8,457.0,1.446203,0.715,4.275,3.9,4.75,3,3,0,False,True,True,True,False,True,True,False,True,True,False
AGRI+INFRA+TRANS+SSA,BCBC,1137.2,311.25,765.8,459.25,1.475502,0.715,4.275,3.9,4.75,3,3,0,False,True,True,True,False,True,True,False,True,True,False
AGRI+INFRA+TRANS+SSA,BCCA,1155.3,317.25,851.0,433.0,1.364854,0.715,4.275,3.9,4.75,3,3,1,False,True,True,True,False,True,True,False,True,True,False
AGRI+INFRA+TRANS+SSA,BCCB,1138.8,312.5,789.8,465.0,1.488,0.715,4.275,3.9,4.75,3,3,0,False,True,True,True,False,True,True,False,True,True,False
AGRI+INFRA+TRANS+SSA,BCCC,1132.2,307.75,721.8,467.25,1.518278,0.715,4.275,3.9,4.75,3,3,0,False,True,True,True,False,True,True,False,True,True,False
AGRI+INFRA+TRANS+SSA,CAAA,1189.3,328.5,1002.6,367.5,1.118721,0.715,4.275,3.9,4.75,3,3,3,True,True,True,True,True,True,True,True,True,True,False
AGRI+INFRA+TRANS+SSA,CAAB,1172.8,323.75,941.4,399.5,1.233977,0.715,4.275,3.9,4.75,3,3,2,False,True,True,True,True,True,True,False,True,True,False
AGRI+INFRA+TRANS+SSA,CAAC,1166.2,319.0,873.4,401.75,1.259404,0.715,4.275,3.9,4.75,3,3,2,False,True,True,True,True,True,True,False,True,True,False
AGRI+INFRA+TRANS+SSA,CABA,1176.8,325.0,963.0,401.25,1.234615,0.715,4.275,3.9,4.75,3,3,2,False,True,True,True,True,True,True,False,True,True,False
AGRI+INFRA+TRANS+SSA,CABB,1160.3,320.25,901.8,433.25,1.352849,0.715,4.275,3.9,4.75,3,3,1,False,True,True,True,False,True,True,False,True,True,False
AGRI+INFRA+TRANS+SSA,CABC,1153.7,315.5,833.8,435.5,1.380349,0.715,4.275,3.9,4.75,3,3,1,False,True,True,True,False,True,True,False,True,True,False
AGRI+INFRA+TRANS+SSA,CACA,1171.8,321.5,919.0,409.25,1.272939,0.715,4.275,3.9,4.75,3,3,2,False,True,True,True,True,True,True,False,True,True,False
AGRI+INFRA+TRANS+SSA,CACB,1155.3,316.75,857.8,441.25,1.393054,0.715,4.275,3.9,4.75,3,3,1,False,True,True,True,False,True,True,False,True,True,False
AGRI+INFRA+TRANS+SSA,CACC,1148.7,312.0,789.8,443.5,1.421474,0.715,4.275,3.9,4.75,3,3,1,False,True,True,True,False,True,True,False,True,True,False
AGRI+INFRA+TRANS+SSA,CBAA,1173.8,324.5,948.6,403.75,1.244222,0.715,4.275,3.9,4.75,3,3,2,False,True,True,True,True,True,True,False,True,True,False
AGRI+INFRA+TRANS+SSA,CBAB,1157.3,319.75,887.4,435.75,1.362783,0.715,4.275,3.9,4.75,3,3,1,False,True,True,True,False,True,True,False,True,True,False
AGRI+INFRA+TRANS+SSA,CBAC,1150.7,315.0,819.4,438.0,1.390476,0.715,4.275,3.9,4.75,3,3,1,False,True,True,True,False,True,True,False,True,True,False
AGRI+INFRA+TRANS+SSA,CBBA,1161.3,321.0,909.0,437.5,1.362928,0.715,4.275,3.9,4.75,3,3,1,False,True,True,True,False,True,True,False,True,True,False
AGRI+INFRA+TRANS+SSA,CBBB,1144.8,316.25,847.8,469.5,1.484585,0.715,4.275,3.9,4.75,3,3,0,False,True,True,True,False,True,True,False,True,True,False
AGRI+INFRA+TRANS+SSA,CBBC,1138.2,311.5,779.8,471.75,1.514446,0.715,4.275,3.9,4.75,3,3,0,False,True,True,True,False,True,True,False,True,True,False
AGRI+INFRA+TRANS+SSA,CBCA,1156.3,317.5,865.0,445.5,1.40315,0.715,4.275,3.9,4.75,3,3,1,False,True,True,True,False,True,True,False,True,True,False
AGRI+INFRA+TRANS+SSA,CBCB,1139.8,312.75,803.8,477.5,1.526779,0.715,4.275,3.9,4.75,3,3,0,False,True,True,True,False,True,True,False,True,True,False
AGRI+INFRA+TRANS+SSA,CBCC,1133.2,308.0,735.8,479.75,1.55763,0.715,4.275,3.9,4.75,3,3,0,False,True,True,True,False,True,True,False,True,True,False
AGRI+INFRA+TRANS+SSA,CCAA,1167.6,320.5,888.6,410.75,1.281591,0.715,4.275,3.9,4.75,3,3,2,False,True,True,True,True,True,True,False,True,True,False
AGRI+INFRA+TRANS+SSA,CCAB,1151.1,315.75,827.4,442.75,1.402217,0.715,4.275,3.9,4.75,3,3,1,False,True,True,True,False,True,True,False,True,True,False
AGRI+INFRA+TRANS+SSA,CCAC,1144.5,311.0,759.4,445.0,1.430868,0.715,4.275,3.9,4.75,3,3,1,False,True,True,True,False,True,True,False,True,True,False
AGRI+INFRA+TRANS+SSA,CCBA,1155.1,317.0,849.0,444.5,1.402208,0.715,4.275,3.9,4.75,3,3,1,False,True,True,True,False,True,True,False,True,True,False
AGRI+INFRA+TRANS+SSA,CCBB,1138.6,312.25,787.8,476.5,1.526021,0.715,4.275,3.9,4.75,3,3,0,False,True,True,True,False,True,True,False,True,True,False
AGRI+INFRA+TRANS+SSA,CCBC,1132.0,307.5,719.8,478.75,1.556911,0.715,4.275,3.9,4.75,3,3,0,False,True,True,True,False,True,True,False,True,True,False
AGRI+INFRA+TRANS+SSA,CCCA,1150.1,313.5,805.0,452.5,1.443381,0.715,4.275,3.9,4.75,3,3,1,False,True,True,True,False,True,True,False,True,True,False
AGRI+INFRA+TRANS+SSA,CCCB,1133.6,308.75,743.8,484.5,1.569231,0.715,4.275,3.9,4.75,3,3,0,False,True,True,True,False,True,True,False,True,True,False
AGRI+INFRA+TRANS+SSA,CCCC,1127.0,304.0,675.8,486.75,1.601151,0.715,4.275,3.9,4.75,3,3,0,False,True,True,True,False,True,True,False,True,True,False
AGRI+INFRA+ENV+SSA,AAAA,1239.0,341.25,1230.0,307.5,0.901099,0.705,4.175,3.85,4.75,3,3,4,True,True,True,True,True,True,True,True,True,True,False
AGRI+INFRA+ENV+SSA,AAAB,1222.5,336.5,1168.8,339.5,1.008915,0.705,4.175,3.85,4.75,3,3,3,True,True,True,True,True,True,True,True,True,True,False
AGRI+INFRA+ENV+SSA,AAAC,1215.9,331.75,1100.8,341.75,1.030143,0.705,4.175,3.85,4.75,3,3,3,True,True,True,True,True,True,True,True,True,True,False
AGRI+INFRA+ENV+SSA,AABA,1225.0,337.5,1165.2,334.75,0.991852,0.705,4.175,3.85,4.75,3,3,3,True,True,True,True,True,True,True,True,True,True,False
AGRI+INFRA+ENV+SSA,AABB,1208.5,332.75,1104.0,366.75,1.102179,0.705,4.175,3.85,4.75,3,3,2,True,True,True,True,True,True,True,True,True,True,False
AGRI+INFRA+ENV+SSA,AABC,1201.9,328.0,1036.0,369.0,1.125,0.705,4.175,3.85,4.75,3,3,2,True,True,True,True,True,True,True,True,True,True,False
AGRI+INFRA+ENV+SSA,AACA,1219.4,333.75,1093.2,336.75,1.008989,0.705,4.175,3.85,4.75,3,3,3,True,True,True,True,True,True,True,True,True,True,False
AGRI+INFRA+ENV+SSA,AACB,1202.9,329.0,1032.0,368.75,1.120821,0.705,4.175,3.85,4.75,3,3,2,True,True,True,True,True,True,True,True,True,True,False
AGRI+INFRA+ENV+SSA,AACC,1196.3,324.25,964.0,371.0,1.144179,0.705,4.175,3.85,4.75,3,3,2,False,True,True,True,True,True,True,False,True,True,False
AGRI+INFRA+ENV+SSA,ABAA,1223.5,337.25,1176.0,343.75,1.019274,0.705,4.175,3.85,4.75,3,3,3,True,True,True,True,True,True,True,True,True,True,False
AGRI+INFRA+ENV+SSA,ABAB,1207.0,332.5,1114.8,375.75,1.130075,0.705,4.175,3.85,4.75,3,3,2,True,True,True,True,True,True,True,True,True,True,False
AGRI+INFRA+ENV+SSA,ABAC,1200.4,327.75,1046.8,378.0,1.153318,0.705,4.175,3.85,4.75,3,3,2,True,True,True,True,True,True,True,True,True,True,False
AGRI+INFRA+ENV+SSA,ABBA,1209.5,333.5,1111.2,371.0,1.112444,0.705,4.175,3.85,4.75,3,3,2,True,True,True,True,True,True,True,True,True,True,False
AGRI+INFRA+ENV+SSA,ABBB,1193.0,328.75,1050.0,403.0,1.225856,0.705,4.175,3.85,4.75,3,3,1,False,True,True,True,False,True,True,True,True,True,False
AGRI+INFRA+ENV+SSA,ABBC,1186.4,324.0,982.0,405.25,1.250772,0.705,4.175,3.85,4.75,3,3,1,False,True,True,True,False,True,True,False,True,True,False
AGRI+INFRA+ENV+SSA,ABCA,1203.9,329.75,1039.2,373.0,1.13116,0.705,4.175,3.85,4.75,3,3,2,True,True,True,True,True,True,True,True,True,True,False
AGRI+INFRA+ENV+SSA,ABCB,1187.4,325.0,978.0,405.0,1.246154,0.705,4.175,3.85,4.75,3,3,1,False,True,True,True,False,True,True,False,True,True,False
AGRI+INFRA+ENV+SSA,ABCC,1180.8,320.25,910.0,407.25,1.271663,0.705,4.175,3.85,4.75,3,3,1,False,True,True,True,False,True,True,False,True,True,False
AGRI+INFRA+ENV+SSA,ACAA,1217.3,333.25,1116.0,350.75,1.052513,0.705,4.175,3.85,4.75,3,3,3,True,True,True,True,True,True,True,True,True,True,False
AGRI+INFRA+ENV+SSA,ACAB,1200.8,328.5,1054.8,382.75,1.165145,0.705,4.175,3.85,4.75,3,3,2,True,True,True,True,True,True,True,True,True,True,False
AGRI+INFRA+ENV+SSA,ACAC,1194.2,323.75,986.8,385.0,1.189189,0.705,4.175,3.85,4.75,3,3,2,False,True,True,True,True,True,True,False,True,True,False
AGRI+INFRA+ENV+SSA,ACBA,1203.3,329.5,1051.2,378.0,1.147193,0.705,4.175,3.85,4.75,3,3,2,True,True,True,True,True,True,True,True,True,True,False
AGRI+INFRA+ENV+SSA,ACBB,1186.8,324.75,990.0,410.0,1.26251,0.705,4.175,3.85,4.75,3,3,1,False,True,True,True,False,True,True,False,True,True,False
AGRI+INFRA+ENV+SSA,ACBC,1180.2,320.0,922.0,412.25,1.288281,0.705,4.175,3.85,4.75,3,3,1,False,True,True,True,False,True,True,False,True,True,False
AGRI+INFRA+ENV+SSA,ACCA,1197.7,325.75,979.2,380.0,1.166539,0.705,4.175,3.85,4.75,3,3,2,False,True,True,True,True,True,True,False,True,True,False
AGRI+INFRA+ENV+SSA,ACCB,1181.2,321.0,918.0,412.0,1.283489,0.705,4.175,3.85,4.75,3,3,1,False,True,True,True,False,True,True,False,True,True,False
AGRI+INFRA+ENV+SSA,ACCC,1174.6,316.25,850.0,414.25,1.309881,0.705,4.175,3.85,4.75,3,3,1,False,True,True,True,False,True,True,False,True,True,False
AGRI+INFRA+ENV+SSA,BAAA,1226.0,337.5,1188.6,355.5,1.053333,0.705,4.175,3.85,4.75,3,3,3,True,True,True,True,True,True,True,True,True,True,False
AGRI+INFRA+ENV+SSA,BAAB,1209.5,332.75,1127.4,387.5,1.164538,0.705,4.175,3.85,4.75,3,3,2,True,True,True,True,True,True,True,True,True,True,False
AGRI+INFRA+ENV+SSA,BAAC,1202.9,328.0,1059.4,389.75,1.188262,0.705,4.175,3.85,4.75,3,3,2,True,True,True,True,True,True,True,True,True,True,False
AGRI+INFRA+ENV+SSA,BABA,1212.0,333.75,1123.8,382.75,1.146816,0.705,4.175,3.85,4.75,3,3,2,True,True,True,True,True,True,True,True,True,True,False
AGRI+INFRA+ENV+SSA,BABB,1195.5,329.0,1062.6,414.75,1.260638,0.705,4.175,3.85,4.75,3,3,1,False,True,True,True,False,True,True,True,True,True,False
AGRI+INFRA+ENV+SSA,BABC,1188.9,324.25,994.6,417.0,1.286045,0.705,4.175,3.85,4.75,3,3,1,False,True,True,True,False,True,True,False,True,True,False
AGRI+INFRA+ENV+SSA,BACA,1206.4,330.0,1051.8,384.75,1.165909,0.705,4.175,3.85,4.75,3,3,2,True,True,True,True,True,True,True,True,True,True,False
AGRI+INFRA+ENV+SSA,BACB,1189.9,325.25,990.6,416.75,1.281322,0.705,4.175,3.85,4.75,3,3,1,False,True,True,True,False,True,True,False,True,True,False
AGRI+INFRA+ENV+SSA,BACC,1183.3,320.5,922.6,419.0,1.307332,0.705,4.175,3.85,4.75,3,3,1,False,True,True,True,False,True,True,False,True,True,False
AGRI+INFRA+ENV+SSA,BBAA,1210.5,333.5,1134.6,391.75,1.174663,0.705,4.175,3.85,4.75,3,3,2,True,True,True,True,True,True,True,True,True,True,False
AGRI+INFRA+ENV+SSA,BBAB,1194.0,328.75,1073.4,423.75,1.288973,0.705,4.175,3.85,4.75,3,3,1,False,True,True,True,False,True,True,True,True,True,False
AGRI+INFRA+ENV+SSA,BBAC,1187.4,324.0,1005.4,426.0,1.314815,0.705,4.175,3.85,4.75,3,3,1,False,True,True,True,False,True,True,True,True,True,False
AGRI+INFRA+ENV+SSA,BBBA,1196.5,329.75,1069.8,419.0,1.27066,0.705,4.175,3.85,4.75,3,3,1,False,True,True,True,False,True,True,True,True,True,False
AGRI+INFRA+ENV+SSA,BBBB,1180.0,325.0,1008.6,451.0,1.387692,0.705,4.175,3.85,4.75,3,3,0,False,True,True,True,False,True,True,True,True,True,False
AGRI+INFRA+ENV+SSA,BBBC,1173.4,320.25,940.6,453.25,1.415301,0.705,4.175,3.85,4.75,3,3,0,False,True,True,True,False,True,True,False,True,True,False
AGRI+INFRA+ENV+SSA,BBCA,1190.9,326.0,997.8,421.0,1.291411,0.705,4.175,3.85,4.75,3,3,1,False,True,True,True,False,True,True,False,True,True,False
AGRI+INFRA+ENV+SSA,BBCB,1174.4,321.25,936.6,453.0,1.410117,0.705,4.175,3.85,4.75,3,3,0,False,True,True,True,False,True,True,False,True,True,False
AGRI+INFRA+ENV+SSA,BBCC,1167.8,316.5,868.6,455.25,1.438389,0.705,4.175,3.85,4.75,3,3,0,False,True,True,True,False,True,True,False,True,True,False
AGRI+INFRA+ENV+SSA,BCAA,1204.3,329.5,1074.6,398.75,1.210167,0.705,4.175,3.85,4.75,3,3,2,True,True,True,True,True,True,True,True,True,True,False
AGRI+INFRA+ENV+SSA,BCAB,1187.8,324.75,1013.4,430.75,1.326405,0.705,4.175,3.85,4.75,3,3,1,False,True,True,True,False,True,True,True,True,True,False
AGRI+INFRA+ENV+SSA,BCAC,1181.2,320.0,945.4,433.0,1.353125,0.705,4.175,3.85,4.75,3,3,1,False,True,True,True,False,True,True,False,True,True,False
AGRI+INFRA+ENV+SSA,BCBA,1190.3,325.75,1009.8,426.0,1.307751,0.705,4.175,3.85,4.75,3,3,1,False,True,True,True,False,True,True,True,True,True,False
AGRI+INFRA+ENV+SSA,BCBB,1173.8,321.0,948.6,458.0,1.426791,0.705,4.175,3.85,4.75,3,3,0,False,True,True,True,False,True,True,False,True,True,False
AGRI+INFRA+ENV+SSA,BCBC,1167.2,316.25,880.6,460.25,1.455336,0.705,4.175,3.85,4.75,3,3,0,False,True,True,True,False,True,True,False,True,True,False
AGRI+INFRA+ENV+SSA,BCCA,1184.7,322.0,937.8,428.0,1.329193,0.705,4.175,3.85,4.75,3,3,1,False,True,True,True,False,True,True,False,True,True,False
AGRI+INFRA+ENV+SSA,BCCB,1168.2,317.25,876.6,460.0,1.449961,0.705,4.175,3.85,4.75,3,3,0,False,True,True,True,False,True,True,False,True,True,False
AGRI+INFRA+ENV+SSA,BCCC,1161.6,312.5,808.6,462.25,1.4792,0.705,4.175,3.85,4.75,3,3,0,False,True,True,True,False,True,True,False,True,True,False
AGRI+INFRA+ENV+SSA,CAAA,1220.8,333.75,1142.6,375.0,1.123596,0.705,4.175,3.85,4.75,3,3,3,True,True,True,True,True,True,True,True,True,True,False
AGRI+INFRA+ENV+SSA,CAAB,1204.3,329.0,1081.4,407.0,1.237082,0.705,4.175,3.85,4.75,3,3,2,True,True,True,True,True,True,True,True,True,True,False
AGRI+INFRA+ENV+SSA,CAAC,1197.7,324.25,1013.4,409.25,1.262143,0.705,4.175,3.85,4.75,3,3,2,True,True,True,True,True,True,True,True,True,True,False
AGRI+INFRA+ENV+SSA,CABA,1206.8,330.0,1077.8,402.25,1.218939,0.705,4.175,3.85,4.75,3,3,2,True,True,True,True,True,True,True,True,True,True,False
AGRI+INFRA+ENV+SSA,CABB,1190.3,325.25,1016.6,434.25,1.335127,0.705,4.175,3.85,4.75,3,3,1,False,True,True,True,False,True,True,True,True,True,False
AGRI+INFRA+ENV+SSA,CABC,1183.7,320.5,948.6,436.5,1.361934,0.705,4.175,3.85,4.75,3,3,1,False,True,True,True,False,True,True,False,True,True,False
AGRI+INFRA+ENV+SSA,CACA,1201.2,326.25,1005.8,404.25,1.23908,0.705,4.175,3.85,4.75,3,3,2,True,True,True,True,True,True,True,True,True,True,False
AGRI+INFRA+ENV+SSA,CACB,1184.7,321.5,944.6,436.25,1.356921,0.705,4.175,3.85,4.75,3,3,1,False,True,True,True,False,True,True,False,True,True,False
AGRI+INFRA+ENV+SSA,CACC,1178.1,316.75,876.6,438.5,1.384373,0.705,4.175,3.85,4.75,3,3,1,False,True,True,True,False,True,True,False,True,True,False
AGRI+INFRA+ENV+SSA,CBAA,1205.3,329.75,1088.6,411.25,1.247157,0.705,4.175,3.85,4.75,3,3,2,True,True,True,True,True,True,True,True,True,True,False
AGRI+INFRA+ENV+SSA,CBAB,1188.8,325.0,1027.4,443.25,1.363846,0.705,4.175,3.85,4.75,3,3,1,False,True,True,True,False,True,True,True,True,True,False
AGRI+INFRA+ENV+SSA,CBAC,1182.2,320.25,959.4,445.5,1.391101,0.705,4.175,3.85,4.75,3,3,1,False,True,True,True,False,True,True,False,True,True,False
AGRI+INFRA+ENV+SSA,CBBA,1191.3,326.0,1023.8,438.5,1.345092,0.705,4.175,3.85,4.75,3,3,1,False,True,True,True,False,True,True,True,True,True,False
AGRI+INFRA+ENV+SSA,CBBB,1174.8,321.25,962.6,470.5,1.464591,0.705,4.175,3.85,4.75,3,3,0,False,True,True,True,False,True,True,False,True,True,False
AGRI+INFRA+ENV+SSA,CBBC,1168.2,316.5,894.6,472.75,1.493681,0.705,4.175,3.85,4.75,3,3,0,False,True,True,True,False,True,True,False,True,True,False
AGRI+INFRA+ENV+SSA,CBCA,1185.7,322.25,951.8,440.5,1.366951,0.705,4.175,3.85,4.75,3,3,1,False,True,True,True,False,True,True,False,True,True,False
AGRI+INFRA+ENV+SSA,CBCB,1169.2,317.5,890.6,472.5,1.488189,0.705,4.175,3.85,4.75,3,3,0,False,True,True,True,False,True,True,False,True,True,False
AGRI+INFRA+ENV+SSA,CBCC,1162.6,312.75,822.6,474.75,1.517986,0.705,4.175,3.85,4.75,3,3,0,False,True,True,True,False,True,True,False,True,True,False
AGRI+INFRA+ENV+SSA,CCAA,1199.1,325.75,1028.6,418.25,1.28396,0.705,4.175,3.85,4.75,3,3,2,True,True,True,True,True,True,True,True,True,True,False
AGRI+INFRA+ENV+SSA,CCAB,1182.6,321.0,967.4,450.25,1.402648,0.705,4.175,3.85,4.75,3,3,1,False,True,True,True,False,True,True,False,True,True,False
AGRI+INFRA+ENV+SSA,CCAC,1176.0,316.25,899.4,452.5,1.43083,0.705,4.175,3.85,4.75,3,3,1,False,True,True,True,False,True,True,False,True,True,False
AGRI+INFRA+ENV+SSA,CCBA,1185.1,322.0,963.8,445.5,1.38354,0.705,4.175,3.85,4.75,3,3,1,False,True,True,True,False,True,True,False,True,True,False
AGRI+INFRA+ENV+SSA,CCBB,1168.6,317.25,902.6,477.5,1.505122,0.705,4.175,3.85,4.75,3,3,0,False,True,True,True,False,True,True,False,True,True,False
AGRI+INFRA+ENV+SSA,CCBC,1162.0,312.5,834.6,479.75,1.5352,0.705,4.175,3.85,4.75,3,3,0,False,True,True,True,False,True,True,False,True,True,False
AGRI+INFRA+ENV+SSA,CCCA,1179.5,318.25,891.8,447.5,1.406127,0.705,4.175,3.85,4.75,3,3,1,False,True,True,True,False,True,True,False,True,True,False
AGRI+INFRA+ENV+SSA,CCCB,1163.0,313.5,830.6,479.5,1.529506,0.705,4.175,3.85,4.75,3,3,0,False,True,True,True,False,True,True,False,True,True,False
AGRI+INFRA+ENV+SSA,CCCC,1156.4,308.75,762.6,481.75,1.560324,0.705,4.175,3.85,4.75,3,3,0,False,True,True,True,False,True,True,False,True,True,False
AGRI+ARCTIC+TRANS+ENV,AAAA,1312.5,378.0,1280.0,323.75,0.856481,0.6975,4.25,3.875,4.45,4,3,4,False,True,True,True,True,False,False,True,True,True,False
AGRI+ARCTIC+TRANS+ENV,AAAB,1298.5,374.25,1215.2,351.0,0.937876,0.6975,4.25,3.875,4.45,4,3,3,False,True,True,True,True,True,False,True,True,True,False
AGRI+ARCTIC+TRANS+ENV,AAAC,1292.9,370.5,1143.2,353.0,0.952767,0.6975,4.25,3.875,4.45,4,3,3,False,True,True,True,True,True,False,True,True,True,False
AGRI+ARCTIC+TRANS+ENV,AABA,1300.0,374.5,1240.4,357.5,0.954606,0.6975,4.25,3.875,4.45,4,3,3,False,True,True,True,True,True,False,True,True,True,False
AGRI+ARCTIC+TRANS+ENV,AABB,1286.0,370.75,1175.6,384.75,1.037761,0.6975,4.25,3.875,4.45,4,3,2,False,True,True,True,True,True,False,True,True,True,False
AGRI+ARCTIC+TRANS+ENV,AABC,1280.4,367.0,1103.6,386.75,1.053815,0.6975,4.25,3.875,4.45,4,3,2,False,True,True,True,True,True,False,True,True,True,False
AGRI+ARCTIC+TRANS+ENV,AACA,1295.0,371.0,1196.4,365.5,0.985175,0.6975,4.25,3.875,4.45,4,3,3,False,True,True,True,True,True,False,True,True,True,False
AGRI+ARCTIC+TRANS+ENV,AACB,1281.0,367.25,1131.6,392.75,1.069435,0.6975,4.25,3.875,4.45,4,3,2,False,True,True,True,True,True,False,True,True,True,False
AGRI+ARCTIC+TRANS+ENV,AACC,1275.4,363.5,1059.6,394.75,1.08597,0.6975,4.25,3.875,4.45,4,3,2,False,True,True,True,True,True,False,True,True,True,False
AGRI+ARCTIC+TRANS+ENV,ABAA,1289.5,371.0,1195.4,367.5,0.990566,0.6975,4.25,3.875,4.45,4,3,3,False,True,True,True,True,True,False,True,True,True,False
AGRI+ARCTIC+TRANS+ENV,ABAB,1275.5,367.25,1130.6,394.75,1.074881,0.6975,4.25,3.875,4.45,4,3,2,False,True,True,True,True,True,False,True,True,True,False
AGRI+ARCTIC+TRANS+ENV,ABAC,1269.9,363.5,1058.6,396.75,1.091472,0.6975,4.25,3.875,4.45,4,3,2,False,True,True,True,True,True,False,True,True,True,False
AGRI+ARCTIC+TRANS+ENV,ABBA,1277.0,367.5,1155.8,401.25,1.091837,0.6975,4.25,3.875,4.45,4,3,2,False,True,True,True,True,True,False,True,True,True,False
AGRI+ARCTIC+TRANS+ENV,ABBB,1263.0,363.75,1091.0,428.5,1.178007,0.6975,4.25,3.875,4.45,4,3,1,False,True,True,True,False,True,False,True,True,True,False
AGRI+ARCTIC+TRANS+ENV,ABBC,1257.4,360.0,1019.0,430.5,1.195833,0.6975,4.25,3.875,4.45,4,3,1,False,True,True,True,False,True,True,True,True,True,False
AGRI+ARCTIC+TRANS+ENV,ABCA,1272.0,364.0,1111.8,409.25,1.124313,0.6975,4.25,3.875,4.45,4,3,2,False,True,True,True,True,True,False,True,True,True,False
AGRI+ARCTIC+TRANS+ENV,ABCB,1258.0,360.25,1047.0,436.5,1.211659,0.6975,4.25,3.875,4.45,4,3,1,False,True,True,True,False,True,False,True,True,True,False
AGRI+ARCTIC+TRANS+ENV,ABCC,1252.4,356.5,975.0,438.5,1.230014,0.6975,4.25,3.875,4.45,4,3,1,False,True,True,True,False,True,True,False,True,True,False
AGRI+ARCTIC+TRANS+ENV,ACAA,1280.3,364.0,1101.4,371.5,1.020604,0.6975,4.25,3.875,4.45,4,3,3,False,True,True,True,True,True,False,True,True,True,False
AGRI+ARCTIC+TRANS+ENV,ACAB,1266.3,360.25,1036.6,398.75,1.10687,0.6975,4.25,3.875,4.45,4,3,2,False,True,True,True,True,True,False,True,True,True,False
AGRI+ARCTIC+TRANS+ENV,ACAC,1260.7,356.5,964.6,400.75,1.124123,0.6975,4.25,3.875,4.45,4,3,2,False,True,True,True,True,True,True,False,True,True,False
AGRI+ARCTIC+TRANS+ENV,ACBA,1267.8,360.5,1061.8,405.25,1.124133,0.6975,4.25,3.875,4.45,4,3,2,False,True,True,True,True,True,False,True,True,True,False
AGRI+ARCTIC+TRANS+ENV,ACBB,1253.8,356.75,997.0,432.5,1.212334,0.6975,4.25,3.875,4.45,4,3,1,False,True,True,True,False,True,True,False,True,True,False
AGRI+ARCTIC+TRANS+ENV,ACBC,1248.2,353.0,925.0,434.5,1.230878,0.6975,4.25,3.875,4.45,4,3,1,False,True,True,True,False,True,True,False,True,True,False
AGRI+ARCTIC+TRANS+ENV,ACCA,1262.8,357.0,1017.8,413.25,1.157563,0.6975,4.25,3.875,4.45,4,3,2,True,True,True,True,True,True,True,True,True,True,False
AGRI+ARCTIC+TRANS+ENV,ACCB,1248.8,353.25,953.0,440.5,1.246992,0.6975,4.25,3.875,4.45,4,3,1,False,True,True,True,False,True,True,False,True,True,False
AGRI+ARCTIC+TRANS+ENV,ACCC,1243.2,349.5,881.0,442.5,1.266094,0.6975,4.25,3.875,4.45,4,3,1,False,True,True,True,False,True,True,False,True,True,False
AGRI+ARCTIC+TRANS+ENV,BAAA,1299.5,374.25,1238.6,371.75,0.99332,0.6975,4.25,3.875,4.45,4,3,3,False,True,True,True,True,True,False,True,True,True,False
AGRI+ARCTIC+TRANS+ENV,BAAB,1285.5,370.5,1173.8,399.0,1.076923,0.6975,4.25,3.875,4.45,4,3,2,False,True,True,True,True,True,False,True,True,True,False
AGRI+ARCTIC+TRANS+ENV,BAAC,1279.9,366.75,1101.8,401.0,1.093388,0.6975,4.25,3.875,4.45,4,3,2,False,True,True,True,True,True,False,True,True,True,False
AGRI+ARCTIC+TRANS+ENV,BABA,1287.0,370.75,1199.0,405.5,1.093729,0.6975,4.25,3.875,4.45,4,3,2,False,True,True,True,True,True,False,True,True,True,False
AGRI+ARCTIC+TRANS+ENV,BABB,1273.0,367.0,1134.2,432.75,1.179155,0.6975,4.25,3.875,4.45,4,3,1,False,True,True,True,False,True,False,True,True,True,False
AGRI+ARCTIC+TRANS+ENV,BABC,1267.4,363.25,1062.2,434.75,1.196834,0.6975,4.25,3.875,4.45,4,3,1,False,True,True,True,False,True,False,True,True,True,False
AGRI+ARCTIC+TRANS+ENV,BACA,1282.0,367.25,1155.0,413.5,1.125936,0.6975,4.25,3.875,4.45,4,3,2,False,True,True,True,True,True,False,True,True,True,False
AGRI+ARCTIC+TRANS+ENV,BACB,1268.0,363.5,1090.2,440.75,1.212517,0.6975,4.25,3.875,4.45,4,3,1,False,True,True,True,False,True,False,True,True,True,False
AGRI+ARCTIC+TRANS+ENV,BACC,1262.4,359.75,1018.2,442.75,1.230716,0.6975,4.25,3.875,4.45,4,3,1,False,True,True,True,False,True,True,True,True,True,False
AGRI+ARCTIC+TRANS+ENV,BBAA,1276.5,367.25,1154.0,415.5,1.131382,0.6975,4.25,3.875,4.45,4,3,2,False,True,True,True,True,True,False,True,True,True,False
AGRI+ARCTIC+TRANS+ENV,BBAB,1262.5,363.5,1089.2,442.75,1.218019,0.6975,4.25,3.875,4.45,4,3,1,False,True,True,True,False,True,False,True,True,True,False
AGRI+ARCTIC+TRANS+ENV,BBAC,1256.9,359.75,1017.2,444.75,1.236275,0.6975,4.25,3.875,4.45,4,3,1,False,True,True,True,False,True,True,True,True,True,False
AGRI+ARCTIC+TRANS+ENV,BBBA,1264.0,363.75,1114.4,449.25,1.235052,0.6975,4.25,3.875,4.45,4,3,1,False,True,True,True,False,True,False,True,True,True,False
AGRI+ARCTIC+TRANS+ENV,BBBB,1250.0,360.0,1049.6,476.5,1.323611,0.6975,4.25,3.875,4.45,4,3,0,False,True,True,True,False,True,True,True,True,True,False
AGRI+ARCTIC+TRANS+ENV,BBBC,1244.4,356.25,977.6,478.5,1.343158,0.6975,4.25,3.875,4.45,4,3,0,False,True,True,True,False,True,True,False,True,True,False
AGRI+ARCTIC+TRANS+ENV,BBCA,1259.0,360.25,1070.4,457.25,1.269257,0.6975,4.25,3.875,4.45,4,3,1,False,True,True,True,False,True,False,True,True,True,False
AGRI+ARCTIC+TRANS+ENV,BBCB,1245.0,356.5,1005.6,484.5,1.359046,0.6975,4.25,3.875,4.45,4,3,0,False,True,True,True,False,True,True,True,True,True,False
AGRI+ARCTIC+TRANS+ENV,BBCC,1239.4,352.75,933.6,486.5,1.379164,0.6975,4.25,3.875,4.45,4,3,0,False,True,True,True,False,True,True,False,True,True,False
AGRI+ARCTIC+TRANS+ENV,BCAA,1267.3,360.25,1060.0,419.5,1.164469,0.6975,4.25,3.875,4.45,4,3,2,False,True,True,True,True,True,False,True,True,True,False
AGRI+ARCTIC+TRANS+ENV,BCAB,1253.3,356.5,995.2,446.75,1.253156,0.6975,4.25,3.875,4.45,4,3,1,False,True,True,True,False,True,True,False,True,True,False
AGRI+ARCTIC+TRANS+ENV,BCAC,1247.7,352.75,923.2,448.75,1.272147,0.6975,4.25,3.875,4.45,4,3,1,False,True,True,True,False,True,True,False,True,True,False
AGRI+ARCTIC+TRANS+ENV,BCBA,1254.8,356.75,1020.4,453.25,1.270498,0.6975,4.25,3.875,4.45,4,3,1,False,True,True,True,False,True,True,True,True,True,False
AGRI+ARCTIC+TRANS+ENV,BCBB,1240.8,353.0,955.6,480.5,1.36119,0.6975,4.25,3.875,4.45,4,3,0,False,True,True,True,False,True,True,False,True,True,False
AGRI+ARCTIC+TRANS+ENV,BCBC,1235.2,349.25,883.6,482.5,1.381532,0.6975,4.25,3.875,4.45,4,3,0,False,True,True,True,False,True,True,False,True,True,False
AGRI+ARCTIC+TRANS+ENV,BCCA,1249.8,353.25,976.4,461.25,1.305732,0.6975,4.25,3.875,4.45,4,3,1,False,True,True,True,False,True,True,False,True,True,False
AGRI+ARCTIC+TRANS+ENV,BCCB,1235.8,349.5,911.6,488.5,1.397711,0.6975,4.25,3.875,4.45,4,3,0,False,True,True,True,False,True,True,False,True,True,False
AGRI+ARCTIC+TRANS+ENV,BCCC,1230.2,345.75,839.6,490.5,1.418655,0.6975,4.25,3.875,4.45,4,3,0,False,True,True,True,False,True,True,False,True,True,False
AGRI+ARCTIC+TRANS+ENV,CAAA,1294.3,370.5,1192.6,391.25,1.056005,0.6975,4.25,3.875,4.45,4,3,3,False,True,True,True,True,True,False,True,True,True,False
AGRI+ARCTIC+TRANS+ENV,CAAB,1280.3,366.75,1127.8,418.5,1.141104,0.6975,4.25,3.875,4.45,4,3,2,False,True,True,True,True,True,False,True,True,True,False
AGRI+ARCTIC+TRANS+ENV,CAAC,1274.7,363.0,1055.8,420.5,1.158402,0.6975,4.25,3.875,4.45,4,3,2,False,True,True,True,True,True,False,True,True,True,False
AGRI+ARCTIC+TRANS+ENV,CABA,1281.8,367.0,1153.0,425.0,1.158038,0.6975,4.25,3.875,4.45,4,3,2,False,True,True,True,True,True,False,True,True,True,False
AGRI+ARCTIC+TRANS+ENV,CABB,1267.8,363.25,1088.2,452.25,1.24501,0.6975,4.25,3.875,4.45,4,3,1,False,True,True,True,False,True,False,True,True,True,False
AGRI+ARCTIC+TRANS+ENV,CABC,1262.2,359.5,1016.2,454.25,1.263561,0.6975,4.25,3.875,4.45,4,3,1,False,True,True,True,False,True,True,True,True,True,False
AGRI+ARCTIC+TRANS+ENV,CACA,1276.8,363.5,1109.0,433.0,1.191197,0.6975,4.25,3.875,4.45,4,3,2,False,True,True,True,True,True,False,True,True,True,False
AGRI+ARCTIC+TRANS+ENV,CACB,1262.8,359.75,1044.2,460.25,1.279361,0.6975,4.25,3.875,4.45,4,3,1,False,True,True,True,False,True,True,True,True,True,False
AGRI+ARCTIC+TRANS+ENV,CACC,1257.2,356.0,972.2,462.25,1.298455,0.6975,4.25,3.875,4.45,4,3,1,False,True,True,True,False,True,True,False,True,True,False
AGRI+ARCTIC+TRANS+ENV,CBAA,1271.3,363.5,1108.0,435.0,1.196699,0.6975,4.25,3.875,4.45,4,3,2,False,True,True,True,True,True,False,True,True,True,False
AGRI+ARCTIC+TRANS+ENV,CBAB,1257.3,359.75,1043.2,462.25,1.28492,0.6975,4.25,3.875,4.45,4,3,1,False,True,True,True,False,True,True,True,True,True,False
AGRI+ARCTIC+TRANS+ENV,CBAC,1251.7,356.0,971.2,464.25,1.304073,0.6975,4.25,3.875,4.45,4,3,1,False,True,True,True,False,True,True,False,True,True,False
AGRI+ARCTIC+TRANS+ENV,CBBA,1258.8,360.0,1068.4,468.75,1.302083,0.6975,4.25,3.875,4.45,4,3,1,False,True,True,True,False,True,True,True,True,True,False
AGRI+ARCTIC+TRANS+ENV,CBBB,1244.8,356.25,1003.6,496.0,1.392281,0.6975,4.25,3.875,4.45,4,3,0,False,True,True,True,False,True,True,True,True,True,False
AGRI+ARCTIC+TRANS+ENV,CBBC,1239.2,352.5,931.6,498.0,1.412766,0.6975,4.25,3.875,4.45,4,3,0,False,True,True,True,False,True,True,False,True,True,False
AGRI+ARCTIC+TRANS+ENV,CBCA,1253.8,356.5,1024.4,476.75,1.337307,0.6975,4.25,3.875,4.45,4,3,1,False,True,True,True,False,True,True,True,True,True,False
AGRI+ARCTIC+TRANS+ENV,CBCB,1239.8,352.75,959.6,504.0,1.428774,0.6975,4.25,3.875,4.45,4,3,0,False,True,True,True,False,True,True,False,True,True,False
AGRI+ARCTIC+TRANS+ENV,CBCC,1234.2,349.0,887.6,506.0,1.449857,0.6975,4.25,3.875,4.45,4,3,0,False,True,True,True,False,True,True,False,True,True,False
AGRI+ARCTIC+TRANS+ENV,CCAA,1262.1,356.5,1014.0,439.0,1.231417,0.6975,4.25,3.875,4.45,4,3,2,True,True,True,True,True,True,True,True,True,True,False
AGRI+ARCTIC+TRANS+ENV,CCAB,1248.1,352.75,949.2,466.25,1.321758,0.6975,4.25,3.875,4.45,4,3,1,False,True,True,True,False,True,True,False,True,True,False
AGRI+ARCTIC+TRANS+ENV,CCAC,1242.5,349.0,877.2,468.25,1.341691,0.6975,4.25,3.875,4.45,4,3,1,False,True,True,True,False,True,True,False,True,True,False
AGRI+ARCTIC+TRANS+ENV,CCBA,1249.6,353.0,974.4,472.75,1.339235,0.6975,4.25,3.875,4.45,4,3,1,False,True,True,True,False,True,True,False,True,True,False
AGRI+ARCTIC+TRANS+ENV,CCBB,1235.6,349.25,909.6,500.0,1.431639,0.6975,4.25,3.875,4.45,4,3,0,False,True,True,True,False,True,True,False,True,True,False
AGRI+ARCTIC+TRANS+ENV,CCBC,1230.0,345.5,837.6,502.0,1.452967,0.6975,4.25,3.875,4.45,4,3,0,False,True,True,True,False,True,True,False,True,True,False
AGRI+ARCTIC+TRANS+ENV,CCCA,1244.6,349.5,930.4,480.75,1.375536,0.6975,4.25,3.875,4.45,4,3,1,False,True,True,True,False,True,True,False,True,True,False
AGRI+ARCTIC+TRANS+ENV,CCCB,1230.6,345.75,865.6,508.0,1.46927,0.6975,4.25,3.875,4.45,4,3,0,False,True,True,True,False,True,True,False,True,True,False
AGRI+ARCTIC+TRANS+ENV,CCCC,1225.0,342.0,793.6,510.0,1.491228,0.6975,4.25,3.875,4.45,4,3,0,False,True,True,True,False,True,True,False,True,True,False
AGRI+ARCTIC+TRANS+SSA,AAAA,1365.0,399.0,1260.0,337.5,0.845865,0.675,4.05,3.6,4.5,3,4,4,False,True,True,True,True,False,False,True,True,True,False
AGRI+ARCTIC+TRANS+SSA,AAAB,1348.5,394.25,1198.8,369.5,0.937223,0.675,4.05,3.6,4.5,3,4,3,False,True,True,True,True,False,False,True,True,True,False
AGRI+ARCTIC+TRANS+SSA,AAAC,1341.9,389.5,1130.8,371.75,0.954429,0.675,4.05,3.6,4.5,3,4,3,False,True,True,True,True,False,False,True,True,True,False
AGRI+ARCTIC+TRANS+SSA,AABA,1352.5,395.5,1220.4,371.25,0.938685,0.675,4.05,3.6,4.5,3,4,3,False,True,True,True,True,False,False,True,True,True,False
AGRI+ARCTIC+TRANS+SSA,AABB,1336.0,390.75,1159.2,403.25,1.03199,0.675,4.05,3.6,4.5,3,4,2,False,True,True,True,True,False,False,True,True,True,False
AGRI+ARCTIC+TRANS+SSA,AABC,1329.4,386.0,1091.2,405.5,1.050518,0.675,4.05,3.6,4.5,3,4,2,False,True,True,True,True,False,False,True,True,True,False
AGRI+ARCTIC+TRANS+SSA,AACA,1347.5,392.0,1176.4,379.25,0.967474,0.675,4.05,3.6,4.5,3,4,3,False,True,True,True,True,False,False,True,True,True,False
AGRI+ARCTIC+TRANS+SSA,AACB,1331.0,387.25,1115.2,411.25,1.061975,0.675,4.05,3.6,4.5,3,4,2,False,True,True,True,True,False,False,True,True,True,False
AGRI+ARCTIC+TRANS+SSA,AACC,1324.4,382.5,1047.2,413.5,1.081046,0.675,4.05,3.6,4.5,3,4,2,False,True,True,True,True,False,False,True,True,True,False
AGRI+ARCTIC+TRANS+SSA,ABAA,1342.0,392.0,1175.4,381.25,0.972577,0.675,4.05,3.6,4.5,3,4,3,False,True,True,True,True,False,False,True,True,True,False
AGRI+ARCTIC+TRANS+SSA,ABAB,1325.5,387.25,1114.2,413.25,1.06714,0.675,4.05,3.6,4.5,3,4,2,False,True,True,True,True,False,False,True,True,True,False
AGRI+ARCTIC+TRANS+SSA,ABAC,1318.9,382.5,1046.2,415.5,1.086275,0.675,4.05,3.6,4.5,3,4,2,False,True,True,True,True,False,False,True,True,True,False
AGRI+ARCTIC+TRANS+SSA,ABBA,1329.5,388.5,1135.8,415.0,1.068211,0.675,4.05,3.6,4.5,3,4,2,False,True,True,True,True,False,False,True,True,True,False
AGRI+ARCTIC+TRANS+SSA,ABBB,1313.0,383.75,1074.6,447.0,1.164821,0.675,4.05,3.6,4.5,3,4,1,False,True,True,True,False,False,False,True,True,True,False
AGRI+ARCTIC+TRANS+SSA,ABBC,1306.4,379.0,1006.6,449.25,1.185356,0.675,4.05,3.6,4.5,3,4,1,False,True,True,True,False,False,False,True,True,True,False
AGRI+ARCTIC+TRANS+SSA,ABCA,1324.5,385.0,1091.8,423.0,1.098701,0.675,4.05,3.6,4.5,3,4,2,False,True,True,True,True,False,False,True,True,True,False
AGRI+ARCTIC+TRANS+SSA,ABCB,1308.0,380.25,1030.6,455.0,1.196581,0.675,4.05,3.6,4.5,3,4,1,False,True,True,True,False,False,False,True,True,True,False
AGRI+ARCTIC+TRANS+SSA,ABCC,1301.4,375.5,962.6,457.25,1.21771,0.675,4.05,3.6,4.5,3,4,1,False,True,True,True,False,False,False,False,True,True,False
AGRI+ARCTIC+TRANS+SSA,ACAA,1332.8,385.0,1081.4,385.25,1.000649,0.675,4.05,3.6,4.5,3,4,3,False,True,True,True,True,False,False,True,True,True,False
AGRI+ARCTIC+TRANS+SSA,ACAB,1316.3,380.25,1020.2,417.25,1.097304,0.675,4.05,3.6,4.5,3,4,2,False,True,True,True,True,False,False,True,True,True,False
AGRI+ARCTIC+TRANS+SSA,ACAC,1309.7,375.5,952.2,419.5,1.117177,0.675,4.05,3.6,4.5,3,4,2,False,True,True,True,True,False,False,False,True,True,False
AGRI+ARCTIC+TRANS+SSA,ACBA,1320.3,381.5,1041.8,419.0,1.098296,0.675,4.05,3.6,4.5,3,4,2,False,True,True,True,True,False,False,True,True,True,False
AGRI+ARCTIC+TRANS+SSA,ACBB,1303.8,376.75,980.6,451.0,1.19708,0.675,4.05,3.6,4.5,3,4,1,False,True,True,True,False,False,False,False,True,True,False
AGRI+ARCTIC+TRANS+SSA,ACBC,1297.2,372.0,912.6,453.25,1.218414,0.675,4.05,3.6,4.5,3,4,1,False,True,True,True,False,True,False,False,True,True,False
AGRI+ARCTIC+TRANS+SSA,ACCA,1315.3,378.0,997.8,427.0,1.12963,0.675,4.05,3.6,4.5,3,4,2,False,True,True,True,True,False,False,False,True,True,False
AGRI+ARCTIC+TRANS+SSA,ACCB,1298.8,373.25,936.6,459.0,1.229739,0.675,4.05,3.6,4.5,3,4,1,False,True,True,True,False,True,False,False,True,True,False
AGRI+ARCTIC+TRANS+SSA,ACCC,1292.2,368.5,868.6,461.25,1.251696,0.675,4.05,3.6,4.5,3,4,1,False,True,True,True,False,True,False,False,True,True,False
AGRI+ARCTIC+TRANS+SSA,BAAA,1352.0,395.25,1218.6,385.5,0.975332,0.675,4.05,3.6,4.5,3,4,3,False,True,True,True,True,False,False,True,True,True,False
AGRI+ARCTIC+TRANS+SSA,BAAB,1335.5,390.5,1157.4,417.5,1.069142,0.675,4.05,3.6,4.5,3,4,2,False,True,True,True,True,False,False,True,True,True,False
AGRI+ARCTIC+TRANS+SSA,BAAC,1328.9,385.75,1089.4,419.75,1.08814,0.675,4.05,3.6,4.5,3,4,2,False,True,True,True,True,False,False,True,True,True,False
AGRI+ARCTIC+TRANS+SSA,BABA,1339.5,391.75,1179.0,419.25,1.070198,0.675,4.05,3.6,4.5,3,4,2,False,True,True,True,True,False,False,True,True,True,False
AGRI+ARCTIC+TRANS+SSA,BABB,1323.0,387.0,1117.8,451.25,1.166021,0.675,4.05,3.6,4.5,3,4,1,False,True,True,True,False,False,False,True,True,True,False
AGRI+ARCTIC+TRANS+SSA,BABC,1316.4,382.25,1049.8,453.5,1.186396,0.675,4.05,3.6,4.5,3,4,1,False,True,True,True,False,False,False,True,True,True,False
AGRI+ARCTIC+TRANS+SSA,BACA,1334.5,388.25,1135.0,427.25,1.100451,0.675,4.05,3.6,4.5,3,4,2,False,True,True,True,True,False,False,True,True,True,False
AGRI+ARCTIC+TRANS+SSA,BACB,1318.0,383.5,1073.8,459.25,1.197523,0.675,4.05,3.6,4.5,3,4,1,False,True,True,True,False,False,False,True,True,True,False
AGRI+ARCTIC+TRANS+SSA,BACC,1311.4,378.75,1005.8,461.5,1.218482,0.675,4.05,3.6,4.5,3,4,1,False,True,True,True,False,False,False,True,True,True,False
AGRI+ARCTIC+TRANS+SSA,BBAA,1329.0,388.25,1134.0,429.25,1.105602,0.675,4.05,3.6,4.5,3,4,2,False,True,True,True,True,False,False,True,True,True,False
AGRI+ARCTIC+TRANS+SSA,BBAB,1312.5,383.5,1072.8,461.25,1.202738,0.675,4.05,3.6,4.5,3,4,1,False,True,True,True,False,False,False,True,True,True,False
AGRI+ARCTIC+TRANS+SSA,BBAC,1305.9,378.75,1004.8,463.5,1.223762,0.675,4.05,3.6,4.5,3,4,1,False,True,True,True,False,False,False,True,True,True,False
AGRI+ARCTIC+TRANS+SSA,BBBA,1316.5,384.75,1094.4,463.0,1.203379,0.675,4.05,3.6,4.5,3,4,1,False,True,True,True,False,False,False,True,True,True,False
AGRI+ARCTIC+TRANS+SSA,BBBB,1300.0,380.0,1033.2,495.0,1.302632,0.675,4.05,3.6,4.5,3,4,0,False,True,True,True,False,True,False,True,True,True,False
AGRI+ARCTIC+TRANS+SSA,BBBC,1293.4,375.25,965.2,497.25,1.325117,0.675,4.05,3.6,4.5,3,4,0,False,True,True,True,False,True,False,False,True,True,False
AGRI+ARCTIC+TRANS+SSA,BBCA,1311.5,381.25,1050.4,471.0,1.23541,0.675,4.05,3.6,4.5,3,4,1,False,True,True,True,False,False,False,True,True,True,False
AGRI+ARCTIC+TRANS+SSA,BBCB,1295.0,376.5,989.2,503.0,1.335989,0.675,4.05,3.6,4.5,3,4,0,False,True,True,True,False,True,False,False,True,True,False
AGRI+ARCTIC+TRANS+SSA,BBCC,1288.4,371.75,921.2,505.25,1.359112,0.675,4.05,3.6,4.5,3,4,0,False,True,True,True,False,True,False,False,True,True,False
AGRI+ARCTIC+TRANS+SSA,BCAA,1319.8,381.25,1040.0,433.25,1.136393,0.675,4.05,3.6,4.5,3,4,2,False,True,True,True,True,False,False,True,True,True,False
AGRI+ARCTIC+TRANS+SSA,BCAB,1303.3,376.5,978.8,465.25,1.235724,0.675,4.05,3.6,4.5,3,4,1,False,True,True,True,False,False,False,False,True,True,False
AGRI+ARCTIC+TRANS+SSA,BCAC,1296.7,371.75,910.8,467.5,1.257566,0.675,4.05,3.6,4.5,3,4,1,False,True,True,True,False,True,False,False,True,True,False
AGRI+ARCTIC+TRANS+SSA,BCBA,1307.3,377.75,1000.4,467.0,1.236267,0.675,4.05,3.6,4.5,3,4,1,False,True,True,True,False,False,False,True,True,True,False
AGRI+ARCTIC+TRANS+SSA,BCBB,1290.8,373.0,939.2,499.0,1.337802,0.675,4.05,3.6,4.5,3,4,0,False,True,True,True,False,True,False,False,True,True,False
AGRI+ARCTIC+TRANS+SSA,BCBC,1284.2,368.25,871.2,501.25,1.361168,0.675,4.05,3.6,4.5,3,4,0,False,True,True,True,False,True,False,False,True,True,False
AGRI+ARCTIC+TRANS+SSA,BCCA,1302.3,374.25,956.4,475.0,1.269205,0.675,4.05,3.6,4.5,3,4,1,False,True,True,True,False,False,False,False,True,True,False
AGRI+ARCTIC+TRANS+SSA,BCCB,1285.8,369.5,895.2,507.0,1.372124,0.675,4.05,3.6,4.5,3,4,0,False,True,True,True,False,True,False,False,True,True,False
AGRI+ARCTIC+TRANS+SSA,BCCC,1279.2,364.75,827.2,509.25,1.396162,0.675,4.05,3.6,4.5,3,4,0,False,True,True,True,False,True,False,False,True,True,False
AGRI+ARCTIC+TRANS+SSA,CAAA,1346.8,391.5,1172.6,405.0,1.034483,0.675,4.05,3.6,4.5,3,4,3,False,True,True,True,True,False,False,True,True,True,False
AGRI+ARCTIC+TRANS+SSA,CAAB,1330.3,386.75,1111.4,437.0,1.129929,0.675,4.05,3.6,4.5,3,4,2,False,True,True,True,True,False,False,True,True,True,False
AGRI+ARCTIC+TRANS+SSA,CAAC,1323.7,382.0,1043.4,439.25,1.149869,0.675,4.05,3.6,4.5,3,4,2,False,True,True,True,True,False,False,True,True,True,False
AGRI+ARCTIC+TRANS+SSA,CABA,1334.3,388.0,1133.0,438.75,1.130799,0.675,4.05,3.6,4.5,3,4,2,False,True,True,True,True,False,False,True,True,True,False
AGRI+ARCTIC+TRANS+SSA,CABB,1317.8,383.25,1071.8,470.75,1.228311,0.675,4.05,3.6,4.5,3,4,1,False,True,True,True,False,False,False,True,True,True,False
AGRI+ARCTIC+TRANS+SSA,CABC,1311.2,378.5,1003.8,473.0,1.24967,0.675,4.05,3.6,4.5,3,4,1,False,True,True,True,False,False,False,True,True,True,False
AGRI+ARCTIC+TRANS+SSA,CACA,1329.3,384.5,1089.0,446.75,1.161899,0.675,4.05,3.6,4.5,3,4,2,False,True,True,True,True,False,False,True,True,True,False
AGRI+ARCTIC+TRANS+SSA,CACB,1312.8,379.75,1027.8,478.75,1.260698,0.675,4.05,3.6,4.5,3,4,1,False,True,True,True,False,False,False,True,True,True,False
AGRI+ARCTIC+TRANS+SSA,CACC,1306.2,375.0,959.8,481.0,1.282667,0.675,4.05,3.6,4.5,3,4,1,False,True,True,True,False,False,False,False,True,True,False
AGRI+ARCTIC+TRANS+SSA,CBAA,1323.8,384.5,1088.0,448.75,1.1671,0.675,4.05,3.6,4.5,3,4,2,False,True,True,True,True,False,False,True,True,True,False
AGRI+ARCTIC+TRANS+SSA,CBAB,1307.3,379.75,1026.8,480.75,1.265964,0.675,4.05,3.6,4.5,3,4,1,False,True,True,True,False,False,False,True,True,True,False
AGRI+ARCTIC+TRANS+SSA,CBAC,1300.7,375.0,958.8,483.0,1.288,0.675,4.05,3.6,4.5,3,4,1,False,True,True,True,False,False,False,False,True,True,False
AGRI+ARCTIC+TRANS+SSA,CBBA,1311.3,381.0,1048.4,482.5,1.266404,0.675,4.05,3.6,4.5,3,4,1,False,True,True,True,False,False,False,True,True,True,False
AGRI+ARCTIC+TRANS+SSA,CBBB,1294.8,376.25,987.2,514.5,1.367442,0.675,4.05,3.6,4.5,3,4,0,False,True,True,True,False,True,False,False,True,True,False
AGRI+ARCTIC+TRANS+SSA,CBBC,1288.2,371.5,919.2,516.75,1.390983,0.675,4.05,3.6,4.5,3,4,0,False,True,True,True,False,True,False,False,True,True,False
AGRI+ARCTIC+TRANS+SSA,CBCA,1306.3,377.5,1004.4,490.5,1.299338,0.675,4.05,3.6,4.5,3,4,1,False,True,True,True,False,False,False,True,True,True,False
AGRI+ARCTIC+TRANS+SSA,CBCB,1289.8,372.75,943.2,522.5,1.401744,0.675,4.05,3.6,4.5,3,4,0,False,True,True,True,False,True,False,False,True,True,False
AGRI+ARCTIC+TRANS+SSA,CBCC,1283.2,368.0,875.2,524.75,1.425951,0.675,4.05,3.6,4.5,3,4,0,False,True,True,True,False,True,False,False,True,True,False
AGRI+ARCTIC+TRANS+SSA,CCAA,1314.6,377.5,994.0,452.75,1.199338,0.675,4.05,3.6,4.5,3,4,2,False,True,True,True,True,False,False,False,True,True,False
AGRI+ARCTIC+TRANS+SSA,CCAB,1298.1,372.75,932.8,484.75,1.300469,0.675,4.05,3.6,4.5,3,4,1,False,True,True,True,False,True,False,False,True,True,False
AGRI+ARCTIC+TRANS+SSA,CCAC,1291.5,368.0,864.8,487.0,1.32337,0.675,4.05,3.6,4.5,3,4,1,False,True,True,True,False,True,False,False,True,True,False
AGRI+ARCTIC+TRANS+SSA,CCBA,1302.1,374.0,954.4,486.5,1.300802,0.675,4.05,3.6,4.5,3,4,1,False,True,True,True,False,False,False,False,True,True,False
AGRI+ARCTIC+TRANS+SSA,CCBB,1285.6,369.25,893.2,518.5,1.404198,0.675,4.05,3.6,4.5,3,4,0,False,True,True,True,False,True,False,False,True,True,False
AGRI+ARCTIC+TRANS+SSA,CCBC,1279.0,364.5,825.2,520.75,1.428669,0.675,4.05,3.6,4.5,3,4,0,False,True,True,True,False,True,False,False,True,True,False
AGRI+ARCTIC+TRANS+SSA,CCCA,1297.1,370.5,910.4,494.5,1.334683,0.675,4.05,3.6,4.5,3,4,1,False,True,True,True,False,True,False,False,True,True,False
AGRI+ARCTIC+TRANS+SSA,CCCB,1280.6,365.75,849.2,526.5,1.439508,0.675,4.05,3.6,4.5,3,4,0,False,True,True,True,False,True,False,False,True,True,False
AGRI+ARCTIC+TRANS+SSA,CCCC,1274.0,361.0,781.2,528.75,1.464681,0.675,4.05,3.6,4.5,3,4,0,False,True,True,True,False,True,False,False,True,True,False
AGRI+ARCTIC+ENV+SSA,AAAA,1396.5,404.25,1400.0,345.0,0.853432,0.665,3.95,3.55,4.5,3,4,4,False,True,True,True,True,False,False,True,True,True,False
AGRI+ARCTIC+ENV+SSA,AAAB,1380.0,399.5,1338.8,377.0,0.94368,0.665,3.95,3.55,4.5,3,4,3,False,True,True,True,True,False,False,True,True,True,False
AGRI+ARCTIC+ENV+SSA,AAAC,1373.4,394.75,1270.8,379.25,0.960735,0.665,3.95,3.55,4.5,3,4,3,False,True,True,True,True,False,False,True,True,True,False
AGRI+ARCTIC+ENV+SSA,AABA,1382.5,400.5,1335.2,372.25,0.929463,0.665,3.95,3.55,4.5,3,4,3,False,True,True,True,True,False,False,True,True,True,False
AGRI+ARCTIC+ENV+SSA,AABB,1366.0,395.75,1274.0,404.25,1.021478,0.665,3.95,3.55,4.5,3,4,2,False,True,True,True,True,False,False,True,True,True,False
AGRI+ARCTIC+ENV+SSA,AABC,1359.4,391.0,1206.0,406.5,1.039642,0.665,3.95,3.55,4.5,3,4,2,False,True,True,True,True,False,False,True,True,True,False
AGRI+ARCTIC+ENV+SSA,AACA,1376.9,396.75,1263.2,374.25,0.943289,0.665,3.95,3.55,4.5,3,4,3,False,True,True,True,True,False,False,True,True,True,False
AGRI+ARCTIC+ENV+SSA,AACB,1360.4,392.0,1202.0,406.25,1.036352,0.665,3.95,3.55,4.5,3,4,2,False,True,True,True,True,False,False,True,True,True,False
AGRI+ARCTIC+ENV+SSA,AACC,1353.8,387.25,1134.0,408.5,1.054874,0.665,3.95,3.55,4.5,3,4,2,False,True,True,True,True,False,False,True,True,True,False
AGRI+ARCTIC+ENV+SSA,ABAA,1373.5,397.25,1315.4,388.75,0.978603,0.665,3.95,3.55,4.5,3,4,3,False,True,True,True,True,False,False,True,True,True,False
AGRI+ARCTIC+ENV+SSA,ABAB,1357.0,392.5,1254.2,420.75,1.071975,0.665,3.95,3.55,4.5,3,4,2,False,True,True,True,True,False,False,True,True,True,False
AGRI+ARCTIC+ENV+SSA,ABAC,1350.4,387.75,1186.2,423.0,1.090909,0.665,3.95,3.55,4.5,3,4,2,False,True,True,True,True,False,False,True,True,True,False
AGRI+ARCTIC+ENV+SSA,ABBA,1359.5,393.5,1250.6,416.0,1.057179,0.665,3.95,3.55,4.5,3,4,2,False,True,True,True,True,False,False,True,True,True,False
AGRI+ARCTIC+ENV+SSA,ABBB,1343.0,388.75,1189.4,448.0,1.152412,0.665,3.95,3.55,4.5,3,4,1,False,True,True,True,False,False,False,True,True,True,False
AGRI+ARCTIC+ENV+SSA,ABBC,1336.4,384.0,1121.4,450.25,1.172526,0.665,3.95,3.55,4.5,3,4,1,False,True,True,True,False,False,False,True,True,True,False
AGRI+ARCTIC+ENV+SSA,ABCA,1353.9,389.75,1178.6,418.0,1.072482,0.665,3.95,3.55,4.5,3,4,2,False,True,True,True,True,False,False,True,True,True,False
AGRI+ARCTIC+ENV+SSA,ABCB,1337.4,385.0,1117.4,450.0,1.168831,0.665,3.95,3.55,4.5,3,4,1,False,True,True,True,False,False,False,True,True,True,False
AGRI+ARCTIC+ENV+SSA,ABCC,1330.8,380.25,1049.4,452.25,1.189349,0.665,3.95,3.55,4.5,3,4,1,False,True,True,True,False,False,False,True,True,True,False
AGRI+ARCTIC+ENV+SSA,ACAA,1364.3,390.25,1221.4,392.75,1.006406,0.665,3.95,3.55,4.5,3,4,3,False,True,True,True,True,False,False,True,True,True,False
AGRI+ARCTIC+ENV+SSA,ACAB,1347.8,385.5,1160.2,424.75,1.101816,0.665,3.95,3.55,4.5,3,4,2,False,True,True,True,True,False,False,True,True,True,False
AGRI+ARCTIC+ENV+SSA,ACAC,1341.2,380.75,1092.2,427.0,1.121471,0.665,3.95,3.55,4.5,3,4,2,False,True,True,True,True,False,False,True,True,True,False
AGRI+ARCTIC+ENV+SSA,ACBA,1350.3,386.5,1156.6,420.0,1.086675,0.665,3.95,3.55,4.5,3,4,2,False,True,True,True,True,False,False,True,True,True,False
AGRI+ARCTIC+ENV+SSA,ACBB,1333.8,381.75,1095.4,452.0,1.184021,0.665,3.95,3.55,4.5,3,4,1,False,True,True,True,False,False,False,True,True,True,False
AGRI+ARCTIC+ENV+SSA,ACBC,1327.2,377.0,1027.4,454.25,1.204907,0.665,3.95,3.55,4.5,3,4,1,False,True,True,True,False,False,False,True,True,True,False
AGRI+ARCTIC+ENV+SSA,ACCA,1344.7,382.75,1084.6,422.0,1.102547,0.665,3.95,3.55,4.5,3,4,2,False,True,True,True,True,False,False,True,True,True,False
AGRI+ARCTIC+ENV+SSA,ACCB,1328.2,378.0,1023.4,454.0,1.201058,0.665,3.95,3.55,4.5,3,4,1,False,True,True,True,False,False,False,True,True,True,False
AGRI+ARCTIC+ENV+SSA,ACCC,1321.6,373.25,955.4,456.25,1.222371,0.665,3.95,3.55,4.5,3,4,1,False,True,True,True,False,False,False,False,True,True,False
AGRI+ARCTIC+ENV+SSA,BAAA,1383.5,400.5,1358.6,393.0,0.981273,0.665,3.95,3.55,4.5,3,4,3,False,True,True,True,True,False,False,True,True,True,False
AGRI+ARCTIC+ENV+SSA,BAAB,1367.0,395.75,1297.4,425.0,1.07391,0.665,3.95,3.55,4.5,3,4,2,False,True,True,True,True,False,False,True,True,True,False
AGRI+ARCTIC+ENV+SSA,BAAC,1360.4,391.0,1229.4,427.25,1.092711,0.665,3.95,3.55,4.5,3,4,2,False,True,True,True,True,False,False,True,True,True,False
AGRI+ARCTIC+ENV+SSA,BABA,1369.5,396.75,1293.8,420.25,1.059231,0.665,3.95,3.55,4.5,3,4,2,False,True,True,True,True,False,False,True,True,True,False
AGRI+ARCTIC+ENV+SSA,BABB,1353.0,392.0,1232.6,452.25,1.153699,0.665,3.95,3.55,4.5,3,4,1,False,True,True,True,False,False,False,True,True,True,False
AGRI+ARCTIC+ENV+SSA,BABC,1346.4,387.25,1164.6,454.5,1.17366,0.665,3.95,3.55,4.5,3,4,1,False,True,True,True,False,False,False,True,True,True,False
AGRI+ARCTIC+ENV+SSA,BACA,1363.9,393.0,1221.8,422.25,1.074427,0.665,3.95,3.55,4.5,3,4,2,False,True,True,True,True,False,False,True,True,True,False
AGRI+ARCTIC+ENV+SSA,BACB,1347.4,388.25,1160.6,454.25,1.169994,0.665,3.95,3.55,4.5,3,4,1,False,True,True,True,False,False,False,True,True,True,False
AGRI+ARCTIC+ENV+SSA,BACC,1340.8,383.5,1092.6,456.5,1.190352,0.665,3.95,3.55,4.5,3,4,1,False,True,True,True,False,False,False,True,True,True,False
AGRI+ARCTIC+ENV+SSA,BBAA,1360.5,393.5,1274.0,436.75,1.109911,0.665,3.95,3.55,4.5,3,4,2,False,True,True,True,True,False,False,True,True,True,False
AGRI+ARCTIC+ENV+SSA,BBAB,1344.0,388.75,1212.8,468.75,1.205788,0.665,3.95,3.55,4.5,3,4,1,False,True,True,True,False,False,False,True,True,True,False
AGRI+ARCTIC+ENV+SSA,BBAC,1337.4,384.0,1144.8,471.0,1.226562,0.665,3.95,3.55,4.5,3,4,1,False,True,True,True,False,False,False,True,True,True,False
AGRI+ARCTIC+ENV+SSA,BBBA,1346.5,389.75,1209.2,464.0,1.190507,0.665,3.95,3.55,4.5,3,4,1,False,True,True,True,False,False,False,True,True,True,False
AGRI+ARCTIC+ENV+SSA,BBBB,1330.0,385.0,1148.0,496.0,1.288312,0.665,3.95,3.55,4.5,3,4,0,False,True,True,True,False,False,False,True,True,True,False
AGRI+ARCTIC+ENV+SSA,BBBC,1323.4,380.25,1080.0,498.25,1.310322,0.665,3.95,3.55,4.5,3,4,0,False,True,True,True,False,False,False,True,True,True,False
AGRI+ARCTIC+ENV+SSA,BBCA,1340.9,386.0,1137.2,466.0,1.207254,0.665,3.95,3.55,4.5,3,4,1,False,True,True,True,False,False,False,True,True,True,False
AGRI+ARCTIC+ENV+SSA,BBCB,1324.4,381.25,1076.0,498.0,1.30623,0.665,3.95,3.55,4.5,3,4,0,False,True,True,True,False,False,False,True,True,True,False
AGRI+ARCTIC+ENV+SSA,BBCC,1317.8,376.5,1008.0,500.25,1.328685,0.665,3.95,3.55,4.5,3,4,0,False,True,True,True,False,False,False,True,True,True,False
AGRI+ARCTIC+ENV+SSA,BCAA,1351.3,386.5,1180.0,440.75,1.140362,0.665,3.95,3.55,4.5,3,4,2,False,True,True,True,True,False,False,True,True,True,False
AGRI+ARCTIC+ENV+SSA,BCAB,1334.8,381.75,1118.8,472.75,1.238376,0.665,3.95,3.55,4.5,3,4,1,False,True,True,True,False,False,False,True,True,True,False
AGRI+ARCTIC+ENV+SSA,BCAC,1328.2,377.0,1050.8,475.0,1.259947,0.665,3.95,3.55,4.5,3,4,1,False,True,True,True,False,False,False,True,True,True,False
AGRI+ARCTIC+ENV+SSA,BCBA,1337.3,382.75,1115.2,468.0,1.22273,0.665,3.95,3.55,4.5,3,4,1,False,True,True,True,False,False,False,True,True,True,False
AGRI+ARCTIC+ENV+SSA,BCBB,1320.8,378.0,1054.0,500.0,1.322751,0.665,3.95,3.55,4.5,3,4,0,False,True,True,True,False,False,False,True,True,True,False
AGRI+ARCTIC+ENV+SSA,BCBC,1314.2,373.25,986.0,502.25,1.345613,0.665,3.95,3.55,4.5,3,4,0,False,True,True,True,False,False,False,False,True,True,False
AGRI+ARCTIC+ENV+SSA,BCCA,1331.7,379.0,1043.2,470.0,1.240106,0.665,3.95,3.55,4.5,3,4,1,False,True,True,True,False,False,False,True,True,True,False
AGRI+ARCTIC+ENV+SSA,BCCB,1315.2,374.25,982.0,502.0,1.341349,0.665,3.95,3.55,4.5,3,4,0,False,True,True,True,False,False,False,False,True,True,False
AGRI+ARCTIC+ENV+SSA,BCCC,1308.6,369.5,914.0,504.25,1.364682,0.665,3.95,3.55,4.5,3,4,0,False,True,True,True,False,False,False,False,True,True,False
AGRI+ARCTIC+ENV+SSA,CAAA,1378.3,396.75,1312.6,412.5,1.039698,0.665,3.95,3.55,4.5,3,4,3,False,True,True,True,True,False,False,True,True,True,False
AGRI+ARCTIC+ENV+SSA,CAAB,1361.8,392.0,1251.4,444.5,1.133929,0.665,3.95,3.55,4.5,3,4,2,False,True,True,True,True,False,False,True,True,True,False
AGRI+ARCTIC+ENV+SSA,CAAC,1355.2,387.25,1183.4,446.75,1.153648,0.665,3.95,3.55,4.5,3,4,2,False,True,True,True,True,False,False,True,True,True,False
AGRI+ARCTIC+ENV+SSA,CABA,1364.3,393.0,1247.8,439.75,1.118957,0.665,3.95,3.55,4.5,3,4,2,False,True,True,True,True,False,False,True,True,True,False
AGRI+ARCTIC+ENV+SSA,CABB,1347.8,388.25,1186.6,471.75,1.215068,0.665,3.95,3.55,4.5,3,4,1,False,True,True,True,False,False,False,True,True,True,False
AGRI+ARCTIC+ENV+SSA,CABC,1341.2,383.5,1118.6,474.0,1.235984,0.665,3.95,3.55,4.5,3,4,1,False,True,True,True,False,False,False,True,True,True,False
AGRI+ARCTIC+ENV+SSA,CACA,1358.7,389.25,1175.8,441.75,1.134875,0.665,3.95,3.55,4.5,3,4,2,False,True,True,True,True,False,False,True,True,True,False
AGRI+ARCTIC+ENV+SSA,CACB,1342.2,384.5,1114.6,473.75,1.23212,0.665,3.95,3.55,4.5,3,4,1,False,True,True,True,False,False,False,True,True,True,False
AGRI+ARCTIC+ENV+SSA,CACC,1335.6,379.75,1046.6,476.0,1.253456,0.665,3.95,3.55,4.5,3,4,1,False,True,True,True,False,False,False,True,True,True,False
AGRI+ARCTIC+ENV+SSA,CBAA,1355.3,389.75,1228.0,456.25,1.170622,0.665,3.95,3.55,4.5,3,4,2,False,True,True,True,True,False,False,True,True,True,False
AGRI+ARCTIC+ENV+SSA,CBAB,1338.8,385.0,1166.8,488.25,1.268182,0.665,3.95,3.55,4.5,3,4,1,False,True,True,True,False,False,False,True,True,True,False
AGRI+ARCTIC+ENV+SSA,CBAC,1332.2,380.25,1098.8,490.5,1.289941,0.665,3.95,3.55,4.5,3,4,1,False,True,True,True,False,False,False,True,True,True,False
AGRI+ARCTIC+ENV+SSA,CBBA,1341.3,386.0,1163.2,483.5,1.252591,0.665,3.95,3.55,4.5,3,4,1,False,True,True,True,False,False,False,True,True,True,False
AGRI+ARCTIC+ENV+SSA,CBBB,1324.8,381.25,1102.0,515.5,1.352131,0.665,3.95,3.55,4.5,3,4,0,False,True,True,True,False,False,False,True,True,True,False
AGRI+ARCTIC+ENV+SSA,CBBC,1318.2,376.5,1034.0,517.75,1.375166,0.665,3.95,3.55,4.5,3,4,0,False,True,True,True,False,False,False,True,True,True,False
AGRI+ARCTIC+ENV+SSA,CBCA,1335.7,382.25,1091.2,485.5,1.270111,0.665,3.95,3.55,4.5,3,4,1,False,True,True,True,False,False,False,True,True,True,False
AGRI+ARCTIC+ENV+SSA,CBCB,1319.2,377.5,1030.0,517.5,1.370861,0.665,3.95,3.55,4.5,3,4,0,False,True,True,True,False,False,False,True,True,True,False
AGRI+ARCTIC+ENV+SSA,CBCC,1312.6,372.75,962.0,519.75,1.394366,0.665,3.95,3.55,4.5,3,4,0,False,True,True,True,False,False,False,False,True,True,False
AGRI+ARCTIC+ENV+SSA,CCAA,1346.1,382.75,1134.0,460.25,1.202482,0.665,3.95,3.55,4.5,3,4,2,False,True,True,True,True,False,False,True,True,True,False
AGRI+ARCTIC+ENV+SSA,CCAB,1329.6,378.0,1072.8,492.25,1.302249,0.665,3.95,3.55,4.5,3,4,1,False,True,True,True,False,False,False,True,True,True,False
AGRI+ARCTIC+ENV+SSA,CCAC,1323.0,373.25,1004.8,494.5,1.324849,0.665,3.95,3.55,4.5,3,4,1,False,True,True,True,False,False,False,True,True,True,False
AGRI+ARCTIC+ENV+SSA,CCBA,1332.1,379.0,1069.2,487.5,1.28628,0.665,3.95,3.55,4.5,3,4,1,False,True,True,True,False,False,False,True,True,True,False
AGRI+ARCTIC+ENV+SSA,CCBB,1315.6,374.25,1008.0,519.5,1.38811,0.665,3.95,3.55,4.5,3,4,0,False,True,True,True,False,False,False,True,True,True,False
AGRI+ARCTIC+ENV+SSA,CCBC,1309.0,369.5,940.0,521.75,1.412043,0.665,3.95,3.55,4.5,3,4,0,False,True,True,True,False,False,False,False,True,True,False
AGRI+ARCTIC+ENV+SSA,CCCA,1326.5,375.25,997.2,489.5,1.304464,0.665,3.95,3.55,4.5,3,4,1,False,True,True,True,False,False,False,False,True,True,False
AGRI+ARCTIC+ENV+SSA,CCCB,1310.0,370.5,936.0,521.5,1.407557,0.665,3.95,3.55,4.5,3,4,0,False,True,True,True,False,False,False,False,True,True,False
AGRI+ARCTIC+ENV+SSA,CCCC,1303.4,365.75,868.0,523.75,1.431989,0.665,3.95,3.55,4.5,3,4,0,False,True,True,True,False,False,False,False,True,True,False
AGRI+TRANS+ENV+SSA,AAAA,1176.0,330.75,1150.0,295.0,0.891912,0.72,4.35,3.95,4.775,3,3,4,True,True,True,True,True,True,True,True,True,True,True
AGRI+TRANS+ENV+SSA,AAAB,1159.5,326.0,1088.8,327.0,1.003067,0.72,4.35,3.95,4.775,3,3,3,True,True,True,True,True,True,True,True,True,True,True
AGRI+TRANS+ENV+SSA,AAAC,1152.9,321.25,1020.8,329.25,1.024903,0.72,4.35,3.95,4.775,3,3,3,True,True,True,True,True,True,True,True,True,True,True
AGRI+TRANS+ENV+SSA,AABA,1162.0,327.0,1085.2,322.25,0.985474,0.72,4.35,3.95,4.775,3,3,3,True,True,True,True,True,True,True,True,True,True,True
AGRI+TRANS+ENV+SSA,AABB,1145.5,322.25,1024.0,354.25,1.099302,0.72,4.35,3.95,4.775,3,3,2,True,True,True,True,True,True,True,True,True,True,True
AGRI+TRANS+ENV+SSA,AABC,1138.9,317.5,956.0,356.5,1.122835,0.72,4.35,3.95,4.775,3,3,2,False,True,True,True,True,True,True,False,True,True,False
AGRI+TRANS+ENV+SSA,AACA,1156.4,323.25,1013.2,324.25,1.003094,0.72,4.35,3.95,4.775,3,3,3,True,True,True,True,True,True,True,True,True,True,True
AGRI+TRANS+ENV+SSA,AACB,1139.9,318.5,952.0,356.25,1.118524,0.72,4.35,3.95,4.775,3,3,2,False,True,True,True,True,True,True,False,True,True,False
AGRI+TRANS+ENV+SSA,AACC,1133.3,313.75,884.0,358.5,1.142629,0.72,4.35,3.95,4.775,3,3,2,False,True,True,True,True,True,True,False,True,True,False
AGRI+TRANS+ENV+SSA,ABAA,1163.5,327.25,1110.4,328.75,1.004584,0.72,4.35,3.95,4.775,3,3,3,True,True,True,True,True,True,True,True,True,True,True
AGRI+TRANS+ENV+SSA,ABAB,1147.0,322.5,1049.2,360.75,1.118605,0.72,4.35,3.95,4.775,3,3,2,True,True,True,True,True,True,True,True,True,True,True
AGRI+TRANS+ENV+SSA,ABAC,1140.4,317.75,981.2,363.0,1.142408,0.72,4.35,3.95,4.775,3,3,2,False,True,True,True,True,True,True,False,True,True,False
AGRI+TRANS+ENV+SSA,ABBA,1149.5,323.5,1045.6,356.0,1.100464,0.72,4.35,3.95,4.775,3,3,2,True,True,True,True,True,True,True,True,True,True,True
AGRI+TRANS+ENV+SSA,ABBB,1133.0,318.75,984.4,388.0,1.217255,0.72,4.35,3.95,4.775,3,3,1,False,True,True,True,False,True,True,False,True,True,False
AGRI+TRANS+ENV+SSA,ABBC,1126.4,314.0,916.4,390.25,1.242834,0.72,4.35,3.95,4.775,3,3,1,False,True,True,True,False,True,True,False,True,True,False
AGRI+TRANS+ENV+SSA,ABCA,1143.9,319.75,973.6,358.0,1.119625,0.72,4.35,3.95,4.775,3,3,2,False,True,True,True,True,True,True,False,True,True,False
AGRI+TRANS+ENV+SSA,ABCB,1127.4,315.0,912.4,390.0,1.238095,0.72,4.35,3.95,4.775,3,3,1,False,True,True,True,False,True,True,False,True,True,False
AGRI+TRANS+ENV+SSA,ABCC,1120.8,310.25,844.4,392.25,1.264303,0.72,4.35,3.95,4.775,3,3,1,False,True,True,True,False,True,True,False,True,True,False
AGRI+TRANS+ENV+SSA,ACAA,1158.5,323.75,1066.4,336.75,1.040154,0.72,4.35,3.95,4.775,3,3,3,True,True,True,True,True,True,True,True,True,True,True
AGRI+TRANS+ENV+SSA,ACAB,1142.0,319.0,1005.2,368.75,1.155956,0.72,4.35,3.95,4.775,3,3,2,True,True,True,True,True,True,True,True,True,True,True
AGRI+TRANS+ENV+SSA,ACAC,1135.4,314.25,937.2,371.0,1.180589,0.72,4.35,3.95,4.775,3,3,2,False,True,True,True,True,True,True,False,True,True,False
AGRI+TRANS+ENV+SSA,ACBA,1144.5,320.0,1001.6,364.0,1.1375,0.72,4.35,3.95,4.775,3,3,2,True,True,True,True,True,True,True,True,True,True,True
AGRI+TRANS+ENV+SSA,ACBB,1128.0,315.25,940.4,396.0,1.256146,0.72,4.35,3.95,4.775,3,3,1,False,True,True,True,False,True,True,False,True,True,False
AGRI+TRANS+ENV+SSA,ACBC,1121.4,310.5,872.4,398.25,1.282609,0.72,4.35,3.95,4.775,3,3,1,False,True,True,True,False,True,True,False,True,True,False
AGRI+TRANS+ENV+SSA,ACCA,1138.9,316.25,929.6,366.0,1.157312,0.72,4.35,3.95,4.775,3,3,2,False,True,True,True,True,True,True,False,True,True,False
AGRI+TRANS+ENV+SSA,ACCB,1122.4,311.5,868.4,398.0,1.277689,0.72,4.35,3.95,4.775,3,3,1,False,True,True,True,False,True,True,False,True,True,False
AGRI+TRANS+ENV+SSA,ACCC,1115.8,306.75,800.4,400.25,1.304808,0.72,4.35,3.95,4.775,3,3,1,False,True,True,True,False,True,True,False,True,True,False
AGRI+TRANS+ENV+SSA,BAAA,1163.0,327.0,1108.6,343.0,1.04893,0.72,4.35,3.95,4.775,3,3,3,True,True,True,True,True,True,True,True,True,True,True
AGRI+TRANS+ENV+SSA,BAAB,1146.5,322.25,1047.4,375.0,1.163693,0.72,4.35,3.95,4.775,3,3,2,True,True,True,True,True,True,True,True,True,True,True
AGRI+TRANS+ENV+SSA,BAAC,1139.9,317.5,979.4,377.25,1.188189,0.72,4.35,3.95,4.775,3,3,2,False,True,True,True,True,True,True,False,True,True,False
AGRI+TRANS+ENV+SSA,BABA,1149.0,323.25,1043.8,370.25,1.145398,0.72,4.35,3.95,4.775,3,3,2,True,True,True,True,True,True,True,True,True,True,True
AGRI+TRANS+ENV+SSA,BABB,1132.5,318.5,982.6,402.25,1.262951,0.72,4.35,3.95,4.775,3,3,1,False,True,True,True,False,True,True,False,True,True,False
AGRI+TRANS+ENV+SSA,BABC,1125.9,313.75,914.6,404.5,1.289243,0.72,4.35,3.95,4.775,3,3,1,False,True,True,True,False,True,True,False,True,True,False
AGRI+TRANS+ENV+SSA,BACA,1143.4,319.5,971.8,372.25,1.165102,0.72,4.35,3.95,4.775,3,3,2,False,True,True,True,True,True,True,False,True,True,False
AGRI+TRANS+ENV+SSA,BACB,1126.9,314.75,910.6,404.25,1.284353,0.72,4.35,3.95,4.775,3,3,1,False,True,True,True,False,True,True,False,True,True,False
AGRI+TRANS+ENV+SSA,BACC,1120.3,310.0,842.6,406.5,1.31129,0.72,4.35,3.95,4.775,3,3,1,False,True,True,True,False,True,True,False,True,True,False
AGRI+TRANS+ENV+SSA,BBAA,1150.5,323.5,1069.0,376.75,1.164606,0.72,4.35,3.95,4.775,3,3,2,True,True,True,True,True,True,True,True,True,True,True
AGRI+TRANS+ENV+SSA,BBAB,1134.0,318.75,1007.8,408.75,1.282353,0.72,4.35,3.95,4.775,3,3,1,False,True,True,True,False,True,True,True,True,True,False
AGRI+TRANS+ENV+SSA,BBAC,1127.4,314.0,939.8,411.0,1.308917,0.72,4.35,3.95,4.775,3,3,1,False,True,True,True,False,True,True,False,True,True,False
AGRI+TRANS+ENV+SSA,BBBA,1136.5,319.75,1004.2,404.0,1.263487,0.72,4.35,3.95,4.775,3,3,1,False,True,True,True,False,True,True,True,True,True,False
AGRI+TRANS+ENV+SSA,BBBB,1120.0,315.0,943.0,436.0,1.384127,0.72,4.35,3.95,4.775,3,3,0,False,True,True,True,False,True,True,False,True,True,False
AGRI+TRANS+ENV+SSA,BBBC,1113.4,310.25,875.0,438.25,1.412571,0.72,4.35,3.95,4.775,3,3,0,False,True,True,True,False,True,True,False,True,True,False
AGRI+TRANS+ENV+SSA,BBCA,1130.9,316.0,932.2,406.0,1.28481,0.72,4.35,3.95,4.775,3,3,1,False,True,True,True,False,True,True,False,True,True,False
AGRI+TRANS+ENV+SSA,BBCB,1114.4,311.25,871.0,438.0,1.407229,0.72,4.35,3.95,4.775,3,3,0,False,True,True,True,False,True,True,False,True,True,False
AGRI+TRANS+ENV+SSA,BBCC,1107.8,306.5,803.0,440.25,1.436378,0.72,4.35,3.95,4.775,3,3,0,False,True,True,True,False,True,True,False,True,True,False
AGRI+TRANS+ENV+SSA,BCAA,1145.5,320.0,1025.0,384.75,1.202344,0.72,4.35,3.95,4.775,3,3,2,True,True,True,True,True,True,True,True,True,True,True
AGRI+TRANS+ENV+SSA,BCAB,1129.0,315.25,963.8,416.75,1.321967,0.72,4.35,3.95,4.775,3,3,1,False,True,True,True,False,True,True,False,True,True,False
AGRI+TRANS+ENV+SSA,BCAC,1122.4,310.5,895.8,419.0,1.349436,0.72,4.35,3.95,4.775,3,3,1,False,True,True,True,False,True,True,False,True,True,False
AGRI+TRANS+ENV+SSA,BCBA,1131.5,316.25,960.2,412.0,1.302767,0.72,4.35,3.95,4.775,3,3,1,False,True,True,True,False,True,True,False,True,True,False
AGRI+TRANS+ENV+SSA,BCBB,1115.0,311.5,899.0,444.0,1.425361,0.72,4.35,3.95,4.775,3,3,0,False,True,True,True,False,True,True,False,True,True,False
AGRI+TRANS+ENV+SSA,BCBC,1108.4,306.75,831.0,446.25,1.454768,0.72,4.35,3.95,4.775,3,3,0,False,True,True,True,False,True,True,False,True,True,False
AGRI+TRANS+ENV+SSA,BCCA,1125.9,312.5,888.2,414.0,1.3248,0.72,4.35,3.95,4.775,3,3,1,False,True,True,True,False,True,True,False,True,True,False
AGRI+TRANS+ENV+SSA,BCCB,1109.4,307.75,827.0,446.0,1.449228,0.72,4.35,3.95,4.775,3,3,0,False,True,True,True,False,True,True,False,True,True,False
AGRI+TRANS+ENV+SSA,BCCC,1102.8,303.0,759.0,448.25,1.479373,0.72,4.35,3.95,4.775,3,3,0,False,True,True,True,False,True,True,False,True,True,False
AGRI+TRANS+ENV+SSA,CAAA,1157.8,323.25,1062.6,362.5,1.121423,0.72,4.35,3.95,4.775,3,3,3,True,True,True,True,True,True,True,True,True,True,True
AGRI+TRANS+ENV+SSA,CAAB,1141.3,318.5,1001.4,394.5,1.238619,0.72,4.35,3.95,4.775,3,3,2,True,True,True,True,True,True,True,True,True,True,True
AGRI+TRANS+ENV+SSA,CAAC,1134.7,313.75,933.4,396.75,1.264542,0.72,4.35,3.95,4.775,3,3,2,False,True,True,True,True,True,True,False,True,True,False
AGRI+TRANS+ENV+SSA,CABA,1143.8,319.5,997.8,389.75,1.219875,0.72,4.35,3.95,4.775,3,3,2,False,True,True,True,True,True,True,False,True,True,False
AGRI+TRANS+ENV+SSA,CABB,1127.3,314.75,936.6,421.75,1.339952,0.72,4.35,3.95,4.775,3,3,1,False,True,True,True,False,True,True,False,True,True,False
AGRI+TRANS+ENV+SSA,CABC,1120.7,310.0,868.6,424.0,1.367742,0.72,4.35,3.95,4.775,3,3,1,False,True,True,True,False,True,True,False,True,True,False
AGRI+TRANS+ENV+SSA,CACA,1138.2,315.75,925.8,391.75,1.240697,0.72,4.35,3.95,4.775,3,3,2,False,True,True,True,True,True,True,False,True,True,False
AGRI+TRANS+ENV+SSA,CACB,1121.7,311.0,864.6,423.75,1.36254,0.72,4.35,3.95,4.775,3,3,1,False,True,True,True,False,True,True,False,True,True,False
AGRI+TRANS+ENV+SSA,CACC,1115.1,306.25,796.6,426.0,1.39102,0.72,4.35,3.95,4.775,3,3,1,False,True,True,True,False,True,True,False,True,True,False
AGRI+TRANS+ENV+SSA,CBAA,1145.3,319.75,1023.0,396.25,1.239249,0.72,4.35,3.95,4.775,3,3,2,True,True,True,True,True,True,True,True,True,True,True
AGRI+TRANS+ENV+SSA,CBAB,1128.8,315.0,961.8,428.25,1.359524,0.72,4.35,3.95,4.775,3,3,1,False,True,True,True,False,True,True,False,True,True,False
AGRI+TRANS+ENV+SSA,CBAC,1122.2,310.25,893.8,430.5,1.387591,0.72,4.35,3.95,4.775,3,3,1,False,True,True,True,False,True,True,False,True,True,False
AGRI+TRANS+ENV+SSA,CBBA,1131.3,316.0,958.2,423.5,1.34019,0.72,4.35,3.95,4.775,3,3,1,False,True,True,True,False,True,True,False,True,True,False
AGRI+TRANS+ENV+SSA,CBBB,1114.8,311.25,897.0,455.5,1.463454,0.72,4.35,3.95,4.775,3,3,0,False,True,True,True,False,True,True,False,True,True,False
AGRI+TRANS+ENV+SSA,CBBC,1108.2,306.5,829.0,457.75,1.493475,0.72,4.35,3.95,4.775,3,3,0,False,True,True,True,False,True,True,False,True,True,False
AGRI+TRANS+ENV+SSA,CBCA,1125.7,312.25,886.2,425.5,1.36269,0.72,4.35,3.95,4.775,3,3,1,False,True,True,True,False,True,True,False,True,True,False
AGRI+TRANS+ENV+SSA,CBCB,1109.2,307.5,825.0,457.5,1.487805,0.72,4.35,3.95,4.775,3,3,0,False,True,True,True,False,True,True,False,True,True,False
AGRI+TRANS+ENV+SSA,CBCC,1102.6,302.75,757.0,459.75,1.51858,0.72,4.35,3.95,4.775,3,3,0,False,True,True,True,False,True,True,False,True,True,False
AGRI+TRANS+ENV+SSA,CCAA,1140.3,316.25,979.0,404.25,1.278261,0.72,4.35,3.95,4.775,3,3,2,False,True,True,True,True,True,True,False,True,True,False
AGRI+TRANS+ENV+SSA,CCAB,1123.8,311.5,917.8,436.25,1.400482,0.72,4.35,3.95,4.775,3,3,1,False,True,True,True,False,True,True,False,True,True,False
AGRI+TRANS+ENV+SSA,CCAC,1117.2,306.75,849.8,438.5,1.429503,0.72,4.35,3.95,4.775,3,3,1,False,True,True,True,False,True,True,False,True,True,False
AGRI+TRANS+ENV+SSA,CCBA,1126.3,312.5,914.2,431.5,1.3808,0.72,4.35,3.95,4.775,3,3,1,False,True,True,True,False,True,True,False,True,True,False
AGRI+TRANS+ENV+SSA,CCBB,1109.8,307.75,853.0,463.5,1.506093,0.72,4.35,3.95,4.775,3,3,0,False,True,True,True,False,True,True,False,True,True,False
AGRI+TRANS+ENV+SSA,CCBC,1103.2,303.0,785.0,465.75,1.537129,0.72,4.35,3.95,4.775,3,3,0,False,True,True,True,False,True,True,False,True,True,False
AGRI+TRANS+ENV+SSA,CCCA,1120.7,308.75,842.2,433.5,1.404049,0.72,4.35,3.95,4.775,3,3,1,False,True,True,True,False,True,True,False,True,True,False
AGRI+TRANS+ENV+SSA,CCCB,1104.2,304.0,781.0,465.5,1.53125,0.72,4.35,3.95,4.775,3,3,0,False,True,True,True,False,True,True,False,True,True,False
AGRI+TRANS+ENV+SSA,CCCC,1097.6,299.25,713.0,467.75,1.563074,0.72,4.35,3.95,4.775,3,3,0,False,True,True,True,False,True,True,False,True,True,False
INFRA+ARCTIC+TRANS+ENV,AAAA,1365.0,383.25,1350.0,345.0,0.900196,0.69,4.125,3.85,4.4,4,3,4,False,True,True,True,True,False,False,True,True,True,False
INFRA+ARCTIC+TRANS+ENV,AAAB,1351.0,379.5,1285.2,372.25,0.980896,0.69,4.125,3.85,4.4,4,3,3,False,True,True,True,True,False,False,True,True,True,False
INFRA+ARCTIC+TRANS+ENV,AAAC,1345.4,375.75,1213.2,374.25,0.996008,0.69,4.125,3.85,4.4,4,3,3,False,True,True,True,True,False,False,True,True,True,False
INFRA+ARCTIC+TRANS+ENV,AABA,1352.5,379.75,1310.4,378.75,0.997367,0.69,4.125,3.85,4.4,4,3,3,False,True,True,True,True,False,False,True,True,True,False
INFRA+ARCTIC+TRANS+ENV,AABB,1338.5,376.0,1245.6,406.0,1.079787,0.69,4.125,3.85,4.4,4,3,2,False,True,True,True,True,False,False,True,True,True,False
INFRA+ARCTIC+TRANS+ENV,AABC,1332.9,372.25,1173.6,408.0,1.096038,0.69,4.125,3.85,4.4,4,3,2,False,True,True,True,True,False,False,True,True,True,False
INFRA+ARCTIC+TRANS+ENV,AACA,1347.5,376.25,1266.4,386.75,1.027907,0.69,4.125,3.85,4.4,4,3,3,False,True,True,True,True,False,False,True,True,True,False
INFRA+ARCTIC+TRANS+ENV,AACB,1333.5,372.5,1201.6,414.0,1.111409,0.69,4.125,3.85,4.4,4,3,2,False,True,True,True,True,False,False,True,True,True,False
INFRA+ARCTIC+TRANS+ENV,AACC,1327.9,368.75,1129.6,416.0,1.128136,0.69,4.125,3.85,4.4,4,3,2,False,True,True,True,True,False,False,True,True,True,False
INFRA+ARCTIC+TRANS+ENV,ABAA,1342.0,376.25,1265.4,388.75,1.033223,0.69,4.125,3.85,4.4,4,3,3,False,True,True,True,True,False,False,True,True,True,False
INFRA+ARCTIC+TRANS+ENV,ABAB,1328.0,372.5,1200.6,416.0,1.116779,0.69,4.125,3.85,4.4,4,3,2,False,True,True,True,True,False,False,True,True,True,False
INFRA+ARCTIC+TRANS+ENV,ABAC,1322.4,368.75,1128.6,418.0,1.133559,0.69,4.125,3.85,4.4,4,3,2,False,True,True,True,True,False,False,True,True,True,False
INFRA+ARCTIC+TRANS+ENV,ABBA,1329.5,372.75,1225.8,422.5,1.133467,0.69,4.125,3.85,4.4,4,3,2,False,True,True,True,True,False,False,True,True,True,False
INFRA+ARCTIC+TRANS+ENV,ABBB,1315.5,369.0,1161.0,449.75,1.218835,0.69,4.125,3.85,4.4,4,3,1,False,True,True,True,False,False,False,True,True,True,False
INFRA+ARCTIC+TRANS+ENV,ABBC,1309.9,365.25,1089.0,451.75,1.236824,0.69,4.125,3.85,4.4,4,3,1,False,True,True,True,False,False,False,True,True,True,False
INFRA+ARCTIC+TRANS+ENV,ABCA,1324.5,369.25,1181.8,430.5,1.165877,0.69,4.125,3.85,4.4,4,3,2,False,True,True,True,True,False,False,True,True,True,False
INFRA+ARCTIC+TRANS+ENV,ABCB,1310.5,365.5,1117.0,457.75,1.252394,0.69,4.125,3.85,4.4,4,3,1,False,True,True,True,False,False,False,True,True,True,False
INFRA+ARCTIC+TRANS+ENV,ABCC,1304.9,361.75,1045.0,459.75,1.270905,0.69,4.125,3.85,4.4,4,3,1,False,True,True,True,False,False,False,True,True,True,False
INFRA+ARCTIC+TRANS+ENV,ACAA,1332.8,369.25,1171.4,392.75,1.063643,0.69,4.125,3.85,4.4,4,3,3,False,True,True,True,True,False,False,True,True,True,False
INFRA+ARCTIC+TRANS+ENV,ACAB,1318.8,365.5,1106.6,420.0,1.149111,0.69,4.125,3.85,4.4,4,3,2,False,True,True,True,True,False,False,True,True,True,False
INFRA+ARCTIC+TRANS+ENV,ACAC,1313.2,361.75,1034.6,422.0,1.166551,0.69,4.125,3.85,4.4,4,3,2,False,True,True,True,True,False,False,True,True,True,False
INFRA+ARCTIC+TRANS+ENV,ACBA,1320.3,365.75,1131.8,426.5,1.166097,0.69,4.125,3.85,4.4,4,3,2,False,True,True,True,True,False,False,True,True,True,False
INFRA+ARCTIC+TRANS+ENV,ACBB,1306.3,362.0,1067.0,453.75,1.253453,0.69,4.125,3.85,4.4,4,3,1,False,True,True,True,False,False,False,True,True,True,False
INFRA+ARCTIC+TRANS+ENV,ACBC,1300.7,358.25,995.0,455.75,1.272156,0.69,4.125,3.85,4.4,4,3,1,False,True,True,True,False,False,True,False,True,True,False
INFRA+ARCTIC+TRANS+ENV,ACCA,1315.3,362.25,1087.8,434.5,1.199448,0.69,4.125,3.85,4.4,4,3,2,False,True,True,True,True,False,False,True,True,True,False
INFRA+ARCTIC+TRANS+ENV,ACCB,1301.3,358.5,1023.0,461.75,1.288006,0.69,4.125,3.85,4.4,4,3,1,False,True,True,True,False,False,True,True,True,True,False
INFRA+ARCTIC+TRANS+ENV,ACCC,1295.7,354.75,951.0,463.75,1.307259,0.69,4.125,3.85,4.4,4,3,1,False,True,True,True,False,True,True,False,True,True,False
INFRA+ARCTIC+TRANS+ENV,BAAA,1349.5,379.25,1296.0,381.25,1.005274,0.69,4.125,3.85,4.4,4,3,3,False,True,True,True,True,False,False,True,True,True,False
INFRA+ARCTIC+TRANS+ENV,BAAB,1335.5,375.5,1231.2,408.5,1.087883,0.69,4.125,3.85,4.4,4,3,2,False,True,True,True,True,False,False,True,True,True,False
INFRA+ARCTIC+TRANS+ENV,BAAC,1329.9,371.75,1159.2,410.5,1.104237,0.69,4.125,3.85,4.4,4,3,2,False,True,True,True,True,False,False,True,True,True,False
INFRA+ARCTIC+TRANS+ENV,BABA,1337.0,375.75,1256.4,415.0,1.104458,0.69,4.125,3.85,4.4,4,3,2,False,True,True,True,True,False,False,True,True,True,False
INFRA+ARCTIC+TRANS+ENV,BABB,1323.0,372.0,1191.6,442.25,1.188844,0.69,4.125,3.85,4.4,4,3,1,False,True,True,True,False,False,False,True,True,True,False
INFRA+ARCTIC+TRANS+ENV,BABC,1317.4,368.25,1119.6,444.25,1.206382,0.69,4.125,3.85,4.4,4,3,1,False,True,True,True,False,False,False,True,True,True,False
INFRA+ARCTIC+TRANS+ENV,BACA,1332.0,372.25,1212.4,423.0,1.136333,0.69,4.125,3.85,4.4,4,3,2,False,True,True,True,True,False,False,True,True,True,False
INFRA+ARCTIC+TRANS+ENV,BACB,1318.0,368.5,1147.6,450.25,1.221845,0.69,4.125,3.85,4.4,4,3,1,False,True,True,True,False,False,False,True,True,True,False
INFRA+ARCTIC+TRANS+ENV,BACC,1312.4,364.75,1075.6,452.25,1.23989,0.69,4.125,3.85,4.4,4,3,1,False,True,True,True,False,False,False,True,True,True,False
INFRA+ARCTIC+TRANS+ENV,BBAA,1326.5,372.25,1211.4,425.0,1.141706,0.69,4.125,3.85,4.4,4,3,2,False,True,True,True,True,False,False,True,True,True,False
INFRA+ARCTIC+TRANS+ENV,BBAB,1312.5,368.5,1146.6,452.25,1.227273,0.69,4.125,3.85,4.4,4,3,1,False,True,True,True,False,False,False,True,True,True,False
INFRA+ARCTIC+TRANS+ENV,BBAC,1306.9,364.75,1074.6,454.25,1.245374,0.69,4.125,3.85,4.4,4,3,1,False,True,True,True,False,False,False,True,True,True,False
INFRA+ARCTIC+TRANS+ENV,BBBA,1314.0,368.75,1171.8,458.75,1.244068,0.69,4.125,3.85,4.4,4,3,1,False,True,True,True,False,False,False,True,True,True,False
INFRA+ARCTIC+TRANS+ENV,BBBB,1300.0,365.0,1107.0,486.0,1.331507,0.69,4.125,3.85,4.4,4,3,0,False,True,True,True,False,True,False,True,True,True,False
INFRA+ARCTIC+TRANS+ENV,BBBC,1294.4,361.25,1035.0,488.0,1.350865,0.69,4.125,3.85,4.4,4,3,0,False,True,True,True,False,True,False,True,True,True,False
INFRA+ARCTIC+TRANS+ENV,BBCA,1309.0,365.25,1127.8,466.75,1.277892,0.69,4.125,3.85,4.4,4,3,1,False,True,True,True,False,False,False,True,True,True,False
INFRA+ARCTIC+TRANS+ENV,BBCB,1295.0,361.5,1063.0,494.0,1.366528,0.69,4.125,3.85,4.4,4,3,0,False,True,True,True,False,True,False,True,True,True,False
INFRA+ARCTIC+TRANS+ENV,BBCC,1289.4,357.75,991.0,496.0,1.386443,0.69,4.125,3.85,4.4,4,3,0,False,True,True,True,False,True,True,False,True,True,False
INFRA+ARCTIC+TRANS+ENV,BCAA,1317.3,365.25,1117.4,429.0,1.174538,0.69,4.125,3.85,4.4,4,3,2,False,True,True,True,True,False,False,True,True,True,False
INFRA+ARCTIC+TRANS+ENV,BCAB,1303.3,361.5,1052.6,456.25,1.262102,0.69,4.125,3.85,4.4,4,3,1,False,True,True,True,False,False,False,True,True,True,False
INFRA+ARCTIC+TRANS+ENV,BCAC,1297.7,357.75,980.6,458.25,1.280922,0.69,4.125,3.85,4.4,4,3,1,False,True,True,True,False,True,True,False,True,True,False
INFRA+ARCTIC+TRANS+ENV,BCBA,1304.8,361.75,1077.8,462.75,1.279198,0.69,4.125,3.85,4.4,4,3,1,False,True,True,True,False,False,False,True,True,True,False
INFRA+ARCTIC+TRANS+ENV,BCBB,1290.8,358.0,1013.0,490.0,1.368715,0.69,4.125,3.85,4.4,4,3,0,False,True,True,True,False,True,True,True,True,True,False
INFRA+ARCTIC+TRANS+ENV,BCBC,1285.2,354.25,941.0,492.0,1.38885,0.69,4.125,3.85,4.4,4,3,0,False,True,True,True,False,True,True,False,True,True,False
INFRA+ARCTIC+TRANS+ENV,BCCA,1299.8,358.25,1033.8,470.75,1.314027,0.69,4.125,3.85,4.4,4,3,1,False,True,True,True,False,True,True,True,True,True,False
INFRA+ARCTIC+TRANS+ENV,BCCB,1285.8,354.5,969.0,498.0,1.404795,0.69,4.125,3.85,4.4,4,3,0,False,True,True,True,False,True,True,False,True,True,False
INFRA+ARCTIC+TRANS+ENV,BCCC,1280.2,350.75,897.0,500.0,1.425517,0.69,4.125,3.85,4.4,4,3,0,False,True,True,True,False,True,True,False,True,True,False
INFRA+ARCTIC+TRANS+ENV,CAAA,1343.3,375.25,1236.0,388.25,1.034644,0.69,4.125,3.85,4.4,4,3,3,False,True,True,True,True,False,False,True,True,True,False
INFRA+ARCTIC+TRANS+ENV,CAAB,1329.3,371.5,1171.2,415.5,1.118439,0.69,4.125,3.85,4.4,4,3,2,False,True,True,True,True,False,False,True,True,True,False
INFRA+ARCTIC+TRANS+ENV,CAAC,1323.7,367.75,1099.2,417.5,1.135282,0.69,4.125,3.85,4.4,4,3,2,False,True,True,True,True,False,False,True,True,True,False
INFRA+ARCTIC+TRANS+ENV,CABA,1330.8,371.75,1196.4,422.0,1.135171,0.69,4.125,3.85,4.4,4,3,2,False,True,True,True,True,False,False,True,True,True,False
INFRA+ARCTIC+TRANS+ENV,CABB,1316.8,368.0,1131.6,449.25,1.220788,0.69,4.125,3.85,4.4,4,3,1,False,True,True,True,False,False,False,True,True,True,False
INFRA+ARCTIC+TRANS+ENV,CABC,1311.2,364.25,1059.6,451.25,1.238847,0.69,4.125,3.85,4.4,4,3,1,False,True,True,True,False,False,False,True,True,True,False
INFRA+ARCTIC+TRANS+ENV,CACA,1325.8,368.25,1152.4,430.0,1.167685,0.69,4.125,3.85,4.4,4,3,2,False,True,True,True,True,False,False,True,True,True,False
INFRA+ARCTIC+TRANS+ENV,CACB,1311.8,364.5,1087.6,457.25,1.254458,0.69,4.125,3.85,4.4,4,3,1,False,True,True,True,False,False,False,True,True,True,False
INFRA+ARCTIC+TRANS+ENV,CACC,1306.2,360.75,1015.6,459.25,1.273042,0.69,4.125,3.85,4.4,4,3,1,False,True,True,True,False,False,False,True,True,True,False
INFRA+ARCTIC+TRANS+ENV,CBAA,1320.3,368.25,1151.4,432.0,1.173116,0.69,4.125,3.85,4.4,4,3,2,False,True,True,True,True,False,False,True,True,True,False
INFRA+ARCTIC+TRANS+ENV,CBAB,1306.3,364.5,1086.6,459.25,1.259945,0.69,4.125,3.85,4.4,4,3,1,False,True,True,True,False,False,False,True,True,True,False
INFRA+ARCTIC+TRANS+ENV,CBAC,1300.7,360.75,1014.6,461.25,1.278586,0.69,4.125,3.85,4.4,4,3,1,False,True,True,True,False,False,False,True,True,True,False
INFRA+ARCTIC+TRANS+ENV,CBBA,1307.8,364.75,1111.8,465.75,1.276902,0.69,4.125,3.85,4.4,4,3,1,False,True,True,True,False,False,False,True,True,True,False
INFRA+ARCTIC+TRANS+ENV,CBBB,1293.8,361.0,1047.0,493.0,1.365651,0.69,4.125,3.85,4.4,4,3,0,False,True,True,True,False,True,False,True,True,True,False
INFRA+ARCTIC+TRANS+ENV,CBBC,1288.2,357.25,975.0,495.0,1.385584,0.69,4.125,3.85,4.4,4,3,0,False,True,True,True,False,True,True,False,True,True,False
INFRA+ARCTIC+TRANS+ENV,CBCA,1302.8,361.25,1067.8,473.75,1.311419,0.69,4.125,3.85,4.4,4,3,1,False,True,True,True,False,False,False,True,True,True,False
INFRA+ARCTIC+TRANS+ENV,CBCB,1288.8,357.5,1003.0,501.0,1.401399,0.69,4.125,3.85,4.4,4,3,0,False,True,True,True,False,True,True,True,True,True,False
INFRA+ARCTIC+TRANS+ENV,CBCC,1283.2,353.75,931.0,503.0,1.421908,0.69,4.125,3.85,4.4,4,3,0,False,True,True,True,False,True,True,False,True,True,False
INFRA+ARCTIC+TRANS+ENV,CCAA,1311.1,361.25,1057.4,436.0,1.20692,0.69,4.125,3.85,4.4,4,3,2,False,True,True,True,True,False,False,True,True,True,False
INFRA+ARCTIC+TRANS+ENV,CCAB,1297.1,357.5,992.6,463.25,1.295804,0.69,4.125,3.85,4.4,4,3,1,False,True,True,True,False,True,True,False,True,True,False
INFRA+ARCTIC+TRANS+ENV,CCAC,1291.5,353.75,920.6,465.25,1.315194,0.69,4.125,3.85,4.4,4,3,1,False,True,True,True,False,True,True,False,True,True,False
INFRA+ARCTIC+TRANS+ENV,CCBA,1298.6,357.75,1017.8,469.75,1.313068,0.69,4.125,3.85,4.4,4,3,1,False,True,True,True,False,True,True,True,True,True,False
INFRA+ARCTIC+TRANS+ENV,CCBB,1284.6,354.0,953.0,497.0,1.403955,0.69,4.125,3.85,4.4,4,3,0,False,True,True,True,False,True,True,False,True,True,False
INFRA+ARCTIC+TRANS+ENV,CCBC,1279.0,350.25,881.0,499.0,1.424697,0.69,4.125,3.85,4.4,4,3,0,False,True,True,True,False,True,True,False,True,True,False
INFRA+ARCTIC+TRANS+ENV,CCCA,1293.6,354.25,973.8,477.75,1.348624,0.69,4.125,3.85,4.4,4,3,1,False,True,True,True,False,True,True,False,True,True,False
INFRA+ARCTIC+TRANS+ENV,CCCB,1279.6,350.5,909.0,505.0,1.440799,0.69,4.125,3.85,4.4,4,3,0,False,True,True,True,False,True,True,False,True,True,False
INFRA+ARCTIC+TRANS+ENV,CCCC,1274.0,346.75,837.0,507.0,1.462149,0.69,4.125,3.85,4.4,4,3,0,False,True,True,True,False,True,True,False,True,True,False
INFRA+ARCTIC+TRANS+SSA,AAAA,1417.5,404.25,1330.0,358.75,0.887446,0.6675,3.925,3.575,4.45,3,4,4,False,True,True,True,True,False,False,True,True,True,False
INFRA+ARCTIC+TRANS+SSA,AAAB,1401.0,399.5,1268.8,390.75,0.978098,0.6675,3.925,3.575,4.45,3,4,3,False,True,True,True,True,False,False,True,True,True,False
INFRA+ARCTIC+TRANS+SSA,AAAC,1394.4,394.75,1200.8,393.0,0.995567,0.6675,3.925,3.575,4.45,3,4,3,False,True,True,True,True,False,False,True,True,True,False
INFRA+ARCTIC+TRANS+SSA,AABA,1405.0,400.75,1290.4,392.5,0.979414,0.6675,3.925,3.575,4.45,3,4,3,False,True,True,True,True,False,False,True,True,True,False
INFRA+ARCTIC+TRANS+SSA,AABB,1388.5,396.0,1229.2,424.5,1.07197,0.6675,3.925,3.575,4.45,3,4,2,False,True,True,True,True,False,False,True,True,True,False
INFRA+ARCTIC+TRANS+SSA,AABC,1381.9,391.25,1161.2,426.75,1.090735,0.6675,3.925,3.575,4.45,3,4,2,False,True,True,True,True,False,False,True,True,True,False
INFRA+ARCTIC+TRANS+SSA,AACA,1400.0,397.25,1246.4,400.5,1.008181,0.6675,3.925,3.575,4.45,3,4,3,False,True,True,True,True,False,False,True,True,True,False
INFRA+ARCTIC+TRANS+SSA,AACB,1383.5,392.5,1185.2,432.5,1.101911,0.6675,3.925,3.575,4.45,3,4,2,False,True,True,True,True,False,False,True,True,True,False
INFRA+ARCTIC+TRANS+SSA,AACC,1376.9,387.75,1117.2,434.75,1.121212,0.6675,3.925,3.575,4.45,3,4,2,False,True,True,True,True,False,False,True,True,True,False
INFRA+ARCTIC+TRANS+SSA,ABAA,1394.5,397.25,1245.4,402.5,1.013216,0.6675,3.925,3.575,4.45,3,4,3,False,True,True,True,True,False,False,True,True,True,False
INFRA+ARCTIC+TRANS+SSA,ABAB,1378.0,392.5,1184.2,434.5,1.107006,0.6675,3.925,3.575,4.45,3,4,2,False,True,True,True,True,False,False,True,True,True,False
INFRA+ARCTIC+TRANS+SSA,ABAC,1371.4,387.75,1116.2,436.75,1.12637,0.6675,3.925,3.575,4.45,3,4,2,False,True,True,True,True,False,False,True,True,True,False
INFRA+ARCTIC+TRANS+SSA,ABBA,1382.0,393.75,1205.8,436.25,1.107937,0.6675,3.925,3.575,4.45,3,4,2,False,True,True,True,True,False,False,True,True,True,False
INFRA+ARCTIC+TRANS+SSA,ABBB,1365.5,389.0,1144.6,468.25,1.203728,0.6675,3.925,3.575,4.45,3,4,1,False,True,True,True,False,False,False,True,True,True,False
INFRA+ARCTIC+TRANS+SSA,ABBC,1358.9,384.25,1076.6,470.5,1.224463,0.6675,3.925,3.575,4.45,3,4,1,False,True,True,True,False,False,False,True,True,True,False
INFRA+ARCTIC+TRANS+SSA,ABCA,1377.0,390.25,1161.8,444.25,1.138373,0.6675,3.925,3.575,4.45,3,4,2,False,True,True,True,True,False,False,True,True,True,False
INFRA+ARCTIC+TRANS+SSA,ABCB,1360.5,385.5,1100.6,476.25,1.235409,0.6675,3.925,3.575,4.45,3,4,1,False,True,True,True,False,False,False,True,True,True,False
INFRA+ARCTIC+TRANS+SSA,ABCC,1353.9,380.75,1032.6,478.5,1.25673,0.6675,3.925,3.575,4.45,3,4,1,False,True,True,True,False,False,False,True,True,True,False
INFRA+ARCTIC+TRANS+SSA,ACAA,1385.3,390.25,1151.4,406.5,1.04164,0.6675,3.925,3.575,4.45,3,4,3,False,True,True,True,True,False,False,True,True,True,False
INFRA+ARCTIC+TRANS+SSA,ACAB,1368.8,385.5,1090.2,438.5,1.137484,0.6675,3.925,3.575,4.45,3,4,2,False,True,True,True,True,False,False,True,True,True,False
INFRA+ARCTIC+TRANS+SSA,ACAC,1362.2,380.75,1022.2,440.75,1.157584,0.6675,3.925,3.575,4.45,3,4,2,False,True,True,True,True,False,False,True,True,True,False
INFRA+ARCTIC+TRANS+SSA,ACBA,1372.8,386.75,1111.8,440.25,1.138332,0.6675,3.925,3.575,4.45,3,4,2,False,True,True,True,True,False,False,True,True,True,False
INFRA+ARCTIC+TRANS+SSA,ACBB,1356.3,382.0,1050.6,472.25,1.236257,0.6675,3.925,3.575,4.45,3,4,1,False,True,True,True,False,False,False,True,True,True,False
INFRA+ARCTIC+TRANS+SSA,ACBC,1349.7,377.25,982.6,474.5,1.257787,0.6675,3.925,3.575,4.45,3,4,1,False,True,True,True,False,False,False,False,True,True,False
INFRA+ARCTIC+TRANS+SSA,ACCA,1367.8,383.25,1067.8,448.25,1.169602,0.6675,3.925,3.575,4.45,3,4,2,False,True,True,True,True,False,False,True,True,True,False
INFRA+ARCTIC+TRANS+SSA,ACCB,1351.3,378.5,1006.6,480.25,1.268824,0.6675,3.925,3.575,4.45,3,4,1,False,True,True,True,False,False,False,True,True,True,False
INFRA+ARCTIC+TRANS+SSA,ACCC,1344.7,373.75,938.6,482.5,1.29097,0.6675,3.925,3.575,4.45,3,4,1,False,True,True,True,False,False,False,False,True,True,False
INFRA+ARCTIC+TRANS+SSA,BAAA,1402.0,400.25,1276.0,395.0,0.986883,0.6675,3.925,3.575,4.45,3,4,3,False,True,True,True,True,False,False,True,True,True,False
INFRA+ARCTIC+TRANS+SSA,BAAB,1385.5,395.5,1214.8,427.0,1.079646,0.6675,3.925,3.575,4.45,3,4,2,False,True,True,True,True,False,False,True,True,True,False
INFRA+ARCTIC+TRANS+SSA,BAAC,1378.9,390.75,1146.8,429.25,1.098528,0.6675,3.925,3.575,4.45,3,4,2,False,True,True,True,True,False,False,True,True,True,False
INFRA+ARCTIC+TRANS+SSA,BABA,1389.5,396.75,1236.4,428.75,1.080655,0.6675,3.925,3.575,4.45,3,4,2,False,True,True,True,True,False,False,True,True,True,False
INFRA+ARCTIC+TRANS+SSA,BABB,1373.0,392.0,1175.2,460.75,1.175383,0.6675,3.925,3.575,4.45,3,4,1,False,True,True,True,False,False,False,True,True,True,False
INFRA+ARCTIC+TRANS+SSA,BABC,1366.4,387.25,1107.2,463.0,1.19561,0.6675,3.925,3.575,4.45,3,4,1,False,True,True,True,False,False,False,True,True,True,False
INFRA+ARCTIC+TRANS+SSA,BACA,1384.5,393.25,1192.4,436.75,1.110617,0.6675,3.925,3.575,4.45,3,4,2,False,True,True,True,True,False,False,True,True,True,False
INFRA+ARCTIC+TRANS+SSA,BACB,1368.0,388.5,1131.2,468.75,1.206564,0.6675,3.925,3.575,4.45,3,4,1,False,True,True,True,False,False,False,True,True,True,False
INFRA+ARCTIC+TRANS+SSA,BACC,1361.4,383.75,1063.2,471.0,1.227362,0.6675,3.925,3.575,4.45,3,4,1,False,True,True,True,False,False,False,True,True,True,False
INFRA+ARCTIC+TRANS+SSA,BBAA,1379.0,393.25,1191.4,438.75,1.115702,0.6675,3.925,3.575,4.45,3,4,2,False,True,True,True,True,False,False,True,True,True,False
INFRA+ARCTIC+TRANS+SSA,BBAB,1362.5,388.5,1130.2,470.75,1.211712,0.6675,3.925,3.575,4.45,3,4,1,False,True,True,True,False,False,False,True,True,True,False
INFRA+ARCTIC+TRANS+SSA,BBAC,1355.9,383.75,1062.2,473.0,1.232573,0.6675,3.925,3.575,4.45,3,4,1,False,True,True,True,False,False,False,True,True,True,False
INFRA+ARCTIC+TRANS+SSA,BBBA,1366.5,389.75,1151.8,472.5,1.212316,0.6675,3.925,3.575,4.45,3,4,1,False,True,True,True,False,False,False,True,True,True,False
INFRA+ARCTIC+TRANS+SSA,BBBB,1350.0,385.0,1090.6,504.5,1.31039,0.6675,3.925,3.575,4.45,3,4,0,False,True,True,True,False,False,False,True,True,True,False
INFRA+ARCTIC+TRANS+SSA,BBBC,1343.4,380.25,1022.6,506.75,1.332676,0.6675,3.925,3.575,4.45,3,4,0,False,True,True,True,False,False,False,True,True,True,False
INFRA+ARCTIC+TRANS+SSA,BBCA,1361.5,386.25,1107.8,480.5,1.244013,0.6675,3.925,3.575,4.45,3,4,1,False,True,True,True,False,False,False,True,True,True,False
INFRA+ARCTIC+TRANS+SSA,BBCB,1345.0,381.5,1046.6,512.5,1.343381,0.6675,3.925,3.575,4.45,3,4,0,False,True,True,True,False,False,False,True,True,True,False
INFRA+ARCTIC+TRANS+SSA,BBCC,1338.4,376.75,978.6,514.75,1.366291,0.6675,3.925,3.575,4.45,3,4,0,False,True,True,True,False,False,False,False,True,True,False
INFRA+ARCTIC+TRANS+SSA,BCAA,1369.8,386.25,1097.4,442.75,1.146278,0.6675,3.925,3.575,4.45,3,4,2,False,True,True,True,True,False,False,True,True,True,False
INFRA+ARCTIC+TRANS+SSA,BCAB,1353.3,381.5,1036.2,474.75,1.24443,0.6675,3.925,3.575,4.45,3,4,1,False,True,True,True,False,False,False,True,True,True,False
INFRA+ARCTIC+TRANS+SSA,BCAC,1346.7,376.75,968.2,477.0,1.266092,0.6675,3.925,3.575,4.45,3,4,1,False,True,True,True,False,False,False,False,True,True,False
INFRA+ARCTIC+TRANS+SSA,BCBA,1357.3,382.75,1057.8,476.5,1.244938,0.6675,3.925,3.575,4.45,3,4,1,False,True,True,True,False,False,False,True,True,True,False
INFRA+ARCTIC+TRANS+SSA,BCBB,1340.8,378.0,996.6,508.5,1.345238,0.6675,3.925,3.575,4.45,3,4,0,False,True,True,True,False,False,False,False,True,True,False
INFRA+ARCTIC+TRANS+SSA,BCBC,1334.2,373.25,928.6,510.75,1.368386,0.6675,3.925,3.575,4.45,3,4,0,False,True,True,True,False,False,False,False,True,True,False
INFRA+ARCTIC+TRANS+SSA,BCCA,1352.3,379.25,1013.8,484.5,1.277521,0.6675,3.925,3.575,4.45,3,4,1,False,True,True,True,False,False,False,True,True,True,False
INFRA+ARCTIC+TRANS+SSA,BCCB,1335.8,374.5,952.6,516.5,1.379172,0.6675,3.925,3.575,4.45,3,4,0,False,True,True,True,False,False,False,False,True,True,False
INFRA+ARCTIC+TRANS+SSA,BCCC,1329.2,369.75,884.6,518.75,1.402975,0.6675,3.925,3.575,4.45,3,4,0,False,True,True,True,False,False,False,False,True,True,False
INFRA+ARCTIC+TRANS+SSA,CAAA,1395.8,396.25,1216.0,402.0,1.014511,0.6675,3.925,3.575,4.45,3,4,3,False,True,True,True,True,False,False,True,True,True,False
INFRA+ARCTIC+TRANS+SSA,CAAB,1379.3,391.5,1154.8,434.0,1.108557,0.6675,3.925,3.575,4.45,3,4,2,False,True,True,True,True,False,False,True,True,True,False
INFRA+ARCTIC+TRANS+SSA,CAAC,1372.7,386.75,1086.8,436.25,1.12799,0.6675,3.925,3.575,4.45,3,4,2,False,True,True,True,True,False,False,True,True,True,False
INFRA+ARCTIC+TRANS+SSA,CABA,1383.3,392.75,1176.4,435.75,1.109484,0.6675,3.925,3.575,4.45,3,4,2,False,True,True,True,True,False,False,True,True,True,False
INFRA+ARCTIC+TRANS+SSA,CABB,1366.8,388.0,1115.2,467.75,1.205541,0.6675,3.925,3.575,4.45,3,4,1,False,True,True,True,False,False,False,True,True,True,False
INFRA+ARCTIC+TRANS+SSA,CABC,1360.2,383.25,1047.2,470.0,1.226354,0.6675,3.925,3.575,4.45,3,4,1,False,True,True,True,False,False,False,True,True,True,False
INFRA+ARCTIC+TRANS+SSA,CACA,1378.3,389.25,1132.4,443.75,1.140013,0.6675,3.925,3.575,4.45,3,4,2,False,True,True,True,True,False,False,True,True,True,False
INFRA+ARCTIC+TRANS+SSA,CACB,1361.8,384.5,1071.2,475.75,1.237321,0.6675,3.925,3.575,4.45,3,4,1,False,True,True,True,False,False,False,True,True,True,False
INFRA+ARCTIC+TRANS+SSA,CACC,1355.2,379.75,1003.2,478.0,1.258723,0.6675,3.925,3.575,4.45,3,4,1,False,True,True,True,False,False,False,True,True,True,False
INFRA+ARCTIC+TRANS+SSA,CBAA,1372.8,389.25,1131.4,445.75,1.145151,0.6675,3.925,3.575,4.45,3,4,2,False,True,True,True,True,False,False,True,True,True,False
INFRA+ARCTIC+TRANS+SSA,CBAB,1356.3,384.5,1070.2,477.75,1.242523,0.6675,3.925,3.575,4.45,3,4,1,False,True,True,True,False,False,False,True,True,True,False
INFRA+ARCTIC+TRANS+SSA,CBAC,1349.7,379.75,1002.2,480.0,1.263989,0.6675,3.925,3.575,4.45,3,4,1,False,True,True,True,False,False,False,True,True,True,False
INFRA+ARCTIC+TRANS+SSA,CBBA,1360.3,385.75,1091.8,479.5,1.243033,0.6675,3.925,3.575,4.45,3,4,1,False,True,True,True,False,False,False,True,True,True,False
INFRA+ARCTIC+TRANS+SSA,CBBB,1343.8,381.0,1030.6,511.5,1.34252,0.6675,3.925,3.575,4.45,3,4,0,False,True,True,True,False,False,False,True,True,True,False
INFRA+ARCTIC+TRANS+SSA,CBBC,1337.2,376.25,962.6,513.75,1.365449,0.6675,3.925,3.575,4.45,3,4,0,False,True,True,True,False,False,False,False,True,True,False
INFRA+ARCTIC+TRANS+SSA,CBCA,1355.3,382.25,1047.8,487.5,1.275343,0.6675,3.925,3.575,4.45,3,4,1,False,True,True,True,False,False,False,True,True,True,False
INFRA+ARCTIC+TRANS+SSA,CBCB,1338.8,377.5,986.6,519.5,1.376159,0.6675,3.925,3.575,4.45,3,4,0,False,True,True,True,False,False,False,False,True,True,False
INFRA+ARCTIC+TRANS+SSA,CBCC,1332.2,372.75,918.6,521.75,1.399732,0.6675,3.925,3.575,4.45,3,4,0,False,True,True,True,False,False,False,False,True,True,False
INFRA+ARCTIC+TRANS+SSA,CCAA,1363.6,382.25,1037.4,449.75,1.176586,0.6675,3.925,3.575,4.45,3,4,2,False,True,True,True,True,False,False,True,True,True,False
INFRA+ARCTIC+TRANS+SSA,CCAB,1347.1,377.5,976.2,481.75,1.276159,0.6675,3.925,3.575,4.45,3,4,1,False,True,True,True,False,False,False,False,True,True,False
INFRA+ARCTIC+TRANS+SSA,CCAC,1340.5,372.75,908.2,484.0,1.298457,0.6675,3.925,3.575,4.45,3,4,1,False,True,True,True,False,False,False,False,True,True,False
INFRA+ARCTIC+TRANS+SSA,CCBA,1351.1,378.75,997.8,483.5,1.276568,0.6675,3.925,3.575,4.45,3,4,1,False,True,True,True,False,False,False,False,True,True,False
INFRA+ARCTIC+TRANS+SSA,CCBB,1334.6,374.0,936.6,515.5,1.378342,0.6675,3.925,3.575,4.45,3,4,0,False,True,True,True,False,False,False,False,True,True,False
INFRA+ARCTIC+TRANS+SSA,CCBC,1328.0,369.25,868.6,517.75,1.402167,0.6675,3.925,3.575,4.45,3,4,0,False,True,True,True,False,False,False,False,True,True,False
INFRA+ARCTIC+TRANS+SSA,CCCA,1346.1,375.25,953.8,491.5,1.309793,0.6675,3.925,3.575,4.45,3,4,1,False,True,True,True,False,False,False,False,True,True,False
INFRA+ARCTIC+TRANS+SSA,CCCB,1329.6,370.5,892.6,523.5,1.412955,0.6675,3.925,3.575,4.45,3,4,0,False,True,True,True,False,False,False,False,True,True,False
INFRA+ARCTIC+TRANS+SSA,CCCC,1323.0,365.75,824.6,525.75,1.437457,0.6675,3.925,3.575,4.45,3,4,0,False,True,True,True,False,False,False,False,True,True,False
INFRA+ARCTIC+ENV+SSA,AAAA,1449.0,409.5,1470.0,366.25,0.894383,0.6575,3.825,3.525,4.45,3,4,4,False,True,True,True,True,False,False,True,True,True,False
INFRA+ARCTIC+ENV+SSA,AAAB,1432.5,404.75,1408.8,398.25,0.983941,0.6575,3.825,3.525,4.45,3,4,3,False,True,True,True,True,False,False,True,True,True,False
INFRA+ARCTIC+ENV+SSA,AAAC,1425.9,400.0,1340.8,400.5,1.00125,0.6575,3.825,3.525,4.45,3,4,3,False,True,True,True,True,False,False,True,True,True,False
INFRA+ARCTIC+ENV+SSA,AABA,1435.0,405.75,1405.2,393.5,0.969809,0.6575,3.825,3.525,4.45,3,4,3,False,True,True,True,True,False,False,True,True,True,False
INFRA+ARCTIC+ENV+SSA,AABB,1418.5,401.0,1344.0,425.5,1.061097,0.6575,3.825,3.525,4.45,3,4,2,False,True,True,True,True,False,False,True,True,True,False
INFRA+ARCTIC+ENV+SSA,AABC,1411.9,396.25,1276.0,427.75,1.079495,0.6575,3.825,3.525,4.45,3,4,2,False,True,True,True,True,False,False,True,True,True,False
INFRA+ARCTIC+ENV+SSA,AACA,1429.4,402.0,1333.2,395.5,0.983831,0.6575,3.825,3.525,4.45,3,4,3,False,True,True,True,True,False,False,True,True,True,False
INFRA+ARCTIC+ENV+SSA,AACB,1412.9,397.25,1272.0,427.5,1.076149,0.6575,3.825,3.525,4.45,3,4,2,False,True,True,True,True,False,False,True,True,True,False
INFRA+ARCTIC+ENV+SSA,AACC,1406.3,392.5,1204.0,429.75,1.094904,0.6575,3.825,3.525,4.45,3,4,2,False,True,True,True,True,False,False,True,True,True,False
INFRA+ARCTIC+ENV+SSA,ABAA,1426.0,402.5,1385.4,410.0,1.018634,0.6575,3.825,3.525,4.45,3,4,3,False,True,True,True,True,False,False,True,True,True,False
INFRA+ARCTIC+ENV+SSA,ABAB,1409.5,397.75,1324.2,442.0,1.111251,0.6575,3.825,3.525,4.45,3,4,2,False,True,True,True,True,False,False,True,True,True,False
INFRA+ARCTIC+ENV+SSA,ABAC,1402.9,393.0,1256.2,444.25,1.130407,0.6575,3.825,3.525,4.45,3,4,2,False,True,True,True,True,False,False,True,True,True,False
INFRA+ARCTIC+ENV+SSA,ABBA,1412.0,398.75,1320.6,437.25,1.096552,0.6575,3.825,3.525,4.45,3,4,2,False,True,True,True,True,False,False,True,True,True,False
INFRA+ARCTIC+ENV+SSA,ABBB,1395.5,394.0,1259.4,469.25,1.19099,0.6575,3.825,3.525,4.45,3,4,1,False,True,True,True,False,False,False,True,True,True,False
INFRA+ARCTIC+ENV+SSA,ABBC,1388.9,389.25,1191.4,471.5,1.211304,0.6575,3.825,3.525,4.45,3,4,1,False,True,True,True,False,False,False,True,True,True,False
INFRA+ARCTIC+ENV+SSA,ABCA,1406.4,395.0,1248.6,439.25,1.112025,0.6575,3.825,3.525,4.45,3,4,2,False,True,True,True,True,False,False,True,True,True,False
INFRA+ARCTIC+ENV+SSA,ABCB,1389.9,390.25,1187.4,471.25,1.207559,0.6575,3.825,3.525,4.45,3,4,1,False,True,True,True,False,False,False,True,True,True,False
INFRA+ARCTIC+ENV+SSA,ABCC,1383.3,385.5,1119.4,473.5,1.228275,0.6575,3.825,3.525,4.45,3,4,1,False,True,True,True,False,False,False,True,True,True,False
INFRA+ARCTIC+ENV+SSA,ACAA,1416.8,395.5,1291.4,414.0,1.046776,0.6575,3.825,3.525,4.45,3,4,3,False,True,True,True,True,False,False,True,True,True,False
INFRA+ARCTIC+ENV+SSA,ACAB,1400.3,390.75,1230.2,446.0,1.141395,0.6575,3.825,3.525,4.45,3,4,2,False,True,True,True,True,False,False,True,True,True,False
INFRA+ARCTIC+ENV+SSA,ACAC,1393.7,386.0,1162.2,448.25,1.161269,0.6575,3.825,3.525,4.45,3,4,2,False,True,True,True,True,False,False,True,True,True,False
INFRA+ARCTIC+ENV+SSA,ACBA,1402.8,391.75,1226.6,441.25,1.126356,0.6575,3.825,3.525,4.45,3,4,2,False,True,True,True,True,False,False,True,True,True,False
INFRA+ARCTIC+ENV+SSA,ACBB,1386.3,387.0,1165.4,473.25,1.222868,0.6575,3.825,3.525,4.45,3,4,1,False,True,True,True,False,False,False,True,True,True,False
INFRA+ARCTIC+ENV+SSA,ACBC,1379.7,382.25,1097.4,475.5,1.24395,0.6575,3.825,3.525,4.45,3,4,1,False,True,True,True,False,False,False,True,True,True,False
INFRA+ARCTIC+ENV+SSA,ACCA,1397.2,388.0,1154.6,443.25,1.142397,0.6575,3.825,3.525,4.45,3,4,2,False,True,True,True,True,False,False,True,True,True,False
INFRA+ARCTIC+ENV+SSA,ACCB,1380.7,383.25,1093.4,475.25,1.240052,0.6575,3.825,3.525,4.45,3,4,1,False,True,True,True,False,False,False,True,True,True,False
INFRA+ARCTIC+ENV+SSA,ACCC,1374.1,378.5,1025.4,477.5,1.261559,0.6575,3.825,3.525,4.45,3,4,1,False,True,True,True,False,False,False,True,True,True,False
INFRA+ARCTIC+ENV+SSA,BAAA,1433.5,405.5,1416.0,402.5,0.992602,0.6575,3.825,3.525,4.45,3,4,3,False,True,True,True,True,False,False,True,True,True,False
INFRA+ARCTIC+ENV+SSA,BAAB,1417.0,400.75,1354.8,434.5,1.084217,0.6575,3.825,3.525,4.45,3,4,2,False,True,True,True,True,False,False,True,True,True,False
INFRA+ARCTIC+ENV+SSA,BAAC,1410.4,396.0,1286.8,436.75,1.102904,0.6575,3.825,3.525,4.45,3,4,2,False,True,True,True,True,False,False,True,True,True,False
INFRA+ARCTIC+ENV+SSA,BABA,1419.5,401.75,1351.2,429.75,1.069695,0.6575,3.825,3.525,4.45,3,4,2,False,True,True,True,True,False,False,True,True,True,False
INFRA+ARCTIC+ENV+SSA,BABB,1403.0,397.0,1290.0,461.75,1.163098,0.6575,3.825,3.525,4.45,3,4,1,False,True,True,True,False,False,False,True,True,True,False
INFRA+ARCTIC+ENV+SSA,BABC,1396.4,392.25,1222.0,464.0,1.182919,0.6575,3.825,3.525,4.45,3,4,1,False,True,True,True,False,False,False,True,True,True,False
INFRA+ARCTIC+ENV+SSA,BACA,1413.9,398.0,1279.2,431.75,1.084799,0.6575,3.825,3.525,4.45,3,4,2,False,True,True,True,True,False,False,True,True,True,False
INFRA+ARCTIC+ENV+SSA,BACB,1397.4,393.25,1218.0,463.75,1.179275,0.6575,3.825,3.525,4.45,3,4,1,False,True,True,True,False,False,False,True,True,True,False
INFRA+ARCTIC+ENV+SSA,BACC,1390.8,388.5,1150.0,466.0,1.199485,0.6575,3.825,3.525,4.45,3,4,1,False,True,True,True,False,False,False,True,True,True,False
INFRA+ARCTIC+ENV+SSA,BBAA,1410.5,398.5,1331.4,446.25,1.119824,0.6575,3.825,3.525,4.45,3,4,2,False,True,True,True,True,False,False,True,True,True,False
INFRA+ARCTIC+ENV+SSA,BBAB,1394.0,393.75,1270.2,478.25,1.214603,0.6575,3.825,3.525,4.45,3,4,1,False,True,True,True,False,False,False,True,True,True,False
INFRA+ARCTIC+ENV+SSA,BBAC,1387.4,389.0,1202.2,480.5,1.235219,0.6575,3.825,3.525,4.45,3,4,1,False,True,True,True,False,False,False,True,True,True,False
INFRA+ARCTIC+ENV+SSA,BBBA,1396.5,394.75,1266.6,473.5,1.199493,0.6575,3.825,3.525,4.45,3,4,1,False,True,True,True,False,False,False,True,True,True,False
INFRA+ARCTIC+ENV+SSA,BBBB,1380.0,390.0,1205.4,505.5,1.296154,0.6575,3.825,3.525,4.45,3,4,0,False,True,True,True,False,False,False,True,True,True,False
INFRA+ARCTIC+ENV+SSA,BBBC,1373.4,385.25,1137.4,507.75,1.317975,0.6575,3.825,3.525,4.45,3,4,0,False,True,True,True,False,False,False,True,True,True,False
INFRA+ARCTIC+ENV+SSA,BBCA,1390.9,391.0,1194.6,475.5,1.216113,0.6575,3.825,3.525,4.45,3,4,1,False,True,True,True,False,False,False,True,True,True,False
INFRA+ARCTIC+ENV+SSA,BBCB,1374.4,386.25,1133.4,507.5,1.313916,0.6575,3.825,3.525,4.45,3,4,0,False,True,True,True,False,False,False,True,True,True,False
INFRA+ARCTIC+ENV+SSA,BBCC,1367.8,381.5,1065.4,509.75,1.336173,0.6575,3.825,3.525,4.45,3,4,0,False,True,True,True,False,False,False,True,True,True,False
INFRA+ARCTIC+ENV+SSA,BCAA,1401.3,391.5,1237.4,450.25,1.150064,0.6575,3.825,3.525,4.45,3,4,2,False,True,True,True,True,False,False,True,True,True,False
INFRA+ARCTIC+ENV+SSA,BCAB,1384.8,386.75,1176.2,482.25,1.24693,0.6575,3.825,3.525,4.45,3,4,1,False,True,True,True,False,False,False,True,True,True,False
INFRA+ARCTIC+ENV+SSA,BCAC,1378.2,382.0,1108.2,484.5,1.268325,0.6575,3.825,3.525,4.45,3,4,1,False,True,True,True,False,False,False,True,True,True,False
INFRA+ARCTIC+ENV+SSA,BCBA,1387.3,387.75,1172.6,477.5,1.231464,0.6575,3.825,3.525,4.45,3,4,1,False,True,True,True,False,False,False,True,True,True,False
INFRA+ARCTIC+ENV+SSA,BCBB,1370.8,383.0,1111.4,509.5,1.330287,0.6575,3.825,3.525,4.45,3,4,0,False,True,True,True,False,False,False,True,True,True,False
INFRA+ARCTIC+ENV+SSA,BCBC,1364.2,378.25,1043.4,511.75,1.352941,0.6575,3.825,3.525,4.45,3,4,0,False,True,True,True,False,False,False,True,True,True,False
INFRA+ARCTIC+ENV+SSA,BCCA,1381.7,384.0,1100.6,479.5,1.248698,0.6575,3.825,3.525,4.45,3,4,1,False,True,True,True,False,False,False,True,True,True,False
INFRA+ARCTIC+ENV+SSA,BCCB,1365.2,379.25,1039.4,511.5,1.348715,0.6575,3.825,3.525,4.45,3,4,0,False,True,True,True,False,False,False,True,True,True,False
INFRA+ARCTIC+ENV+SSA,BCCC,1358.6,374.5,971.4,513.75,1.371829,0.6575,3.825,3.525,4.45,3,4,0,False,True,True,True,False,False,False,False,True,True,False
INFRA+ARCTIC+ENV+SSA,CAAA,1427.3,401.5,1356.0,409.5,1.019925,0.6575,3.825,3.525,4.45,3,4,3,False,True,True,True,True,False,False,True,True,True,False
INFRA+ARCTIC+ENV+SSA,CAAB,1410.8,396.75,1294.8,441.5,1.112791,0.6575,3.825,3.525,4.45,3,4,2,False,True,True,True,True,False,False,True,True,True,False
INFRA+ARCTIC+ENV+SSA,CAAC,1404.2,392.0,1226.8,443.75,1.132015,0.6575,3.825,3.525,4.45,3,4,2,False,True,True,True,True,False,False,True,True,True,False
INFRA+ARCTIC+ENV+SSA,CABA,1413.3,397.75,1291.2,436.75,1.098052,0.6575,3.825,3.525,4.45,3,4,2,False,True,True,True,True,False,False,True,True,True,False
INFRA+ARCTIC+ENV+SSA,CABB,1396.8,393.0,1230.0,468.75,1.192748,0.6575,3.825,3.525,4.45,3,4,1,False,True,True,True,False,False,False,True,True,True,False
INFRA+ARCTIC+ENV+SSA,CABC,1390.2,388.25,1162.0,471.0,1.213136,0.6575,3.825,3.525,4.45,3,4,1,False,True,True,True,False,False,False,True,True,True,False
INFRA+ARCTIC+ENV+SSA,CACA,1407.7,394.0,1219.2,438.75,1.113579,0.6575,3.825,3.525,4.45,3,4,2,False,True,True,True,True,False,False,True,True,True,False
INFRA+ARCTIC+ENV+SSA,CACB,1391.2,389.25,1158.0,470.75,1.209377,0.6575,3.825,3.525,4.45,3,4,1,False,True,True,True,False,False,False,True,True,True,False
INFRA+ARCTIC+ENV+SSA,CACC,1384.6,384.5,1090.0,473.0,1.230169,0.6575,3.825,3.525,4.45,3,4,1,False,True,True,True,False,False,False,True,True,True,False
INFRA+ARCTIC+ENV+SSA,CBAA,1404.3,394.5,1271.4,453.25,1.148923,0.6575,3.825,3.525,4.45,3,4,2,False,True,True,True,True,False,False,True,True,True,False
INFRA+ARCTIC+ENV+SSA,CBAB,1387.8,389.75,1210.2,485.25,1.245029,0.6575,3.825,3.525,4.45,3,4,1,False,True,True,True,False,False,False,True,True,True,False
INFRA+ARCTIC+ENV+SSA,CBAC,1381.2,385.0,1142.2,487.5,1.266234,0.6575,3.825,3.525,4.45,3,4,1,False,True,True,True,False,False,False,True,True,True,False
INFRA+ARCTIC+ENV+SSA,CBBA,1390.3,390.75,1206.6,480.5,1.229687,0.6575,3.825,3.525,4.45,3,4,1,False,True,True,True,False,False,False,True,True,True,False
INFRA+ARCTIC+ENV+SSA,CBBB,1373.8,386.0,1145.4,512.5,1.32772,0.6575,3.825,3.525,4.45,3,4,0,False,True,True,True,False,False,False,True,True,True,False
INFRA+ARCTIC+ENV+SSA,CBBC,1367.2,381.25,1077.4,514.75,1.350164,0.6575,3.825,3.525,4.45,3,4,0,False,True,True,True,False,False,False,True,True,True,False
INFRA+ARCTIC+ENV+SSA,CBCA,1384.7,387.0,1134.6,482.5,1.24677,0.6575,3.825,3.525,4.45,3,4,1,False,True,True,True,False,False,False,True,True,True,False
INFRA+ARCTIC+ENV+SSA,CBCB,1368.2,382.25,1073.4,514.5,1.345978,0.6575,3.825,3.525,4.45,3,4,0,False,True,True,True,False,False,False,True,True,True,False
INFRA+ARCTIC+ENV+SSA,CBCC,1361.6,377.5,1005.4,516.75,1.368874,0.6575,3.825,3.525,4.45,3,4,0,False,True,True,True,False,False,False,True,True,True,False
INFRA+ARCTIC+ENV+SSA,CCAA,1395.1,387.5,1177.4,457.25,1.18,0.6575,3.825,3.525,4.45,3,4,2,False,True,True,True,True,False,False,True,True,True,False
INFRA+ARCTIC+ENV+SSA,CCAB,1378.6,382.75,1116.2,489.25,1.27825,0.6575,3.825,3.525,4.45,3,4,1,False,True,True,True,False,False,False,True,True,True,False
INFRA+ARCTIC+ENV+SSA,CCAC,1372.0,378.0,1048.2,491.5,1.300265,0.6575,3.825,3.525,4.45,3,4,1,False,True,True,True,False,False,False,True,True,True,False
INFRA+ARCTIC+ENV+SSA,CCBA,1381.1,383.75,1112.6,484.5,1.262541,0.6575,3.825,3.525,4.45,3,4,1,False,True,True,True,False,False,False,True,True,True,False
INFRA+ARCTIC+ENV+SSA,CCBB,1364.6,379.0,1051.4,516.5,1.362797,0.6575,3.825,3.525,4.45,3,4,0,False,True,True,True,False,False,False,True,True,True,False
INFRA+ARCTIC+ENV+SSA,CCBC,1358.0,374.25,983.4,518.75,1.386106,0.6575,3.825,3.525,4.45,3,4,0,False,True,True,True,False,False,False,False,True,True,False
INFRA+ARCTIC+ENV+SSA,CCCA,1375.5,380.0,1040.6,486.5,1.280263,0.6575,3.825,3.525,4.45,3,4,1,False,True,True,True,False,False,False,True,True,True,False
INFRA+ARCTIC+ENV+SSA,CCCB,1359.0,375.25,979.4,518.5,1.381746,0.6575,3.825,3.525,4.45,3,4,0,False,True,True,True,False,False,False,False,True,True,False
INFRA+ARCTIC+ENV+SSA,CCCC,1352.4,370.5,911.4,520.75,1.405533,0.6575,3.825,3.525,4.45,3,4,0,False,True,True,True,False,False,False,False,True,True,False
INFRA+TRANS+ENV+SSA,AAAA,1228.5,336.0,1220.0,316.25,0.94122,0.7125,4.225,3.925,4.725,3,3,4,True,True,True,True,True,True,True,True,True,True,False
INFRA+TRANS+ENV+SSA,AAAB,1212.0,331.25,1158.8,348.25,1.051321,0.7125,4.225,3.925,4.725,3,3,3,True,True,True,True,True,True,True,True,True,True,False
INFRA+TRANS+ENV+SSA,AAAC,1205.4,326.5,1090.8,350.5,1.073507,0.7125,4.225,3.925,4.725,3,3,3,True,True,True,True,True,True,True,True,True,True,False
INFRA+TRANS+ENV+SSA,AABA,1214.5,332.25,1155.2,343.5,1.03386,0.7125,4.225,3.925,4.725,3,3,3,True,True,True,True,True,True,True,True,True,True,False
INFRA+TRANS+ENV+SSA,AABB,1198.0,327.5,1094.0,375.5,1.146565,0.7125,4.225,3.925,4.725,3,3,2,True,True,True,True,True,True,True,True,True,True,False
INFRA+TRANS+ENV+SSA,AABC,1191.4,322.75,1026.0,377.75,1.170411,0.7125,4.225,3.925,4.725,3,3,2,True,True,True,True,True,True,True,True,True,True,False
INFRA+TRANS+ENV+SSA,AACA,1208.9,328.5,1083.2,345.5,1.05175,0.7125,4.225,3.925,4.725,3,3,3,True,True,True,True,True,True,True,True,True,True,False
INFRA+TRANS+ENV+SSA,AACB,1192.4,323.75,1022.0,377.5,1.166023,0.7125,4.225,3.925,4.725,3,3,2,True,True,True,True,True,True,True,True,True,True,False
INFRA+TRANS+ENV+SSA,AACC,1185.8,319.0,954.0,379.75,1.190439,0.7125,4.225,3.925,4.725,3,3,2,False,True,True,True,True,True,True,False,True,True,False
INFRA+TRANS+ENV+SSA,ABAA,1216.0,332.5,1180.4,350.0,1.052632,0.7125,4.225,3.925,4.725,3,3,3,True,True,True,True,True,True,True,True,True,True,False
INFRA+TRANS+ENV+SSA,ABAB,1199.5,327.75,1119.2,382.0,1.165523,0.7125,4.225,3.925,4.725,3,3,2,True,True,True,True,True,True,True,True,True,True,False
INFRA+TRANS+ENV+SSA,ABAC,1192.9,323.0,1051.2,384.25,1.189628,0.7125,4.225,3.925,4.725,3,3,2,True,True,True,True,True,True,True,True,True,True,False
INFRA+TRANS+ENV+SSA,ABBA,1202.0,328.75,1115.6,377.25,1.147529,0.7125,4.225,3.925,4.725,3,3,2,True,True,True,True,True,True,True,True,True,True,False
INFRA+TRANS+ENV+SSA,ABBB,1185.5,324.0,1054.4,409.25,1.263117,0.7125,4.225,3.925,4.725,3,3,1,False,True,True,True,False,True,True,True,True,True,False
INFRA+TRANS+ENV+SSA,ABBC,1178.9,319.25,986.4,411.5,1.288958,0.7125,4.225,3.925,4.725,3,3,1,False,True,True,True,False,True,True,False,True,True,False
INFRA+TRANS+ENV+SSA,ABCA,1196.4,325.0,1043.6,379.25,1.166923,0.7125,4.225,3.925,4.725,3,3,2,True,True,True,True,True,True,True,True,True,True,False
INFRA+TRANS+ENV+SSA,ABCB,1179.9,320.25,982.4,411.25,1.284153,0.7125,4.225,3.925,4.725,3,3,1,False,True,True,True,False,True,True,False,True,True,False
INFRA+TRANS+ENV+SSA,ABCC,1173.3,315.5,914.4,413.5,1.310618,0.7125,4.225,3.925,4.725,3,3,1,False,True,True,True,False,True,True,False,True,True,False
INFRA+TRANS+ENV+SSA,ACAA,1211.0,329.0,1136.4,358.0,1.088146,0.7125,4.225,3.925,4.725,3,3,3,True,True,True,True,True,True,True,True,True,True,False
INFRA+TRANS+ENV+SSA,ACAB,1194.5,324.25,1075.2,390.0,1.202776,0.7125,4.225,3.925,4.725,3,3,2,True,True,True,True,True,True,True,True,True,True,False
INFRA+TRANS+ENV+SSA,ACAC,1187.9,319.5,1007.2,392.25,1.2277,0.7125,4.225,3.925,4.725,3,3,2,True,True,True,True,True,True,True,True,True,True,False
INFRA+TRANS+ENV+SSA,ACBA,1197.0,325.25,1071.6,385.25,1.184473,0.7125,4.225,3.925,4.725,3,3,2,True,True,True,True,True,True,True,True,True,True,False
INFRA+TRANS+ENV+SSA,ACBB,1180.5,320.5,1010.4,417.25,1.301872,0.7125,4.225,3.925,4.725,3,3,1,False,True,True,True,False,True,True,True,True,True,False
INFRA+TRANS+ENV+SSA,ACBC,1173.9,315.75,942.4,419.5,1.328583,0.7125,4.225,3.925,4.725,3,3,1,False,True,True,True,False,True,True,False,True,True,False
INFRA+TRANS+ENV+SSA,ACCA,1191.4,321.5,999.6,387.25,1.20451,0.7125,4.225,3.925,4.725,3,3,2,False,True,True,True,True,True,True,False,True,True,False
INFRA+TRANS+ENV+SSA,ACCB,1174.9,316.75,938.4,419.25,1.323599,0.7125,4.225,3.925,4.725,3,3,1,False,True,True,True,False,True,True,False,True,True,False
INFRA+TRANS+ENV+SSA,ACCC,1168.3,312.0,870.4,421.5,1.350962,0.7125,4.225,3.925,4.725,3,3,1,False,True,True,True,False,True,True,False,True,True,False
INFRA+TRANS+ENV+SSA,BAAA,1213.0,332.0,1166.0,352.5,1.061747,0.7125,4.225,3.925,4.725,3,3,3,True,True,True,True,True,True,True,True,True,True,False
INFRA+TRANS+ENV+SSA,BAAB,1196.5,327.25,1104.8,384.5,1.174943,0.7125,4.225,3.925,4.725,3,3,2,True,True,True,True,True,True,True,True,True,True,False
INFRA+TRANS+ENV+SSA,BAAC,1189.9,322.5,1036.8,386.75,1.199225,0.7125,4.225,3.925,4.725,3,3,2,True,True,True,True,True,True,True,True,True,True,False
INFRA+TRANS+ENV+SSA,BABA,1199.0,328.25,1101.2,379.75,1.156893,0.7125,4.225,3.925,4.725,3,3,2,True,True,True,True,True,True,True,True,True,True,False
INFRA+TRANS+ENV+SSA,BABB,1182.5,323.5,1040.0,411.75,1.272798,0.7125,4.225,3.925,4.725,3,3,1,False,True,True,True,False,True,True,True,True,True,False
INFRA+TRANS+ENV+SSA,BABC,1175.9,318.75,972.0,414.0,1.298824,0.7125,4.225,3.925,4.725,3,3,1,False,True,True,True,False,True,True,False,True,True,False
INFRA+TRANS+ENV+SSA,BACA,1193.4,324.5,1029.2,381.75,1.176425,0.7125,4.225,3.925,4.725,3,3,2,True,True,True,True,True,True,True,True,True,True,False
INFRA+TRANS+ENV+SSA,BACB,1176.9,319.75,968.0,413.75,1.29398,0.7125,4.225,3.925,4.725,3,3,1,False,True,True,True,False,True,True,False,True,True,False
INFRA+TRANS+ENV+SSA,BACC,1170.3,315.0,900.0,416.0,1.320635,0.7125,4.225,3.925,4.725,3,3,1,False,True,True,True,False,True,True,False,True,True,False
INFRA+TRANS+ENV+SSA,BBAA,1200.5,328.5,1126.4,386.25,1.175799,0.7125,4.225,3.925,4.725,3,3,2,True,True,True,True,True,True,True,True,True,True,False
INFRA+TRANS+ENV+SSA,BBAB,1184.0,323.75,1065.2,418.25,1.291892,0.7125,4.225,3.925,4.725,3,3,1,False,True,True,True,False,True,True,True,True,True,False
INFRA+TRANS+ENV+SSA,BBAC,1177.4,319.0,997.2,420.5,1.318182,0.7125,4.225,3.925,4.725,3,3,1,False,True,True,True,False,True,True,False,True,True,False
INFRA+TRANS+ENV+SSA,BBBA,1186.5,324.75,1061.6,413.5,1.273287,0.7125,4.225,3.925,4.725,3,3,1,False,True,True,True,False,True,True,True,True,True,False
INFRA+TRANS+ENV+SSA,BBBB,1170.0,320.0,1000.4,445.5,1.392187,0.7125,4.225,3.925,4.725,3,3,0,False,True,True,True,False,True,True,True,True,True,False
INFRA+TRANS+ENV+SSA,BBBC,1163.4,315.25,932.4,447.75,1.420301,0.7125,4.225,3.925,4.725,3,3,0,False,True,True,True,False,True,True,False,True,True,False
INFRA+TRANS+ENV+SSA,BBCA,1180.9,321.0,989.6,415.5,1.294393,0.7125,4.225,3.925,4.725,3,3,1,False,True,True,True,False,True,True,False,True,True,False
INFRA+TRANS+ENV+SSA,BBCB,1164.4,316.25,928.4,447.5,1.41502,0.7125,4.225,3.925,4.725,3,3,0,False,True,True,True,False,True,True,False,True,True,False
INFRA+TRANS+ENV+SSA,BBCC,1157.8,311.5,860.4,449.75,1.44382,0.7125,4.225,3.925,4.725,3,3,0,False,True,True,True,False,True,True,False,True,True,False
INFRA+TRANS+ENV+SSA,BCAA,1195.5,325.0,1082.4,394.25,1.213077,0.7125,4.225,3.925,4.725,3,3,2,True,True,True,True,True,True,True,True,True,True,False
INFRA+TRANS+ENV+SSA,BCAB,1179.0,320.25,1021.2,426.25,1.330991,0.7125,4.225,3.925,4.725,3,3,1,False,True,True,True,False,True,True,True,True,True,False
INFRA+TRANS+ENV+SSA,BCAC,1172.4,315.5,953.2,428.5,1.358162,0.7125,4.225,3.925,4.725,3,3,1,False,True,True,True,False,True,True,False,True,True,False
INFRA+TRANS+ENV+SSA,BCBA,1181.5,321.25,1017.6,421.5,1.312062,0.7125,4.225,3.925,4.725,3,3,1,False,True,True,True,False,True,True,True,True,True,False
INFRA+TRANS+ENV+SSA,BCBB,1165.0,316.5,956.4,453.5,1.432859,0.7125,4.225,3.925,4.725,3,3,0,False,True,True,True,False,True,True,False,True,True,False
INFRA+TRANS+ENV+SSA,BCBC,1158.4,311.75,888.4,455.75,1.461909,0.7125,4.225,3.925,4.725,3,3,0,False,True,True,True,False,True,True,False,True,True,False
INFRA+TRANS+ENV+SSA,BCCA,1175.9,317.5,945.6,423.5,1.333858,0.7125,4.225,3.925,4.725,3,3,1,False,True,True,True,False,True,True,False,True,True,False
INFRA+TRANS+ENV+SSA,BCCB,1159.4,312.75,884.4,455.5,1.456435,0.7125,4.225,3.925,4.725,3,3,0,False,True,True,True,False,True,True,False,True,True,False
INFRA+TRANS+ENV+SSA,BCCC,1152.8,308.0,816.4,457.75,1.486201,0.7125,4.225,3.925,4.725,3,3,0,False,True,True,True,False,True,True,False,True,True,False
INFRA+TRANS+ENV+SSA,CAAA,1206.8,328.0,1106.0,359.5,1.096037,0.7125,4.225,3.925,4.725,3,3,3,True,True,True,True,True,True,True,True,True,True,False
INFRA+TRANS+ENV+SSA,CAAB,1190.3,323.25,1044.8,391.5,1.211137,0.7125,4.225,3.925,4.725,3,3,2,True,True,True,True,True,True,True,True,True,True,False
INFRA+TRANS+ENV+SSA,CAAC,1183.7,318.5,976.8,393.75,1.236264,0.7125,4.225,3.925,4.725,3,3,2,False,True,True,True,True,True,True,False,True,True,False
INFRA+TRANS+ENV+SSA,CABA,1192.8,324.25,1041.2,386.75,1.192753,0.7125,4.225,3.925,4.725,3,3,2,True,True,True,True,True,True,True,True,True,True,False
INFRA+TRANS+ENV+SSA,CABB,1176.3,319.5,980.0,418.75,1.310642,0.7125,4.225,3.925,4.725,3,3,1,False,True,True,True,False,True,True,False,True,True,False
INFRA+TRANS+ENV+SSA,CABC,1169.7,314.75,912.0,421.0,1.337569,0.7125,4.225,3.925,4.725,3,3,1,False,True,True,True,False,True,True,False,True,True,False
INFRA+TRANS+ENV+SSA,CACA,1187.2,320.5,969.2,388.75,1.212949,0.7125,4.225,3.925,4.725,3,3,2,False,True,True,True,True,True,True,False,True,True,False
INFRA+TRANS+ENV+SSA,CACB,1170.7,315.75,908.0,420.75,1.332542,0.7125,4.225,3.925,4.725,3,3,1,False,True,True,True,False,True,True,False,True,True,False
INFRA+TRANS+ENV+SSA,CACC,1164.1,311.0,840.0,423.0,1.360129,0.7125,4.225,3.925,4.725,3,3,1,False,True,True,True,False,True,True,False,True,True,False
INFRA+TRANS+ENV+SSA,CBAA,1194.3,324.5,1066.4,393.25,1.211864,0.7125,4.225,3.925,4.725,3,3,2,True,True,True,True,True,True,True,True,True,True,False
INFRA+TRANS+ENV+SSA,CBAB,1177.8,319.75,1005.2,425.25,1.329945,0.7125,4.225,3.925,4.725,3,3,1,False,True,True,True,False,True,True,True,True,True,False
INFRA+TRANS+ENV+SSA,CBAC,1171.2,315.0,937.2,427.5,1.357143,0.7125,4.225,3.925,4.725,3,3,1,False,True,True,True,False,True,True,False,True,True,False
INFRA+TRANS+ENV+SSA,CBBA,1180.3,320.75,1001.6,420.5,1.31099,0.7125,4.225,3.925,4.725,3,3,1,False,True,True,True,False,True,True,True,True,True,False
INFRA+TRANS+ENV+SSA,CBBB,1163.8,316.0,940.4,452.5,1.431962,0.7125,4.225,3.925,4.725,3,3,0,False,True,True,True,False,True,True,False,True,True,False
INFRA+TRANS+ENV+SSA,CBBC,1157.2,311.25,872.4,454.75,1.461044,0.7125,4.225,3.925,4.725,3,3,0,False,True,True,True,False,True,True,False,True,True,False
INFRA+TRANS+ENV+SSA,CBCA,1174.7,317.0,929.6,422.5,1.332808,0.7125,4.225,3.925,4.725,3,3,1,False,True,True,True,False,True,True,False,True,True,False
INFRA+TRANS+ENV+SSA,CBCB,1158.2,312.25,868.4,454.5,1.455564,0.7125,4.225,3.925,4.725,3,3,0,False,True,True,True,False,True,True,False,True,True,False
INFRA+TRANS+ENV+SSA,CBCC,1151.6,307.5,800.4,456.75,1.485366,0.7125,4.225,3.925,4.725,3,3,0,False,True,True,True,False,True,True,False,True,True,False
INFRA+TRANS+ENV+SSA,CCAA,1189.3,321.0,1022.4,401.25,1.25,0.7125,4.225,3.925,4.725,3,3,2,True,True,True,True,True,True,True,True,True,True,False
INFRA+TRANS+ENV+SSA,CCAB,1172.8,316.25,961.2,433.25,1.36996,0.7125,4.225,3.925,4.725,3,3,1,False,True,True,True,False,True,True,False,True,True,False
INFRA+TRANS+ENV+SSA,CCAC,1166.2,311.5,893.2,435.5,1.398074,0.7125,4.225,3.925,4.725,3,3,1,False,True,True,True,False,True,True,False,True,True,False
INFRA+TRANS+ENV+SSA,CCBA,1175.3,317.25,957.6,428.5,1.35067,0.7125,4.225,3.925,4.725,3,3,1,False,True,True,True,False,True,True,False,True,True,False
INFRA+TRANS+ENV+SSA,CCBB,1158.8,312.5,896.4,460.5,1.4736,0.7125,4.225,3.925,4.725,3,3,0,False,True,True,True,False,True,True,False,True,True,False
INFRA+TRANS+ENV+SSA,CCBC,1152.2,307.75,828.4,462.75,1.503656,0.7125,4.225,3.925,4.725,3,3,0,False,True,True,True,False,True,True,False,True,True,False
INFRA+TRANS+ENV+SSA,CCCA,1169.7,313.5,885.6,430.5,1.373206,0.7125,4.225,3.925,4.725,3,3,1,False,True,True,True,False,True,True,False,True,True,False
INFRA+TRANS+ENV+SSA,CCCB,1153.2,308.75,824.4,462.5,1.497976,0.7125,4.225,3.925,4.725,3,3,0,False,True,True,True,False,True,True,False,True,True,False
INFRA+TRANS+ENV+SSA,CCCC,1146.6,304.0,756.4,464.75,1.528783,0.7125,4.225,3.925,4.725,3,3,0,False,True,True,True,False,True,True,False,True,True,False
ARCTIC+TRANS+ENV+SSA,AAAA,1386.0,399.0,1390.0,353.75,0.886591,0.6725,4.0,3.625,4.475,3,4,4,False,True,True,True,True,False,False,True,True,True,False
ARCTIC+TRANS+ENV+SSA,AAAB,1369.5,394.25,1328.8,385.75,0.97844,0.6725,4.0,3.625,4.475,3,4,3,False,True,True,True,True,False,False,True,True,True,False
ARCTIC+TRANS+ENV+SSA,AAAC,1362.9,389.5,1260.8,388.0,0.996149,0.6725,4.0,3.625,4.475,3,4,3,False,True,True,True,True,False,False,True,True,True,False
ARCTIC+TRANS+ENV+SSA,AABA,1372.0,395.25,1325.2,381.0,0.963947,0.6725,4.0,3.625,4.475,3,4,3,False,True,True,True,True,False,False,True,True,True,False
ARCTIC+TRANS+ENV+SSA,AABB,1355.5,390.5,1264.0,413.0,1.057618,0.6725,4.0,3.625,4.475,3,4,2,False,True,True,True,True,False,False,True,True,True,False
ARCTIC+TRANS+ENV+SSA,AABC,1348.9,385.75,1196.0,415.25,1.076474,0.6725,4.0,3.625,4.475,3,4,2,False,True,True,True,True,False,False,True,True,True,False
ARCTIC+TRANS+ENV+SSA,AACA,1366.4,391.5,1253.2,383.0,0.978289,0.6725,4.0,3.625,4.475,3,4,3,False,True,True,True,True,False,False,True,True,True,False
ARCTIC+TRANS+ENV+SSA,AACB,1349.9,386.75,1192.0,415.0,1.073045,0.6725,4.0,3.625,4.475,3,4,2,False,True,True,True,True,False,False,True,True,True,False
ARCTIC+TRANS+ENV+SSA,AACC,1343.3,382.0,1124.0,417.25,1.092277,0.6725,4.0,3.625,4.475,3,4,2,False,True,True,True,True,False,False,True,True,True,False
ARCTIC+TRANS+ENV+SSA,ABAA,1373.5,395.5,1350.4,387.5,0.979772,0.6725,4.0,3.625,4.475,3,4,3,False,True,True,True,True,False,False,True,True,True,False
ARCTIC+TRANS+ENV+SSA,ABAB,1357.0,390.75,1289.2,419.5,1.073576,0.6725,4.0,3.625,4.475,3,4,2,False,True,True,True,True,False,False,True,True,True,False
ARCTIC+TRANS+ENV+SSA,ABAC,1350.4,386.0,1221.2,421.75,1.092617,0.6725,4.0,3.625,4.475,3,4,2,False,True,True,True,True,False,False,True,True,True,False
ARCTIC+TRANS+ENV+SSA,ABBA,1359.5,391.75,1285.6,414.75,1.058711,0.6725,4.0,3.625,4.475,3,4,2,False,True,True,True,True,False,False,True,True,True,False
ARCTIC+TRANS+ENV+SSA,ABBB,1343.0,387.0,1224.4,446.75,1.154393,0.6725,4.0,3.625,4.475,3,4,1,False,True,True,True,False,False,False,True,True,True,False
ARCTIC+TRANS+ENV+SSA,ABBC,1336.4,382.25,1156.4,449.0,1.174624,0.6725,4.0,3.625,4.475,3,4,1,False,True,True,True,False,False,False,True,True,True,False
ARCTIC+TRANS+ENV+SSA,ABCA,1353.9,388.0,1213.6,416.75,1.074098,0.6725,4.0,3.625,4.475,3,4,2,False,True,True,True,True,False,False,True,True,True,False
ARCTIC+TRANS+ENV+SSA,ABCB,1337.4,383.25,1152.4,448.75,1.170907,0.6725,4.0,3.625,4.475,3,4,1,False,True,True,True,False,False,False,True,True,True,False
ARCTIC+TRANS+ENV+SSA,ABCC,1330.8,378.5,1084.4,451.0,1.191546,0.6725,4.0,3.625,4.475,3,4,1,False,True,True,True,False,False,False,True,True,True,False
ARCTIC+TRANS+ENV+SSA,ACAA,1368.5,392.0,1306.4,395.5,1.008929,0.6725,4.0,3.625,4.475,3,4,3,False,True,True,True,True,False,False,True,True,True,False
ARCTIC+TRANS+ENV+SSA,ACAB,1352.0,387.25,1245.2,427.5,1.103938,0.6725,4.0,3.625,4.475,3,4,2,False,True,True,True,True,False,False,True,True,True,False
ARCTIC+TRANS+ENV+SSA,ACAC,1345.4,382.5,1177.2,429.75,1.123529,0.6725,4.0,3.625,4.475,3,4,2,False,True,True,True,True,False,False,True,True,True,False
ARCTIC+TRANS+ENV+SSA,ACBA,1354.5,388.25,1241.6,422.75,1.08886,0.6725,4.0,3.625,4.475,3,4,2,False,True,True,True,True,False,False,True,True,True,False
ARCTIC+TRANS+ENV+SSA,ACBB,1338.0,383.5,1180.4,454.75,1.185789,0.6725,4.0,3.625,4.475,3,4,1,False,True,True,True,False,False,False,True,True,True,False
ARCTIC+TRANS+ENV+SSA,ACBC,1331.4,378.75,1112.4,457.0,1.206601,0.6725,4.0,3.625,4.475,3,4,1,False,True,True,True,False,False,False,True,True,True,False
ARCTIC+TRANS+ENV+SSA,ACCA,1348.9,384.5,1169.6,424.75,1.104681,0.6725,4.0,3.625,4.475,3,4,2,False,True,True,True,True,False,False,True,True,True,False
ARCTIC+TRANS+ENV+SSA,ACCB,1332.4,379.75,1108.4,456.75,1.202765,0.6725,4.0,3.625,4.475,3,4,1,False,True,True,True,False,False,False,True,True,True,False
ARCTIC+TRANS+ENV+SSA,ACCC,1325.8,375.0,1040.4,459.0,1.224,0.6725,4.0,3.625,4.475,3,4,1,False,True,True,True,False,False,False,True,True,True,False
ARCTIC+TRANS+ENV+SSA,BAAA,1363.0,392.0,1305.4,397.5,1.014031,0.6725,4.0,3.625,4.475,3,4,3,False,True,True,True,True,False,False,True,True,True,False
ARCTIC+TRANS+ENV+SSA,BAAB,1346.5,387.25,1244.2,429.5,1.109103,0.6725,4.0,3.625,4.475,3,4,2,False,True,True,True,True,False,False,True,True,True,False
ARCTIC+TRANS+ENV+SSA,BAAC,1339.9,382.5,1176.2,431.75,1.128758,0.6725,4.0,3.625,4.475,3,4,2,False,True,True,True,True,False,False,True,True,True,False
ARCTIC+TRANS+ENV+SSA,BABA,1349.0,388.25,1240.6,424.75,1.094012,0.6725,4.0,3.625,4.475,3,4,2,False,True,True,True,True,False,False,True,True,True,False
ARCTIC+TRANS+ENV+SSA,BABB,1332.5,383.5,1179.4,456.75,1.191004,0.6725,4.0,3.625,4.475,3,4,1,False,True,True,True,False,False,False,True,True,True,False
ARCTIC+TRANS+ENV+SSA,BABC,1325.9,378.75,1111.4,459.0,1.211881,0.6725,4.0,3.625,4.475,3,4,1,False,True,True,True,False,False,False,True,True,True,False
ARCTIC+TRANS+ENV+SSA,BACA,1343.4,384.5,1168.6,426.75,1.109883,0.6725,4.0,3.625,4.475,3,4,2,False,True,True,True,True,False,False,True,True,True,False
ARCTIC+TRANS+ENV+SSA,BACB,1326.9,379.75,1107.4,458.75,1.208032,0.6725,4.0,3.625,4.475,3,4,1,False,True,True,True,False,False,False,True,True,True,False
ARCTIC+TRANS+ENV+SSA,BACC,1320.3,375.0,1039.4,461.0,1.229333,0.6725,4.0,3.625,4.475,3,4,1,False,True,True,True,False,False,False,True,True,True,False
ARCTIC+TRANS+ENV+SSA,BBAA,1350.5,388.5,1265.8,431.25,1.110039,0.6725,4.0,3.625,4.475,3,4,2,False,True,True,True,True,False,False,True,True,True,False
ARCTIC+TRANS+ENV+SSA,BBAB,1334.0,383.75,1204.6,463.25,1.207166,0.6725,4.0,3.625,4.475,3,4,1,False,True,True,True,False,False,False,True,True,True,False
ARCTIC+TRANS+ENV+SSA,BBAC,1327.4,379.0,1136.6,465.5,1.228232,0.6725,4.0,3.625,4.475,3,4,1,False,True,True,True,False,False,False,True,True,True,False
ARCTIC+TRANS+ENV+SSA,BBBA,1336.5,384.75,1201.0,458.5,1.191683,0.6725,4.0,3.625,4.475,3,4,1,False,True,True,True,False,False,False,True,True,True,False
ARCTIC+TRANS+ENV+SSA,BBBB,1320.0,380.0,1139.8,490.5,1.290789,0.6725,4.0,3.625,4.475,3,4,0,False,True,True,True,False,False,False,True,True,True,False
ARCTIC+TRANS+ENV+SSA,BBBC,1313.4,375.25,1071.8,492.75,1.313125,0.6725,4.0,3.625,4.475,3,4,0,False,True,True,True,False,False,False,True,True,True,False
ARCTIC+TRANS+ENV+SSA,BBCA,1330.9,381.0,1129.0,460.5,1.208661,0.6725,4.0,3.625,4.475,3,4,1,False,True,True,True,False,False,False,True,True,True,False
ARCTIC+TRANS+ENV+SSA,BBCB,1314.4,376.25,1067.8,492.5,1.30897,0.6725,4.0,3.625,4.475,3,4,0,False,True,True,True,False,False,False,True,True,True,False
ARCTIC+TRANS+ENV+SSA,BBCC,1307.8,371.5,999.8,494.75,1.331763,0.6725,4.0,3.625,4.475,3,4,0,False,True,True,True,False,False,False,False,True,True,False
ARCTIC+TRANS+ENV+SSA,BCAA,1345.5,385.0,1221.8,439.25,1.140909,0.6725,4.0,3.625,4.475,3,4,2,False,True,True,True,True,False,False,True,True,True,False
ARCTIC+TRANS+ENV+SSA,BCAB,1329.0,380.25,1160.6,471.25,1.239316,0.6725,4.0,3.625,4.475,3,4,1,False,True,True,True,False,False,False,True,True,True,False
ARCTIC+TRANS+ENV+SSA,BCAC,1322.4,375.5,1092.6,473.5,1.260985,0.6725,4.0,3.625,4.475,3,4,1,False,True,True,True,False,False,False,True,True,True,False
ARCTIC+TRANS+ENV+SSA,BCBA,1331.5,381.25,1157.0,466.5,1.223607,0.6725,4.0,3.625,4.475,3,4,1,False,True,True,True,False,False,False,True,True,True,False
ARCTIC+TRANS+ENV+SSA,BCBB,1315.0,376.5,1095.8,498.5,1.324037,0.6725,4.0,3.625,4.475,3,4,0,False,True,True,True,False,False,False,True,True,True,False
ARCTIC+TRANS+ENV+SSA,BCBC,1308.4,371.75,1027.8,500.75,1.347007,0.6725,4.0,3.625,4.475,3,4,0,False,True,True,True,False,False,False,True,True,True,False
ARCTIC+TRANS+ENV+SSA,BCCA,1325.9,377.5,1085.0,468.5,1.24106,0.6725,4.0,3.625,4.475,3,4,1,False,True,True,True,False,False,False,True,True,True,False
ARCTIC+TRANS+ENV+SSA,BCCB,1309.4,372.75,1023.8,500.5,1.342723,0.6725,4.0,3.625,4.475,3,4,0,False,True,True,True,False,False,False,True,True,True,False
ARCTIC+TRANS+ENV+SSA,BCCC,1302.8,368.0,955.8,502.75,1.366168,0.6725,4.0,3.625,4.475,3,4,0,False,True,True,True,False,False,False,False,True,True,False
ARCTIC+TRANS+ENV+SSA,CAAA,1353.8,385.0,1211.4,401.5,1.042857,0.6725,4.0,3.625,4.475,3,4,3,False,True,True,True,True,False,False,True,True,True,False
ARCTIC+TRANS+ENV+SSA,CAAB,1337.3,380.25,1150.2,433.5,1.140039,0.6725,4.0,3.625,4.475,3,4,2,False,True,True,True,True,False,False,True,True,True,False
ARCTIC+TRANS+ENV+SSA,CAAC,1330.7,375.5,1082.2,435.75,1.160453,0.6725,4.0,3.625,4.475,3,4,2,False,True,True,True,True,False,False,True,True,True,False
ARCTIC+TRANS+ENV+SSA,CABA,1339.8,381.25,1146.6,428.75,1.12459,0.6725,4.0,3.625,4.475,3,4,2,False,True,True,True,True,False,False,True,True,True,False
ARCTIC+TRANS+ENV+SSA,CABB,1323.3,376.5,1085.4,460.75,1.223772,0.6725,4.0,3.625,4.475,3,4,1,False,True,True,True,False,False,False,True,True,True,False
ARCTIC+TRANS+ENV+SSA,CABC,1316.7,371.75,1017.4,463.0,1.245461,0.6725,4.0,3.625,4.475,3,4,1,False,True,True,True,False,False,False,True,True,True,False
ARCTIC+TRANS+ENV+SSA,CACA,1334.2,377.5,1074.6,430.75,1.14106,0.6725,4.0,3.625,4.475,3,4,2,False,True,True,True,True,False,False,True,True,True,False
ARCTIC+TRANS+ENV+SSA,CACB,1317.7,372.75,1013.4,462.75,1.241449,0.6725,4.0,3.625,4.475,3,4,1,False,True,True,True,False,False,False,True,True,True,False
ARCTIC+TRANS+ENV+SSA,CACC,1311.1,368.0,945.4,465.0,1.263587,0.6725,4.0,3.625,4.475,3,4,1,False,True,True,True,False,False,False,False,True,True,False
ARCTIC+TRANS+ENV+SSA,CBAA,1341.3,381.5,1171.8,435.25,1.140891,0.6725,4.0,3.625,4.475,3,4,2,False,True,True,True,True,False,False,True,True,True,False
ARCTIC+TRANS+ENV+SSA,CBAB,1324.8,376.75,1110.6,467.25,1.240212,0.6725,4.0,3.625,4.475,3,4,1,False,True,True,True,False,False,False,True,True,True,False
ARCTIC+TRANS+ENV+SSA,CBAC,1318.2,372.0,1042.6,469.5,1.262097,0.6725,4.0,3.625,4.475,3,4,1,False,True,True,True,False,False,False,True,True,True,False
ARCTIC+TRANS+ENV+SSA,CBBA,1327.3,377.75,1107.0,462.5,1.224355,0.6725,4.0,3.625,4.475,3,4,1,False,True,True,True,False,False,False,True,True,True,False
ARCTIC+TRANS+ENV+SSA,CBBB,1310.8,373.0,1045.8,494.5,1.325737,0.6725,4.0,3.625,4.475,3,4,0,False,True,True,True,False,False,False,True,True,True,False
ARCTIC+TRANS+ENV+SSA,CBBC,1304.2,368.25,977.8,496.75,1.348948,0.6725,4.0,3.625,4.475,3,4,0,False,True,True,True,False,False,False,False,True,True,False
ARCTIC+TRANS+ENV+SSA,CBCA,1321.7,374.0,1035.0,464.5,1.241979,0.6725,4.0,3.625,4.475,3,4,1,False,True,True,True,False,False,False,True,True,True,False
ARCTIC+TRANS+ENV+SSA,CBCB,1305.2,369.25,973.8,496.5,1.344617,0.6725,4.0,3.625,4.475,3,4,0,False,True,True,True,False,False,False,False,True,True,False
ARCTIC+TRANS+ENV+SSA,CBCC,1298.6,364.5,905.8,498.75,1.368313,0.6725,4.0,3.625,4.475,3,4,0,False,True,True,True,False,True,False,False,True,True,False
ARCTIC+TRANS+ENV+SSA,CCAA,1336.3,378.0,1127.8,443.25,1.172619,0.6725,4.0,3.625,4.475,3,4,2,False,True,True,True,True,False,False,True,True,True,False
ARCTIC+TRANS+ENV+SSA,CCAB,1319.8,373.25,1066.6,475.25,1.273275,0.6725,4.0,3.625,4.475,3,4,1,False,True,True,True,False,False,False,True,True,True,False
ARCTIC+TRANS+ENV+SSA,CCAC,1313.2,368.5,998.6,477.5,1.295794,0.6725,4.0,3.625,4.475,3,4,1,False,True,True,True,False,False,False,False,True,True,False
ARCTIC+TRANS+ENV+SSA,CCBA,1322.3,374.25,1063.0,470.5,1.257181,0.6725,4.0,3.625,4.475,3,4,1,False,True,True,True,False,False,False,True,True,True,False
ARCTIC+TRANS+ENV+SSA,CCBB,1305.8,369.5,1001.8,502.5,1.359946,0.6725,4.0,3.625,4.475,3,4,0,False,True,True,True,False,False,False,True,True,True,False
ARCTIC+TRANS+ENV+SSA,CCBC,1299.2,364.75,933.8,504.75,1.383825,0.6725,4.0,3.625,4.475,3,4,0,False,True,True,True,False,True,False,False,True,True,False
ARCTIC+TRANS+ENV+SSA,CCCA,1316.7,370.5,991.0,472.5,1.275304,0.6725,4.0,3.625,4.475,3,4,1,False,True,True,True,False,False,False,False,True,True,False
ARCTIC+TRANS+ENV+SSA,CCCB,1300.2,365.75,929.8,504.5,1.379357,0.6725,4.0,3.625,4.475,3,4,0,False,True,True,True,False,False,False,False,True,True,False
ARCTIC+TRANS+ENV+SSA,CCCC,1293.6,361.0,861.8,506.75,1.40374,0.6725,4.0,3.625,4.475,3,4,0,False,True,True,True,False,True,False,False,True,True,False
